pair_id,question,hypothesis_a,pmid_a,hypothesis_b,pmid_b,label_3way
as_000000,"In women with pre-eclampsia, does treatment with L Arginine, compared to placebo, reduce blood pressure or pre-eclampsia",Supplementation during pregnancy with a medical food containing L-arginine and antioxidant vitamins reduced the incidence of pre-eclampsia in a population at high risk of the condition.,21596735,Oral L-arginine supplementation did not reduce mean diastolic blood pressure after 2 days of treatment compared with placebo in pre-eclamptic patients with gestational length varying from 28 to 36 weeks.,14678093,Contradiction
as_000001,"In women with pre-eclampsia, does treatment with L Arginine, compared to placebo, reduce blood pressure or pre-eclampsia",Supplementation during pregnancy with a medical food containing L-arginine and antioxidant vitamins reduced the incidence of pre-eclampsia in a population at high risk of the condition.,21596735,L-Arginine load in pregnant women is associated with increased nitric oxide (NO) production and hypotension.,10486782,Contradiction
as_000002,"In women with pre-eclampsia, does treatment with L Arginine, compared to placebo, reduce blood pressure or pre-eclampsia",Supplementation during pregnancy with a medical food containing L-arginine and antioxidant vitamins reduced the incidence of pre-eclampsia in a population at high risk of the condition.,21596735,"We conclude that in women with preeclampsia, prolonged dietary supplementation with l-arginine significantly decreased blood pressure through increased endothelial synthesis and/or bioavailability of NO.",15638817,NotContradiction
as_000003,"In women with pre-eclampsia, does treatment with L Arginine, compared to placebo, reduce blood pressure or pre-eclampsia",Supplementation during pregnancy with a medical food containing L-arginine and antioxidant vitamins reduced the incidence of pre-eclampsia in a population at high risk of the condition.,21596735,Blood pressure and kidney function improve markedly in preeclampsia by the 10th day postpartum.,16582128,NotContradiction
as_000004,"In women with pre-eclampsia, does treatment with L Arginine, compared to placebo, reduce blood pressure or pre-eclampsia",Supplementation during pregnancy with a medical food containing L-arginine and antioxidant vitamins reduced the incidence of pre-eclampsia in a population at high risk of the condition.,21596735,"In conclusion, these data support the use of L-Arg as an antihypertensive agent for gestational hypertension especially in view of the other beneficial effects nitric oxide donors display in pregnancy.",16753767,NotContradiction
as_000005,"In women with pre-eclampsia, does treatment with L Arginine, compared to placebo, reduce blood pressure or pre-eclampsia",Oral L-arginine supplementation did not reduce mean diastolic blood pressure after 2 days of treatment compared with placebo in pre-eclamptic patients with gestational length varying from 28 to 36 weeks.,14678093,L-Arginine load in pregnant women is associated with increased nitric oxide (NO) production and hypotension.,10486782,NotContradiction
as_000006,"In women with pre-eclampsia, does treatment with L Arginine, compared to placebo, reduce blood pressure or pre-eclampsia",Oral L-arginine supplementation did not reduce mean diastolic blood pressure after 2 days of treatment compared with placebo in pre-eclamptic patients with gestational length varying from 28 to 36 weeks.,14678093,"We conclude that in women with preeclampsia, prolonged dietary supplementation with l-arginine significantly decreased blood pressure through increased endothelial synthesis and/or bioavailability of NO.",15638817,Contradiction
as_000007,"In women with pre-eclampsia, does treatment with L Arginine, compared to placebo, reduce blood pressure or pre-eclampsia",Oral L-arginine supplementation did not reduce mean diastolic blood pressure after 2 days of treatment compared with placebo in pre-eclamptic patients with gestational length varying from 28 to 36 weeks.,14678093,Blood pressure and kidney function improve markedly in preeclampsia by the 10th day postpartum.,16582128,Contradiction
as_000008,"In women with pre-eclampsia, does treatment with L Arginine, compared to placebo, reduce blood pressure or pre-eclampsia",Oral L-arginine supplementation did not reduce mean diastolic blood pressure after 2 days of treatment compared with placebo in pre-eclamptic patients with gestational length varying from 28 to 36 weeks.,14678093,"In conclusion, these data support the use of L-Arg as an antihypertensive agent for gestational hypertension especially in view of the other beneficial effects nitric oxide donors display in pregnancy.",16753767,Contradiction
as_000009,"In women with pre-eclampsia, does treatment with L Arginine, compared to placebo, reduce blood pressure or pre-eclampsia",L-Arginine load in pregnant women is associated with increased nitric oxide (NO) production and hypotension.,10486782,"We conclude that in women with preeclampsia, prolonged dietary supplementation with l-arginine significantly decreased blood pressure through increased endothelial synthesis and/or bioavailability of NO.",15638817,Contradiction
as_000010,"In women with pre-eclampsia, does treatment with L Arginine, compared to placebo, reduce blood pressure or pre-eclampsia",L-Arginine load in pregnant women is associated with increased nitric oxide (NO) production and hypotension.,10486782,Blood pressure and kidney function improve markedly in preeclampsia by the 10th day postpartum.,16582128,Contradiction
as_000011,"In women with pre-eclampsia, does treatment with L Arginine, compared to placebo, reduce blood pressure or pre-eclampsia",L-Arginine load in pregnant women is associated with increased nitric oxide (NO) production and hypotension.,10486782,"In conclusion, these data support the use of L-Arg as an antihypertensive agent for gestational hypertension especially in view of the other beneficial effects nitric oxide donors display in pregnancy.",16753767,Contradiction
as_000012,"In women with pre-eclampsia, does treatment with L Arginine, compared to placebo, reduce blood pressure or pre-eclampsia","We conclude that in women with preeclampsia, prolonged dietary supplementation with l-arginine significantly decreased blood pressure through increased endothelial synthesis and/or bioavailability of NO.",15638817,Blood pressure and kidney function improve markedly in preeclampsia by the 10th day postpartum.,16582128,NotContradiction
as_000013,"In women with pre-eclampsia, does treatment with L Arginine, compared to placebo, reduce blood pressure or pre-eclampsia","We conclude that in women with preeclampsia, prolonged dietary supplementation with l-arginine significantly decreased blood pressure through increased endothelial synthesis and/or bioavailability of NO.",15638817,"In conclusion, these data support the use of L-Arg as an antihypertensive agent for gestational hypertension especially in view of the other beneficial effects nitric oxide donors display in pregnancy.",16753767,NotContradiction
as_000014,"In women with pre-eclampsia, does treatment with L Arginine, compared to placebo, reduce blood pressure or pre-eclampsia",Blood pressure and kidney function improve markedly in preeclampsia by the 10th day postpartum.,16582128,"In conclusion, these data support the use of L-Arg as an antihypertensive agent for gestational hypertension especially in view of the other beneficial effects nitric oxide donors display in pregnancy.",16753767,NotContradiction
as_000015,"In patients with hypertension, does revascularisation, compared with medical therapy, improve blood pressure",Stent placement with medical treatment had no clear effect on progression of impaired renal function but led to a small number of significant procedure-related complications.,19414832,"In the treatment of patients with hypertension and renal-artery stenosis, angioplasty has little advantage over antihypertensive-drug therapy.",10749962,Contradiction
as_000016,"In patients with hypertension, does revascularisation, compared with medical therapy, improve blood pressure",Stent placement with medical treatment had no clear effect on progression of impaired renal function but led to a small number of significant procedure-related complications.,19414832,Balloon angioplasty has a modest but significant effect on blood pressure and should be considered for patients with atherosclerotic renal artery stenosis and poorly controlled hypertension.,12557864,Contradiction
as_000017,"In patients with hypertension, does revascularisation, compared with medical therapy, improve blood pressure",Stent placement with medical treatment had no clear effect on progression of impaired renal function but led to a small number of significant procedure-related complications.,19414832,"In hypertensive patients with atheromatous renal artery stenosis, percutaneous renal angioplasty results in a modest improvement in systolic BP compared with medical therapy alone.",9655655,Contradiction
as_000018,"In patients with hypertension, does revascularisation, compared with medical therapy, improve blood pressure",Stent placement with medical treatment had no clear effect on progression of impaired renal function but led to a small number of significant procedure-related complications.,19414832,We found substantial risks but no evidence of a worthwhile clinical benefit from revascularization in patients with atherosclerotic renovascular disease.,19907042,NotContradiction
as_000019,"In patients with hypertension, does revascularisation, compared with medical therapy, improve blood pressure","In the treatment of patients with hypertension and renal-artery stenosis, angioplasty has little advantage over antihypertensive-drug therapy.",10749962,Balloon angioplasty has a modest but significant effect on blood pressure and should be considered for patients with atherosclerotic renal artery stenosis and poorly controlled hypertension.,12557864,NotContradiction
as_000020,"In patients with hypertension, does revascularisation, compared with medical therapy, improve blood pressure","In the treatment of patients with hypertension and renal-artery stenosis, angioplasty has little advantage over antihypertensive-drug therapy.",10749962,"In hypertensive patients with atheromatous renal artery stenosis, percutaneous renal angioplasty results in a modest improvement in systolic BP compared with medical therapy alone.",9655655,NotContradiction
as_000021,"In patients with hypertension, does revascularisation, compared with medical therapy, improve blood pressure","In the treatment of patients with hypertension and renal-artery stenosis, angioplasty has little advantage over antihypertensive-drug therapy.",10749962,We found substantial risks but no evidence of a worthwhile clinical benefit from revascularization in patients with atherosclerotic renovascular disease.,19907042,Contradiction
as_000022,"In patients with hypertension, does revascularisation, compared with medical therapy, improve blood pressure",Balloon angioplasty has a modest but significant effect on blood pressure and should be considered for patients with atherosclerotic renal artery stenosis and poorly controlled hypertension.,12557864,"In hypertensive patients with atheromatous renal artery stenosis, percutaneous renal angioplasty results in a modest improvement in systolic BP compared with medical therapy alone.",9655655,NotContradiction
as_000023,"In patients with hypertension, does revascularisation, compared with medical therapy, improve blood pressure",Balloon angioplasty has a modest but significant effect on blood pressure and should be considered for patients with atherosclerotic renal artery stenosis and poorly controlled hypertension.,12557864,We found substantial risks but no evidence of a worthwhile clinical benefit from revascularization in patients with atherosclerotic renovascular disease.,19907042,Contradiction
as_000024,"In patients with hypertension, does revascularisation, compared with medical therapy, improve blood pressure","In hypertensive patients with atheromatous renal artery stenosis, percutaneous renal angioplasty results in a modest improvement in systolic BP compared with medical therapy alone.",9655655,We found substantial risks but no evidence of a worthwhile clinical benefit from revascularization in patients with atherosclerotic renovascular disease.,19907042,Contradiction
as_000025,"In women with pre-eclampsia, is Polymorphism in angiotensin gene associated with pre-eclampsia","The presence of minor alleles at all the three sites in NOS3 seemed to increase the risk of PE, and AGT 704C allele was associated with a reduced PE risk.",20186148,Our findings suggest an association between the DD genotype of the ACE gene and early-onset but not later-onset pre-eclampsia which may give a partial explanation for the higher recurrence risk with early-onset pre-eclampsia.,20044877,NotContradiction
as_000026,"In women with pre-eclampsia, is Polymorphism in angiotensin gene associated with pre-eclampsia","The presence of minor alleles at all the three sites in NOS3 seemed to increase the risk of PE, and AGT 704C allele was associated with a reduced PE risk.",20186148,The results showed no association between angiotensin-converting enzyme polymorphism and the development of preeclampsia.,15467548,Contradiction
as_000027,"In women with pre-eclampsia, is Polymorphism in angiotensin gene associated with pre-eclampsia","The presence of minor alleles at all the three sites in NOS3 seemed to increase the risk of PE, and AGT 704C allele was associated with a reduced PE risk.",20186148,"Carrying the DD genotype may have some influence on the pathogenesis of preeclampsia, perhaps through effects on placental hypoxia or the interaction of hypertensive disease and atherosclerosis, although this influence may not be strong.",16052407,NotContradiction
as_000028,"In women with pre-eclampsia, is Polymorphism in angiotensin gene associated with pre-eclampsia","The presence of minor alleles at all the three sites in NOS3 seemed to increase the risk of PE, and AGT 704C allele was associated with a reduced PE risk.",20186148,We found an association between the genotype II and low ACE activity in preeclamptic women and an association between D allele frequency and preeclampsia.,14967168,NotContradiction
as_000029,"In women with pre-eclampsia, is Polymorphism in angiotensin gene associated with pre-eclampsia","The presence of minor alleles at all the three sites in NOS3 seemed to increase the risk of PE, and AGT 704C allele was associated with a reduced PE risk.",20186148,We found no association of the two gene polymorphisms with preeclampsia.,17710578,Contradiction
as_000030,"In women with pre-eclampsia, is Polymorphism in angiotensin gene associated with pre-eclampsia","The presence of minor alleles at all the three sites in NOS3 seemed to increase the risk of PE, and AGT 704C allele was associated with a reduced PE risk.",20186148,"However, this polymorphism does not correlate with the severity of hypertension or perinatal outcome.",16167906,Contradiction
as_000031,"In women with pre-eclampsia, is Polymorphism in angiotensin gene associated with pre-eclampsia","The presence of minor alleles at all the three sites in NOS3 seemed to increase the risk of PE, and AGT 704C allele was associated with a reduced PE risk.",20186148,The commonly occurring RAS polymorphisms are not predictive of pre-eclampsia or eclampsia in the Black South African population.,15097234,Contradiction
as_000032,"In women with pre-eclampsia, is Polymorphism in angiotensin gene associated with pre-eclampsia","The presence of minor alleles at all the three sites in NOS3 seemed to increase the risk of PE, and AGT 704C allele was associated with a reduced PE risk.",20186148,"It is highly likely that the observed small nominal increase in risk of preeclampsia associated with the ACE D-allele is due to small-study bias, similar to that observed in cardiovascular disease.",17194198,NotContradiction
as_000033,"In women with pre-eclampsia, is Polymorphism in angiotensin gene associated with pre-eclampsia","The presence of minor alleles at all the three sites in NOS3 seemed to increase the risk of PE, and AGT 704C allele was associated with a reduced PE risk.",20186148,"In conclusion, a molecular variant of ACE, but not angiotensinogen, gene is associated with preeclampsia in Korean women.",15082899,NotContradiction
as_000034,"In women with pre-eclampsia, is Polymorphism in angiotensin gene associated with pre-eclampsia","The presence of minor alleles at all the three sites in NOS3 seemed to increase the risk of PE, and AGT 704C allele was associated with a reduced PE risk.",20186148,The result indicates that the AGT M235T polymorphism and the ACE intron 16 polymorphism play no significant role in preeclampsia observed in Korean women.,15294367,Contradiction
as_000035,"In women with pre-eclampsia, is Polymorphism in angiotensin gene associated with pre-eclampsia","The presence of minor alleles at all the three sites in NOS3 seemed to increase the risk of PE, and AGT 704C allele was associated with a reduced PE risk.",20186148,"There was no effect of ACE gene polymorphism on pregnancy outcome, the incidence of pregnancy-induced hypertension, or changes in BP during pregnancy.",8841206,Contradiction
as_000036,"In women with pre-eclampsia, is Polymorphism in angiotensin gene associated with pre-eclampsia","The presence of minor alleles at all the three sites in NOS3 seemed to increase the risk of PE, and AGT 704C allele was associated with a reduced PE risk.",20186148,"In contrast, plasma Ang II levels were unchanged in preeclamptic patients.",17401503,NotContradiction
as_000037,"In women with pre-eclampsia, is Polymorphism in angiotensin gene associated with pre-eclampsia","The presence of minor alleles at all the three sites in NOS3 seemed to increase the risk of PE, and AGT 704C allele was associated with a reduced PE risk.",20186148,"The present data indicate that the DD genotype is a genetic marker associated with an elevated risk of obstetric cholestasis, but this polymorphism of the angiotensin-converting enzyme gene is unlikely to play any significant role in preeclampsia.",11568784,Contradiction
as_000038,"In women with pre-eclampsia, is Polymorphism in angiotensin gene associated with pre-eclampsia","The presence of minor alleles at all the three sites in NOS3 seemed to increase the risk of PE, and AGT 704C allele was associated with a reduced PE risk.",20186148,This study has found no evidence that the insertion-deletion polymorphism in the angiotensin-converting enzyme gene is associated with pre-eclampsia.,10459873,Contradiction
as_000039,"In women with pre-eclampsia, is Polymorphism in angiotensin gene associated with pre-eclampsia",Our findings suggest an association between the DD genotype of the ACE gene and early-onset but not later-onset pre-eclampsia which may give a partial explanation for the higher recurrence risk with early-onset pre-eclampsia.,20044877,The results showed no association between angiotensin-converting enzyme polymorphism and the development of preeclampsia.,15467548,Contradiction
as_000040,"In women with pre-eclampsia, is Polymorphism in angiotensin gene associated with pre-eclampsia",Our findings suggest an association between the DD genotype of the ACE gene and early-onset but not later-onset pre-eclampsia which may give a partial explanation for the higher recurrence risk with early-onset pre-eclampsia.,20044877,"Carrying the DD genotype may have some influence on the pathogenesis of preeclampsia, perhaps through effects on placental hypoxia or the interaction of hypertensive disease and atherosclerosis, although this influence may not be strong.",16052407,NotContradiction
as_000041,"In women with pre-eclampsia, is Polymorphism in angiotensin gene associated with pre-eclampsia",Our findings suggest an association between the DD genotype of the ACE gene and early-onset but not later-onset pre-eclampsia which may give a partial explanation for the higher recurrence risk with early-onset pre-eclampsia.,20044877,We found an association between the genotype II and low ACE activity in preeclamptic women and an association between D allele frequency and preeclampsia.,14967168,NotContradiction
as_000042,"In women with pre-eclampsia, is Polymorphism in angiotensin gene associated with pre-eclampsia",Our findings suggest an association between the DD genotype of the ACE gene and early-onset but not later-onset pre-eclampsia which may give a partial explanation for the higher recurrence risk with early-onset pre-eclampsia.,20044877,We found no association of the two gene polymorphisms with preeclampsia.,17710578,Contradiction
as_000043,"In women with pre-eclampsia, is Polymorphism in angiotensin gene associated with pre-eclampsia",Our findings suggest an association between the DD genotype of the ACE gene and early-onset but not later-onset pre-eclampsia which may give a partial explanation for the higher recurrence risk with early-onset pre-eclampsia.,20044877,"However, this polymorphism does not correlate with the severity of hypertension or perinatal outcome.",16167906,Contradiction
as_000044,"In women with pre-eclampsia, is Polymorphism in angiotensin gene associated with pre-eclampsia",Our findings suggest an association between the DD genotype of the ACE gene and early-onset but not later-onset pre-eclampsia which may give a partial explanation for the higher recurrence risk with early-onset pre-eclampsia.,20044877,The commonly occurring RAS polymorphisms are not predictive of pre-eclampsia or eclampsia in the Black South African population.,15097234,Contradiction
as_000045,"In women with pre-eclampsia, is Polymorphism in angiotensin gene associated with pre-eclampsia",Our findings suggest an association between the DD genotype of the ACE gene and early-onset but not later-onset pre-eclampsia which may give a partial explanation for the higher recurrence risk with early-onset pre-eclampsia.,20044877,"It is highly likely that the observed small nominal increase in risk of preeclampsia associated with the ACE D-allele is due to small-study bias, similar to that observed in cardiovascular disease.",17194198,NotContradiction
as_000046,"In women with pre-eclampsia, is Polymorphism in angiotensin gene associated with pre-eclampsia",Our findings suggest an association between the DD genotype of the ACE gene and early-onset but not later-onset pre-eclampsia which may give a partial explanation for the higher recurrence risk with early-onset pre-eclampsia.,20044877,"In conclusion, a molecular variant of ACE, but not angiotensinogen, gene is associated with preeclampsia in Korean women.",15082899,NotContradiction
as_000047,"In women with pre-eclampsia, is Polymorphism in angiotensin gene associated with pre-eclampsia",Our findings suggest an association between the DD genotype of the ACE gene and early-onset but not later-onset pre-eclampsia which may give a partial explanation for the higher recurrence risk with early-onset pre-eclampsia.,20044877,The result indicates that the AGT M235T polymorphism and the ACE intron 16 polymorphism play no significant role in preeclampsia observed in Korean women.,15294367,Contradiction
as_000048,"In women with pre-eclampsia, is Polymorphism in angiotensin gene associated with pre-eclampsia",Our findings suggest an association between the DD genotype of the ACE gene and early-onset but not later-onset pre-eclampsia which may give a partial explanation for the higher recurrence risk with early-onset pre-eclampsia.,20044877,"There was no effect of ACE gene polymorphism on pregnancy outcome, the incidence of pregnancy-induced hypertension, or changes in BP during pregnancy.",8841206,Contradiction
as_000049,"In women with pre-eclampsia, is Polymorphism in angiotensin gene associated with pre-eclampsia",Our findings suggest an association between the DD genotype of the ACE gene and early-onset but not later-onset pre-eclampsia which may give a partial explanation for the higher recurrence risk with early-onset pre-eclampsia.,20044877,"In contrast, plasma Ang II levels were unchanged in preeclamptic patients.",17401503,NotContradiction
as_000050,"In women with pre-eclampsia, is Polymorphism in angiotensin gene associated with pre-eclampsia",Our findings suggest an association between the DD genotype of the ACE gene and early-onset but not later-onset pre-eclampsia which may give a partial explanation for the higher recurrence risk with early-onset pre-eclampsia.,20044877,"The present data indicate that the DD genotype is a genetic marker associated with an elevated risk of obstetric cholestasis, but this polymorphism of the angiotensin-converting enzyme gene is unlikely to play any significant role in preeclampsia.",11568784,Contradiction
as_000051,"In women with pre-eclampsia, is Polymorphism in angiotensin gene associated with pre-eclampsia",Our findings suggest an association between the DD genotype of the ACE gene and early-onset but not later-onset pre-eclampsia which may give a partial explanation for the higher recurrence risk with early-onset pre-eclampsia.,20044877,This study has found no evidence that the insertion-deletion polymorphism in the angiotensin-converting enzyme gene is associated with pre-eclampsia.,10459873,Contradiction
as_000052,"In women with pre-eclampsia, is Polymorphism in angiotensin gene associated with pre-eclampsia",The results showed no association between angiotensin-converting enzyme polymorphism and the development of preeclampsia.,15467548,"Carrying the DD genotype may have some influence on the pathogenesis of preeclampsia, perhaps through effects on placental hypoxia or the interaction of hypertensive disease and atherosclerosis, although this influence may not be strong.",16052407,Contradiction
as_000053,"In women with pre-eclampsia, is Polymorphism in angiotensin gene associated with pre-eclampsia",The results showed no association between angiotensin-converting enzyme polymorphism and the development of preeclampsia.,15467548,We found an association between the genotype II and low ACE activity in preeclamptic women and an association between D allele frequency and preeclampsia.,14967168,Contradiction
as_000054,"In women with pre-eclampsia, is Polymorphism in angiotensin gene associated with pre-eclampsia",The results showed no association between angiotensin-converting enzyme polymorphism and the development of preeclampsia.,15467548,We found no association of the two gene polymorphisms with preeclampsia.,17710578,NotContradiction
as_000055,"In women with pre-eclampsia, is Polymorphism in angiotensin gene associated with pre-eclampsia",The results showed no association between angiotensin-converting enzyme polymorphism and the development of preeclampsia.,15467548,"However, this polymorphism does not correlate with the severity of hypertension or perinatal outcome.",16167906,NotContradiction
as_000056,"In women with pre-eclampsia, is Polymorphism in angiotensin gene associated with pre-eclampsia",The results showed no association between angiotensin-converting enzyme polymorphism and the development of preeclampsia.,15467548,The commonly occurring RAS polymorphisms are not predictive of pre-eclampsia or eclampsia in the Black South African population.,15097234,NotContradiction
as_000057,"In women with pre-eclampsia, is Polymorphism in angiotensin gene associated with pre-eclampsia",The results showed no association between angiotensin-converting enzyme polymorphism and the development of preeclampsia.,15467548,"It is highly likely that the observed small nominal increase in risk of preeclampsia associated with the ACE D-allele is due to small-study bias, similar to that observed in cardiovascular disease.",17194198,Contradiction
as_000058,"In women with pre-eclampsia, is Polymorphism in angiotensin gene associated with pre-eclampsia",The results showed no association between angiotensin-converting enzyme polymorphism and the development of preeclampsia.,15467548,"In conclusion, a molecular variant of ACE, but not angiotensinogen, gene is associated with preeclampsia in Korean women.",15082899,Contradiction
as_000059,"In women with pre-eclampsia, is Polymorphism in angiotensin gene associated with pre-eclampsia",The results showed no association between angiotensin-converting enzyme polymorphism and the development of preeclampsia.,15467548,The result indicates that the AGT M235T polymorphism and the ACE intron 16 polymorphism play no significant role in preeclampsia observed in Korean women.,15294367,NotContradiction
as_000060,"In women with pre-eclampsia, is Polymorphism in angiotensin gene associated with pre-eclampsia",The results showed no association between angiotensin-converting enzyme polymorphism and the development of preeclampsia.,15467548,"There was no effect of ACE gene polymorphism on pregnancy outcome, the incidence of pregnancy-induced hypertension, or changes in BP during pregnancy.",8841206,NotContradiction
as_000061,"In women with pre-eclampsia, is Polymorphism in angiotensin gene associated with pre-eclampsia",The results showed no association between angiotensin-converting enzyme polymorphism and the development of preeclampsia.,15467548,"In contrast, plasma Ang II levels were unchanged in preeclamptic patients.",17401503,Contradiction
as_000062,"In women with pre-eclampsia, is Polymorphism in angiotensin gene associated with pre-eclampsia",The results showed no association between angiotensin-converting enzyme polymorphism and the development of preeclampsia.,15467548,"The present data indicate that the DD genotype is a genetic marker associated with an elevated risk of obstetric cholestasis, but this polymorphism of the angiotensin-converting enzyme gene is unlikely to play any significant role in preeclampsia.",11568784,NotContradiction
as_000063,"In women with pre-eclampsia, is Polymorphism in angiotensin gene associated with pre-eclampsia",The results showed no association between angiotensin-converting enzyme polymorphism and the development of preeclampsia.,15467548,This study has found no evidence that the insertion-deletion polymorphism in the angiotensin-converting enzyme gene is associated with pre-eclampsia.,10459873,NotContradiction
as_000064,"In women with pre-eclampsia, is Polymorphism in angiotensin gene associated with pre-eclampsia","Carrying the DD genotype may have some influence on the pathogenesis of preeclampsia, perhaps through effects on placental hypoxia or the interaction of hypertensive disease and atherosclerosis, although this influence may not be strong.",16052407,We found an association between the genotype II and low ACE activity in preeclamptic women and an association between D allele frequency and preeclampsia.,14967168,NotContradiction
as_000065,"In women with pre-eclampsia, is Polymorphism in angiotensin gene associated with pre-eclampsia","Carrying the DD genotype may have some influence on the pathogenesis of preeclampsia, perhaps through effects on placental hypoxia or the interaction of hypertensive disease and atherosclerosis, although this influence may not be strong.",16052407,We found no association of the two gene polymorphisms with preeclampsia.,17710578,Contradiction
as_000066,"In women with pre-eclampsia, is Polymorphism in angiotensin gene associated with pre-eclampsia","Carrying the DD genotype may have some influence on the pathogenesis of preeclampsia, perhaps through effects on placental hypoxia or the interaction of hypertensive disease and atherosclerosis, although this influence may not be strong.",16052407,"However, this polymorphism does not correlate with the severity of hypertension or perinatal outcome.",16167906,Contradiction
as_000067,"In women with pre-eclampsia, is Polymorphism in angiotensin gene associated with pre-eclampsia","Carrying the DD genotype may have some influence on the pathogenesis of preeclampsia, perhaps through effects on placental hypoxia or the interaction of hypertensive disease and atherosclerosis, although this influence may not be strong.",16052407,The commonly occurring RAS polymorphisms are not predictive of pre-eclampsia or eclampsia in the Black South African population.,15097234,Contradiction
as_000068,"In women with pre-eclampsia, is Polymorphism in angiotensin gene associated with pre-eclampsia","Carrying the DD genotype may have some influence on the pathogenesis of preeclampsia, perhaps through effects on placental hypoxia or the interaction of hypertensive disease and atherosclerosis, although this influence may not be strong.",16052407,"It is highly likely that the observed small nominal increase in risk of preeclampsia associated with the ACE D-allele is due to small-study bias, similar to that observed in cardiovascular disease.",17194198,NotContradiction
as_000069,"In women with pre-eclampsia, is Polymorphism in angiotensin gene associated with pre-eclampsia","Carrying the DD genotype may have some influence on the pathogenesis of preeclampsia, perhaps through effects on placental hypoxia or the interaction of hypertensive disease and atherosclerosis, although this influence may not be strong.",16052407,"In conclusion, a molecular variant of ACE, but not angiotensinogen, gene is associated with preeclampsia in Korean women.",15082899,NotContradiction
as_000070,"In women with pre-eclampsia, is Polymorphism in angiotensin gene associated with pre-eclampsia","Carrying the DD genotype may have some influence on the pathogenesis of preeclampsia, perhaps through effects on placental hypoxia or the interaction of hypertensive disease and atherosclerosis, although this influence may not be strong.",16052407,The result indicates that the AGT M235T polymorphism and the ACE intron 16 polymorphism play no significant role in preeclampsia observed in Korean women.,15294367,Contradiction
as_000071,"In women with pre-eclampsia, is Polymorphism in angiotensin gene associated with pre-eclampsia","Carrying the DD genotype may have some influence on the pathogenesis of preeclampsia, perhaps through effects on placental hypoxia or the interaction of hypertensive disease and atherosclerosis, although this influence may not be strong.",16052407,"There was no effect of ACE gene polymorphism on pregnancy outcome, the incidence of pregnancy-induced hypertension, or changes in BP during pregnancy.",8841206,Contradiction
as_000072,"In women with pre-eclampsia, is Polymorphism in angiotensin gene associated with pre-eclampsia","Carrying the DD genotype may have some influence on the pathogenesis of preeclampsia, perhaps through effects on placental hypoxia or the interaction of hypertensive disease and atherosclerosis, although this influence may not be strong.",16052407,"In contrast, plasma Ang II levels were unchanged in preeclamptic patients.",17401503,NotContradiction
as_000073,"In women with pre-eclampsia, is Polymorphism in angiotensin gene associated with pre-eclampsia","Carrying the DD genotype may have some influence on the pathogenesis of preeclampsia, perhaps through effects on placental hypoxia or the interaction of hypertensive disease and atherosclerosis, although this influence may not be strong.",16052407,"The present data indicate that the DD genotype is a genetic marker associated with an elevated risk of obstetric cholestasis, but this polymorphism of the angiotensin-converting enzyme gene is unlikely to play any significant role in preeclampsia.",11568784,Contradiction
as_000074,"In women with pre-eclampsia, is Polymorphism in angiotensin gene associated with pre-eclampsia","Carrying the DD genotype may have some influence on the pathogenesis of preeclampsia, perhaps through effects on placental hypoxia or the interaction of hypertensive disease and atherosclerosis, although this influence may not be strong.",16052407,This study has found no evidence that the insertion-deletion polymorphism in the angiotensin-converting enzyme gene is associated with pre-eclampsia.,10459873,Contradiction
as_000075,"In women with pre-eclampsia, is Polymorphism in angiotensin gene associated with pre-eclampsia",We found an association between the genotype II and low ACE activity in preeclamptic women and an association between D allele frequency and preeclampsia.,14967168,We found no association of the two gene polymorphisms with preeclampsia.,17710578,Contradiction
as_000076,"In women with pre-eclampsia, is Polymorphism in angiotensin gene associated with pre-eclampsia",We found an association between the genotype II and low ACE activity in preeclamptic women and an association between D allele frequency and preeclampsia.,14967168,"However, this polymorphism does not correlate with the severity of hypertension or perinatal outcome.",16167906,Contradiction
as_000077,"In women with pre-eclampsia, is Polymorphism in angiotensin gene associated with pre-eclampsia",We found an association between the genotype II and low ACE activity in preeclamptic women and an association between D allele frequency and preeclampsia.,14967168,The commonly occurring RAS polymorphisms are not predictive of pre-eclampsia or eclampsia in the Black South African population.,15097234,Contradiction
as_000078,"In women with pre-eclampsia, is Polymorphism in angiotensin gene associated with pre-eclampsia",We found an association between the genotype II and low ACE activity in preeclamptic women and an association between D allele frequency and preeclampsia.,14967168,"It is highly likely that the observed small nominal increase in risk of preeclampsia associated with the ACE D-allele is due to small-study bias, similar to that observed in cardiovascular disease.",17194198,NotContradiction
as_000079,"In women with pre-eclampsia, is Polymorphism in angiotensin gene associated with pre-eclampsia",We found an association between the genotype II and low ACE activity in preeclamptic women and an association between D allele frequency and preeclampsia.,14967168,"In conclusion, a molecular variant of ACE, but not angiotensinogen, gene is associated with preeclampsia in Korean women.",15082899,NotContradiction
as_000080,"In women with pre-eclampsia, is Polymorphism in angiotensin gene associated with pre-eclampsia",We found an association between the genotype II and low ACE activity in preeclamptic women and an association between D allele frequency and preeclampsia.,14967168,The result indicates that the AGT M235T polymorphism and the ACE intron 16 polymorphism play no significant role in preeclampsia observed in Korean women.,15294367,Contradiction
as_000081,"In women with pre-eclampsia, is Polymorphism in angiotensin gene associated with pre-eclampsia",We found an association between the genotype II and low ACE activity in preeclamptic women and an association between D allele frequency and preeclampsia.,14967168,"There was no effect of ACE gene polymorphism on pregnancy outcome, the incidence of pregnancy-induced hypertension, or changes in BP during pregnancy.",8841206,Contradiction
as_000082,"In women with pre-eclampsia, is Polymorphism in angiotensin gene associated with pre-eclampsia",We found an association between the genotype II and low ACE activity in preeclamptic women and an association between D allele frequency and preeclampsia.,14967168,"In contrast, plasma Ang II levels were unchanged in preeclamptic patients.",17401503,NotContradiction
as_000083,"In women with pre-eclampsia, is Polymorphism in angiotensin gene associated with pre-eclampsia",We found an association between the genotype II and low ACE activity in preeclamptic women and an association between D allele frequency and preeclampsia.,14967168,"The present data indicate that the DD genotype is a genetic marker associated with an elevated risk of obstetric cholestasis, but this polymorphism of the angiotensin-converting enzyme gene is unlikely to play any significant role in preeclampsia.",11568784,Contradiction
as_000084,"In women with pre-eclampsia, is Polymorphism in angiotensin gene associated with pre-eclampsia",We found an association between the genotype II and low ACE activity in preeclamptic women and an association between D allele frequency and preeclampsia.,14967168,This study has found no evidence that the insertion-deletion polymorphism in the angiotensin-converting enzyme gene is associated with pre-eclampsia.,10459873,Contradiction
as_000085,"In women with pre-eclampsia, is Polymorphism in angiotensin gene associated with pre-eclampsia",We found no association of the two gene polymorphisms with preeclampsia.,17710578,"However, this polymorphism does not correlate with the severity of hypertension or perinatal outcome.",16167906,NotContradiction
as_000086,"In women with pre-eclampsia, is Polymorphism in angiotensin gene associated with pre-eclampsia",We found no association of the two gene polymorphisms with preeclampsia.,17710578,The commonly occurring RAS polymorphisms are not predictive of pre-eclampsia or eclampsia in the Black South African population.,15097234,NotContradiction
as_000087,"In women with pre-eclampsia, is Polymorphism in angiotensin gene associated with pre-eclampsia",We found no association of the two gene polymorphisms with preeclampsia.,17710578,"It is highly likely that the observed small nominal increase in risk of preeclampsia associated with the ACE D-allele is due to small-study bias, similar to that observed in cardiovascular disease.",17194198,Contradiction
as_000088,"In women with pre-eclampsia, is Polymorphism in angiotensin gene associated with pre-eclampsia",We found no association of the two gene polymorphisms with preeclampsia.,17710578,"In conclusion, a molecular variant of ACE, but not angiotensinogen, gene is associated with preeclampsia in Korean women.",15082899,Contradiction
as_000089,"In women with pre-eclampsia, is Polymorphism in angiotensin gene associated with pre-eclampsia",We found no association of the two gene polymorphisms with preeclampsia.,17710578,The result indicates that the AGT M235T polymorphism and the ACE intron 16 polymorphism play no significant role in preeclampsia observed in Korean women.,15294367,NotContradiction
as_000090,"In women with pre-eclampsia, is Polymorphism in angiotensin gene associated with pre-eclampsia",We found no association of the two gene polymorphisms with preeclampsia.,17710578,"There was no effect of ACE gene polymorphism on pregnancy outcome, the incidence of pregnancy-induced hypertension, or changes in BP during pregnancy.",8841206,NotContradiction
as_000091,"In women with pre-eclampsia, is Polymorphism in angiotensin gene associated with pre-eclampsia",We found no association of the two gene polymorphisms with preeclampsia.,17710578,"In contrast, plasma Ang II levels were unchanged in preeclamptic patients.",17401503,Contradiction
as_000092,"In women with pre-eclampsia, is Polymorphism in angiotensin gene associated with pre-eclampsia",We found no association of the two gene polymorphisms with preeclampsia.,17710578,"The present data indicate that the DD genotype is a genetic marker associated with an elevated risk of obstetric cholestasis, but this polymorphism of the angiotensin-converting enzyme gene is unlikely to play any significant role in preeclampsia.",11568784,NotContradiction
as_000093,"In women with pre-eclampsia, is Polymorphism in angiotensin gene associated with pre-eclampsia",We found no association of the two gene polymorphisms with preeclampsia.,17710578,This study has found no evidence that the insertion-deletion polymorphism in the angiotensin-converting enzyme gene is associated with pre-eclampsia.,10459873,NotContradiction
as_000094,"In women with pre-eclampsia, is Polymorphism in angiotensin gene associated with pre-eclampsia","However, this polymorphism does not correlate with the severity of hypertension or perinatal outcome.",16167906,The commonly occurring RAS polymorphisms are not predictive of pre-eclampsia or eclampsia in the Black South African population.,15097234,NotContradiction
as_000095,"In women with pre-eclampsia, is Polymorphism in angiotensin gene associated with pre-eclampsia","However, this polymorphism does not correlate with the severity of hypertension or perinatal outcome.",16167906,"It is highly likely that the observed small nominal increase in risk of preeclampsia associated with the ACE D-allele is due to small-study bias, similar to that observed in cardiovascular disease.",17194198,Contradiction
as_000096,"In women with pre-eclampsia, is Polymorphism in angiotensin gene associated with pre-eclampsia","However, this polymorphism does not correlate with the severity of hypertension or perinatal outcome.",16167906,"In conclusion, a molecular variant of ACE, but not angiotensinogen, gene is associated with preeclampsia in Korean women.",15082899,Contradiction
as_000097,"In women with pre-eclampsia, is Polymorphism in angiotensin gene associated with pre-eclampsia","However, this polymorphism does not correlate with the severity of hypertension or perinatal outcome.",16167906,The result indicates that the AGT M235T polymorphism and the ACE intron 16 polymorphism play no significant role in preeclampsia observed in Korean women.,15294367,NotContradiction
as_000098,"In women with pre-eclampsia, is Polymorphism in angiotensin gene associated with pre-eclampsia","However, this polymorphism does not correlate with the severity of hypertension or perinatal outcome.",16167906,"There was no effect of ACE gene polymorphism on pregnancy outcome, the incidence of pregnancy-induced hypertension, or changes in BP during pregnancy.",8841206,NotContradiction
as_000099,"In women with pre-eclampsia, is Polymorphism in angiotensin gene associated with pre-eclampsia","However, this polymorphism does not correlate with the severity of hypertension or perinatal outcome.",16167906,"In contrast, plasma Ang II levels were unchanged in preeclamptic patients.",17401503,Contradiction
as_000100,"In women with pre-eclampsia, is Polymorphism in angiotensin gene associated with pre-eclampsia","However, this polymorphism does not correlate with the severity of hypertension or perinatal outcome.",16167906,"The present data indicate that the DD genotype is a genetic marker associated with an elevated risk of obstetric cholestasis, but this polymorphism of the angiotensin-converting enzyme gene is unlikely to play any significant role in preeclampsia.",11568784,NotContradiction
as_000101,"In women with pre-eclampsia, is Polymorphism in angiotensin gene associated with pre-eclampsia","However, this polymorphism does not correlate with the severity of hypertension or perinatal outcome.",16167906,This study has found no evidence that the insertion-deletion polymorphism in the angiotensin-converting enzyme gene is associated with pre-eclampsia.,10459873,NotContradiction
as_000102,"In women with pre-eclampsia, is Polymorphism in angiotensin gene associated with pre-eclampsia",The commonly occurring RAS polymorphisms are not predictive of pre-eclampsia or eclampsia in the Black South African population.,15097234,"It is highly likely that the observed small nominal increase in risk of preeclampsia associated with the ACE D-allele is due to small-study bias, similar to that observed in cardiovascular disease.",17194198,Contradiction
as_000103,"In women with pre-eclampsia, is Polymorphism in angiotensin gene associated with pre-eclampsia",The commonly occurring RAS polymorphisms are not predictive of pre-eclampsia or eclampsia in the Black South African population.,15097234,"In conclusion, a molecular variant of ACE, but not angiotensinogen, gene is associated with preeclampsia in Korean women.",15082899,Contradiction
as_000104,"In women with pre-eclampsia, is Polymorphism in angiotensin gene associated with pre-eclampsia",The commonly occurring RAS polymorphisms are not predictive of pre-eclampsia or eclampsia in the Black South African population.,15097234,The result indicates that the AGT M235T polymorphism and the ACE intron 16 polymorphism play no significant role in preeclampsia observed in Korean women.,15294367,NotContradiction
as_000105,"In women with pre-eclampsia, is Polymorphism in angiotensin gene associated with pre-eclampsia",The commonly occurring RAS polymorphisms are not predictive of pre-eclampsia or eclampsia in the Black South African population.,15097234,"There was no effect of ACE gene polymorphism on pregnancy outcome, the incidence of pregnancy-induced hypertension, or changes in BP during pregnancy.",8841206,NotContradiction
as_000106,"In women with pre-eclampsia, is Polymorphism in angiotensin gene associated with pre-eclampsia",The commonly occurring RAS polymorphisms are not predictive of pre-eclampsia or eclampsia in the Black South African population.,15097234,"In contrast, plasma Ang II levels were unchanged in preeclamptic patients.",17401503,Contradiction
as_000107,"In women with pre-eclampsia, is Polymorphism in angiotensin gene associated with pre-eclampsia",The commonly occurring RAS polymorphisms are not predictive of pre-eclampsia or eclampsia in the Black South African population.,15097234,"The present data indicate that the DD genotype is a genetic marker associated with an elevated risk of obstetric cholestasis, but this polymorphism of the angiotensin-converting enzyme gene is unlikely to play any significant role in preeclampsia.",11568784,NotContradiction
as_000108,"In women with pre-eclampsia, is Polymorphism in angiotensin gene associated with pre-eclampsia",The commonly occurring RAS polymorphisms are not predictive of pre-eclampsia or eclampsia in the Black South African population.,15097234,This study has found no evidence that the insertion-deletion polymorphism in the angiotensin-converting enzyme gene is associated with pre-eclampsia.,10459873,NotContradiction
as_000109,"In women with pre-eclampsia, is Polymorphism in angiotensin gene associated with pre-eclampsia","It is highly likely that the observed small nominal increase in risk of preeclampsia associated with the ACE D-allele is due to small-study bias, similar to that observed in cardiovascular disease.",17194198,"In conclusion, a molecular variant of ACE, but not angiotensinogen, gene is associated with preeclampsia in Korean women.",15082899,NotContradiction
as_000110,"In women with pre-eclampsia, is Polymorphism in angiotensin gene associated with pre-eclampsia","It is highly likely that the observed small nominal increase in risk of preeclampsia associated with the ACE D-allele is due to small-study bias, similar to that observed in cardiovascular disease.",17194198,The result indicates that the AGT M235T polymorphism and the ACE intron 16 polymorphism play no significant role in preeclampsia observed in Korean women.,15294367,Contradiction
as_000111,"In women with pre-eclampsia, is Polymorphism in angiotensin gene associated with pre-eclampsia","It is highly likely that the observed small nominal increase in risk of preeclampsia associated with the ACE D-allele is due to small-study bias, similar to that observed in cardiovascular disease.",17194198,"There was no effect of ACE gene polymorphism on pregnancy outcome, the incidence of pregnancy-induced hypertension, or changes in BP during pregnancy.",8841206,Contradiction
as_000112,"In women with pre-eclampsia, is Polymorphism in angiotensin gene associated with pre-eclampsia","It is highly likely that the observed small nominal increase in risk of preeclampsia associated with the ACE D-allele is due to small-study bias, similar to that observed in cardiovascular disease.",17194198,"In contrast, plasma Ang II levels were unchanged in preeclamptic patients.",17401503,NotContradiction
as_000113,"In women with pre-eclampsia, is Polymorphism in angiotensin gene associated with pre-eclampsia","It is highly likely that the observed small nominal increase in risk of preeclampsia associated with the ACE D-allele is due to small-study bias, similar to that observed in cardiovascular disease.",17194198,"The present data indicate that the DD genotype is a genetic marker associated with an elevated risk of obstetric cholestasis, but this polymorphism of the angiotensin-converting enzyme gene is unlikely to play any significant role in preeclampsia.",11568784,Contradiction
as_000114,"In women with pre-eclampsia, is Polymorphism in angiotensin gene associated with pre-eclampsia","It is highly likely that the observed small nominal increase in risk of preeclampsia associated with the ACE D-allele is due to small-study bias, similar to that observed in cardiovascular disease.",17194198,This study has found no evidence that the insertion-deletion polymorphism in the angiotensin-converting enzyme gene is associated with pre-eclampsia.,10459873,Contradiction
as_000115,"In women with pre-eclampsia, is Polymorphism in angiotensin gene associated with pre-eclampsia","In conclusion, a molecular variant of ACE, but not angiotensinogen, gene is associated with preeclampsia in Korean women.",15082899,The result indicates that the AGT M235T polymorphism and the ACE intron 16 polymorphism play no significant role in preeclampsia observed in Korean women.,15294367,Contradiction
as_000116,"In women with pre-eclampsia, is Polymorphism in angiotensin gene associated with pre-eclampsia","In conclusion, a molecular variant of ACE, but not angiotensinogen, gene is associated with preeclampsia in Korean women.",15082899,"There was no effect of ACE gene polymorphism on pregnancy outcome, the incidence of pregnancy-induced hypertension, or changes in BP during pregnancy.",8841206,Contradiction
as_000117,"In women with pre-eclampsia, is Polymorphism in angiotensin gene associated with pre-eclampsia","In conclusion, a molecular variant of ACE, but not angiotensinogen, gene is associated with preeclampsia in Korean women.",15082899,"In contrast, plasma Ang II levels were unchanged in preeclamptic patients.",17401503,NotContradiction
as_000118,"In women with pre-eclampsia, is Polymorphism in angiotensin gene associated with pre-eclampsia","In conclusion, a molecular variant of ACE, but not angiotensinogen, gene is associated with preeclampsia in Korean women.",15082899,"The present data indicate that the DD genotype is a genetic marker associated with an elevated risk of obstetric cholestasis, but this polymorphism of the angiotensin-converting enzyme gene is unlikely to play any significant role in preeclampsia.",11568784,Contradiction
as_000119,"In women with pre-eclampsia, is Polymorphism in angiotensin gene associated with pre-eclampsia","In conclusion, a molecular variant of ACE, but not angiotensinogen, gene is associated with preeclampsia in Korean women.",15082899,This study has found no evidence that the insertion-deletion polymorphism in the angiotensin-converting enzyme gene is associated with pre-eclampsia.,10459873,Contradiction
as_000120,"In women with pre-eclampsia, is Polymorphism in angiotensin gene associated with pre-eclampsia",The result indicates that the AGT M235T polymorphism and the ACE intron 16 polymorphism play no significant role in preeclampsia observed in Korean women.,15294367,"There was no effect of ACE gene polymorphism on pregnancy outcome, the incidence of pregnancy-induced hypertension, or changes in BP during pregnancy.",8841206,NotContradiction
as_000121,"In women with pre-eclampsia, is Polymorphism in angiotensin gene associated with pre-eclampsia",The result indicates that the AGT M235T polymorphism and the ACE intron 16 polymorphism play no significant role in preeclampsia observed in Korean women.,15294367,"In contrast, plasma Ang II levels were unchanged in preeclamptic patients.",17401503,Contradiction
as_000122,"In women with pre-eclampsia, is Polymorphism in angiotensin gene associated with pre-eclampsia",The result indicates that the AGT M235T polymorphism and the ACE intron 16 polymorphism play no significant role in preeclampsia observed in Korean women.,15294367,"The present data indicate that the DD genotype is a genetic marker associated with an elevated risk of obstetric cholestasis, but this polymorphism of the angiotensin-converting enzyme gene is unlikely to play any significant role in preeclampsia.",11568784,NotContradiction
as_000123,"In women with pre-eclampsia, is Polymorphism in angiotensin gene associated with pre-eclampsia",The result indicates that the AGT M235T polymorphism and the ACE intron 16 polymorphism play no significant role in preeclampsia observed in Korean women.,15294367,This study has found no evidence that the insertion-deletion polymorphism in the angiotensin-converting enzyme gene is associated with pre-eclampsia.,10459873,NotContradiction
as_000124,"In women with pre-eclampsia, is Polymorphism in angiotensin gene associated with pre-eclampsia","There was no effect of ACE gene polymorphism on pregnancy outcome, the incidence of pregnancy-induced hypertension, or changes in BP during pregnancy.",8841206,"In contrast, plasma Ang II levels were unchanged in preeclamptic patients.",17401503,Contradiction
as_000125,"In women with pre-eclampsia, is Polymorphism in angiotensin gene associated with pre-eclampsia","There was no effect of ACE gene polymorphism on pregnancy outcome, the incidence of pregnancy-induced hypertension, or changes in BP during pregnancy.",8841206,"The present data indicate that the DD genotype is a genetic marker associated with an elevated risk of obstetric cholestasis, but this polymorphism of the angiotensin-converting enzyme gene is unlikely to play any significant role in preeclampsia.",11568784,NotContradiction
as_000126,"In women with pre-eclampsia, is Polymorphism in angiotensin gene associated with pre-eclampsia","There was no effect of ACE gene polymorphism on pregnancy outcome, the incidence of pregnancy-induced hypertension, or changes in BP during pregnancy.",8841206,This study has found no evidence that the insertion-deletion polymorphism in the angiotensin-converting enzyme gene is associated with pre-eclampsia.,10459873,NotContradiction
as_000127,"In women with pre-eclampsia, is Polymorphism in angiotensin gene associated with pre-eclampsia","In contrast, plasma Ang II levels were unchanged in preeclamptic patients.",17401503,"The present data indicate that the DD genotype is a genetic marker associated with an elevated risk of obstetric cholestasis, but this polymorphism of the angiotensin-converting enzyme gene is unlikely to play any significant role in preeclampsia.",11568784,Contradiction
as_000128,"In women with pre-eclampsia, is Polymorphism in angiotensin gene associated with pre-eclampsia","In contrast, plasma Ang II levels were unchanged in preeclamptic patients.",17401503,This study has found no evidence that the insertion-deletion polymorphism in the angiotensin-converting enzyme gene is associated with pre-eclampsia.,10459873,Contradiction
as_000129,"In women with pre-eclampsia, is Polymorphism in angiotensin gene associated with pre-eclampsia","The present data indicate that the DD genotype is a genetic marker associated with an elevated risk of obstetric cholestasis, but this polymorphism of the angiotensin-converting enzyme gene is unlikely to play any significant role in preeclampsia.",11568784,This study has found no evidence that the insertion-deletion polymorphism in the angiotensin-converting enzyme gene is associated with pre-eclampsia.,10459873,NotContradiction
as_000130,"In patients with hypertension, does treatment with ACE inhibitors, compared to placebo, reduce risk of cardiovascular event or improve blood pressure","However, in the valsartan group, significant improvements in left ventricular hypertrophy and microalbuminuria were observed.",21993491,Both losartan- and atenolol-based regimens effectively decreased blood pressure.,12195129,NotContradiction
as_000131,"In patients with hypertension, does treatment with ACE inhibitors, compared to placebo, reduce risk of cardiovascular event or improve blood pressure","However, in the valsartan group, significant improvements in left ventricular hypertrophy and microalbuminuria were observed.",21993491,This novel model of care is more effective than conventional care in lowering systolic BP and reducing cardiac and renal end-organ damage in these high-risk patients.,20375028,NotContradiction
as_000132,"In patients with hypertension, does treatment with ACE inhibitors, compared to placebo, reduce risk of cardiovascular event or improve blood pressure","However, in the valsartan group, significant improvements in left ventricular hypertrophy and microalbuminuria were observed.",21993491,"Although a bedtime dose of doxazosin can significantly lower the blood pressure, it can also increase left ventricular diameter, thus increasing the risk of congestive heart failure.",18551024,Contradiction
as_000133,"In patients with hypertension, does treatment with ACE inhibitors, compared to placebo, reduce risk of cardiovascular event or improve blood pressure","However, in the valsartan group, significant improvements in left ventricular hypertrophy and microalbuminuria were observed.",21993491,Lowering blood pressure improves diastolic function irrespective of the type of antihypertensive agent used.,17586303,NotContradiction
as_000134,"In patients with hypertension, does treatment with ACE inhibitors, compared to placebo, reduce risk of cardiovascular event or improve blood pressure","However, in the valsartan group, significant improvements in left ventricular hypertrophy and microalbuminuria were observed.",21993491,"Importantly, in patients with LVH, losartan reduced the CV as well as the renal risk to a level similar to that seen in subjects without LVH.",16082528,NotContradiction
as_000135,"In patients with hypertension, does treatment with ACE inhibitors, compared to placebo, reduce risk of cardiovascular event or improve blood pressure","However, in the valsartan group, significant improvements in left ventricular hypertrophy and microalbuminuria were observed.",21993491,"These results, in one of the first studies including subjects with previously untreated ISH only, indicate that lisinopril treatment might favorably influence the cardiovascular risk of ISH.",11336102,NotContradiction
as_000136,"In patients with hypertension, does treatment with ACE inhibitors, compared to placebo, reduce risk of cardiovascular event or improve blood pressure","However, in the valsartan group, significant improvements in left ventricular hypertrophy and microalbuminuria were observed.",21993491,Interpretation Losartan prevents more cardiovascular morbidity and death than atenolol for a similar reduction in blood pressure and is better tolerated.,11937178,NotContradiction
as_000137,"In patients with hypertension, does treatment with ACE inhibitors, compared to placebo, reduce risk of cardiovascular event or improve blood pressure","However, in the valsartan group, significant improvements in left ventricular hypertrophy and microalbuminuria were observed.",21993491,"Left ventricular mass index was found to be significantly reduced in patients receiving 5 mg ramipril compared with those receiving placebo (-10.8 +/- 3.7 versus +4.1 +/- 4.0 g/m2, P = .008); in patients receiving 1.25 mg ramipril, the difference was close to borderline significance compared with placebo (-7.0 +/- 4.3 g/m2, P = .06).",7843761,NotContradiction
as_000138,"In patients with hypertension, does treatment with ACE inhibitors, compared to placebo, reduce risk of cardiovascular event or improve blood pressure","However, in the valsartan group, significant improvements in left ventricular hypertrophy and microalbuminuria were observed.",21993491,"Losartan may improve LV diastolic function, and amlodipine may attenuate LV hypertrophy; however, this study cannot make consecutive remarks about the superiority of either treatment regimen in the effects on cardiac function and geometry.",21124328,NotContradiction
as_000139,"In patients with hypertension, does treatment with ACE inhibitors, compared to placebo, reduce risk of cardiovascular event or improve blood pressure","However, in the valsartan group, significant improvements in left ventricular hypertrophy and microalbuminuria were observed.",21993491,Reducing LDL-C and SBP to lower targets resulted in regression of carotid IMT and greater decrease in left ventricular mass in individuals with type 2 diabetes.,18398080,NotContradiction
as_000140,"In patients with hypertension, does treatment with ACE inhibitors, compared to placebo, reduce risk of cardiovascular event or improve blood pressure","However, in the valsartan group, significant improvements in left ventricular hypertrophy and microalbuminuria were observed.",21993491,"Enalapril appears not to induce regression, but perhaps prevents progression with an effect that is intermediate between those of nitrendipine and placebo.",9797181,NotContradiction
as_000141,"In patients with hypertension, does treatment with ACE inhibitors, compared to placebo, reduce risk of cardiovascular event or improve blood pressure","However, in the valsartan group, significant improvements in left ventricular hypertrophy and microalbuminuria were observed.",21993491,"In the ABCD study, enalapril treatment was associated with a lower risk of myocardial infarction.",12796754,NotContradiction
as_000142,"In patients with hypertension, does treatment with ACE inhibitors, compared to placebo, reduce risk of cardiovascular event or improve blood pressure","However, in the valsartan group, significant improvements in left ventricular hypertrophy and microalbuminuria were observed.",21993491,"A long-term study, the ELVERA trial proves that amlodipine and lisinopril reduce left ventricular mass and improve diastolic function to a similar extent in elderly newly diagnosed hypertensive patients.",11212974,NotContradiction
as_000143,"In patients with hypertension, does treatment with ACE inhibitors, compared to placebo, reduce risk of cardiovascular event or improve blood pressure",Both losartan- and atenolol-based regimens effectively decreased blood pressure.,12195129,This novel model of care is more effective than conventional care in lowering systolic BP and reducing cardiac and renal end-organ damage in these high-risk patients.,20375028,NotContradiction
as_000144,"In patients with hypertension, does treatment with ACE inhibitors, compared to placebo, reduce risk of cardiovascular event or improve blood pressure",Both losartan- and atenolol-based regimens effectively decreased blood pressure.,12195129,"Although a bedtime dose of doxazosin can significantly lower the blood pressure, it can also increase left ventricular diameter, thus increasing the risk of congestive heart failure.",18551024,Contradiction
as_000145,"In patients with hypertension, does treatment with ACE inhibitors, compared to placebo, reduce risk of cardiovascular event or improve blood pressure",Both losartan- and atenolol-based regimens effectively decreased blood pressure.,12195129,Lowering blood pressure improves diastolic function irrespective of the type of antihypertensive agent used.,17586303,NotContradiction
as_000146,"In patients with hypertension, does treatment with ACE inhibitors, compared to placebo, reduce risk of cardiovascular event or improve blood pressure",Both losartan- and atenolol-based regimens effectively decreased blood pressure.,12195129,"Importantly, in patients with LVH, losartan reduced the CV as well as the renal risk to a level similar to that seen in subjects without LVH.",16082528,NotContradiction
as_000147,"In patients with hypertension, does treatment with ACE inhibitors, compared to placebo, reduce risk of cardiovascular event or improve blood pressure",Both losartan- and atenolol-based regimens effectively decreased blood pressure.,12195129,"These results, in one of the first studies including subjects with previously untreated ISH only, indicate that lisinopril treatment might favorably influence the cardiovascular risk of ISH.",11336102,NotContradiction
as_000148,"In patients with hypertension, does treatment with ACE inhibitors, compared to placebo, reduce risk of cardiovascular event or improve blood pressure",Both losartan- and atenolol-based regimens effectively decreased blood pressure.,12195129,Interpretation Losartan prevents more cardiovascular morbidity and death than atenolol for a similar reduction in blood pressure and is better tolerated.,11937178,NotContradiction
as_000149,"In patients with hypertension, does treatment with ACE inhibitors, compared to placebo, reduce risk of cardiovascular event or improve blood pressure",Both losartan- and atenolol-based regimens effectively decreased blood pressure.,12195129,"Left ventricular mass index was found to be significantly reduced in patients receiving 5 mg ramipril compared with those receiving placebo (-10.8 +/- 3.7 versus +4.1 +/- 4.0 g/m2, P = .008); in patients receiving 1.25 mg ramipril, the difference was close to borderline significance compared with placebo (-7.0 +/- 4.3 g/m2, P = .06).",7843761,NotContradiction
as_000150,"In patients with hypertension, does treatment with ACE inhibitors, compared to placebo, reduce risk of cardiovascular event or improve blood pressure",Both losartan- and atenolol-based regimens effectively decreased blood pressure.,12195129,"Losartan may improve LV diastolic function, and amlodipine may attenuate LV hypertrophy; however, this study cannot make consecutive remarks about the superiority of either treatment regimen in the effects on cardiac function and geometry.",21124328,NotContradiction
as_000151,"In patients with hypertension, does treatment with ACE inhibitors, compared to placebo, reduce risk of cardiovascular event or improve blood pressure",Both losartan- and atenolol-based regimens effectively decreased blood pressure.,12195129,Reducing LDL-C and SBP to lower targets resulted in regression of carotid IMT and greater decrease in left ventricular mass in individuals with type 2 diabetes.,18398080,NotContradiction
as_000152,"In patients with hypertension, does treatment with ACE inhibitors, compared to placebo, reduce risk of cardiovascular event or improve blood pressure",Both losartan- and atenolol-based regimens effectively decreased blood pressure.,12195129,"Enalapril appears not to induce regression, but perhaps prevents progression with an effect that is intermediate between those of nitrendipine and placebo.",9797181,NotContradiction
as_000153,"In patients with hypertension, does treatment with ACE inhibitors, compared to placebo, reduce risk of cardiovascular event or improve blood pressure",Both losartan- and atenolol-based regimens effectively decreased blood pressure.,12195129,"In the ABCD study, enalapril treatment was associated with a lower risk of myocardial infarction.",12796754,NotContradiction
as_000154,"In patients with hypertension, does treatment with ACE inhibitors, compared to placebo, reduce risk of cardiovascular event or improve blood pressure",Both losartan- and atenolol-based regimens effectively decreased blood pressure.,12195129,"A long-term study, the ELVERA trial proves that amlodipine and lisinopril reduce left ventricular mass and improve diastolic function to a similar extent in elderly newly diagnosed hypertensive patients.",11212974,NotContradiction
as_000155,"In patients with hypertension, does treatment with ACE inhibitors, compared to placebo, reduce risk of cardiovascular event or improve blood pressure",This novel model of care is more effective than conventional care in lowering systolic BP and reducing cardiac and renal end-organ damage in these high-risk patients.,20375028,"Although a bedtime dose of doxazosin can significantly lower the blood pressure, it can also increase left ventricular diameter, thus increasing the risk of congestive heart failure.",18551024,Contradiction
as_000156,"In patients with hypertension, does treatment with ACE inhibitors, compared to placebo, reduce risk of cardiovascular event or improve blood pressure",This novel model of care is more effective than conventional care in lowering systolic BP and reducing cardiac and renal end-organ damage in these high-risk patients.,20375028,Lowering blood pressure improves diastolic function irrespective of the type of antihypertensive agent used.,17586303,NotContradiction
as_000157,"In patients with hypertension, does treatment with ACE inhibitors, compared to placebo, reduce risk of cardiovascular event or improve blood pressure",This novel model of care is more effective than conventional care in lowering systolic BP and reducing cardiac and renal end-organ damage in these high-risk patients.,20375028,"Importantly, in patients with LVH, losartan reduced the CV as well as the renal risk to a level similar to that seen in subjects without LVH.",16082528,NotContradiction
as_000158,"In patients with hypertension, does treatment with ACE inhibitors, compared to placebo, reduce risk of cardiovascular event or improve blood pressure",This novel model of care is more effective than conventional care in lowering systolic BP and reducing cardiac and renal end-organ damage in these high-risk patients.,20375028,"These results, in one of the first studies including subjects with previously untreated ISH only, indicate that lisinopril treatment might favorably influence the cardiovascular risk of ISH.",11336102,NotContradiction
as_000159,"In patients with hypertension, does treatment with ACE inhibitors, compared to placebo, reduce risk of cardiovascular event or improve blood pressure",This novel model of care is more effective than conventional care in lowering systolic BP and reducing cardiac and renal end-organ damage in these high-risk patients.,20375028,Interpretation Losartan prevents more cardiovascular morbidity and death than atenolol for a similar reduction in blood pressure and is better tolerated.,11937178,NotContradiction
as_000160,"In patients with hypertension, does treatment with ACE inhibitors, compared to placebo, reduce risk of cardiovascular event or improve blood pressure",This novel model of care is more effective than conventional care in lowering systolic BP and reducing cardiac and renal end-organ damage in these high-risk patients.,20375028,"Left ventricular mass index was found to be significantly reduced in patients receiving 5 mg ramipril compared with those receiving placebo (-10.8 +/- 3.7 versus +4.1 +/- 4.0 g/m2, P = .008); in patients receiving 1.25 mg ramipril, the difference was close to borderline significance compared with placebo (-7.0 +/- 4.3 g/m2, P = .06).",7843761,NotContradiction
as_000161,"In patients with hypertension, does treatment with ACE inhibitors, compared to placebo, reduce risk of cardiovascular event or improve blood pressure",This novel model of care is more effective than conventional care in lowering systolic BP and reducing cardiac and renal end-organ damage in these high-risk patients.,20375028,"Losartan may improve LV diastolic function, and amlodipine may attenuate LV hypertrophy; however, this study cannot make consecutive remarks about the superiority of either treatment regimen in the effects on cardiac function and geometry.",21124328,NotContradiction
as_000162,"In patients with hypertension, does treatment with ACE inhibitors, compared to placebo, reduce risk of cardiovascular event or improve blood pressure",This novel model of care is more effective than conventional care in lowering systolic BP and reducing cardiac and renal end-organ damage in these high-risk patients.,20375028,Reducing LDL-C and SBP to lower targets resulted in regression of carotid IMT and greater decrease in left ventricular mass in individuals with type 2 diabetes.,18398080,NotContradiction
as_000163,"In patients with hypertension, does treatment with ACE inhibitors, compared to placebo, reduce risk of cardiovascular event or improve blood pressure",This novel model of care is more effective than conventional care in lowering systolic BP and reducing cardiac and renal end-organ damage in these high-risk patients.,20375028,"Enalapril appears not to induce regression, but perhaps prevents progression with an effect that is intermediate between those of nitrendipine and placebo.",9797181,NotContradiction
as_000164,"In patients with hypertension, does treatment with ACE inhibitors, compared to placebo, reduce risk of cardiovascular event or improve blood pressure",This novel model of care is more effective than conventional care in lowering systolic BP and reducing cardiac and renal end-organ damage in these high-risk patients.,20375028,"In the ABCD study, enalapril treatment was associated with a lower risk of myocardial infarction.",12796754,NotContradiction
as_000165,"In patients with hypertension, does treatment with ACE inhibitors, compared to placebo, reduce risk of cardiovascular event or improve blood pressure",This novel model of care is more effective than conventional care in lowering systolic BP and reducing cardiac and renal end-organ damage in these high-risk patients.,20375028,"A long-term study, the ELVERA trial proves that amlodipine and lisinopril reduce left ventricular mass and improve diastolic function to a similar extent in elderly newly diagnosed hypertensive patients.",11212974,NotContradiction
as_000166,"In patients with hypertension, does treatment with ACE inhibitors, compared to placebo, reduce risk of cardiovascular event or improve blood pressure","Although a bedtime dose of doxazosin can significantly lower the blood pressure, it can also increase left ventricular diameter, thus increasing the risk of congestive heart failure.",18551024,Lowering blood pressure improves diastolic function irrespective of the type of antihypertensive agent used.,17586303,Contradiction
as_000167,"In patients with hypertension, does treatment with ACE inhibitors, compared to placebo, reduce risk of cardiovascular event or improve blood pressure","Although a bedtime dose of doxazosin can significantly lower the blood pressure, it can also increase left ventricular diameter, thus increasing the risk of congestive heart failure.",18551024,"Importantly, in patients with LVH, losartan reduced the CV as well as the renal risk to a level similar to that seen in subjects without LVH.",16082528,Contradiction
as_000168,"In patients with hypertension, does treatment with ACE inhibitors, compared to placebo, reduce risk of cardiovascular event or improve blood pressure","Although a bedtime dose of doxazosin can significantly lower the blood pressure, it can also increase left ventricular diameter, thus increasing the risk of congestive heart failure.",18551024,"These results, in one of the first studies including subjects with previously untreated ISH only, indicate that lisinopril treatment might favorably influence the cardiovascular risk of ISH.",11336102,Contradiction
as_000169,"In patients with hypertension, does treatment with ACE inhibitors, compared to placebo, reduce risk of cardiovascular event or improve blood pressure","Although a bedtime dose of doxazosin can significantly lower the blood pressure, it can also increase left ventricular diameter, thus increasing the risk of congestive heart failure.",18551024,Interpretation Losartan prevents more cardiovascular morbidity and death than atenolol for a similar reduction in blood pressure and is better tolerated.,11937178,Contradiction
as_000170,"In patients with hypertension, does treatment with ACE inhibitors, compared to placebo, reduce risk of cardiovascular event or improve blood pressure","Although a bedtime dose of doxazosin can significantly lower the blood pressure, it can also increase left ventricular diameter, thus increasing the risk of congestive heart failure.",18551024,"Left ventricular mass index was found to be significantly reduced in patients receiving 5 mg ramipril compared with those receiving placebo (-10.8 +/- 3.7 versus +4.1 +/- 4.0 g/m2, P = .008); in patients receiving 1.25 mg ramipril, the difference was close to borderline significance compared with placebo (-7.0 +/- 4.3 g/m2, P = .06).",7843761,Contradiction
as_000171,"In patients with hypertension, does treatment with ACE inhibitors, compared to placebo, reduce risk of cardiovascular event or improve blood pressure","Although a bedtime dose of doxazosin can significantly lower the blood pressure, it can also increase left ventricular diameter, thus increasing the risk of congestive heart failure.",18551024,"Losartan may improve LV diastolic function, and amlodipine may attenuate LV hypertrophy; however, this study cannot make consecutive remarks about the superiority of either treatment regimen in the effects on cardiac function and geometry.",21124328,Contradiction
as_000172,"In patients with hypertension, does treatment with ACE inhibitors, compared to placebo, reduce risk of cardiovascular event or improve blood pressure","Although a bedtime dose of doxazosin can significantly lower the blood pressure, it can also increase left ventricular diameter, thus increasing the risk of congestive heart failure.",18551024,Reducing LDL-C and SBP to lower targets resulted in regression of carotid IMT and greater decrease in left ventricular mass in individuals with type 2 diabetes.,18398080,Contradiction
as_000173,"In patients with hypertension, does treatment with ACE inhibitors, compared to placebo, reduce risk of cardiovascular event or improve blood pressure","Although a bedtime dose of doxazosin can significantly lower the blood pressure, it can also increase left ventricular diameter, thus increasing the risk of congestive heart failure.",18551024,"Enalapril appears not to induce regression, but perhaps prevents progression with an effect that is intermediate between those of nitrendipine and placebo.",9797181,Contradiction
as_000174,"In patients with hypertension, does treatment with ACE inhibitors, compared to placebo, reduce risk of cardiovascular event or improve blood pressure","Although a bedtime dose of doxazosin can significantly lower the blood pressure, it can also increase left ventricular diameter, thus increasing the risk of congestive heart failure.",18551024,"In the ABCD study, enalapril treatment was associated with a lower risk of myocardial infarction.",12796754,Contradiction
as_000175,"In patients with hypertension, does treatment with ACE inhibitors, compared to placebo, reduce risk of cardiovascular event or improve blood pressure","Although a bedtime dose of doxazosin can significantly lower the blood pressure, it can also increase left ventricular diameter, thus increasing the risk of congestive heart failure.",18551024,"A long-term study, the ELVERA trial proves that amlodipine and lisinopril reduce left ventricular mass and improve diastolic function to a similar extent in elderly newly diagnosed hypertensive patients.",11212974,Contradiction
as_000176,"In patients with hypertension, does treatment with ACE inhibitors, compared to placebo, reduce risk of cardiovascular event or improve blood pressure",Lowering blood pressure improves diastolic function irrespective of the type of antihypertensive agent used.,17586303,"Importantly, in patients with LVH, losartan reduced the CV as well as the renal risk to a level similar to that seen in subjects without LVH.",16082528,NotContradiction
as_000177,"In patients with hypertension, does treatment with ACE inhibitors, compared to placebo, reduce risk of cardiovascular event or improve blood pressure",Lowering blood pressure improves diastolic function irrespective of the type of antihypertensive agent used.,17586303,"These results, in one of the first studies including subjects with previously untreated ISH only, indicate that lisinopril treatment might favorably influence the cardiovascular risk of ISH.",11336102,NotContradiction
as_000178,"In patients with hypertension, does treatment with ACE inhibitors, compared to placebo, reduce risk of cardiovascular event or improve blood pressure",Lowering blood pressure improves diastolic function irrespective of the type of antihypertensive agent used.,17586303,Interpretation Losartan prevents more cardiovascular morbidity and death than atenolol for a similar reduction in blood pressure and is better tolerated.,11937178,NotContradiction
as_000179,"In patients with hypertension, does treatment with ACE inhibitors, compared to placebo, reduce risk of cardiovascular event or improve blood pressure",Lowering blood pressure improves diastolic function irrespective of the type of antihypertensive agent used.,17586303,"Left ventricular mass index was found to be significantly reduced in patients receiving 5 mg ramipril compared with those receiving placebo (-10.8 +/- 3.7 versus +4.1 +/- 4.0 g/m2, P = .008); in patients receiving 1.25 mg ramipril, the difference was close to borderline significance compared with placebo (-7.0 +/- 4.3 g/m2, P = .06).",7843761,NotContradiction
as_000180,"In patients with hypertension, does treatment with ACE inhibitors, compared to placebo, reduce risk of cardiovascular event or improve blood pressure",Lowering blood pressure improves diastolic function irrespective of the type of antihypertensive agent used.,17586303,"Losartan may improve LV diastolic function, and amlodipine may attenuate LV hypertrophy; however, this study cannot make consecutive remarks about the superiority of either treatment regimen in the effects on cardiac function and geometry.",21124328,NotContradiction
as_000181,"In patients with hypertension, does treatment with ACE inhibitors, compared to placebo, reduce risk of cardiovascular event or improve blood pressure",Lowering blood pressure improves diastolic function irrespective of the type of antihypertensive agent used.,17586303,Reducing LDL-C and SBP to lower targets resulted in regression of carotid IMT and greater decrease in left ventricular mass in individuals with type 2 diabetes.,18398080,NotContradiction
as_000182,"In patients with hypertension, does treatment with ACE inhibitors, compared to placebo, reduce risk of cardiovascular event or improve blood pressure",Lowering blood pressure improves diastolic function irrespective of the type of antihypertensive agent used.,17586303,"Enalapril appears not to induce regression, but perhaps prevents progression with an effect that is intermediate between those of nitrendipine and placebo.",9797181,NotContradiction
as_000183,"In patients with hypertension, does treatment with ACE inhibitors, compared to placebo, reduce risk of cardiovascular event or improve blood pressure",Lowering blood pressure improves diastolic function irrespective of the type of antihypertensive agent used.,17586303,"In the ABCD study, enalapril treatment was associated with a lower risk of myocardial infarction.",12796754,NotContradiction
as_000184,"In patients with hypertension, does treatment with ACE inhibitors, compared to placebo, reduce risk of cardiovascular event or improve blood pressure",Lowering blood pressure improves diastolic function irrespective of the type of antihypertensive agent used.,17586303,"A long-term study, the ELVERA trial proves that amlodipine and lisinopril reduce left ventricular mass and improve diastolic function to a similar extent in elderly newly diagnosed hypertensive patients.",11212974,NotContradiction
as_000185,"In patients with hypertension, does treatment with ACE inhibitors, compared to placebo, reduce risk of cardiovascular event or improve blood pressure","Importantly, in patients with LVH, losartan reduced the CV as well as the renal risk to a level similar to that seen in subjects without LVH.",16082528,"These results, in one of the first studies including subjects with previously untreated ISH only, indicate that lisinopril treatment might favorably influence the cardiovascular risk of ISH.",11336102,NotContradiction
as_000186,"In patients with hypertension, does treatment with ACE inhibitors, compared to placebo, reduce risk of cardiovascular event or improve blood pressure","Importantly, in patients with LVH, losartan reduced the CV as well as the renal risk to a level similar to that seen in subjects without LVH.",16082528,Interpretation Losartan prevents more cardiovascular morbidity and death than atenolol for a similar reduction in blood pressure and is better tolerated.,11937178,NotContradiction
as_000187,"In patients with hypertension, does treatment with ACE inhibitors, compared to placebo, reduce risk of cardiovascular event or improve blood pressure","Importantly, in patients with LVH, losartan reduced the CV as well as the renal risk to a level similar to that seen in subjects without LVH.",16082528,"Left ventricular mass index was found to be significantly reduced in patients receiving 5 mg ramipril compared with those receiving placebo (-10.8 +/- 3.7 versus +4.1 +/- 4.0 g/m2, P = .008); in patients receiving 1.25 mg ramipril, the difference was close to borderline significance compared with placebo (-7.0 +/- 4.3 g/m2, P = .06).",7843761,NotContradiction
as_000188,"In patients with hypertension, does treatment with ACE inhibitors, compared to placebo, reduce risk of cardiovascular event or improve blood pressure","Importantly, in patients with LVH, losartan reduced the CV as well as the renal risk to a level similar to that seen in subjects without LVH.",16082528,"Losartan may improve LV diastolic function, and amlodipine may attenuate LV hypertrophy; however, this study cannot make consecutive remarks about the superiority of either treatment regimen in the effects on cardiac function and geometry.",21124328,NotContradiction
as_000189,"In patients with hypertension, does treatment with ACE inhibitors, compared to placebo, reduce risk of cardiovascular event or improve blood pressure","Importantly, in patients with LVH, losartan reduced the CV as well as the renal risk to a level similar to that seen in subjects without LVH.",16082528,Reducing LDL-C and SBP to lower targets resulted in regression of carotid IMT and greater decrease in left ventricular mass in individuals with type 2 diabetes.,18398080,NotContradiction
as_000190,"In patients with hypertension, does treatment with ACE inhibitors, compared to placebo, reduce risk of cardiovascular event or improve blood pressure","Importantly, in patients with LVH, losartan reduced the CV as well as the renal risk to a level similar to that seen in subjects without LVH.",16082528,"Enalapril appears not to induce regression, but perhaps prevents progression with an effect that is intermediate between those of nitrendipine and placebo.",9797181,NotContradiction
as_000191,"In patients with hypertension, does treatment with ACE inhibitors, compared to placebo, reduce risk of cardiovascular event or improve blood pressure","Importantly, in patients with LVH, losartan reduced the CV as well as the renal risk to a level similar to that seen in subjects without LVH.",16082528,"In the ABCD study, enalapril treatment was associated with a lower risk of myocardial infarction.",12796754,NotContradiction
as_000192,"In patients with hypertension, does treatment with ACE inhibitors, compared to placebo, reduce risk of cardiovascular event or improve blood pressure","Importantly, in patients with LVH, losartan reduced the CV as well as the renal risk to a level similar to that seen in subjects without LVH.",16082528,"A long-term study, the ELVERA trial proves that amlodipine and lisinopril reduce left ventricular mass and improve diastolic function to a similar extent in elderly newly diagnosed hypertensive patients.",11212974,NotContradiction
as_000193,"In patients with hypertension, does treatment with ACE inhibitors, compared to placebo, reduce risk of cardiovascular event or improve blood pressure","These results, in one of the first studies including subjects with previously untreated ISH only, indicate that lisinopril treatment might favorably influence the cardiovascular risk of ISH.",11336102,Interpretation Losartan prevents more cardiovascular morbidity and death than atenolol for a similar reduction in blood pressure and is better tolerated.,11937178,NotContradiction
as_000194,"In patients with hypertension, does treatment with ACE inhibitors, compared to placebo, reduce risk of cardiovascular event or improve blood pressure","These results, in one of the first studies including subjects with previously untreated ISH only, indicate that lisinopril treatment might favorably influence the cardiovascular risk of ISH.",11336102,"Left ventricular mass index was found to be significantly reduced in patients receiving 5 mg ramipril compared with those receiving placebo (-10.8 +/- 3.7 versus +4.1 +/- 4.0 g/m2, P = .008); in patients receiving 1.25 mg ramipril, the difference was close to borderline significance compared with placebo (-7.0 +/- 4.3 g/m2, P = .06).",7843761,NotContradiction
as_000195,"In patients with hypertension, does treatment with ACE inhibitors, compared to placebo, reduce risk of cardiovascular event or improve blood pressure","These results, in one of the first studies including subjects with previously untreated ISH only, indicate that lisinopril treatment might favorably influence the cardiovascular risk of ISH.",11336102,"Losartan may improve LV diastolic function, and amlodipine may attenuate LV hypertrophy; however, this study cannot make consecutive remarks about the superiority of either treatment regimen in the effects on cardiac function and geometry.",21124328,NotContradiction
as_000196,"In patients with hypertension, does treatment with ACE inhibitors, compared to placebo, reduce risk of cardiovascular event or improve blood pressure","These results, in one of the first studies including subjects with previously untreated ISH only, indicate that lisinopril treatment might favorably influence the cardiovascular risk of ISH.",11336102,Reducing LDL-C and SBP to lower targets resulted in regression of carotid IMT and greater decrease in left ventricular mass in individuals with type 2 diabetes.,18398080,NotContradiction
as_000197,"In patients with hypertension, does treatment with ACE inhibitors, compared to placebo, reduce risk of cardiovascular event or improve blood pressure","These results, in one of the first studies including subjects with previously untreated ISH only, indicate that lisinopril treatment might favorably influence the cardiovascular risk of ISH.",11336102,"Enalapril appears not to induce regression, but perhaps prevents progression with an effect that is intermediate between those of nitrendipine and placebo.",9797181,NotContradiction
as_000198,"In patients with hypertension, does treatment with ACE inhibitors, compared to placebo, reduce risk of cardiovascular event or improve blood pressure","These results, in one of the first studies including subjects with previously untreated ISH only, indicate that lisinopril treatment might favorably influence the cardiovascular risk of ISH.",11336102,"In the ABCD study, enalapril treatment was associated with a lower risk of myocardial infarction.",12796754,NotContradiction
as_000199,"In patients with hypertension, does treatment with ACE inhibitors, compared to placebo, reduce risk of cardiovascular event or improve blood pressure","These results, in one of the first studies including subjects with previously untreated ISH only, indicate that lisinopril treatment might favorably influence the cardiovascular risk of ISH.",11336102,"A long-term study, the ELVERA trial proves that amlodipine and lisinopril reduce left ventricular mass and improve diastolic function to a similar extent in elderly newly diagnosed hypertensive patients.",11212974,NotContradiction
as_000200,"In patients with hypertension, does treatment with ACE inhibitors, compared to placebo, reduce risk of cardiovascular event or improve blood pressure",Interpretation Losartan prevents more cardiovascular morbidity and death than atenolol for a similar reduction in blood pressure and is better tolerated.,11937178,"Left ventricular mass index was found to be significantly reduced in patients receiving 5 mg ramipril compared with those receiving placebo (-10.8 +/- 3.7 versus +4.1 +/- 4.0 g/m2, P = .008); in patients receiving 1.25 mg ramipril, the difference was close to borderline significance compared with placebo (-7.0 +/- 4.3 g/m2, P = .06).",7843761,NotContradiction
as_000201,"In patients with hypertension, does treatment with ACE inhibitors, compared to placebo, reduce risk of cardiovascular event or improve blood pressure",Interpretation Losartan prevents more cardiovascular morbidity and death than atenolol for a similar reduction in blood pressure and is better tolerated.,11937178,"Losartan may improve LV diastolic function, and amlodipine may attenuate LV hypertrophy; however, this study cannot make consecutive remarks about the superiority of either treatment regimen in the effects on cardiac function and geometry.",21124328,NotContradiction
as_000202,"In patients with hypertension, does treatment with ACE inhibitors, compared to placebo, reduce risk of cardiovascular event or improve blood pressure",Interpretation Losartan prevents more cardiovascular morbidity and death than atenolol for a similar reduction in blood pressure and is better tolerated.,11937178,Reducing LDL-C and SBP to lower targets resulted in regression of carotid IMT and greater decrease in left ventricular mass in individuals with type 2 diabetes.,18398080,NotContradiction
as_000203,"In patients with hypertension, does treatment with ACE inhibitors, compared to placebo, reduce risk of cardiovascular event or improve blood pressure",Interpretation Losartan prevents more cardiovascular morbidity and death than atenolol for a similar reduction in blood pressure and is better tolerated.,11937178,"Enalapril appears not to induce regression, but perhaps prevents progression with an effect that is intermediate between those of nitrendipine and placebo.",9797181,NotContradiction
as_000204,"In patients with hypertension, does treatment with ACE inhibitors, compared to placebo, reduce risk of cardiovascular event or improve blood pressure",Interpretation Losartan prevents more cardiovascular morbidity and death than atenolol for a similar reduction in blood pressure and is better tolerated.,11937178,"In the ABCD study, enalapril treatment was associated with a lower risk of myocardial infarction.",12796754,NotContradiction
as_000205,"In patients with hypertension, does treatment with ACE inhibitors, compared to placebo, reduce risk of cardiovascular event or improve blood pressure",Interpretation Losartan prevents more cardiovascular morbidity and death than atenolol for a similar reduction in blood pressure and is better tolerated.,11937178,"A long-term study, the ELVERA trial proves that amlodipine and lisinopril reduce left ventricular mass and improve diastolic function to a similar extent in elderly newly diagnosed hypertensive patients.",11212974,NotContradiction
as_000206,"In patients with hypertension, does treatment with ACE inhibitors, compared to placebo, reduce risk of cardiovascular event or improve blood pressure","Left ventricular mass index was found to be significantly reduced in patients receiving 5 mg ramipril compared with those receiving placebo (-10.8 +/- 3.7 versus +4.1 +/- 4.0 g/m2, P = .008); in patients receiving 1.25 mg ramipril, the difference was close to borderline significance compared with placebo (-7.0 +/- 4.3 g/m2, P = .06).",7843761,"Losartan may improve LV diastolic function, and amlodipine may attenuate LV hypertrophy; however, this study cannot make consecutive remarks about the superiority of either treatment regimen in the effects on cardiac function and geometry.",21124328,NotContradiction
as_000207,"In patients with hypertension, does treatment with ACE inhibitors, compared to placebo, reduce risk of cardiovascular event or improve blood pressure","Left ventricular mass index was found to be significantly reduced in patients receiving 5 mg ramipril compared with those receiving placebo (-10.8 +/- 3.7 versus +4.1 +/- 4.0 g/m2, P = .008); in patients receiving 1.25 mg ramipril, the difference was close to borderline significance compared with placebo (-7.0 +/- 4.3 g/m2, P = .06).",7843761,Reducing LDL-C and SBP to lower targets resulted in regression of carotid IMT and greater decrease in left ventricular mass in individuals with type 2 diabetes.,18398080,NotContradiction
as_000208,"In patients with hypertension, does treatment with ACE inhibitors, compared to placebo, reduce risk of cardiovascular event or improve blood pressure","Left ventricular mass index was found to be significantly reduced in patients receiving 5 mg ramipril compared with those receiving placebo (-10.8 +/- 3.7 versus +4.1 +/- 4.0 g/m2, P = .008); in patients receiving 1.25 mg ramipril, the difference was close to borderline significance compared with placebo (-7.0 +/- 4.3 g/m2, P = .06).",7843761,"Enalapril appears not to induce regression, but perhaps prevents progression with an effect that is intermediate between those of nitrendipine and placebo.",9797181,NotContradiction
as_000209,"In patients with hypertension, does treatment with ACE inhibitors, compared to placebo, reduce risk of cardiovascular event or improve blood pressure","Left ventricular mass index was found to be significantly reduced in patients receiving 5 mg ramipril compared with those receiving placebo (-10.8 +/- 3.7 versus +4.1 +/- 4.0 g/m2, P = .008); in patients receiving 1.25 mg ramipril, the difference was close to borderline significance compared with placebo (-7.0 +/- 4.3 g/m2, P = .06).",7843761,"In the ABCD study, enalapril treatment was associated with a lower risk of myocardial infarction.",12796754,NotContradiction
as_000210,"In patients with hypertension, does treatment with ACE inhibitors, compared to placebo, reduce risk of cardiovascular event or improve blood pressure","Left ventricular mass index was found to be significantly reduced in patients receiving 5 mg ramipril compared with those receiving placebo (-10.8 +/- 3.7 versus +4.1 +/- 4.0 g/m2, P = .008); in patients receiving 1.25 mg ramipril, the difference was close to borderline significance compared with placebo (-7.0 +/- 4.3 g/m2, P = .06).",7843761,"A long-term study, the ELVERA trial proves that amlodipine and lisinopril reduce left ventricular mass and improve diastolic function to a similar extent in elderly newly diagnosed hypertensive patients.",11212974,NotContradiction
as_000211,"In patients with hypertension, does treatment with ACE inhibitors, compared to placebo, reduce risk of cardiovascular event or improve blood pressure","Losartan may improve LV diastolic function, and amlodipine may attenuate LV hypertrophy; however, this study cannot make consecutive remarks about the superiority of either treatment regimen in the effects on cardiac function and geometry.",21124328,Reducing LDL-C and SBP to lower targets resulted in regression of carotid IMT and greater decrease in left ventricular mass in individuals with type 2 diabetes.,18398080,NotContradiction
as_000212,"In patients with hypertension, does treatment with ACE inhibitors, compared to placebo, reduce risk of cardiovascular event or improve blood pressure","Losartan may improve LV diastolic function, and amlodipine may attenuate LV hypertrophy; however, this study cannot make consecutive remarks about the superiority of either treatment regimen in the effects on cardiac function and geometry.",21124328,"Enalapril appears not to induce regression, but perhaps prevents progression with an effect that is intermediate between those of nitrendipine and placebo.",9797181,NotContradiction
as_000213,"In patients with hypertension, does treatment with ACE inhibitors, compared to placebo, reduce risk of cardiovascular event or improve blood pressure","Losartan may improve LV diastolic function, and amlodipine may attenuate LV hypertrophy; however, this study cannot make consecutive remarks about the superiority of either treatment regimen in the effects on cardiac function and geometry.",21124328,"In the ABCD study, enalapril treatment was associated with a lower risk of myocardial infarction.",12796754,NotContradiction
as_000214,"In patients with hypertension, does treatment with ACE inhibitors, compared to placebo, reduce risk of cardiovascular event or improve blood pressure","Losartan may improve LV diastolic function, and amlodipine may attenuate LV hypertrophy; however, this study cannot make consecutive remarks about the superiority of either treatment regimen in the effects on cardiac function and geometry.",21124328,"A long-term study, the ELVERA trial proves that amlodipine and lisinopril reduce left ventricular mass and improve diastolic function to a similar extent in elderly newly diagnosed hypertensive patients.",11212974,NotContradiction
as_000215,"In patients with hypertension, does treatment with ACE inhibitors, compared to placebo, reduce risk of cardiovascular event or improve blood pressure",Reducing LDL-C and SBP to lower targets resulted in regression of carotid IMT and greater decrease in left ventricular mass in individuals with type 2 diabetes.,18398080,"Enalapril appears not to induce regression, but perhaps prevents progression with an effect that is intermediate between those of nitrendipine and placebo.",9797181,NotContradiction
as_000216,"In patients with hypertension, does treatment with ACE inhibitors, compared to placebo, reduce risk of cardiovascular event or improve blood pressure",Reducing LDL-C and SBP to lower targets resulted in regression of carotid IMT and greater decrease in left ventricular mass in individuals with type 2 diabetes.,18398080,"In the ABCD study, enalapril treatment was associated with a lower risk of myocardial infarction.",12796754,NotContradiction
as_000217,"In patients with hypertension, does treatment with ACE inhibitors, compared to placebo, reduce risk of cardiovascular event or improve blood pressure",Reducing LDL-C and SBP to lower targets resulted in regression of carotid IMT and greater decrease in left ventricular mass in individuals with type 2 diabetes.,18398080,"A long-term study, the ELVERA trial proves that amlodipine and lisinopril reduce left ventricular mass and improve diastolic function to a similar extent in elderly newly diagnosed hypertensive patients.",11212974,NotContradiction
as_000218,"In patients with hypertension, does treatment with ACE inhibitors, compared to placebo, reduce risk of cardiovascular event or improve blood pressure","Enalapril appears not to induce regression, but perhaps prevents progression with an effect that is intermediate between those of nitrendipine and placebo.",9797181,"In the ABCD study, enalapril treatment was associated with a lower risk of myocardial infarction.",12796754,NotContradiction
as_000219,"In patients with hypertension, does treatment with ACE inhibitors, compared to placebo, reduce risk of cardiovascular event or improve blood pressure","Enalapril appears not to induce regression, but perhaps prevents progression with an effect that is intermediate between those of nitrendipine and placebo.",9797181,"A long-term study, the ELVERA trial proves that amlodipine and lisinopril reduce left ventricular mass and improve diastolic function to a similar extent in elderly newly diagnosed hypertensive patients.",11212974,NotContradiction
as_000220,"In patients with hypertension, does treatment with ACE inhibitors, compared to placebo, reduce risk of cardiovascular event or improve blood pressure","In the ABCD study, enalapril treatment was associated with a lower risk of myocardial infarction.",12796754,"A long-term study, the ELVERA trial proves that amlodipine and lisinopril reduce left ventricular mass and improve diastolic function to a similar extent in elderly newly diagnosed hypertensive patients.",11212974,NotContradiction
as_000221,"In patients with hypertesion or hypercholesterolemia, does statin drugs, compared to placebo, reduce blood pressure or lipid levels",Our results indicate that atorvastatin therapy significantly improves BP control in hyperlipidemic hypertensive patients.,15957546,"These findings demonstrated for the first time that in addition to its primary anti-lipidemia, pravastatin may have an additional effect of reducing LV mass-independent lipid-lowering effects, possibly through attenuation of free radical formation.",12451319,NotContradiction
as_000222,"In patients with hypertesion or hypercholesterolemia, does statin drugs, compared to placebo, reduce blood pressure or lipid levels",Our results indicate that atorvastatin therapy significantly improves BP control in hyperlipidemic hypertensive patients.,15957546,"In summary, pravastatin 40 mg daily did not reduce blood pressure in survivors of myocardial infarction without overt hypercholesterolaemia.",16625234,Contradiction
as_000223,"In patients with hypertesion or hypercholesterolemia, does statin drugs, compared to placebo, reduce blood pressure or lipid levels",Our results indicate that atorvastatin therapy significantly improves BP control in hyperlipidemic hypertensive patients.,15957546,"Thus, pravastatin remains efficacious as a lipid lowering agent in the presence of antihypertensive therapy but does not enhance the blood pressure lowering action of these drugs.",7704289,NotContradiction
as_000224,"In patients with hypertesion or hypercholesterolemia, does statin drugs, compared to placebo, reduce blood pressure or lipid levels",Our results indicate that atorvastatin therapy significantly improves BP control in hyperlipidemic hypertensive patients.,15957546,"We conclude that simvastatin is effective in the treatment of severe and resistant hypercholesterolaemia, and well tolerated in the short term.",2054273,NotContradiction
as_000225,"In patients with hypertesion or hypercholesterolemia, does statin drugs, compared to placebo, reduce blood pressure or lipid levels",Our results indicate that atorvastatin therapy significantly improves BP control in hyperlipidemic hypertensive patients.,15957546,"In conclusion, the present results support the possibility that statins might contribute to a change in arterial stiffness independent of blood pressure level, and suggest that long-term studies in humans are needed to evaluate the contribution of arterial elasticity to statin-induced vascular remodelling.",12420194,NotContradiction
as_000226,"In patients with hypertesion or hypercholesterolemia, does statin drugs, compared to placebo, reduce blood pressure or lipid levels",Our results indicate that atorvastatin therapy significantly improves BP control in hyperlipidemic hypertensive patients.,15957546,Atorvastatin treatment is associated with less augmentation of the carotid BP waveform and less wave reflection from the body.,19720956,NotContradiction
as_000227,"In patients with hypertesion or hypercholesterolemia, does statin drugs, compared to placebo, reduce blood pressure or lipid levels",Our results indicate that atorvastatin therapy significantly improves BP control in hyperlipidemic hypertensive patients.,15957546,Furthermore no difference in safety profile between cerivastatin and placebo was found.,15977099,Contradiction
as_000228,"In patients with hypertesion or hypercholesterolemia, does statin drugs, compared to placebo, reduce blood pressure or lipid levels",Our results indicate that atorvastatin therapy significantly improves BP control in hyperlipidemic hypertensive patients.,15957546,"In this study, diversifying cholesterol-lowering components in the same dietary portfolio increased the effectiveness of diet as a treatment of hypercholesterolemia.",12876093,NotContradiction
as_000229,"In patients with hypertesion or hypercholesterolemia, does statin drugs, compared to placebo, reduce blood pressure or lipid levels",Our results indicate that atorvastatin therapy significantly improves BP control in hyperlipidemic hypertensive patients.,15957546,"In conclusion, the results of this study demonstrate that the use of statins in combination with antihypertensive drugs can improve blood pressure control in patients with uncontrolled hypertension and high serum cholesterol levels.",10774784,NotContradiction
as_000230,"In patients with hypertesion or hypercholesterolemia, does statin drugs, compared to placebo, reduce blood pressure or lipid levels",Our results indicate that atorvastatin therapy significantly improves BP control in hyperlipidemic hypertensive patients.,15957546,"In the group receiving both pravastatin and the step 1 diet, there was a mean reduction in serum total cholesterol of 19.4% (1.46 mmol L-1 (95% CI: 1.20, 1.72)).",9845852,NotContradiction
as_000231,"In patients with hypertesion or hypercholesterolemia, does statin drugs, compared to placebo, reduce blood pressure or lipid levels",Our results indicate that atorvastatin therapy significantly improves BP control in hyperlipidemic hypertensive patients.,15957546,"High-dose short-term therapy with simvastatin may improve walking performance, ankle-brachial pressure indexes, and symptoms of claudication in hypercholesterolemic patients with peripheral vascular disease.",12714124,NotContradiction
as_000232,"In patients with hypertesion or hypercholesterolemia, does statin drugs, compared to placebo, reduce blood pressure or lipid levels",Our results indicate that atorvastatin therapy significantly improves BP control in hyperlipidemic hypertensive patients.,15957546,Improvements in clinical and lipid-profile parameters were found at 1 year with all 3 treatments.,12809960,NotContradiction
as_000233,"In patients with hypertesion or hypercholesterolemia, does statin drugs, compared to placebo, reduce blood pressure or lipid levels",Our results indicate that atorvastatin therapy significantly improves BP control in hyperlipidemic hypertensive patients.,15957546,"In conclusion, we found that, in patients with hypertension and hypercholesterolemia, simvastatin reduced MSNA, and this was related to increased baroreceptor sensitivity.",20668455,NotContradiction
as_000234,"In patients with hypertesion or hypercholesterolemia, does statin drugs, compared to placebo, reduce blood pressure or lipid levels",Our results indicate that atorvastatin therapy significantly improves BP control in hyperlipidemic hypertensive patients.,15957546,Administration of a statin in hypertensive patients in whom blood pressure is effectively reduced by concomitant antihypertensive treatment does not have an additional blood pressure lowering effect.,20339154,Contradiction
as_000235,"In patients with hypertesion or hypercholesterolemia, does statin drugs, compared to placebo, reduce blood pressure or lipid levels",Our results indicate that atorvastatin therapy significantly improves BP control in hyperlipidemic hypertensive patients.,15957546,"In this randomized study, additionally administered atorvastatin to non-smoking and normolipemic patients with well-controlled essential arterial hypertension resulted in reduction of BP.",21098871,NotContradiction
as_000236,"In patients with hypertesion or hypercholesterolemia, does statin drugs, compared to placebo, reduce blood pressure or lipid levels",Our results indicate that atorvastatin therapy significantly improves BP control in hyperlipidemic hypertensive patients.,15957546,The use of cerivastatin is associated with decreased microalbuminuria and plasma and urinary ET-1 levels in microalbuminuric patients with type 2 diabetic mellitus and speculate that this may represent an amelioration of renal injury.,11799261,NotContradiction
as_000237,"In patients with hypertesion or hypercholesterolemia, does statin drugs, compared to placebo, reduce blood pressure or lipid levels","These findings demonstrated for the first time that in addition to its primary anti-lipidemia, pravastatin may have an additional effect of reducing LV mass-independent lipid-lowering effects, possibly through attenuation of free radical formation.",12451319,"In summary, pravastatin 40 mg daily did not reduce blood pressure in survivors of myocardial infarction without overt hypercholesterolaemia.",16625234,Contradiction
as_000238,"In patients with hypertesion or hypercholesterolemia, does statin drugs, compared to placebo, reduce blood pressure or lipid levels","These findings demonstrated for the first time that in addition to its primary anti-lipidemia, pravastatin may have an additional effect of reducing LV mass-independent lipid-lowering effects, possibly through attenuation of free radical formation.",12451319,"Thus, pravastatin remains efficacious as a lipid lowering agent in the presence of antihypertensive therapy but does not enhance the blood pressure lowering action of these drugs.",7704289,NotContradiction
as_000239,"In patients with hypertesion or hypercholesterolemia, does statin drugs, compared to placebo, reduce blood pressure or lipid levels","These findings demonstrated for the first time that in addition to its primary anti-lipidemia, pravastatin may have an additional effect of reducing LV mass-independent lipid-lowering effects, possibly through attenuation of free radical formation.",12451319,"We conclude that simvastatin is effective in the treatment of severe and resistant hypercholesterolaemia, and well tolerated in the short term.",2054273,NotContradiction
as_000240,"In patients with hypertesion or hypercholesterolemia, does statin drugs, compared to placebo, reduce blood pressure or lipid levels","These findings demonstrated for the first time that in addition to its primary anti-lipidemia, pravastatin may have an additional effect of reducing LV mass-independent lipid-lowering effects, possibly through attenuation of free radical formation.",12451319,"In conclusion, the present results support the possibility that statins might contribute to a change in arterial stiffness independent of blood pressure level, and suggest that long-term studies in humans are needed to evaluate the contribution of arterial elasticity to statin-induced vascular remodelling.",12420194,NotContradiction
as_000241,"In patients with hypertesion or hypercholesterolemia, does statin drugs, compared to placebo, reduce blood pressure or lipid levels","These findings demonstrated for the first time that in addition to its primary anti-lipidemia, pravastatin may have an additional effect of reducing LV mass-independent lipid-lowering effects, possibly through attenuation of free radical formation.",12451319,Atorvastatin treatment is associated with less augmentation of the carotid BP waveform and less wave reflection from the body.,19720956,NotContradiction
as_000242,"In patients with hypertesion or hypercholesterolemia, does statin drugs, compared to placebo, reduce blood pressure or lipid levels","These findings demonstrated for the first time that in addition to its primary anti-lipidemia, pravastatin may have an additional effect of reducing LV mass-independent lipid-lowering effects, possibly through attenuation of free radical formation.",12451319,Furthermore no difference in safety profile between cerivastatin and placebo was found.,15977099,Contradiction
as_000243,"In patients with hypertesion or hypercholesterolemia, does statin drugs, compared to placebo, reduce blood pressure or lipid levels","These findings demonstrated for the first time that in addition to its primary anti-lipidemia, pravastatin may have an additional effect of reducing LV mass-independent lipid-lowering effects, possibly through attenuation of free radical formation.",12451319,"In this study, diversifying cholesterol-lowering components in the same dietary portfolio increased the effectiveness of diet as a treatment of hypercholesterolemia.",12876093,NotContradiction
as_000244,"In patients with hypertesion or hypercholesterolemia, does statin drugs, compared to placebo, reduce blood pressure or lipid levels","These findings demonstrated for the first time that in addition to its primary anti-lipidemia, pravastatin may have an additional effect of reducing LV mass-independent lipid-lowering effects, possibly through attenuation of free radical formation.",12451319,"In conclusion, the results of this study demonstrate that the use of statins in combination with antihypertensive drugs can improve blood pressure control in patients with uncontrolled hypertension and high serum cholesterol levels.",10774784,NotContradiction
as_000245,"In patients with hypertesion or hypercholesterolemia, does statin drugs, compared to placebo, reduce blood pressure or lipid levels","These findings demonstrated for the first time that in addition to its primary anti-lipidemia, pravastatin may have an additional effect of reducing LV mass-independent lipid-lowering effects, possibly through attenuation of free radical formation.",12451319,"In the group receiving both pravastatin and the step 1 diet, there was a mean reduction in serum total cholesterol of 19.4% (1.46 mmol L-1 (95% CI: 1.20, 1.72)).",9845852,NotContradiction
as_000246,"In patients with hypertesion or hypercholesterolemia, does statin drugs, compared to placebo, reduce blood pressure or lipid levels","These findings demonstrated for the first time that in addition to its primary anti-lipidemia, pravastatin may have an additional effect of reducing LV mass-independent lipid-lowering effects, possibly through attenuation of free radical formation.",12451319,"High-dose short-term therapy with simvastatin may improve walking performance, ankle-brachial pressure indexes, and symptoms of claudication in hypercholesterolemic patients with peripheral vascular disease.",12714124,NotContradiction
as_000247,"In patients with hypertesion or hypercholesterolemia, does statin drugs, compared to placebo, reduce blood pressure or lipid levels","These findings demonstrated for the first time that in addition to its primary anti-lipidemia, pravastatin may have an additional effect of reducing LV mass-independent lipid-lowering effects, possibly through attenuation of free radical formation.",12451319,Improvements in clinical and lipid-profile parameters were found at 1 year with all 3 treatments.,12809960,NotContradiction
as_000248,"In patients with hypertesion or hypercholesterolemia, does statin drugs, compared to placebo, reduce blood pressure or lipid levels","These findings demonstrated for the first time that in addition to its primary anti-lipidemia, pravastatin may have an additional effect of reducing LV mass-independent lipid-lowering effects, possibly through attenuation of free radical formation.",12451319,"In conclusion, we found that, in patients with hypertension and hypercholesterolemia, simvastatin reduced MSNA, and this was related to increased baroreceptor sensitivity.",20668455,NotContradiction
as_000249,"In patients with hypertesion or hypercholesterolemia, does statin drugs, compared to placebo, reduce blood pressure or lipid levels","These findings demonstrated for the first time that in addition to its primary anti-lipidemia, pravastatin may have an additional effect of reducing LV mass-independent lipid-lowering effects, possibly through attenuation of free radical formation.",12451319,Administration of a statin in hypertensive patients in whom blood pressure is effectively reduced by concomitant antihypertensive treatment does not have an additional blood pressure lowering effect.,20339154,Contradiction
as_000250,"In patients with hypertesion or hypercholesterolemia, does statin drugs, compared to placebo, reduce blood pressure or lipid levels","These findings demonstrated for the first time that in addition to its primary anti-lipidemia, pravastatin may have an additional effect of reducing LV mass-independent lipid-lowering effects, possibly through attenuation of free radical formation.",12451319,"In this randomized study, additionally administered atorvastatin to non-smoking and normolipemic patients with well-controlled essential arterial hypertension resulted in reduction of BP.",21098871,NotContradiction
as_000251,"In patients with hypertesion or hypercholesterolemia, does statin drugs, compared to placebo, reduce blood pressure or lipid levels","These findings demonstrated for the first time that in addition to its primary anti-lipidemia, pravastatin may have an additional effect of reducing LV mass-independent lipid-lowering effects, possibly through attenuation of free radical formation.",12451319,The use of cerivastatin is associated with decreased microalbuminuria and plasma and urinary ET-1 levels in microalbuminuric patients with type 2 diabetic mellitus and speculate that this may represent an amelioration of renal injury.,11799261,NotContradiction
as_000252,"In patients with hypertesion or hypercholesterolemia, does statin drugs, compared to placebo, reduce blood pressure or lipid levels","In summary, pravastatin 40 mg daily did not reduce blood pressure in survivors of myocardial infarction without overt hypercholesterolaemia.",16625234,"Thus, pravastatin remains efficacious as a lipid lowering agent in the presence of antihypertensive therapy but does not enhance the blood pressure lowering action of these drugs.",7704289,Contradiction
as_000253,"In patients with hypertesion or hypercholesterolemia, does statin drugs, compared to placebo, reduce blood pressure or lipid levels","In summary, pravastatin 40 mg daily did not reduce blood pressure in survivors of myocardial infarction without overt hypercholesterolaemia.",16625234,"We conclude that simvastatin is effective in the treatment of severe and resistant hypercholesterolaemia, and well tolerated in the short term.",2054273,Contradiction
as_000254,"In patients with hypertesion or hypercholesterolemia, does statin drugs, compared to placebo, reduce blood pressure or lipid levels","In summary, pravastatin 40 mg daily did not reduce blood pressure in survivors of myocardial infarction without overt hypercholesterolaemia.",16625234,"In conclusion, the present results support the possibility that statins might contribute to a change in arterial stiffness independent of blood pressure level, and suggest that long-term studies in humans are needed to evaluate the contribution of arterial elasticity to statin-induced vascular remodelling.",12420194,Contradiction
as_000255,"In patients with hypertesion or hypercholesterolemia, does statin drugs, compared to placebo, reduce blood pressure or lipid levels","In summary, pravastatin 40 mg daily did not reduce blood pressure in survivors of myocardial infarction without overt hypercholesterolaemia.",16625234,Atorvastatin treatment is associated with less augmentation of the carotid BP waveform and less wave reflection from the body.,19720956,Contradiction
as_000256,"In patients with hypertesion or hypercholesterolemia, does statin drugs, compared to placebo, reduce blood pressure or lipid levels","In summary, pravastatin 40 mg daily did not reduce blood pressure in survivors of myocardial infarction without overt hypercholesterolaemia.",16625234,Furthermore no difference in safety profile between cerivastatin and placebo was found.,15977099,NotContradiction
as_000257,"In patients with hypertesion or hypercholesterolemia, does statin drugs, compared to placebo, reduce blood pressure or lipid levels","In summary, pravastatin 40 mg daily did not reduce blood pressure in survivors of myocardial infarction without overt hypercholesterolaemia.",16625234,"In this study, diversifying cholesterol-lowering components in the same dietary portfolio increased the effectiveness of diet as a treatment of hypercholesterolemia.",12876093,Contradiction
as_000258,"In patients with hypertesion or hypercholesterolemia, does statin drugs, compared to placebo, reduce blood pressure or lipid levels","In summary, pravastatin 40 mg daily did not reduce blood pressure in survivors of myocardial infarction without overt hypercholesterolaemia.",16625234,"In conclusion, the results of this study demonstrate that the use of statins in combination with antihypertensive drugs can improve blood pressure control in patients with uncontrolled hypertension and high serum cholesterol levels.",10774784,Contradiction
as_000259,"In patients with hypertesion or hypercholesterolemia, does statin drugs, compared to placebo, reduce blood pressure or lipid levels","In summary, pravastatin 40 mg daily did not reduce blood pressure in survivors of myocardial infarction without overt hypercholesterolaemia.",16625234,"In the group receiving both pravastatin and the step 1 diet, there was a mean reduction in serum total cholesterol of 19.4% (1.46 mmol L-1 (95% CI: 1.20, 1.72)).",9845852,Contradiction
as_000260,"In patients with hypertesion or hypercholesterolemia, does statin drugs, compared to placebo, reduce blood pressure or lipid levels","In summary, pravastatin 40 mg daily did not reduce blood pressure in survivors of myocardial infarction without overt hypercholesterolaemia.",16625234,"High-dose short-term therapy with simvastatin may improve walking performance, ankle-brachial pressure indexes, and symptoms of claudication in hypercholesterolemic patients with peripheral vascular disease.",12714124,Contradiction
as_000261,"In patients with hypertesion or hypercholesterolemia, does statin drugs, compared to placebo, reduce blood pressure or lipid levels","In summary, pravastatin 40 mg daily did not reduce blood pressure in survivors of myocardial infarction without overt hypercholesterolaemia.",16625234,Improvements in clinical and lipid-profile parameters were found at 1 year with all 3 treatments.,12809960,Contradiction
as_000262,"In patients with hypertesion or hypercholesterolemia, does statin drugs, compared to placebo, reduce blood pressure or lipid levels","In summary, pravastatin 40 mg daily did not reduce blood pressure in survivors of myocardial infarction without overt hypercholesterolaemia.",16625234,"In conclusion, we found that, in patients with hypertension and hypercholesterolemia, simvastatin reduced MSNA, and this was related to increased baroreceptor sensitivity.",20668455,Contradiction
as_000263,"In patients with hypertesion or hypercholesterolemia, does statin drugs, compared to placebo, reduce blood pressure or lipid levels","In summary, pravastatin 40 mg daily did not reduce blood pressure in survivors of myocardial infarction without overt hypercholesterolaemia.",16625234,Administration of a statin in hypertensive patients in whom blood pressure is effectively reduced by concomitant antihypertensive treatment does not have an additional blood pressure lowering effect.,20339154,NotContradiction
as_000264,"In patients with hypertesion or hypercholesterolemia, does statin drugs, compared to placebo, reduce blood pressure or lipid levels","In summary, pravastatin 40 mg daily did not reduce blood pressure in survivors of myocardial infarction without overt hypercholesterolaemia.",16625234,"In this randomized study, additionally administered atorvastatin to non-smoking and normolipemic patients with well-controlled essential arterial hypertension resulted in reduction of BP.",21098871,Contradiction
as_000265,"In patients with hypertesion or hypercholesterolemia, does statin drugs, compared to placebo, reduce blood pressure or lipid levels","In summary, pravastatin 40 mg daily did not reduce blood pressure in survivors of myocardial infarction without overt hypercholesterolaemia.",16625234,The use of cerivastatin is associated with decreased microalbuminuria and plasma and urinary ET-1 levels in microalbuminuric patients with type 2 diabetic mellitus and speculate that this may represent an amelioration of renal injury.,11799261,Contradiction
as_000266,"In patients with hypertesion or hypercholesterolemia, does statin drugs, compared to placebo, reduce blood pressure or lipid levels","Thus, pravastatin remains efficacious as a lipid lowering agent in the presence of antihypertensive therapy but does not enhance the blood pressure lowering action of these drugs.",7704289,"We conclude that simvastatin is effective in the treatment of severe and resistant hypercholesterolaemia, and well tolerated in the short term.",2054273,NotContradiction
as_000267,"In patients with hypertesion or hypercholesterolemia, does statin drugs, compared to placebo, reduce blood pressure or lipid levels","Thus, pravastatin remains efficacious as a lipid lowering agent in the presence of antihypertensive therapy but does not enhance the blood pressure lowering action of these drugs.",7704289,"In conclusion, the present results support the possibility that statins might contribute to a change in arterial stiffness independent of blood pressure level, and suggest that long-term studies in humans are needed to evaluate the contribution of arterial elasticity to statin-induced vascular remodelling.",12420194,NotContradiction
as_000268,"In patients with hypertesion or hypercholesterolemia, does statin drugs, compared to placebo, reduce blood pressure or lipid levels","Thus, pravastatin remains efficacious as a lipid lowering agent in the presence of antihypertensive therapy but does not enhance the blood pressure lowering action of these drugs.",7704289,Atorvastatin treatment is associated with less augmentation of the carotid BP waveform and less wave reflection from the body.,19720956,NotContradiction
as_000269,"In patients with hypertesion or hypercholesterolemia, does statin drugs, compared to placebo, reduce blood pressure or lipid levels","Thus, pravastatin remains efficacious as a lipid lowering agent in the presence of antihypertensive therapy but does not enhance the blood pressure lowering action of these drugs.",7704289,Furthermore no difference in safety profile between cerivastatin and placebo was found.,15977099,Contradiction
as_000270,"In patients with hypertesion or hypercholesterolemia, does statin drugs, compared to placebo, reduce blood pressure or lipid levels","Thus, pravastatin remains efficacious as a lipid lowering agent in the presence of antihypertensive therapy but does not enhance the blood pressure lowering action of these drugs.",7704289,"In this study, diversifying cholesterol-lowering components in the same dietary portfolio increased the effectiveness of diet as a treatment of hypercholesterolemia.",12876093,NotContradiction
as_000271,"In patients with hypertesion or hypercholesterolemia, does statin drugs, compared to placebo, reduce blood pressure or lipid levels","Thus, pravastatin remains efficacious as a lipid lowering agent in the presence of antihypertensive therapy but does not enhance the blood pressure lowering action of these drugs.",7704289,"In conclusion, the results of this study demonstrate that the use of statins in combination with antihypertensive drugs can improve blood pressure control in patients with uncontrolled hypertension and high serum cholesterol levels.",10774784,NotContradiction
as_000272,"In patients with hypertesion or hypercholesterolemia, does statin drugs, compared to placebo, reduce blood pressure or lipid levels","Thus, pravastatin remains efficacious as a lipid lowering agent in the presence of antihypertensive therapy but does not enhance the blood pressure lowering action of these drugs.",7704289,"In the group receiving both pravastatin and the step 1 diet, there was a mean reduction in serum total cholesterol of 19.4% (1.46 mmol L-1 (95% CI: 1.20, 1.72)).",9845852,NotContradiction
as_000273,"In patients with hypertesion or hypercholesterolemia, does statin drugs, compared to placebo, reduce blood pressure or lipid levels","Thus, pravastatin remains efficacious as a lipid lowering agent in the presence of antihypertensive therapy but does not enhance the blood pressure lowering action of these drugs.",7704289,"High-dose short-term therapy with simvastatin may improve walking performance, ankle-brachial pressure indexes, and symptoms of claudication in hypercholesterolemic patients with peripheral vascular disease.",12714124,NotContradiction
as_000274,"In patients with hypertesion or hypercholesterolemia, does statin drugs, compared to placebo, reduce blood pressure or lipid levels","Thus, pravastatin remains efficacious as a lipid lowering agent in the presence of antihypertensive therapy but does not enhance the blood pressure lowering action of these drugs.",7704289,Improvements in clinical and lipid-profile parameters were found at 1 year with all 3 treatments.,12809960,NotContradiction
as_000275,"In patients with hypertesion or hypercholesterolemia, does statin drugs, compared to placebo, reduce blood pressure or lipid levels","Thus, pravastatin remains efficacious as a lipid lowering agent in the presence of antihypertensive therapy but does not enhance the blood pressure lowering action of these drugs.",7704289,"In conclusion, we found that, in patients with hypertension and hypercholesterolemia, simvastatin reduced MSNA, and this was related to increased baroreceptor sensitivity.",20668455,NotContradiction
as_000276,"In patients with hypertesion or hypercholesterolemia, does statin drugs, compared to placebo, reduce blood pressure or lipid levels","Thus, pravastatin remains efficacious as a lipid lowering agent in the presence of antihypertensive therapy but does not enhance the blood pressure lowering action of these drugs.",7704289,Administration of a statin in hypertensive patients in whom blood pressure is effectively reduced by concomitant antihypertensive treatment does not have an additional blood pressure lowering effect.,20339154,Contradiction
as_000277,"In patients with hypertesion or hypercholesterolemia, does statin drugs, compared to placebo, reduce blood pressure or lipid levels","Thus, pravastatin remains efficacious as a lipid lowering agent in the presence of antihypertensive therapy but does not enhance the blood pressure lowering action of these drugs.",7704289,"In this randomized study, additionally administered atorvastatin to non-smoking and normolipemic patients with well-controlled essential arterial hypertension resulted in reduction of BP.",21098871,NotContradiction
as_000278,"In patients with hypertesion or hypercholesterolemia, does statin drugs, compared to placebo, reduce blood pressure or lipid levels","Thus, pravastatin remains efficacious as a lipid lowering agent in the presence of antihypertensive therapy but does not enhance the blood pressure lowering action of these drugs.",7704289,The use of cerivastatin is associated with decreased microalbuminuria and plasma and urinary ET-1 levels in microalbuminuric patients with type 2 diabetic mellitus and speculate that this may represent an amelioration of renal injury.,11799261,NotContradiction
as_000279,"In patients with hypertesion or hypercholesterolemia, does statin drugs, compared to placebo, reduce blood pressure or lipid levels","We conclude that simvastatin is effective in the treatment of severe and resistant hypercholesterolaemia, and well tolerated in the short term.",2054273,"In conclusion, the present results support the possibility that statins might contribute to a change in arterial stiffness independent of blood pressure level, and suggest that long-term studies in humans are needed to evaluate the contribution of arterial elasticity to statin-induced vascular remodelling.",12420194,NotContradiction
as_000280,"In patients with hypertesion or hypercholesterolemia, does statin drugs, compared to placebo, reduce blood pressure or lipid levels","We conclude that simvastatin is effective in the treatment of severe and resistant hypercholesterolaemia, and well tolerated in the short term.",2054273,Atorvastatin treatment is associated with less augmentation of the carotid BP waveform and less wave reflection from the body.,19720956,NotContradiction
as_000281,"In patients with hypertesion or hypercholesterolemia, does statin drugs, compared to placebo, reduce blood pressure or lipid levels","We conclude that simvastatin is effective in the treatment of severe and resistant hypercholesterolaemia, and well tolerated in the short term.",2054273,Furthermore no difference in safety profile between cerivastatin and placebo was found.,15977099,Contradiction
as_000282,"In patients with hypertesion or hypercholesterolemia, does statin drugs, compared to placebo, reduce blood pressure or lipid levels","We conclude that simvastatin is effective in the treatment of severe and resistant hypercholesterolaemia, and well tolerated in the short term.",2054273,"In this study, diversifying cholesterol-lowering components in the same dietary portfolio increased the effectiveness of diet as a treatment of hypercholesterolemia.",12876093,NotContradiction
as_000283,"In patients with hypertesion or hypercholesterolemia, does statin drugs, compared to placebo, reduce blood pressure or lipid levels","We conclude that simvastatin is effective in the treatment of severe and resistant hypercholesterolaemia, and well tolerated in the short term.",2054273,"In conclusion, the results of this study demonstrate that the use of statins in combination with antihypertensive drugs can improve blood pressure control in patients with uncontrolled hypertension and high serum cholesterol levels.",10774784,NotContradiction
as_000284,"In patients with hypertesion or hypercholesterolemia, does statin drugs, compared to placebo, reduce blood pressure or lipid levels","We conclude that simvastatin is effective in the treatment of severe and resistant hypercholesterolaemia, and well tolerated in the short term.",2054273,"In the group receiving both pravastatin and the step 1 diet, there was a mean reduction in serum total cholesterol of 19.4% (1.46 mmol L-1 (95% CI: 1.20, 1.72)).",9845852,NotContradiction
as_000285,"In patients with hypertesion or hypercholesterolemia, does statin drugs, compared to placebo, reduce blood pressure or lipid levels","We conclude that simvastatin is effective in the treatment of severe and resistant hypercholesterolaemia, and well tolerated in the short term.",2054273,"High-dose short-term therapy with simvastatin may improve walking performance, ankle-brachial pressure indexes, and symptoms of claudication in hypercholesterolemic patients with peripheral vascular disease.",12714124,NotContradiction
as_000286,"In patients with hypertesion or hypercholesterolemia, does statin drugs, compared to placebo, reduce blood pressure or lipid levels","We conclude that simvastatin is effective in the treatment of severe and resistant hypercholesterolaemia, and well tolerated in the short term.",2054273,Improvements in clinical and lipid-profile parameters were found at 1 year with all 3 treatments.,12809960,NotContradiction
as_000287,"In patients with hypertesion or hypercholesterolemia, does statin drugs, compared to placebo, reduce blood pressure or lipid levels","We conclude that simvastatin is effective in the treatment of severe and resistant hypercholesterolaemia, and well tolerated in the short term.",2054273,"In conclusion, we found that, in patients with hypertension and hypercholesterolemia, simvastatin reduced MSNA, and this was related to increased baroreceptor sensitivity.",20668455,NotContradiction
as_000288,"In patients with hypertesion or hypercholesterolemia, does statin drugs, compared to placebo, reduce blood pressure or lipid levels","We conclude that simvastatin is effective in the treatment of severe and resistant hypercholesterolaemia, and well tolerated in the short term.",2054273,Administration of a statin in hypertensive patients in whom blood pressure is effectively reduced by concomitant antihypertensive treatment does not have an additional blood pressure lowering effect.,20339154,Contradiction
as_000289,"In patients with hypertesion or hypercholesterolemia, does statin drugs, compared to placebo, reduce blood pressure or lipid levels","We conclude that simvastatin is effective in the treatment of severe and resistant hypercholesterolaemia, and well tolerated in the short term.",2054273,"In this randomized study, additionally administered atorvastatin to non-smoking and normolipemic patients with well-controlled essential arterial hypertension resulted in reduction of BP.",21098871,NotContradiction
as_000290,"In patients with hypertesion or hypercholesterolemia, does statin drugs, compared to placebo, reduce blood pressure or lipid levels","We conclude that simvastatin is effective in the treatment of severe and resistant hypercholesterolaemia, and well tolerated in the short term.",2054273,The use of cerivastatin is associated with decreased microalbuminuria and plasma and urinary ET-1 levels in microalbuminuric patients with type 2 diabetic mellitus and speculate that this may represent an amelioration of renal injury.,11799261,NotContradiction
as_000291,"In patients with hypertesion or hypercholesterolemia, does statin drugs, compared to placebo, reduce blood pressure or lipid levels","In conclusion, the present results support the possibility that statins might contribute to a change in arterial stiffness independent of blood pressure level, and suggest that long-term studies in humans are needed to evaluate the contribution of arterial elasticity to statin-induced vascular remodelling.",12420194,Atorvastatin treatment is associated with less augmentation of the carotid BP waveform and less wave reflection from the body.,19720956,NotContradiction
as_000292,"In patients with hypertesion or hypercholesterolemia, does statin drugs, compared to placebo, reduce blood pressure or lipid levels","In conclusion, the present results support the possibility that statins might contribute to a change in arterial stiffness independent of blood pressure level, and suggest that long-term studies in humans are needed to evaluate the contribution of arterial elasticity to statin-induced vascular remodelling.",12420194,Furthermore no difference in safety profile between cerivastatin and placebo was found.,15977099,Contradiction
as_000293,"In patients with hypertesion or hypercholesterolemia, does statin drugs, compared to placebo, reduce blood pressure or lipid levels","In conclusion, the present results support the possibility that statins might contribute to a change in arterial stiffness independent of blood pressure level, and suggest that long-term studies in humans are needed to evaluate the contribution of arterial elasticity to statin-induced vascular remodelling.",12420194,"In this study, diversifying cholesterol-lowering components in the same dietary portfolio increased the effectiveness of diet as a treatment of hypercholesterolemia.",12876093,NotContradiction
as_000294,"In patients with hypertesion or hypercholesterolemia, does statin drugs, compared to placebo, reduce blood pressure or lipid levels","In conclusion, the present results support the possibility that statins might contribute to a change in arterial stiffness independent of blood pressure level, and suggest that long-term studies in humans are needed to evaluate the contribution of arterial elasticity to statin-induced vascular remodelling.",12420194,"In conclusion, the results of this study demonstrate that the use of statins in combination with antihypertensive drugs can improve blood pressure control in patients with uncontrolled hypertension and high serum cholesterol levels.",10774784,NotContradiction
as_000295,"In patients with hypertesion or hypercholesterolemia, does statin drugs, compared to placebo, reduce blood pressure or lipid levels","In conclusion, the present results support the possibility that statins might contribute to a change in arterial stiffness independent of blood pressure level, and suggest that long-term studies in humans are needed to evaluate the contribution of arterial elasticity to statin-induced vascular remodelling.",12420194,"In the group receiving both pravastatin and the step 1 diet, there was a mean reduction in serum total cholesterol of 19.4% (1.46 mmol L-1 (95% CI: 1.20, 1.72)).",9845852,NotContradiction
as_000296,"In patients with hypertesion or hypercholesterolemia, does statin drugs, compared to placebo, reduce blood pressure or lipid levels","In conclusion, the present results support the possibility that statins might contribute to a change in arterial stiffness independent of blood pressure level, and suggest that long-term studies in humans are needed to evaluate the contribution of arterial elasticity to statin-induced vascular remodelling.",12420194,"High-dose short-term therapy with simvastatin may improve walking performance, ankle-brachial pressure indexes, and symptoms of claudication in hypercholesterolemic patients with peripheral vascular disease.",12714124,NotContradiction
as_000297,"In patients with hypertesion or hypercholesterolemia, does statin drugs, compared to placebo, reduce blood pressure or lipid levels","In conclusion, the present results support the possibility that statins might contribute to a change in arterial stiffness independent of blood pressure level, and suggest that long-term studies in humans are needed to evaluate the contribution of arterial elasticity to statin-induced vascular remodelling.",12420194,Improvements in clinical and lipid-profile parameters were found at 1 year with all 3 treatments.,12809960,NotContradiction
as_000298,"In patients with hypertesion or hypercholesterolemia, does statin drugs, compared to placebo, reduce blood pressure or lipid levels","In conclusion, the present results support the possibility that statins might contribute to a change in arterial stiffness independent of blood pressure level, and suggest that long-term studies in humans are needed to evaluate the contribution of arterial elasticity to statin-induced vascular remodelling.",12420194,"In conclusion, we found that, in patients with hypertension and hypercholesterolemia, simvastatin reduced MSNA, and this was related to increased baroreceptor sensitivity.",20668455,NotContradiction
as_000299,"In patients with hypertesion or hypercholesterolemia, does statin drugs, compared to placebo, reduce blood pressure or lipid levels","In conclusion, the present results support the possibility that statins might contribute to a change in arterial stiffness independent of blood pressure level, and suggest that long-term studies in humans are needed to evaluate the contribution of arterial elasticity to statin-induced vascular remodelling.",12420194,Administration of a statin in hypertensive patients in whom blood pressure is effectively reduced by concomitant antihypertensive treatment does not have an additional blood pressure lowering effect.,20339154,Contradiction
as_000300,"In patients with hypertesion or hypercholesterolemia, does statin drugs, compared to placebo, reduce blood pressure or lipid levels","In conclusion, the present results support the possibility that statins might contribute to a change in arterial stiffness independent of blood pressure level, and suggest that long-term studies in humans are needed to evaluate the contribution of arterial elasticity to statin-induced vascular remodelling.",12420194,"In this randomized study, additionally administered atorvastatin to non-smoking and normolipemic patients with well-controlled essential arterial hypertension resulted in reduction of BP.",21098871,NotContradiction
as_000301,"In patients with hypertesion or hypercholesterolemia, does statin drugs, compared to placebo, reduce blood pressure or lipid levels","In conclusion, the present results support the possibility that statins might contribute to a change in arterial stiffness independent of blood pressure level, and suggest that long-term studies in humans are needed to evaluate the contribution of arterial elasticity to statin-induced vascular remodelling.",12420194,The use of cerivastatin is associated with decreased microalbuminuria and plasma and urinary ET-1 levels in microalbuminuric patients with type 2 diabetic mellitus and speculate that this may represent an amelioration of renal injury.,11799261,NotContradiction
as_000302,"In patients with hypertesion or hypercholesterolemia, does statin drugs, compared to placebo, reduce blood pressure or lipid levels",Atorvastatin treatment is associated with less augmentation of the carotid BP waveform and less wave reflection from the body.,19720956,Furthermore no difference in safety profile between cerivastatin and placebo was found.,15977099,Contradiction
as_000303,"In patients with hypertesion or hypercholesterolemia, does statin drugs, compared to placebo, reduce blood pressure or lipid levels",Atorvastatin treatment is associated with less augmentation of the carotid BP waveform and less wave reflection from the body.,19720956,"In this study, diversifying cholesterol-lowering components in the same dietary portfolio increased the effectiveness of diet as a treatment of hypercholesterolemia.",12876093,NotContradiction
as_000304,"In patients with hypertesion or hypercholesterolemia, does statin drugs, compared to placebo, reduce blood pressure or lipid levels",Atorvastatin treatment is associated with less augmentation of the carotid BP waveform and less wave reflection from the body.,19720956,"In conclusion, the results of this study demonstrate that the use of statins in combination with antihypertensive drugs can improve blood pressure control in patients with uncontrolled hypertension and high serum cholesterol levels.",10774784,NotContradiction
as_000305,"In patients with hypertesion or hypercholesterolemia, does statin drugs, compared to placebo, reduce blood pressure or lipid levels",Atorvastatin treatment is associated with less augmentation of the carotid BP waveform and less wave reflection from the body.,19720956,"In the group receiving both pravastatin and the step 1 diet, there was a mean reduction in serum total cholesterol of 19.4% (1.46 mmol L-1 (95% CI: 1.20, 1.72)).",9845852,NotContradiction
as_000306,"In patients with hypertesion or hypercholesterolemia, does statin drugs, compared to placebo, reduce blood pressure or lipid levels",Atorvastatin treatment is associated with less augmentation of the carotid BP waveform and less wave reflection from the body.,19720956,"High-dose short-term therapy with simvastatin may improve walking performance, ankle-brachial pressure indexes, and symptoms of claudication in hypercholesterolemic patients with peripheral vascular disease.",12714124,NotContradiction
as_000307,"In patients with hypertesion or hypercholesterolemia, does statin drugs, compared to placebo, reduce blood pressure or lipid levels",Atorvastatin treatment is associated with less augmentation of the carotid BP waveform and less wave reflection from the body.,19720956,Improvements in clinical and lipid-profile parameters were found at 1 year with all 3 treatments.,12809960,NotContradiction
as_000308,"In patients with hypertesion or hypercholesterolemia, does statin drugs, compared to placebo, reduce blood pressure or lipid levels",Atorvastatin treatment is associated with less augmentation of the carotid BP waveform and less wave reflection from the body.,19720956,"In conclusion, we found that, in patients with hypertension and hypercholesterolemia, simvastatin reduced MSNA, and this was related to increased baroreceptor sensitivity.",20668455,NotContradiction
as_000309,"In patients with hypertesion or hypercholesterolemia, does statin drugs, compared to placebo, reduce blood pressure or lipid levels",Atorvastatin treatment is associated with less augmentation of the carotid BP waveform and less wave reflection from the body.,19720956,Administration of a statin in hypertensive patients in whom blood pressure is effectively reduced by concomitant antihypertensive treatment does not have an additional blood pressure lowering effect.,20339154,Contradiction
as_000310,"In patients with hypertesion or hypercholesterolemia, does statin drugs, compared to placebo, reduce blood pressure or lipid levels",Atorvastatin treatment is associated with less augmentation of the carotid BP waveform and less wave reflection from the body.,19720956,"In this randomized study, additionally administered atorvastatin to non-smoking and normolipemic patients with well-controlled essential arterial hypertension resulted in reduction of BP.",21098871,NotContradiction
as_000311,"In patients with hypertesion or hypercholesterolemia, does statin drugs, compared to placebo, reduce blood pressure or lipid levels",Atorvastatin treatment is associated with less augmentation of the carotid BP waveform and less wave reflection from the body.,19720956,The use of cerivastatin is associated with decreased microalbuminuria and plasma and urinary ET-1 levels in microalbuminuric patients with type 2 diabetic mellitus and speculate that this may represent an amelioration of renal injury.,11799261,NotContradiction
as_000312,"In patients with hypertesion or hypercholesterolemia, does statin drugs, compared to placebo, reduce blood pressure or lipid levels",Furthermore no difference in safety profile between cerivastatin and placebo was found.,15977099,"In this study, diversifying cholesterol-lowering components in the same dietary portfolio increased the effectiveness of diet as a treatment of hypercholesterolemia.",12876093,Contradiction
as_000313,"In patients with hypertesion or hypercholesterolemia, does statin drugs, compared to placebo, reduce blood pressure or lipid levels",Furthermore no difference in safety profile between cerivastatin and placebo was found.,15977099,"In conclusion, the results of this study demonstrate that the use of statins in combination with antihypertensive drugs can improve blood pressure control in patients with uncontrolled hypertension and high serum cholesterol levels.",10774784,Contradiction
as_000314,"In patients with hypertesion or hypercholesterolemia, does statin drugs, compared to placebo, reduce blood pressure or lipid levels",Furthermore no difference in safety profile between cerivastatin and placebo was found.,15977099,"In the group receiving both pravastatin and the step 1 diet, there was a mean reduction in serum total cholesterol of 19.4% (1.46 mmol L-1 (95% CI: 1.20, 1.72)).",9845852,Contradiction
as_000315,"In patients with hypertesion or hypercholesterolemia, does statin drugs, compared to placebo, reduce blood pressure or lipid levels",Furthermore no difference in safety profile between cerivastatin and placebo was found.,15977099,"High-dose short-term therapy with simvastatin may improve walking performance, ankle-brachial pressure indexes, and symptoms of claudication in hypercholesterolemic patients with peripheral vascular disease.",12714124,Contradiction
as_000316,"In patients with hypertesion or hypercholesterolemia, does statin drugs, compared to placebo, reduce blood pressure or lipid levels",Furthermore no difference in safety profile between cerivastatin and placebo was found.,15977099,Improvements in clinical and lipid-profile parameters were found at 1 year with all 3 treatments.,12809960,Contradiction
as_000317,"In patients with hypertesion or hypercholesterolemia, does statin drugs, compared to placebo, reduce blood pressure or lipid levels",Furthermore no difference in safety profile between cerivastatin and placebo was found.,15977099,"In conclusion, we found that, in patients with hypertension and hypercholesterolemia, simvastatin reduced MSNA, and this was related to increased baroreceptor sensitivity.",20668455,Contradiction
as_000318,"In patients with hypertesion or hypercholesterolemia, does statin drugs, compared to placebo, reduce blood pressure or lipid levels",Furthermore no difference in safety profile between cerivastatin and placebo was found.,15977099,Administration of a statin in hypertensive patients in whom blood pressure is effectively reduced by concomitant antihypertensive treatment does not have an additional blood pressure lowering effect.,20339154,NotContradiction
as_000319,"In patients with hypertesion or hypercholesterolemia, does statin drugs, compared to placebo, reduce blood pressure or lipid levels",Furthermore no difference in safety profile between cerivastatin and placebo was found.,15977099,"In this randomized study, additionally administered atorvastatin to non-smoking and normolipemic patients with well-controlled essential arterial hypertension resulted in reduction of BP.",21098871,Contradiction
as_000320,"In patients with hypertesion or hypercholesterolemia, does statin drugs, compared to placebo, reduce blood pressure or lipid levels",Furthermore no difference in safety profile between cerivastatin and placebo was found.,15977099,The use of cerivastatin is associated with decreased microalbuminuria and plasma and urinary ET-1 levels in microalbuminuric patients with type 2 diabetic mellitus and speculate that this may represent an amelioration of renal injury.,11799261,Contradiction
as_000321,"In patients with hypertesion or hypercholesterolemia, does statin drugs, compared to placebo, reduce blood pressure or lipid levels","In this study, diversifying cholesterol-lowering components in the same dietary portfolio increased the effectiveness of diet as a treatment of hypercholesterolemia.",12876093,"In conclusion, the results of this study demonstrate that the use of statins in combination with antihypertensive drugs can improve blood pressure control in patients with uncontrolled hypertension and high serum cholesterol levels.",10774784,NotContradiction
as_000322,"In patients with hypertesion or hypercholesterolemia, does statin drugs, compared to placebo, reduce blood pressure or lipid levels","In this study, diversifying cholesterol-lowering components in the same dietary portfolio increased the effectiveness of diet as a treatment of hypercholesterolemia.",12876093,"In the group receiving both pravastatin and the step 1 diet, there was a mean reduction in serum total cholesterol of 19.4% (1.46 mmol L-1 (95% CI: 1.20, 1.72)).",9845852,NotContradiction
as_000323,"In patients with hypertesion or hypercholesterolemia, does statin drugs, compared to placebo, reduce blood pressure or lipid levels","In this study, diversifying cholesterol-lowering components in the same dietary portfolio increased the effectiveness of diet as a treatment of hypercholesterolemia.",12876093,"High-dose short-term therapy with simvastatin may improve walking performance, ankle-brachial pressure indexes, and symptoms of claudication in hypercholesterolemic patients with peripheral vascular disease.",12714124,NotContradiction
as_000324,"In patients with hypertesion or hypercholesterolemia, does statin drugs, compared to placebo, reduce blood pressure or lipid levels","In this study, diversifying cholesterol-lowering components in the same dietary portfolio increased the effectiveness of diet as a treatment of hypercholesterolemia.",12876093,Improvements in clinical and lipid-profile parameters were found at 1 year with all 3 treatments.,12809960,NotContradiction
as_000325,"In patients with hypertesion or hypercholesterolemia, does statin drugs, compared to placebo, reduce blood pressure or lipid levels","In this study, diversifying cholesterol-lowering components in the same dietary portfolio increased the effectiveness of diet as a treatment of hypercholesterolemia.",12876093,"In conclusion, we found that, in patients with hypertension and hypercholesterolemia, simvastatin reduced MSNA, and this was related to increased baroreceptor sensitivity.",20668455,NotContradiction
as_000326,"In patients with hypertesion or hypercholesterolemia, does statin drugs, compared to placebo, reduce blood pressure or lipid levels","In this study, diversifying cholesterol-lowering components in the same dietary portfolio increased the effectiveness of diet as a treatment of hypercholesterolemia.",12876093,Administration of a statin in hypertensive patients in whom blood pressure is effectively reduced by concomitant antihypertensive treatment does not have an additional blood pressure lowering effect.,20339154,Contradiction
as_000327,"In patients with hypertesion or hypercholesterolemia, does statin drugs, compared to placebo, reduce blood pressure or lipid levels","In this study, diversifying cholesterol-lowering components in the same dietary portfolio increased the effectiveness of diet as a treatment of hypercholesterolemia.",12876093,"In this randomized study, additionally administered atorvastatin to non-smoking and normolipemic patients with well-controlled essential arterial hypertension resulted in reduction of BP.",21098871,NotContradiction
as_000328,"In patients with hypertesion or hypercholesterolemia, does statin drugs, compared to placebo, reduce blood pressure or lipid levels","In this study, diversifying cholesterol-lowering components in the same dietary portfolio increased the effectiveness of diet as a treatment of hypercholesterolemia.",12876093,The use of cerivastatin is associated with decreased microalbuminuria and plasma and urinary ET-1 levels in microalbuminuric patients with type 2 diabetic mellitus and speculate that this may represent an amelioration of renal injury.,11799261,NotContradiction
as_000329,"In patients with hypertesion or hypercholesterolemia, does statin drugs, compared to placebo, reduce blood pressure or lipid levels","In conclusion, the results of this study demonstrate that the use of statins in combination with antihypertensive drugs can improve blood pressure control in patients with uncontrolled hypertension and high serum cholesterol levels.",10774784,"In the group receiving both pravastatin and the step 1 diet, there was a mean reduction in serum total cholesterol of 19.4% (1.46 mmol L-1 (95% CI: 1.20, 1.72)).",9845852,NotContradiction
as_000330,"In patients with hypertesion or hypercholesterolemia, does statin drugs, compared to placebo, reduce blood pressure or lipid levels","In conclusion, the results of this study demonstrate that the use of statins in combination with antihypertensive drugs can improve blood pressure control in patients with uncontrolled hypertension and high serum cholesterol levels.",10774784,"High-dose short-term therapy with simvastatin may improve walking performance, ankle-brachial pressure indexes, and symptoms of claudication in hypercholesterolemic patients with peripheral vascular disease.",12714124,NotContradiction
as_000331,"In patients with hypertesion or hypercholesterolemia, does statin drugs, compared to placebo, reduce blood pressure or lipid levels","In conclusion, the results of this study demonstrate that the use of statins in combination with antihypertensive drugs can improve blood pressure control in patients with uncontrolled hypertension and high serum cholesterol levels.",10774784,Improvements in clinical and lipid-profile parameters were found at 1 year with all 3 treatments.,12809960,NotContradiction
as_000332,"In patients with hypertesion or hypercholesterolemia, does statin drugs, compared to placebo, reduce blood pressure or lipid levels","In conclusion, the results of this study demonstrate that the use of statins in combination with antihypertensive drugs can improve blood pressure control in patients with uncontrolled hypertension and high serum cholesterol levels.",10774784,"In conclusion, we found that, in patients with hypertension and hypercholesterolemia, simvastatin reduced MSNA, and this was related to increased baroreceptor sensitivity.",20668455,NotContradiction
as_000333,"In patients with hypertesion or hypercholesterolemia, does statin drugs, compared to placebo, reduce blood pressure or lipid levels","In conclusion, the results of this study demonstrate that the use of statins in combination with antihypertensive drugs can improve blood pressure control in patients with uncontrolled hypertension and high serum cholesterol levels.",10774784,Administration of a statin in hypertensive patients in whom blood pressure is effectively reduced by concomitant antihypertensive treatment does not have an additional blood pressure lowering effect.,20339154,Contradiction
as_000334,"In patients with hypertesion or hypercholesterolemia, does statin drugs, compared to placebo, reduce blood pressure or lipid levels","In conclusion, the results of this study demonstrate that the use of statins in combination with antihypertensive drugs can improve blood pressure control in patients with uncontrolled hypertension and high serum cholesterol levels.",10774784,"In this randomized study, additionally administered atorvastatin to non-smoking and normolipemic patients with well-controlled essential arterial hypertension resulted in reduction of BP.",21098871,NotContradiction
as_000335,"In patients with hypertesion or hypercholesterolemia, does statin drugs, compared to placebo, reduce blood pressure or lipid levels","In conclusion, the results of this study demonstrate that the use of statins in combination with antihypertensive drugs can improve blood pressure control in patients with uncontrolled hypertension and high serum cholesterol levels.",10774784,The use of cerivastatin is associated with decreased microalbuminuria and plasma and urinary ET-1 levels in microalbuminuric patients with type 2 diabetic mellitus and speculate that this may represent an amelioration of renal injury.,11799261,NotContradiction
as_000336,"In patients with hypertesion or hypercholesterolemia, does statin drugs, compared to placebo, reduce blood pressure or lipid levels","In the group receiving both pravastatin and the step 1 diet, there was a mean reduction in serum total cholesterol of 19.4% (1.46 mmol L-1 (95% CI: 1.20, 1.72)).",9845852,"High-dose short-term therapy with simvastatin may improve walking performance, ankle-brachial pressure indexes, and symptoms of claudication in hypercholesterolemic patients with peripheral vascular disease.",12714124,NotContradiction
as_000337,"In patients with hypertesion or hypercholesterolemia, does statin drugs, compared to placebo, reduce blood pressure or lipid levels","In the group receiving both pravastatin and the step 1 diet, there was a mean reduction in serum total cholesterol of 19.4% (1.46 mmol L-1 (95% CI: 1.20, 1.72)).",9845852,Improvements in clinical and lipid-profile parameters were found at 1 year with all 3 treatments.,12809960,NotContradiction
as_000338,"In patients with hypertesion or hypercholesterolemia, does statin drugs, compared to placebo, reduce blood pressure or lipid levels","In the group receiving both pravastatin and the step 1 diet, there was a mean reduction in serum total cholesterol of 19.4% (1.46 mmol L-1 (95% CI: 1.20, 1.72)).",9845852,"In conclusion, we found that, in patients with hypertension and hypercholesterolemia, simvastatin reduced MSNA, and this was related to increased baroreceptor sensitivity.",20668455,NotContradiction
as_000339,"In patients with hypertesion or hypercholesterolemia, does statin drugs, compared to placebo, reduce blood pressure or lipid levels","In the group receiving both pravastatin and the step 1 diet, there was a mean reduction in serum total cholesterol of 19.4% (1.46 mmol L-1 (95% CI: 1.20, 1.72)).",9845852,Administration of a statin in hypertensive patients in whom blood pressure is effectively reduced by concomitant antihypertensive treatment does not have an additional blood pressure lowering effect.,20339154,Contradiction
as_000340,"In patients with hypertesion or hypercholesterolemia, does statin drugs, compared to placebo, reduce blood pressure or lipid levels","In the group receiving both pravastatin and the step 1 diet, there was a mean reduction in serum total cholesterol of 19.4% (1.46 mmol L-1 (95% CI: 1.20, 1.72)).",9845852,"In this randomized study, additionally administered atorvastatin to non-smoking and normolipemic patients with well-controlled essential arterial hypertension resulted in reduction of BP.",21098871,NotContradiction
as_000341,"In patients with hypertesion or hypercholesterolemia, does statin drugs, compared to placebo, reduce blood pressure or lipid levels","In the group receiving both pravastatin and the step 1 diet, there was a mean reduction in serum total cholesterol of 19.4% (1.46 mmol L-1 (95% CI: 1.20, 1.72)).",9845852,The use of cerivastatin is associated with decreased microalbuminuria and plasma and urinary ET-1 levels in microalbuminuric patients with type 2 diabetic mellitus and speculate that this may represent an amelioration of renal injury.,11799261,NotContradiction
as_000342,"In patients with hypertesion or hypercholesterolemia, does statin drugs, compared to placebo, reduce blood pressure or lipid levels","High-dose short-term therapy with simvastatin may improve walking performance, ankle-brachial pressure indexes, and symptoms of claudication in hypercholesterolemic patients with peripheral vascular disease.",12714124,Improvements in clinical and lipid-profile parameters were found at 1 year with all 3 treatments.,12809960,NotContradiction
as_000343,"In patients with hypertesion or hypercholesterolemia, does statin drugs, compared to placebo, reduce blood pressure or lipid levels","High-dose short-term therapy with simvastatin may improve walking performance, ankle-brachial pressure indexes, and symptoms of claudication in hypercholesterolemic patients with peripheral vascular disease.",12714124,"In conclusion, we found that, in patients with hypertension and hypercholesterolemia, simvastatin reduced MSNA, and this was related to increased baroreceptor sensitivity.",20668455,NotContradiction
as_000344,"In patients with hypertesion or hypercholesterolemia, does statin drugs, compared to placebo, reduce blood pressure or lipid levels","High-dose short-term therapy with simvastatin may improve walking performance, ankle-brachial pressure indexes, and symptoms of claudication in hypercholesterolemic patients with peripheral vascular disease.",12714124,Administration of a statin in hypertensive patients in whom blood pressure is effectively reduced by concomitant antihypertensive treatment does not have an additional blood pressure lowering effect.,20339154,Contradiction
as_000345,"In patients with hypertesion or hypercholesterolemia, does statin drugs, compared to placebo, reduce blood pressure or lipid levels","High-dose short-term therapy with simvastatin may improve walking performance, ankle-brachial pressure indexes, and symptoms of claudication in hypercholesterolemic patients with peripheral vascular disease.",12714124,"In this randomized study, additionally administered atorvastatin to non-smoking and normolipemic patients with well-controlled essential arterial hypertension resulted in reduction of BP.",21098871,NotContradiction
as_000346,"In patients with hypertesion or hypercholesterolemia, does statin drugs, compared to placebo, reduce blood pressure or lipid levels","High-dose short-term therapy with simvastatin may improve walking performance, ankle-brachial pressure indexes, and symptoms of claudication in hypercholesterolemic patients with peripheral vascular disease.",12714124,The use of cerivastatin is associated with decreased microalbuminuria and plasma and urinary ET-1 levels in microalbuminuric patients with type 2 diabetic mellitus and speculate that this may represent an amelioration of renal injury.,11799261,NotContradiction
as_000347,"In patients with hypertesion or hypercholesterolemia, does statin drugs, compared to placebo, reduce blood pressure or lipid levels",Improvements in clinical and lipid-profile parameters were found at 1 year with all 3 treatments.,12809960,"In conclusion, we found that, in patients with hypertension and hypercholesterolemia, simvastatin reduced MSNA, and this was related to increased baroreceptor sensitivity.",20668455,NotContradiction
as_000348,"In patients with hypertesion or hypercholesterolemia, does statin drugs, compared to placebo, reduce blood pressure or lipid levels",Improvements in clinical and lipid-profile parameters were found at 1 year with all 3 treatments.,12809960,Administration of a statin in hypertensive patients in whom blood pressure is effectively reduced by concomitant antihypertensive treatment does not have an additional blood pressure lowering effect.,20339154,Contradiction
as_000349,"In patients with hypertesion or hypercholesterolemia, does statin drugs, compared to placebo, reduce blood pressure or lipid levels",Improvements in clinical and lipid-profile parameters were found at 1 year with all 3 treatments.,12809960,"In this randomized study, additionally administered atorvastatin to non-smoking and normolipemic patients with well-controlled essential arterial hypertension resulted in reduction of BP.",21098871,NotContradiction
as_000350,"In patients with hypertesion or hypercholesterolemia, does statin drugs, compared to placebo, reduce blood pressure or lipid levels",Improvements in clinical and lipid-profile parameters were found at 1 year with all 3 treatments.,12809960,The use of cerivastatin is associated with decreased microalbuminuria and plasma and urinary ET-1 levels in microalbuminuric patients with type 2 diabetic mellitus and speculate that this may represent an amelioration of renal injury.,11799261,NotContradiction
as_000351,"In patients with hypertesion or hypercholesterolemia, does statin drugs, compared to placebo, reduce blood pressure or lipid levels","In conclusion, we found that, in patients with hypertension and hypercholesterolemia, simvastatin reduced MSNA, and this was related to increased baroreceptor sensitivity.",20668455,Administration of a statin in hypertensive patients in whom blood pressure is effectively reduced by concomitant antihypertensive treatment does not have an additional blood pressure lowering effect.,20339154,Contradiction
as_000352,"In patients with hypertesion or hypercholesterolemia, does statin drugs, compared to placebo, reduce blood pressure or lipid levels","In conclusion, we found that, in patients with hypertension and hypercholesterolemia, simvastatin reduced MSNA, and this was related to increased baroreceptor sensitivity.",20668455,"In this randomized study, additionally administered atorvastatin to non-smoking and normolipemic patients with well-controlled essential arterial hypertension resulted in reduction of BP.",21098871,NotContradiction
as_000353,"In patients with hypertesion or hypercholesterolemia, does statin drugs, compared to placebo, reduce blood pressure or lipid levels","In conclusion, we found that, in patients with hypertension and hypercholesterolemia, simvastatin reduced MSNA, and this was related to increased baroreceptor sensitivity.",20668455,The use of cerivastatin is associated with decreased microalbuminuria and plasma and urinary ET-1 levels in microalbuminuric patients with type 2 diabetic mellitus and speculate that this may represent an amelioration of renal injury.,11799261,NotContradiction
as_000354,"In patients with hypertesion or hypercholesterolemia, does statin drugs, compared to placebo, reduce blood pressure or lipid levels",Administration of a statin in hypertensive patients in whom blood pressure is effectively reduced by concomitant antihypertensive treatment does not have an additional blood pressure lowering effect.,20339154,"In this randomized study, additionally administered atorvastatin to non-smoking and normolipemic patients with well-controlled essential arterial hypertension resulted in reduction of BP.",21098871,Contradiction
as_000355,"In patients with hypertesion or hypercholesterolemia, does statin drugs, compared to placebo, reduce blood pressure or lipid levels",Administration of a statin in hypertensive patients in whom blood pressure is effectively reduced by concomitant antihypertensive treatment does not have an additional blood pressure lowering effect.,20339154,The use of cerivastatin is associated with decreased microalbuminuria and plasma and urinary ET-1 levels in microalbuminuric patients with type 2 diabetic mellitus and speculate that this may represent an amelioration of renal injury.,11799261,Contradiction
as_000356,"In patients with hypertesion or hypercholesterolemia, does statin drugs, compared to placebo, reduce blood pressure or lipid levels","In this randomized study, additionally administered atorvastatin to non-smoking and normolipemic patients with well-controlled essential arterial hypertension resulted in reduction of BP.",21098871,The use of cerivastatin is associated with decreased microalbuminuria and plasma and urinary ET-1 levels in microalbuminuric patients with type 2 diabetic mellitus and speculate that this may represent an amelioration of renal injury.,11799261,NotContradiction
as_000357,"In women with pre-eclampsia, is mutation in renin-angiotensin gene associated with pre-eclampsia",Observed overrepresentation of mutated C allele of the AT1 gene was correlated with increased blood flow in umbilical artery in women with preeclampsia.,16076618,Synergism of angiotensin-converting enzyme I/D and other polymorphisms of renin-angiotensin system components and nitric oxide synthase may be a risk factor for pre-eclampsia.,17520398,NotContradiction
as_000358,"In women with pre-eclampsia, is mutation in renin-angiotensin gene associated with pre-eclampsia",Observed overrepresentation of mutated C allele of the AT1 gene was correlated with increased blood flow in umbilical artery in women with preeclampsia.,16076618,"In conclusion, we found an association between the angiotensinogen variant 235T and preeclampsia as well as an interaction between the variant 235T and the two other genes studied.",12932862,NotContradiction
as_000359,"In women with pre-eclampsia, is mutation in renin-angiotensin gene associated with pre-eclampsia",Observed overrepresentation of mutated C allele of the AT1 gene was correlated with increased blood flow in umbilical artery in women with preeclampsia.,16076618,We found no association of the two gene polymorphisms with preeclampsia.,17710578,Contradiction
as_000360,"In women with pre-eclampsia, is mutation in renin-angiotensin gene associated with pre-eclampsia",Observed overrepresentation of mutated C allele of the AT1 gene was correlated with increased blood flow in umbilical artery in women with preeclampsia.,16076618,"There was evidence for a significant increase in the frequency of the haplotype TAATGC at nucleotides g.1701, g.2041, g.2184, g.4673, g.4679, and g.4975, respectively (P=0.004), in women with preeclampsia.",15221785,NotContradiction
as_000361,"In women with pre-eclampsia, is mutation in renin-angiotensin gene associated with pre-eclampsia",Observed overrepresentation of mutated C allele of the AT1 gene was correlated with increased blood flow in umbilical artery in women with preeclampsia.,16076618,The variants(A-->C) of 1166 polymorphism site of AT1RG predisposes increased risk of PIH.,11775887,NotContradiction
as_000362,"In women with pre-eclampsia, is mutation in renin-angiotensin gene associated with pre-eclampsia",Observed overrepresentation of mutated C allele of the AT1 gene was correlated with increased blood flow in umbilical artery in women with preeclampsia.,16076618,Our study indicates that lipid peroxidation and oxidative stress are involved in the development of preeclampsia that might be influenced by polymorphism in the renin-angiotensin-aldosterone system genes.,22719026,NotContradiction
as_000363,"In women with pre-eclampsia, is mutation in renin-angiotensin gene associated with pre-eclampsia",Synergism of angiotensin-converting enzyme I/D and other polymorphisms of renin-angiotensin system components and nitric oxide synthase may be a risk factor for pre-eclampsia.,17520398,"In conclusion, we found an association between the angiotensinogen variant 235T and preeclampsia as well as an interaction between the variant 235T and the two other genes studied.",12932862,NotContradiction
as_000364,"In women with pre-eclampsia, is mutation in renin-angiotensin gene associated with pre-eclampsia",Synergism of angiotensin-converting enzyme I/D and other polymorphisms of renin-angiotensin system components and nitric oxide synthase may be a risk factor for pre-eclampsia.,17520398,We found no association of the two gene polymorphisms with preeclampsia.,17710578,Contradiction
as_000365,"In women with pre-eclampsia, is mutation in renin-angiotensin gene associated with pre-eclampsia",Synergism of angiotensin-converting enzyme I/D and other polymorphisms of renin-angiotensin system components and nitric oxide synthase may be a risk factor for pre-eclampsia.,17520398,"There was evidence for a significant increase in the frequency of the haplotype TAATGC at nucleotides g.1701, g.2041, g.2184, g.4673, g.4679, and g.4975, respectively (P=0.004), in women with preeclampsia.",15221785,NotContradiction
as_000366,"In women with pre-eclampsia, is mutation in renin-angiotensin gene associated with pre-eclampsia",Synergism of angiotensin-converting enzyme I/D and other polymorphisms of renin-angiotensin system components and nitric oxide synthase may be a risk factor for pre-eclampsia.,17520398,The variants(A-->C) of 1166 polymorphism site of AT1RG predisposes increased risk of PIH.,11775887,NotContradiction
as_000367,"In women with pre-eclampsia, is mutation in renin-angiotensin gene associated with pre-eclampsia",Synergism of angiotensin-converting enzyme I/D and other polymorphisms of renin-angiotensin system components and nitric oxide synthase may be a risk factor for pre-eclampsia.,17520398,Our study indicates that lipid peroxidation and oxidative stress are involved in the development of preeclampsia that might be influenced by polymorphism in the renin-angiotensin-aldosterone system genes.,22719026,NotContradiction
as_000368,"In women with pre-eclampsia, is mutation in renin-angiotensin gene associated with pre-eclampsia","In conclusion, we found an association between the angiotensinogen variant 235T and preeclampsia as well as an interaction between the variant 235T and the two other genes studied.",12932862,We found no association of the two gene polymorphisms with preeclampsia.,17710578,Contradiction
as_000369,"In women with pre-eclampsia, is mutation in renin-angiotensin gene associated with pre-eclampsia","In conclusion, we found an association between the angiotensinogen variant 235T and preeclampsia as well as an interaction between the variant 235T and the two other genes studied.",12932862,"There was evidence for a significant increase in the frequency of the haplotype TAATGC at nucleotides g.1701, g.2041, g.2184, g.4673, g.4679, and g.4975, respectively (P=0.004), in women with preeclampsia.",15221785,NotContradiction
as_000370,"In women with pre-eclampsia, is mutation in renin-angiotensin gene associated with pre-eclampsia","In conclusion, we found an association between the angiotensinogen variant 235T and preeclampsia as well as an interaction between the variant 235T and the two other genes studied.",12932862,The variants(A-->C) of 1166 polymorphism site of AT1RG predisposes increased risk of PIH.,11775887,NotContradiction
as_000371,"In women with pre-eclampsia, is mutation in renin-angiotensin gene associated with pre-eclampsia","In conclusion, we found an association between the angiotensinogen variant 235T and preeclampsia as well as an interaction between the variant 235T and the two other genes studied.",12932862,Our study indicates that lipid peroxidation and oxidative stress are involved in the development of preeclampsia that might be influenced by polymorphism in the renin-angiotensin-aldosterone system genes.,22719026,NotContradiction
as_000372,"In women with pre-eclampsia, is mutation in renin-angiotensin gene associated with pre-eclampsia",We found no association of the two gene polymorphisms with preeclampsia.,17710578,"There was evidence for a significant increase in the frequency of the haplotype TAATGC at nucleotides g.1701, g.2041, g.2184, g.4673, g.4679, and g.4975, respectively (P=0.004), in women with preeclampsia.",15221785,Contradiction
as_000373,"In women with pre-eclampsia, is mutation in renin-angiotensin gene associated with pre-eclampsia",We found no association of the two gene polymorphisms with preeclampsia.,17710578,The variants(A-->C) of 1166 polymorphism site of AT1RG predisposes increased risk of PIH.,11775887,Contradiction
as_000374,"In women with pre-eclampsia, is mutation in renin-angiotensin gene associated with pre-eclampsia",We found no association of the two gene polymorphisms with preeclampsia.,17710578,Our study indicates that lipid peroxidation and oxidative stress are involved in the development of preeclampsia that might be influenced by polymorphism in the renin-angiotensin-aldosterone system genes.,22719026,Contradiction
as_000375,"In women with pre-eclampsia, is mutation in renin-angiotensin gene associated with pre-eclampsia","There was evidence for a significant increase in the frequency of the haplotype TAATGC at nucleotides g.1701, g.2041, g.2184, g.4673, g.4679, and g.4975, respectively (P=0.004), in women with preeclampsia.",15221785,The variants(A-->C) of 1166 polymorphism site of AT1RG predisposes increased risk of PIH.,11775887,NotContradiction
as_000376,"In women with pre-eclampsia, is mutation in renin-angiotensin gene associated with pre-eclampsia","There was evidence for a significant increase in the frequency of the haplotype TAATGC at nucleotides g.1701, g.2041, g.2184, g.4673, g.4679, and g.4975, respectively (P=0.004), in women with preeclampsia.",15221785,Our study indicates that lipid peroxidation and oxidative stress are involved in the development of preeclampsia that might be influenced by polymorphism in the renin-angiotensin-aldosterone system genes.,22719026,NotContradiction
as_000377,"In women with pre-eclampsia, is mutation in renin-angiotensin gene associated with pre-eclampsia",The variants(A-->C) of 1166 polymorphism site of AT1RG predisposes increased risk of PIH.,11775887,Our study indicates that lipid peroxidation and oxidative stress are involved in the development of preeclampsia that might be influenced by polymorphism in the renin-angiotensin-aldosterone system genes.,22719026,NotContradiction
as_000378,"In patients with atherosclerotic plaque or myocardial infaction, does -463G or -463A polymorphism in MPO gene influence MI or CAD development","Our results indicate that -463G > A polymorphism of the myeloperoxidase gene is associated with premature CAD in Chinese individuals, suggesting that the AA genotype is a protective factor against premature CAD.",21637677,The A allele of the MPO -129G/A promoter polymorphism is associated with a reduced MI risk in women.,19543083,Contradiction
as_000379,"In patients with atherosclerotic plaque or myocardial infaction, does -463G or -463A polymorphism in MPO gene influence MI or CAD development","Our results indicate that -463G > A polymorphism of the myeloperoxidase gene is associated with premature CAD in Chinese individuals, suggesting that the AA genotype is a protective factor against premature CAD.",21637677,Our findings suggest that the -463 G/A polymorphism of the MPO gene influences the risk of CAD.,11479475,NotContradiction
as_000380,"In patients with atherosclerotic plaque or myocardial infaction, does -463G or -463A polymorphism in MPO gene influence MI or CAD development","Our results indicate that -463G > A polymorphism of the myeloperoxidase gene is associated with premature CAD in Chinese individuals, suggesting that the AA genotype is a protective factor against premature CAD.",21637677,We observed that MPO levels were increased in CAD but there were no effect of MPO -463 G/A polymorphism on MPO levels.,20568015,Contradiction
as_000381,"In patients with atherosclerotic plaque or myocardial infaction, does -463G or -463A polymorphism in MPO gene influence MI or CAD development",The A allele of the MPO -129G/A promoter polymorphism is associated with a reduced MI risk in women.,19543083,Our findings suggest that the -463 G/A polymorphism of the MPO gene influences the risk of CAD.,11479475,Contradiction
as_000382,"In patients with atherosclerotic plaque or myocardial infaction, does -463G or -463A polymorphism in MPO gene influence MI or CAD development",The A allele of the MPO -129G/A promoter polymorphism is associated with a reduced MI risk in women.,19543083,We observed that MPO levels were increased in CAD but there were no effect of MPO -463 G/A polymorphism on MPO levels.,20568015,NotContradiction
as_000383,"In patients with atherosclerotic plaque or myocardial infaction, does -463G or -463A polymorphism in MPO gene influence MI or CAD development",Our findings suggest that the -463 G/A polymorphism of the MPO gene influences the risk of CAD.,11479475,We observed that MPO levels were increased in CAD but there were no effect of MPO -463 G/A polymorphism on MPO levels.,20568015,Contradiction
as_000384,"In patients undergoing choronary artery bypass, does the combination of aspirin and clopidogrel, compared to aspirin alone, prevent graft occlusion or improve patency",The observed trend toward higher patency rates in patients treated with clopidogrel plus aspirin compared to those in the clopidogrel group did not reach statistical significance.,19559191,"compared with aspirin monotherapy, the combination of aspirin plus clopidogrel did not significantly reduce the process of SVG intimal hyperplasia 1 year after coronary artery bypass grafting.",21135365,NotContradiction
as_000385,"In patients undergoing choronary artery bypass, does the combination of aspirin and clopidogrel, compared to aspirin alone, prevent graft occlusion or improve patency",The observed trend toward higher patency rates in patients treated with clopidogrel plus aspirin compared to those in the clopidogrel group did not reach statistical significance.,19559191,"Combined clopidogrel and aspirin overcome single drug resistances, are safe for bleeding and improve venous graft patency.",22942294,Contradiction
as_000386,"In patients undergoing choronary artery bypass, does the combination of aspirin and clopidogrel, compared to aspirin alone, prevent graft occlusion or improve patency",The observed trend toward higher patency rates in patients treated with clopidogrel plus aspirin compared to those in the clopidogrel group did not reach statistical significance.,19559191,This pilot study confirms a high rate of graft occlusion after CABG surgery and suggests that the addition of clopidogrel to aspirin is feasible and safe and may be superior for prevention of graft failure in radial artery grafts.,21146675,Contradiction
as_000387,"In patients undergoing choronary artery bypass, does the combination of aspirin and clopidogrel, compared to aspirin alone, prevent graft occlusion or improve patency",The observed trend toward higher patency rates in patients treated with clopidogrel plus aspirin compared to those in the clopidogrel group did not reach statistical significance.,19559191,"Aspirin plus clopidogrel is more effective in venous graft patency than aspirin alone in the short term after CABG, but further, long-term study is needed.",21050973,Contradiction
as_000388,"In patients undergoing choronary artery bypass, does the combination of aspirin and clopidogrel, compared to aspirin alone, prevent graft occlusion or improve patency","compared with aspirin monotherapy, the combination of aspirin plus clopidogrel did not significantly reduce the process of SVG intimal hyperplasia 1 year after coronary artery bypass grafting.",21135365,"Combined clopidogrel and aspirin overcome single drug resistances, are safe for bleeding and improve venous graft patency.",22942294,Contradiction
as_000389,"In patients undergoing choronary artery bypass, does the combination of aspirin and clopidogrel, compared to aspirin alone, prevent graft occlusion or improve patency","compared with aspirin monotherapy, the combination of aspirin plus clopidogrel did not significantly reduce the process of SVG intimal hyperplasia 1 year after coronary artery bypass grafting.",21135365,This pilot study confirms a high rate of graft occlusion after CABG surgery and suggests that the addition of clopidogrel to aspirin is feasible and safe and may be superior for prevention of graft failure in radial artery grafts.,21146675,Contradiction
as_000390,"In patients undergoing choronary artery bypass, does the combination of aspirin and clopidogrel, compared to aspirin alone, prevent graft occlusion or improve patency","compared with aspirin monotherapy, the combination of aspirin plus clopidogrel did not significantly reduce the process of SVG intimal hyperplasia 1 year after coronary artery bypass grafting.",21135365,"Aspirin plus clopidogrel is more effective in venous graft patency than aspirin alone in the short term after CABG, but further, long-term study is needed.",21050973,Contradiction
as_000391,"In patients undergoing choronary artery bypass, does the combination of aspirin and clopidogrel, compared to aspirin alone, prevent graft occlusion or improve patency","Combined clopidogrel and aspirin overcome single drug resistances, are safe for bleeding and improve venous graft patency.",22942294,This pilot study confirms a high rate of graft occlusion after CABG surgery and suggests that the addition of clopidogrel to aspirin is feasible and safe and may be superior for prevention of graft failure in radial artery grafts.,21146675,NotContradiction
as_000392,"In patients undergoing choronary artery bypass, does the combination of aspirin and clopidogrel, compared to aspirin alone, prevent graft occlusion or improve patency","Combined clopidogrel and aspirin overcome single drug resistances, are safe for bleeding and improve venous graft patency.",22942294,"Aspirin plus clopidogrel is more effective in venous graft patency than aspirin alone in the short term after CABG, but further, long-term study is needed.",21050973,NotContradiction
as_000393,"In patients undergoing choronary artery bypass, does the combination of aspirin and clopidogrel, compared to aspirin alone, prevent graft occlusion or improve patency",This pilot study confirms a high rate of graft occlusion after CABG surgery and suggests that the addition of clopidogrel to aspirin is feasible and safe and may be superior for prevention of graft failure in radial artery grafts.,21146675,"Aspirin plus clopidogrel is more effective in venous graft patency than aspirin alone in the short term after CABG, but further, long-term study is needed.",21050973,NotContradiction
as_000394,"In patients undergoing coronary by pass surgery, is Off-pump, compared to conventional on pump coronary artery bypass grafting,  more beneficial",It may achieve the benefits of OPCABG (less morbidity in high-risk patients) while facilitating complete revascularization in the case of complex lesions unsuitable for OPCABG.,17875971,"In patients 75 years of age or older, there was no significant difference between on-pump and off-pump CABG with regard to the composite outcome of death, stroke, myocardial infarction, repeat revascularization, or new renal-replacement therapy within 30 days and within 12 months after surgery.",23477657,NotContradiction
as_000395,"In patients undergoing coronary by pass surgery, is Off-pump, compared to conventional on pump coronary artery bypass grafting,  more beneficial",It may achieve the benefits of OPCABG (less morbidity in high-risk patients) while facilitating complete revascularization in the case of complex lesions unsuitable for OPCABG.,17875971,Off-pump coronary artery surgery could be successfully used for total arterial grafting without compromising the completeness of revascularization.,12963199,Contradiction
as_000396,"In patients undergoing coronary by pass surgery, is Off-pump, compared to conventional on pump coronary artery bypass grafting,  more beneficial",It may achieve the benefits of OPCABG (less morbidity in high-risk patients) while facilitating complete revascularization in the case of complex lesions unsuitable for OPCABG.,17875971,"At 12-months follow-up, off-pump coronary bypass surgery provided the same angiographic graft patency as the on-pump technique.",16731135,NotContradiction
as_000397,"In patients undergoing coronary by pass surgery, is Off-pump, compared to conventional on pump coronary artery bypass grafting,  more beneficial",It may achieve the benefits of OPCABG (less morbidity in high-risk patients) while facilitating complete revascularization in the case of complex lesions unsuitable for OPCABG.,17875971,OPCAB may provide complete revascularization that is durable and cost-effective.,15100202,Contradiction
as_000398,"In patients undergoing coronary by pass surgery, is Off-pump, compared to conventional on pump coronary artery bypass grafting,  more beneficial",It may achieve the benefits of OPCABG (less morbidity in high-risk patients) while facilitating complete revascularization in the case of complex lesions unsuitable for OPCABG.,17875971,"At 1 year after CABG, there was no significant difference between off-pump and on-pump CABG with respect to the primary composite outcome, the rate of repeat coronary revascularization, quality of life, or neurocognitive function.",23477676,NotContradiction
as_000399,"In patients undergoing coronary by pass surgery, is Off-pump, compared to conventional on pump coronary artery bypass grafting,  more beneficial",It may achieve the benefits of OPCABG (less morbidity in high-risk patients) while facilitating complete revascularization in the case of complex lesions unsuitable for OPCABG.,17875971,"In low-risk patients, there was no difference in cardiac outcome at one year between those who underwent on-pump bypass surgery and those who underwent off-pump surgery.",12556542,NotContradiction
as_000400,"In patients undergoing coronary by pass surgery, is Off-pump, compared to conventional on pump coronary artery bypass grafting,  more beneficial","In patients 75 years of age or older, there was no significant difference between on-pump and off-pump CABG with regard to the composite outcome of death, stroke, myocardial infarction, repeat revascularization, or new renal-replacement therapy within 30 days and within 12 months after surgery.",23477657,Off-pump coronary artery surgery could be successfully used for total arterial grafting without compromising the completeness of revascularization.,12963199,Contradiction
as_000401,"In patients undergoing coronary by pass surgery, is Off-pump, compared to conventional on pump coronary artery bypass grafting,  more beneficial","In patients 75 years of age or older, there was no significant difference between on-pump and off-pump CABG with regard to the composite outcome of death, stroke, myocardial infarction, repeat revascularization, or new renal-replacement therapy within 30 days and within 12 months after surgery.",23477657,"At 12-months follow-up, off-pump coronary bypass surgery provided the same angiographic graft patency as the on-pump technique.",16731135,NotContradiction
as_000402,"In patients undergoing coronary by pass surgery, is Off-pump, compared to conventional on pump coronary artery bypass grafting,  more beneficial","In patients 75 years of age or older, there was no significant difference between on-pump and off-pump CABG with regard to the composite outcome of death, stroke, myocardial infarction, repeat revascularization, or new renal-replacement therapy within 30 days and within 12 months after surgery.",23477657,OPCAB may provide complete revascularization that is durable and cost-effective.,15100202,Contradiction
as_000403,"In patients undergoing coronary by pass surgery, is Off-pump, compared to conventional on pump coronary artery bypass grafting,  more beneficial","In patients 75 years of age or older, there was no significant difference between on-pump and off-pump CABG with regard to the composite outcome of death, stroke, myocardial infarction, repeat revascularization, or new renal-replacement therapy within 30 days and within 12 months after surgery.",23477657,"At 1 year after CABG, there was no significant difference between off-pump and on-pump CABG with respect to the primary composite outcome, the rate of repeat coronary revascularization, quality of life, or neurocognitive function.",23477676,NotContradiction
as_000404,"In patients undergoing coronary by pass surgery, is Off-pump, compared to conventional on pump coronary artery bypass grafting,  more beneficial","In patients 75 years of age or older, there was no significant difference between on-pump and off-pump CABG with regard to the composite outcome of death, stroke, myocardial infarction, repeat revascularization, or new renal-replacement therapy within 30 days and within 12 months after surgery.",23477657,"In low-risk patients, there was no difference in cardiac outcome at one year between those who underwent on-pump bypass surgery and those who underwent off-pump surgery.",12556542,NotContradiction
as_000405,"In patients undergoing coronary by pass surgery, is Off-pump, compared to conventional on pump coronary artery bypass grafting,  more beneficial",Off-pump coronary artery surgery could be successfully used for total arterial grafting without compromising the completeness of revascularization.,12963199,"At 12-months follow-up, off-pump coronary bypass surgery provided the same angiographic graft patency as the on-pump technique.",16731135,Contradiction
as_000406,"In patients undergoing coronary by pass surgery, is Off-pump, compared to conventional on pump coronary artery bypass grafting,  more beneficial",Off-pump coronary artery surgery could be successfully used for total arterial grafting without compromising the completeness of revascularization.,12963199,OPCAB may provide complete revascularization that is durable and cost-effective.,15100202,NotContradiction
as_000407,"In patients undergoing coronary by pass surgery, is Off-pump, compared to conventional on pump coronary artery bypass grafting,  more beneficial",Off-pump coronary artery surgery could be successfully used for total arterial grafting without compromising the completeness of revascularization.,12963199,"At 1 year after CABG, there was no significant difference between off-pump and on-pump CABG with respect to the primary composite outcome, the rate of repeat coronary revascularization, quality of life, or neurocognitive function.",23477676,Contradiction
as_000408,"In patients undergoing coronary by pass surgery, is Off-pump, compared to conventional on pump coronary artery bypass grafting,  more beneficial",Off-pump coronary artery surgery could be successfully used for total arterial grafting without compromising the completeness of revascularization.,12963199,"In low-risk patients, there was no difference in cardiac outcome at one year between those who underwent on-pump bypass surgery and those who underwent off-pump surgery.",12556542,Contradiction
as_000409,"In patients undergoing coronary by pass surgery, is Off-pump, compared to conventional on pump coronary artery bypass grafting,  more beneficial","At 12-months follow-up, off-pump coronary bypass surgery provided the same angiographic graft patency as the on-pump technique.",16731135,OPCAB may provide complete revascularization that is durable and cost-effective.,15100202,Contradiction
as_000410,"In patients undergoing coronary by pass surgery, is Off-pump, compared to conventional on pump coronary artery bypass grafting,  more beneficial","At 12-months follow-up, off-pump coronary bypass surgery provided the same angiographic graft patency as the on-pump technique.",16731135,"At 1 year after CABG, there was no significant difference between off-pump and on-pump CABG with respect to the primary composite outcome, the rate of repeat coronary revascularization, quality of life, or neurocognitive function.",23477676,NotContradiction
as_000411,"In patients undergoing coronary by pass surgery, is Off-pump, compared to conventional on pump coronary artery bypass grafting,  more beneficial","At 12-months follow-up, off-pump coronary bypass surgery provided the same angiographic graft patency as the on-pump technique.",16731135,"In low-risk patients, there was no difference in cardiac outcome at one year between those who underwent on-pump bypass surgery and those who underwent off-pump surgery.",12556542,NotContradiction
as_000412,"In patients undergoing coronary by pass surgery, is Off-pump, compared to conventional on pump coronary artery bypass grafting,  more beneficial",OPCAB may provide complete revascularization that is durable and cost-effective.,15100202,"At 1 year after CABG, there was no significant difference between off-pump and on-pump CABG with respect to the primary composite outcome, the rate of repeat coronary revascularization, quality of life, or neurocognitive function.",23477676,Contradiction
as_000413,"In patients undergoing coronary by pass surgery, is Off-pump, compared to conventional on pump coronary artery bypass grafting,  more beneficial",OPCAB may provide complete revascularization that is durable and cost-effective.,15100202,"In low-risk patients, there was no difference in cardiac outcome at one year between those who underwent on-pump bypass surgery and those who underwent off-pump surgery.",12556542,Contradiction
as_000414,"In patients undergoing coronary by pass surgery, is Off-pump, compared to conventional on pump coronary artery bypass grafting,  more beneficial","At 1 year after CABG, there was no significant difference between off-pump and on-pump CABG with respect to the primary composite outcome, the rate of repeat coronary revascularization, quality of life, or neurocognitive function.",23477676,"In low-risk patients, there was no difference in cardiac outcome at one year between those who underwent on-pump bypass surgery and those who underwent off-pump surgery.",12556542,NotContradiction
as_000415,"In Han Chinese population, is SNP T-778C of apolipoprotein M associated with risk of developing Diabetes or stroke",The present study provided the first evidence that SNP T-778C in the proximal promoter region of apoM gene was associated with the levels of plasma CHO and FPG and also conferred the risk in the development of T2D among Han Chinese.,16572495,The current data demonstrated that ApoM T-778 C and C-1065A SNPs were associated with increased risk of ischemic stroke in this Han Chinese population.,20872094,NotContradiction
as_000416,"In Han Chinese population, is SNP T-778C of apolipoprotein M associated with risk of developing Diabetes or stroke",The present study provided the first evidence that SNP T-778C in the proximal promoter region of apoM gene was associated with the levels of plasma CHO and FPG and also conferred the risk in the development of T2D among Han Chinese.,16572495,Allele C of SNP T-778C may increase promoter activity and confer the risk susceptibility to the development of T1D.,19007767,NotContradiction
as_000417,"In Han Chinese population, is SNP T-778C of apolipoprotein M associated with risk of developing Diabetes or stroke",The present study provided the first evidence that SNP T-778C in the proximal promoter region of apoM gene was associated with the levels of plasma CHO and FPG and also conferred the risk in the development of T2D among Han Chinese.,16572495,"Binary logistic regression analysis with adjustments for age, gender, triglycerides, total cholesterol, low-density lipoprotein, high-density lipoprotein, apoAI, apoB, and LP(a) indicated that the TC and CC genotypes in SNP T-778C were not significantly associated with the development of CAD (odds ratio = 1.510, 95% confidence interval: 0.756-3.017; p = 0.243).",20360902,Contradiction
as_000418,"In Han Chinese population, is SNP T-778C of apolipoprotein M associated with risk of developing Diabetes or stroke",The present study provided the first evidence that SNP T-778C in the proximal promoter region of apoM gene was associated with the levels of plasma CHO and FPG and also conferred the risk in the development of T2D among Han Chinese.,16572495,The present findings suggest that the C allele at nucleotide -778 in the apoM gene is a risk factor for genetic susceptibility to CAD and is also associated with TC levels in Han Chinese.,17674965,NotContradiction
as_000419,"In Han Chinese population, is SNP T-778C of apolipoprotein M associated with risk of developing Diabetes or stroke",The current data demonstrated that ApoM T-778 C and C-1065A SNPs were associated with increased risk of ischemic stroke in this Han Chinese population.,20872094,Allele C of SNP T-778C may increase promoter activity and confer the risk susceptibility to the development of T1D.,19007767,NotContradiction
as_000420,"In Han Chinese population, is SNP T-778C of apolipoprotein M associated with risk of developing Diabetes or stroke",The current data demonstrated that ApoM T-778 C and C-1065A SNPs were associated with increased risk of ischemic stroke in this Han Chinese population.,20872094,"Binary logistic regression analysis with adjustments for age, gender, triglycerides, total cholesterol, low-density lipoprotein, high-density lipoprotein, apoAI, apoB, and LP(a) indicated that the TC and CC genotypes in SNP T-778C were not significantly associated with the development of CAD (odds ratio = 1.510, 95% confidence interval: 0.756-3.017; p = 0.243).",20360902,Contradiction
as_000421,"In Han Chinese population, is SNP T-778C of apolipoprotein M associated with risk of developing Diabetes or stroke",The current data demonstrated that ApoM T-778 C and C-1065A SNPs were associated with increased risk of ischemic stroke in this Han Chinese population.,20872094,The present findings suggest that the C allele at nucleotide -778 in the apoM gene is a risk factor for genetic susceptibility to CAD and is also associated with TC levels in Han Chinese.,17674965,NotContradiction
as_000422,"In Han Chinese population, is SNP T-778C of apolipoprotein M associated with risk of developing Diabetes or stroke",Allele C of SNP T-778C may increase promoter activity and confer the risk susceptibility to the development of T1D.,19007767,"Binary logistic regression analysis with adjustments for age, gender, triglycerides, total cholesterol, low-density lipoprotein, high-density lipoprotein, apoAI, apoB, and LP(a) indicated that the TC and CC genotypes in SNP T-778C were not significantly associated with the development of CAD (odds ratio = 1.510, 95% confidence interval: 0.756-3.017; p = 0.243).",20360902,Contradiction
as_000423,"In Han Chinese population, is SNP T-778C of apolipoprotein M associated with risk of developing Diabetes or stroke",Allele C of SNP T-778C may increase promoter activity and confer the risk susceptibility to the development of T1D.,19007767,The present findings suggest that the C allele at nucleotide -778 in the apoM gene is a risk factor for genetic susceptibility to CAD and is also associated with TC levels in Han Chinese.,17674965,NotContradiction
as_000424,"In Han Chinese population, is SNP T-778C of apolipoprotein M associated with risk of developing Diabetes or stroke","Binary logistic regression analysis with adjustments for age, gender, triglycerides, total cholesterol, low-density lipoprotein, high-density lipoprotein, apoAI, apoB, and LP(a) indicated that the TC and CC genotypes in SNP T-778C were not significantly associated with the development of CAD (odds ratio = 1.510, 95% confidence interval: 0.756-3.017; p = 0.243).",20360902,The present findings suggest that the C allele at nucleotide -778 in the apoM gene is a risk factor for genetic susceptibility to CAD and is also associated with TC levels in Han Chinese.,17674965,Contradiction
as_000425,"In patients with choronary artery disease, is mutation or polymorphisms in endothelial nitric oxide synthase gene associated with CAD or MI or ACS development",The present study provides evidences that T-786C polymorphism of the NOS3 gene is associated with CAD.,22682929,"Although based on a limited number of patients, our work suggests that individuals who are NOS3-CC + ACE-DD are at a higher risk for early CAD, probably as a consequence of increased endothelial dysfunction.",11485372,NotContradiction
as_000426,"In patients with choronary artery disease, is mutation or polymorphisms in endothelial nitric oxide synthase gene associated with CAD or MI or ACS development",The present study provides evidences that T-786C polymorphism of the NOS3 gene is associated with CAD.,22682929,"We conclude that the E/D298 polymorphism is most consistently associated with CAD, but not with progression of atherosclerosis.",15068395,NotContradiction
as_000427,"In patients with choronary artery disease, is mutation or polymorphisms in endothelial nitric oxide synthase gene associated with CAD or MI or ACS development",The present study provides evidences that T-786C polymorphism of the NOS3 gene is associated with CAD.,22682929,"These findings suggest that the 894G>T, -786T>C and 4a/4b polymorphisms of the NOS3 were not associated with CAD in the studied subjects.",19931521,Contradiction
as_000428,"In patients with choronary artery disease, is mutation or polymorphisms in endothelial nitric oxide synthase gene associated with CAD or MI or ACS development",The present study provides evidences that T-786C polymorphism of the NOS3 gene is associated with CAD.,22682929,These results showed a smoking-dependent effect of the T-786C eNOS polymorphism on CAD in both Caucasian- and African-Brazilians.,16842798,NotContradiction
as_000429,"In patients with choronary artery disease, is mutation or polymorphisms in endothelial nitric oxide synthase gene associated with CAD or MI or ACS development",The present study provides evidences that T-786C polymorphism of the NOS3 gene is associated with CAD.,22682929,"The polymorphisms within eNOS gene G10T, 894G/T, and -786T/C were not associated with the increased risk of MI.",19505886,Contradiction
as_000430,"In patients with choronary artery disease, is mutation or polymorphisms in endothelial nitric oxide synthase gene associated with CAD or MI or ACS development",The present study provides evidences that T-786C polymorphism of the NOS3 gene is associated with CAD.,22682929,"In a large case-control study, and in contrast to some earlier positive findings by others, we have found no evidence for an association between several eNOS gene polymorphisms and premature CAD in an Australian Caucasian population.",11551002,Contradiction
as_000431,"In patients with choronary artery disease, is mutation or polymorphisms in endothelial nitric oxide synthase gene associated with CAD or MI or ACS development",The present study provides evidences that T-786C polymorphism of the NOS3 gene is associated with CAD.,22682929,Our results suggest that eNOS polymorphisms may be an additional risk factor in development of ACS.,22475779,NotContradiction
as_000432,"In patients with choronary artery disease, is mutation or polymorphisms in endothelial nitric oxide synthase gene associated with CAD or MI or ACS development",The present study provides evidences that T-786C polymorphism of the NOS3 gene is associated with CAD.,22682929,The C/C promoter variant of eNOS can be considered a risk factor for acute coronary syndrome in the Ukrainian population.,18651012,NotContradiction
as_000433,"In patients with choronary artery disease, is mutation or polymorphisms in endothelial nitric oxide synthase gene associated with CAD or MI or ACS development",The present study provides evidences that T-786C polymorphism of the NOS3 gene is associated with CAD.,22682929,The present study demonstrates that polymorphisms of the eNOS -786T>C and 4a4b are associated with coronary artery disease with adjustments for cardiovascular risk factors in the Koreans.,16842840,NotContradiction
as_000434,"In patients with choronary artery disease, is mutation or polymorphisms in endothelial nitric oxide synthase gene associated with CAD or MI or ACS development",The present study provides evidences that T-786C polymorphism of the NOS3 gene is associated with CAD.,22682929,"In conclusion, no appreciable differences between CAD+ and CAD- samples were found in terms of polymorphisms mentioned above.",19435423,Contradiction
as_000435,"In patients with choronary artery disease, is mutation or polymorphisms in endothelial nitric oxide synthase gene associated with CAD or MI or ACS development",The present study provides evidences that T-786C polymorphism of the NOS3 gene is associated with CAD.,22682929,"We found no association of eNOS - 786C and 894T variant alleles with CAD; however, within CABG patients, a gene-environment interaction was found between the eNOS 894T allele and smoking.",20846926,Contradiction
as_000436,"In patients with choronary artery disease, is mutation or polymorphisms in endothelial nitric oxide synthase gene associated with CAD or MI or ACS development",The present study provides evidences that T-786C polymorphism of the NOS3 gene is associated with CAD.,22682929,The present study showed lack of association between NOS3 gene polymorphisms and MI in South Indian population.,23108994,Contradiction
as_000437,"In patients with choronary artery disease, is mutation or polymorphisms in endothelial nitric oxide synthase gene associated with CAD or MI or ACS development",The present study provides evidences that T-786C polymorphism of the NOS3 gene is associated with CAD.,22682929,"Each of 3 mutations (-786TC, -922AG, or -1468TA) in the 5'-flanking region of eNOS gene may play a role in the pathogenesis of MI in Korean population, and also provides an evidence for a significant interaction between these mutations and smoking.",16157324,NotContradiction
as_000438,"In patients with choronary artery disease, is mutation or polymorphisms in endothelial nitric oxide synthase gene associated with CAD or MI or ACS development",The present study provides evidences that T-786C polymorphism of the NOS3 gene is associated with CAD.,22682929,The -786T > C was the polymorphism associated with severe CAD in this study.,16026776,NotContradiction
as_000439,"In patients with choronary artery disease, is mutation or polymorphisms in endothelial nitric oxide synthase gene associated with CAD or MI or ACS development",The present study provides evidences that T-786C polymorphism of the NOS3 gene is associated with CAD.,22682929,"In conclusion, the T(-786)-->C mutation was strongly associated with MI, especially without coronary arterial stenosis, in Japanese patients.",10980213,NotContradiction
as_000440,"In patients with choronary artery disease, is mutation or polymorphisms in endothelial nitric oxide synthase gene associated with CAD or MI or ACS development",The present study provides evidences that T-786C polymorphism of the NOS3 gene is associated with CAD.,22682929,"The significantly high frequency of eNOS -786C/C genotype in ACS patients than in those of controls, indicate the genotype association with ACS.",18298848,NotContradiction
as_000441,"In patients with choronary artery disease, is mutation or polymorphisms in endothelial nitric oxide synthase gene associated with CAD or MI or ACS development",The present study provides evidences that T-786C polymorphism of the NOS3 gene is associated with CAD.,22682929,The T-786C polymorphism of the eNOS gene appears to be an independent risk factor for CAD in Chinese Hans.,20215811,NotContradiction
as_000442,"In patients with choronary artery disease, is mutation or polymorphisms in endothelial nitric oxide synthase gene associated with CAD or MI or ACS development",The present study provides evidences that T-786C polymorphism of the NOS3 gene is associated with CAD.,22682929,The presence of the eNOS 4a4a genotype represents a predisposing condition to ACS and in particular to acute myocardial infarction.,14999203,NotContradiction
as_000443,"In patients with choronary artery disease, is mutation or polymorphisms in endothelial nitric oxide synthase gene associated with CAD or MI or ACS development",The present study provides evidences that T-786C polymorphism of the NOS3 gene is associated with CAD.,22682929,We conclude that the T-786 C polymorphism of eNOS gene might be a risk factor for coronary artery disease in the Turkish population.,17151815,NotContradiction
as_000444,"In patients with choronary artery disease, is mutation or polymorphisms in endothelial nitric oxide synthase gene associated with CAD or MI or ACS development","Although based on a limited number of patients, our work suggests that individuals who are NOS3-CC + ACE-DD are at a higher risk for early CAD, probably as a consequence of increased endothelial dysfunction.",11485372,"We conclude that the E/D298 polymorphism is most consistently associated with CAD, but not with progression of atherosclerosis.",15068395,NotContradiction
as_000445,"In patients with choronary artery disease, is mutation or polymorphisms in endothelial nitric oxide synthase gene associated with CAD or MI or ACS development","Although based on a limited number of patients, our work suggests that individuals who are NOS3-CC + ACE-DD are at a higher risk for early CAD, probably as a consequence of increased endothelial dysfunction.",11485372,"These findings suggest that the 894G>T, -786T>C and 4a/4b polymorphisms of the NOS3 were not associated with CAD in the studied subjects.",19931521,Contradiction
as_000446,"In patients with choronary artery disease, is mutation or polymorphisms in endothelial nitric oxide synthase gene associated with CAD or MI or ACS development","Although based on a limited number of patients, our work suggests that individuals who are NOS3-CC + ACE-DD are at a higher risk for early CAD, probably as a consequence of increased endothelial dysfunction.",11485372,These results showed a smoking-dependent effect of the T-786C eNOS polymorphism on CAD in both Caucasian- and African-Brazilians.,16842798,NotContradiction
as_000447,"In patients with choronary artery disease, is mutation or polymorphisms in endothelial nitric oxide synthase gene associated with CAD or MI or ACS development","Although based on a limited number of patients, our work suggests that individuals who are NOS3-CC + ACE-DD are at a higher risk for early CAD, probably as a consequence of increased endothelial dysfunction.",11485372,"The polymorphisms within eNOS gene G10T, 894G/T, and -786T/C were not associated with the increased risk of MI.",19505886,Contradiction
as_000448,"In patients with choronary artery disease, is mutation or polymorphisms in endothelial nitric oxide synthase gene associated with CAD or MI or ACS development","Although based on a limited number of patients, our work suggests that individuals who are NOS3-CC + ACE-DD are at a higher risk for early CAD, probably as a consequence of increased endothelial dysfunction.",11485372,"In a large case-control study, and in contrast to some earlier positive findings by others, we have found no evidence for an association between several eNOS gene polymorphisms and premature CAD in an Australian Caucasian population.",11551002,Contradiction
as_000449,"In patients with choronary artery disease, is mutation or polymorphisms in endothelial nitric oxide synthase gene associated with CAD or MI or ACS development","Although based on a limited number of patients, our work suggests that individuals who are NOS3-CC + ACE-DD are at a higher risk for early CAD, probably as a consequence of increased endothelial dysfunction.",11485372,Our results suggest that eNOS polymorphisms may be an additional risk factor in development of ACS.,22475779,NotContradiction
as_000450,"In patients with choronary artery disease, is mutation or polymorphisms in endothelial nitric oxide synthase gene associated with CAD or MI or ACS development","Although based on a limited number of patients, our work suggests that individuals who are NOS3-CC + ACE-DD are at a higher risk for early CAD, probably as a consequence of increased endothelial dysfunction.",11485372,The C/C promoter variant of eNOS can be considered a risk factor for acute coronary syndrome in the Ukrainian population.,18651012,NotContradiction
as_000451,"In patients with choronary artery disease, is mutation or polymorphisms in endothelial nitric oxide synthase gene associated with CAD or MI or ACS development","Although based on a limited number of patients, our work suggests that individuals who are NOS3-CC + ACE-DD are at a higher risk for early CAD, probably as a consequence of increased endothelial dysfunction.",11485372,The present study demonstrates that polymorphisms of the eNOS -786T>C and 4a4b are associated with coronary artery disease with adjustments for cardiovascular risk factors in the Koreans.,16842840,NotContradiction
as_000452,"In patients with choronary artery disease, is mutation or polymorphisms in endothelial nitric oxide synthase gene associated with CAD or MI or ACS development","Although based on a limited number of patients, our work suggests that individuals who are NOS3-CC + ACE-DD are at a higher risk for early CAD, probably as a consequence of increased endothelial dysfunction.",11485372,"In conclusion, no appreciable differences between CAD+ and CAD- samples were found in terms of polymorphisms mentioned above.",19435423,Contradiction
as_000453,"In patients with choronary artery disease, is mutation or polymorphisms in endothelial nitric oxide synthase gene associated with CAD or MI or ACS development","Although based on a limited number of patients, our work suggests that individuals who are NOS3-CC + ACE-DD are at a higher risk for early CAD, probably as a consequence of increased endothelial dysfunction.",11485372,"We found no association of eNOS - 786C and 894T variant alleles with CAD; however, within CABG patients, a gene-environment interaction was found between the eNOS 894T allele and smoking.",20846926,Contradiction
as_000454,"In patients with choronary artery disease, is mutation or polymorphisms in endothelial nitric oxide synthase gene associated with CAD or MI or ACS development","Although based on a limited number of patients, our work suggests that individuals who are NOS3-CC + ACE-DD are at a higher risk for early CAD, probably as a consequence of increased endothelial dysfunction.",11485372,The present study showed lack of association between NOS3 gene polymorphisms and MI in South Indian population.,23108994,Contradiction
as_000455,"In patients with choronary artery disease, is mutation or polymorphisms in endothelial nitric oxide synthase gene associated with CAD or MI or ACS development","Although based on a limited number of patients, our work suggests that individuals who are NOS3-CC + ACE-DD are at a higher risk for early CAD, probably as a consequence of increased endothelial dysfunction.",11485372,"Each of 3 mutations (-786TC, -922AG, or -1468TA) in the 5'-flanking region of eNOS gene may play a role in the pathogenesis of MI in Korean population, and also provides an evidence for a significant interaction between these mutations and smoking.",16157324,NotContradiction
as_000456,"In patients with choronary artery disease, is mutation or polymorphisms in endothelial nitric oxide synthase gene associated with CAD or MI or ACS development","Although based on a limited number of patients, our work suggests that individuals who are NOS3-CC + ACE-DD are at a higher risk for early CAD, probably as a consequence of increased endothelial dysfunction.",11485372,The -786T > C was the polymorphism associated with severe CAD in this study.,16026776,NotContradiction
as_000457,"In patients with choronary artery disease, is mutation or polymorphisms in endothelial nitric oxide synthase gene associated with CAD or MI or ACS development","Although based on a limited number of patients, our work suggests that individuals who are NOS3-CC + ACE-DD are at a higher risk for early CAD, probably as a consequence of increased endothelial dysfunction.",11485372,"In conclusion, the T(-786)-->C mutation was strongly associated with MI, especially without coronary arterial stenosis, in Japanese patients.",10980213,NotContradiction
as_000458,"In patients with choronary artery disease, is mutation or polymorphisms in endothelial nitric oxide synthase gene associated with CAD or MI or ACS development","Although based on a limited number of patients, our work suggests that individuals who are NOS3-CC + ACE-DD are at a higher risk for early CAD, probably as a consequence of increased endothelial dysfunction.",11485372,"The significantly high frequency of eNOS -786C/C genotype in ACS patients than in those of controls, indicate the genotype association with ACS.",18298848,NotContradiction
as_000459,"In patients with choronary artery disease, is mutation or polymorphisms in endothelial nitric oxide synthase gene associated with CAD or MI or ACS development","Although based on a limited number of patients, our work suggests that individuals who are NOS3-CC + ACE-DD are at a higher risk for early CAD, probably as a consequence of increased endothelial dysfunction.",11485372,The T-786C polymorphism of the eNOS gene appears to be an independent risk factor for CAD in Chinese Hans.,20215811,NotContradiction
as_000460,"In patients with choronary artery disease, is mutation or polymorphisms in endothelial nitric oxide synthase gene associated with CAD or MI or ACS development","Although based on a limited number of patients, our work suggests that individuals who are NOS3-CC + ACE-DD are at a higher risk for early CAD, probably as a consequence of increased endothelial dysfunction.",11485372,The presence of the eNOS 4a4a genotype represents a predisposing condition to ACS and in particular to acute myocardial infarction.,14999203,NotContradiction
as_000461,"In patients with choronary artery disease, is mutation or polymorphisms in endothelial nitric oxide synthase gene associated with CAD or MI or ACS development","Although based on a limited number of patients, our work suggests that individuals who are NOS3-CC + ACE-DD are at a higher risk for early CAD, probably as a consequence of increased endothelial dysfunction.",11485372,We conclude that the T-786 C polymorphism of eNOS gene might be a risk factor for coronary artery disease in the Turkish population.,17151815,NotContradiction
as_000462,"In patients with choronary artery disease, is mutation or polymorphisms in endothelial nitric oxide synthase gene associated with CAD or MI or ACS development","We conclude that the E/D298 polymorphism is most consistently associated with CAD, but not with progression of atherosclerosis.",15068395,"These findings suggest that the 894G>T, -786T>C and 4a/4b polymorphisms of the NOS3 were not associated with CAD in the studied subjects.",19931521,Contradiction
as_000463,"In patients with choronary artery disease, is mutation or polymorphisms in endothelial nitric oxide synthase gene associated with CAD or MI or ACS development","We conclude that the E/D298 polymorphism is most consistently associated with CAD, but not with progression of atherosclerosis.",15068395,These results showed a smoking-dependent effect of the T-786C eNOS polymorphism on CAD in both Caucasian- and African-Brazilians.,16842798,NotContradiction
as_000464,"In patients with choronary artery disease, is mutation or polymorphisms in endothelial nitric oxide synthase gene associated with CAD or MI or ACS development","We conclude that the E/D298 polymorphism is most consistently associated with CAD, but not with progression of atherosclerosis.",15068395,"The polymorphisms within eNOS gene G10T, 894G/T, and -786T/C were not associated with the increased risk of MI.",19505886,Contradiction
as_000465,"In patients with choronary artery disease, is mutation or polymorphisms in endothelial nitric oxide synthase gene associated with CAD or MI or ACS development","We conclude that the E/D298 polymorphism is most consistently associated with CAD, but not with progression of atherosclerosis.",15068395,"In a large case-control study, and in contrast to some earlier positive findings by others, we have found no evidence for an association between several eNOS gene polymorphisms and premature CAD in an Australian Caucasian population.",11551002,Contradiction
as_000466,"In patients with choronary artery disease, is mutation or polymorphisms in endothelial nitric oxide synthase gene associated with CAD or MI or ACS development","We conclude that the E/D298 polymorphism is most consistently associated with CAD, but not with progression of atherosclerosis.",15068395,Our results suggest that eNOS polymorphisms may be an additional risk factor in development of ACS.,22475779,NotContradiction
as_000467,"In patients with choronary artery disease, is mutation or polymorphisms in endothelial nitric oxide synthase gene associated with CAD or MI or ACS development","We conclude that the E/D298 polymorphism is most consistently associated with CAD, but not with progression of atherosclerosis.",15068395,The C/C promoter variant of eNOS can be considered a risk factor for acute coronary syndrome in the Ukrainian population.,18651012,NotContradiction
as_000468,"In patients with choronary artery disease, is mutation or polymorphisms in endothelial nitric oxide synthase gene associated with CAD or MI or ACS development","We conclude that the E/D298 polymorphism is most consistently associated with CAD, but not with progression of atherosclerosis.",15068395,The present study demonstrates that polymorphisms of the eNOS -786T>C and 4a4b are associated with coronary artery disease with adjustments for cardiovascular risk factors in the Koreans.,16842840,NotContradiction
as_000469,"In patients with choronary artery disease, is mutation or polymorphisms in endothelial nitric oxide synthase gene associated with CAD or MI or ACS development","We conclude that the E/D298 polymorphism is most consistently associated with CAD, but not with progression of atherosclerosis.",15068395,"In conclusion, no appreciable differences between CAD+ and CAD- samples were found in terms of polymorphisms mentioned above.",19435423,Contradiction
as_000470,"In patients with choronary artery disease, is mutation or polymorphisms in endothelial nitric oxide synthase gene associated with CAD or MI or ACS development","We conclude that the E/D298 polymorphism is most consistently associated with CAD, but not with progression of atherosclerosis.",15068395,"We found no association of eNOS - 786C and 894T variant alleles with CAD; however, within CABG patients, a gene-environment interaction was found between the eNOS 894T allele and smoking.",20846926,Contradiction
as_000471,"In patients with choronary artery disease, is mutation or polymorphisms in endothelial nitric oxide synthase gene associated with CAD or MI or ACS development","We conclude that the E/D298 polymorphism is most consistently associated with CAD, but not with progression of atherosclerosis.",15068395,The present study showed lack of association between NOS3 gene polymorphisms and MI in South Indian population.,23108994,Contradiction
as_000472,"In patients with choronary artery disease, is mutation or polymorphisms in endothelial nitric oxide synthase gene associated with CAD or MI or ACS development","We conclude that the E/D298 polymorphism is most consistently associated with CAD, but not with progression of atherosclerosis.",15068395,"Each of 3 mutations (-786TC, -922AG, or -1468TA) in the 5'-flanking region of eNOS gene may play a role in the pathogenesis of MI in Korean population, and also provides an evidence for a significant interaction between these mutations and smoking.",16157324,NotContradiction
as_000473,"In patients with choronary artery disease, is mutation or polymorphisms in endothelial nitric oxide synthase gene associated with CAD or MI or ACS development","We conclude that the E/D298 polymorphism is most consistently associated with CAD, but not with progression of atherosclerosis.",15068395,The -786T > C was the polymorphism associated with severe CAD in this study.,16026776,NotContradiction
as_000474,"In patients with choronary artery disease, is mutation or polymorphisms in endothelial nitric oxide synthase gene associated with CAD or MI or ACS development","We conclude that the E/D298 polymorphism is most consistently associated with CAD, but not with progression of atherosclerosis.",15068395,"In conclusion, the T(-786)-->C mutation was strongly associated with MI, especially without coronary arterial stenosis, in Japanese patients.",10980213,NotContradiction
as_000475,"In patients with choronary artery disease, is mutation or polymorphisms in endothelial nitric oxide synthase gene associated with CAD or MI or ACS development","We conclude that the E/D298 polymorphism is most consistently associated with CAD, but not with progression of atherosclerosis.",15068395,"The significantly high frequency of eNOS -786C/C genotype in ACS patients than in those of controls, indicate the genotype association with ACS.",18298848,NotContradiction
as_000476,"In patients with choronary artery disease, is mutation or polymorphisms in endothelial nitric oxide synthase gene associated with CAD or MI or ACS development","We conclude that the E/D298 polymorphism is most consistently associated with CAD, but not with progression of atherosclerosis.",15068395,The T-786C polymorphism of the eNOS gene appears to be an independent risk factor for CAD in Chinese Hans.,20215811,NotContradiction
as_000477,"In patients with choronary artery disease, is mutation or polymorphisms in endothelial nitric oxide synthase gene associated with CAD or MI or ACS development","We conclude that the E/D298 polymorphism is most consistently associated with CAD, but not with progression of atherosclerosis.",15068395,The presence of the eNOS 4a4a genotype represents a predisposing condition to ACS and in particular to acute myocardial infarction.,14999203,NotContradiction
as_000478,"In patients with choronary artery disease, is mutation or polymorphisms in endothelial nitric oxide synthase gene associated with CAD or MI or ACS development","We conclude that the E/D298 polymorphism is most consistently associated with CAD, but not with progression of atherosclerosis.",15068395,We conclude that the T-786 C polymorphism of eNOS gene might be a risk factor for coronary artery disease in the Turkish population.,17151815,NotContradiction
as_000479,"In patients with choronary artery disease, is mutation or polymorphisms in endothelial nitric oxide synthase gene associated with CAD or MI or ACS development","These findings suggest that the 894G>T, -786T>C and 4a/4b polymorphisms of the NOS3 were not associated with CAD in the studied subjects.",19931521,These results showed a smoking-dependent effect of the T-786C eNOS polymorphism on CAD in both Caucasian- and African-Brazilians.,16842798,Contradiction
as_000480,"In patients with choronary artery disease, is mutation or polymorphisms in endothelial nitric oxide synthase gene associated with CAD or MI or ACS development","These findings suggest that the 894G>T, -786T>C and 4a/4b polymorphisms of the NOS3 were not associated with CAD in the studied subjects.",19931521,"The polymorphisms within eNOS gene G10T, 894G/T, and -786T/C were not associated with the increased risk of MI.",19505886,NotContradiction
as_000481,"In patients with choronary artery disease, is mutation or polymorphisms in endothelial nitric oxide synthase gene associated with CAD or MI or ACS development","These findings suggest that the 894G>T, -786T>C and 4a/4b polymorphisms of the NOS3 were not associated with CAD in the studied subjects.",19931521,"In a large case-control study, and in contrast to some earlier positive findings by others, we have found no evidence for an association between several eNOS gene polymorphisms and premature CAD in an Australian Caucasian population.",11551002,NotContradiction
as_000482,"In patients with choronary artery disease, is mutation or polymorphisms in endothelial nitric oxide synthase gene associated with CAD or MI or ACS development","These findings suggest that the 894G>T, -786T>C and 4a/4b polymorphisms of the NOS3 were not associated with CAD in the studied subjects.",19931521,Our results suggest that eNOS polymorphisms may be an additional risk factor in development of ACS.,22475779,Contradiction
as_000483,"In patients with choronary artery disease, is mutation or polymorphisms in endothelial nitric oxide synthase gene associated with CAD or MI or ACS development","These findings suggest that the 894G>T, -786T>C and 4a/4b polymorphisms of the NOS3 were not associated with CAD in the studied subjects.",19931521,The C/C promoter variant of eNOS can be considered a risk factor for acute coronary syndrome in the Ukrainian population.,18651012,Contradiction
as_000484,"In patients with choronary artery disease, is mutation or polymorphisms in endothelial nitric oxide synthase gene associated with CAD or MI or ACS development","These findings suggest that the 894G>T, -786T>C and 4a/4b polymorphisms of the NOS3 were not associated with CAD in the studied subjects.",19931521,The present study demonstrates that polymorphisms of the eNOS -786T>C and 4a4b are associated with coronary artery disease with adjustments for cardiovascular risk factors in the Koreans.,16842840,Contradiction
as_000485,"In patients with choronary artery disease, is mutation or polymorphisms in endothelial nitric oxide synthase gene associated with CAD or MI or ACS development","These findings suggest that the 894G>T, -786T>C and 4a/4b polymorphisms of the NOS3 were not associated with CAD in the studied subjects.",19931521,"In conclusion, no appreciable differences between CAD+ and CAD- samples were found in terms of polymorphisms mentioned above.",19435423,NotContradiction
as_000486,"In patients with choronary artery disease, is mutation or polymorphisms in endothelial nitric oxide synthase gene associated with CAD or MI or ACS development","These findings suggest that the 894G>T, -786T>C and 4a/4b polymorphisms of the NOS3 were not associated with CAD in the studied subjects.",19931521,"We found no association of eNOS - 786C and 894T variant alleles with CAD; however, within CABG patients, a gene-environment interaction was found between the eNOS 894T allele and smoking.",20846926,NotContradiction
as_000487,"In patients with choronary artery disease, is mutation or polymorphisms in endothelial nitric oxide synthase gene associated with CAD or MI or ACS development","These findings suggest that the 894G>T, -786T>C and 4a/4b polymorphisms of the NOS3 were not associated with CAD in the studied subjects.",19931521,The present study showed lack of association between NOS3 gene polymorphisms and MI in South Indian population.,23108994,NotContradiction
as_000488,"In patients with choronary artery disease, is mutation or polymorphisms in endothelial nitric oxide synthase gene associated with CAD or MI or ACS development","These findings suggest that the 894G>T, -786T>C and 4a/4b polymorphisms of the NOS3 were not associated with CAD in the studied subjects.",19931521,"Each of 3 mutations (-786TC, -922AG, or -1468TA) in the 5'-flanking region of eNOS gene may play a role in the pathogenesis of MI in Korean population, and also provides an evidence for a significant interaction between these mutations and smoking.",16157324,Contradiction
as_000489,"In patients with choronary artery disease, is mutation or polymorphisms in endothelial nitric oxide synthase gene associated with CAD or MI or ACS development","These findings suggest that the 894G>T, -786T>C and 4a/4b polymorphisms of the NOS3 were not associated with CAD in the studied subjects.",19931521,The -786T > C was the polymorphism associated with severe CAD in this study.,16026776,Contradiction
as_000490,"In patients with choronary artery disease, is mutation or polymorphisms in endothelial nitric oxide synthase gene associated with CAD or MI or ACS development","These findings suggest that the 894G>T, -786T>C and 4a/4b polymorphisms of the NOS3 were not associated with CAD in the studied subjects.",19931521,"In conclusion, the T(-786)-->C mutation was strongly associated with MI, especially without coronary arterial stenosis, in Japanese patients.",10980213,Contradiction
as_000491,"In patients with choronary artery disease, is mutation or polymorphisms in endothelial nitric oxide synthase gene associated with CAD or MI or ACS development","These findings suggest that the 894G>T, -786T>C and 4a/4b polymorphisms of the NOS3 were not associated with CAD in the studied subjects.",19931521,"The significantly high frequency of eNOS -786C/C genotype in ACS patients than in those of controls, indicate the genotype association with ACS.",18298848,Contradiction
as_000492,"In patients with choronary artery disease, is mutation or polymorphisms in endothelial nitric oxide synthase gene associated with CAD or MI or ACS development","These findings suggest that the 894G>T, -786T>C and 4a/4b polymorphisms of the NOS3 were not associated with CAD in the studied subjects.",19931521,The T-786C polymorphism of the eNOS gene appears to be an independent risk factor for CAD in Chinese Hans.,20215811,Contradiction
as_000493,"In patients with choronary artery disease, is mutation or polymorphisms in endothelial nitric oxide synthase gene associated with CAD or MI or ACS development","These findings suggest that the 894G>T, -786T>C and 4a/4b polymorphisms of the NOS3 were not associated with CAD in the studied subjects.",19931521,The presence of the eNOS 4a4a genotype represents a predisposing condition to ACS and in particular to acute myocardial infarction.,14999203,Contradiction
as_000494,"In patients with choronary artery disease, is mutation or polymorphisms in endothelial nitric oxide synthase gene associated with CAD or MI or ACS development","These findings suggest that the 894G>T, -786T>C and 4a/4b polymorphisms of the NOS3 were not associated with CAD in the studied subjects.",19931521,We conclude that the T-786 C polymorphism of eNOS gene might be a risk factor for coronary artery disease in the Turkish population.,17151815,Contradiction
as_000495,"In patients with choronary artery disease, is mutation or polymorphisms in endothelial nitric oxide synthase gene associated with CAD or MI or ACS development",These results showed a smoking-dependent effect of the T-786C eNOS polymorphism on CAD in both Caucasian- and African-Brazilians.,16842798,"The polymorphisms within eNOS gene G10T, 894G/T, and -786T/C were not associated with the increased risk of MI.",19505886,Contradiction
as_000496,"In patients with choronary artery disease, is mutation or polymorphisms in endothelial nitric oxide synthase gene associated with CAD or MI or ACS development",These results showed a smoking-dependent effect of the T-786C eNOS polymorphism on CAD in both Caucasian- and African-Brazilians.,16842798,"In a large case-control study, and in contrast to some earlier positive findings by others, we have found no evidence for an association between several eNOS gene polymorphisms and premature CAD in an Australian Caucasian population.",11551002,Contradiction
as_000497,"In patients with choronary artery disease, is mutation or polymorphisms in endothelial nitric oxide synthase gene associated with CAD or MI or ACS development",These results showed a smoking-dependent effect of the T-786C eNOS polymorphism on CAD in both Caucasian- and African-Brazilians.,16842798,Our results suggest that eNOS polymorphisms may be an additional risk factor in development of ACS.,22475779,NotContradiction
as_000498,"In patients with choronary artery disease, is mutation or polymorphisms in endothelial nitric oxide synthase gene associated with CAD or MI or ACS development",These results showed a smoking-dependent effect of the T-786C eNOS polymorphism on CAD in both Caucasian- and African-Brazilians.,16842798,The C/C promoter variant of eNOS can be considered a risk factor for acute coronary syndrome in the Ukrainian population.,18651012,NotContradiction
as_000499,"In patients with choronary artery disease, is mutation or polymorphisms in endothelial nitric oxide synthase gene associated with CAD or MI or ACS development",These results showed a smoking-dependent effect of the T-786C eNOS polymorphism on CAD in both Caucasian- and African-Brazilians.,16842798,The present study demonstrates that polymorphisms of the eNOS -786T>C and 4a4b are associated with coronary artery disease with adjustments for cardiovascular risk factors in the Koreans.,16842840,NotContradiction
as_000500,"In patients with choronary artery disease, is mutation or polymorphisms in endothelial nitric oxide synthase gene associated with CAD or MI or ACS development",These results showed a smoking-dependent effect of the T-786C eNOS polymorphism on CAD in both Caucasian- and African-Brazilians.,16842798,"In conclusion, no appreciable differences between CAD+ and CAD- samples were found in terms of polymorphisms mentioned above.",19435423,Contradiction
as_000501,"In patients with choronary artery disease, is mutation or polymorphisms in endothelial nitric oxide synthase gene associated with CAD or MI or ACS development",These results showed a smoking-dependent effect of the T-786C eNOS polymorphism on CAD in both Caucasian- and African-Brazilians.,16842798,"We found no association of eNOS - 786C and 894T variant alleles with CAD; however, within CABG patients, a gene-environment interaction was found between the eNOS 894T allele and smoking.",20846926,Contradiction
as_000502,"In patients with choronary artery disease, is mutation or polymorphisms in endothelial nitric oxide synthase gene associated with CAD or MI or ACS development",These results showed a smoking-dependent effect of the T-786C eNOS polymorphism on CAD in both Caucasian- and African-Brazilians.,16842798,The present study showed lack of association between NOS3 gene polymorphisms and MI in South Indian population.,23108994,Contradiction
as_000503,"In patients with choronary artery disease, is mutation or polymorphisms in endothelial nitric oxide synthase gene associated with CAD or MI or ACS development",These results showed a smoking-dependent effect of the T-786C eNOS polymorphism on CAD in both Caucasian- and African-Brazilians.,16842798,"Each of 3 mutations (-786TC, -922AG, or -1468TA) in the 5'-flanking region of eNOS gene may play a role in the pathogenesis of MI in Korean population, and also provides an evidence for a significant interaction between these mutations and smoking.",16157324,NotContradiction
as_000504,"In patients with choronary artery disease, is mutation or polymorphisms in endothelial nitric oxide synthase gene associated with CAD or MI or ACS development",These results showed a smoking-dependent effect of the T-786C eNOS polymorphism on CAD in both Caucasian- and African-Brazilians.,16842798,The -786T > C was the polymorphism associated with severe CAD in this study.,16026776,NotContradiction
as_000505,"In patients with choronary artery disease, is mutation or polymorphisms in endothelial nitric oxide synthase gene associated with CAD or MI or ACS development",These results showed a smoking-dependent effect of the T-786C eNOS polymorphism on CAD in both Caucasian- and African-Brazilians.,16842798,"In conclusion, the T(-786)-->C mutation was strongly associated with MI, especially without coronary arterial stenosis, in Japanese patients.",10980213,NotContradiction
as_000506,"In patients with choronary artery disease, is mutation or polymorphisms in endothelial nitric oxide synthase gene associated with CAD or MI or ACS development",These results showed a smoking-dependent effect of the T-786C eNOS polymorphism on CAD in both Caucasian- and African-Brazilians.,16842798,"The significantly high frequency of eNOS -786C/C genotype in ACS patients than in those of controls, indicate the genotype association with ACS.",18298848,NotContradiction
as_000507,"In patients with choronary artery disease, is mutation or polymorphisms in endothelial nitric oxide synthase gene associated with CAD or MI or ACS development",These results showed a smoking-dependent effect of the T-786C eNOS polymorphism on CAD in both Caucasian- and African-Brazilians.,16842798,The T-786C polymorphism of the eNOS gene appears to be an independent risk factor for CAD in Chinese Hans.,20215811,NotContradiction
as_000508,"In patients with choronary artery disease, is mutation or polymorphisms in endothelial nitric oxide synthase gene associated with CAD or MI or ACS development",These results showed a smoking-dependent effect of the T-786C eNOS polymorphism on CAD in both Caucasian- and African-Brazilians.,16842798,The presence of the eNOS 4a4a genotype represents a predisposing condition to ACS and in particular to acute myocardial infarction.,14999203,NotContradiction
as_000509,"In patients with choronary artery disease, is mutation or polymorphisms in endothelial nitric oxide synthase gene associated with CAD or MI or ACS development",These results showed a smoking-dependent effect of the T-786C eNOS polymorphism on CAD in both Caucasian- and African-Brazilians.,16842798,We conclude that the T-786 C polymorphism of eNOS gene might be a risk factor for coronary artery disease in the Turkish population.,17151815,NotContradiction
as_000510,"In patients with choronary artery disease, is mutation or polymorphisms in endothelial nitric oxide synthase gene associated with CAD or MI or ACS development","The polymorphisms within eNOS gene G10T, 894G/T, and -786T/C were not associated with the increased risk of MI.",19505886,"In a large case-control study, and in contrast to some earlier positive findings by others, we have found no evidence for an association between several eNOS gene polymorphisms and premature CAD in an Australian Caucasian population.",11551002,NotContradiction
as_000511,"In patients with choronary artery disease, is mutation or polymorphisms in endothelial nitric oxide synthase gene associated with CAD or MI or ACS development","The polymorphisms within eNOS gene G10T, 894G/T, and -786T/C were not associated with the increased risk of MI.",19505886,Our results suggest that eNOS polymorphisms may be an additional risk factor in development of ACS.,22475779,Contradiction
as_000512,"In patients with choronary artery disease, is mutation or polymorphisms in endothelial nitric oxide synthase gene associated with CAD or MI or ACS development","The polymorphisms within eNOS gene G10T, 894G/T, and -786T/C were not associated with the increased risk of MI.",19505886,The C/C promoter variant of eNOS can be considered a risk factor for acute coronary syndrome in the Ukrainian population.,18651012,Contradiction
as_000513,"In patients with choronary artery disease, is mutation or polymorphisms in endothelial nitric oxide synthase gene associated with CAD or MI or ACS development","The polymorphisms within eNOS gene G10T, 894G/T, and -786T/C were not associated with the increased risk of MI.",19505886,The present study demonstrates that polymorphisms of the eNOS -786T>C and 4a4b are associated with coronary artery disease with adjustments for cardiovascular risk factors in the Koreans.,16842840,Contradiction
as_000514,"In patients with choronary artery disease, is mutation or polymorphisms in endothelial nitric oxide synthase gene associated with CAD or MI or ACS development","The polymorphisms within eNOS gene G10T, 894G/T, and -786T/C were not associated with the increased risk of MI.",19505886,"In conclusion, no appreciable differences between CAD+ and CAD- samples were found in terms of polymorphisms mentioned above.",19435423,NotContradiction
as_000515,"In patients with choronary artery disease, is mutation or polymorphisms in endothelial nitric oxide synthase gene associated with CAD or MI or ACS development","The polymorphisms within eNOS gene G10T, 894G/T, and -786T/C were not associated with the increased risk of MI.",19505886,"We found no association of eNOS - 786C and 894T variant alleles with CAD; however, within CABG patients, a gene-environment interaction was found between the eNOS 894T allele and smoking.",20846926,NotContradiction
as_000516,"In patients with choronary artery disease, is mutation or polymorphisms in endothelial nitric oxide synthase gene associated with CAD or MI or ACS development","The polymorphisms within eNOS gene G10T, 894G/T, and -786T/C were not associated with the increased risk of MI.",19505886,The present study showed lack of association between NOS3 gene polymorphisms and MI in South Indian population.,23108994,NotContradiction
as_000517,"In patients with choronary artery disease, is mutation or polymorphisms in endothelial nitric oxide synthase gene associated with CAD or MI or ACS development","The polymorphisms within eNOS gene G10T, 894G/T, and -786T/C were not associated with the increased risk of MI.",19505886,"Each of 3 mutations (-786TC, -922AG, or -1468TA) in the 5'-flanking region of eNOS gene may play a role in the pathogenesis of MI in Korean population, and also provides an evidence for a significant interaction between these mutations and smoking.",16157324,Contradiction
as_000518,"In patients with choronary artery disease, is mutation or polymorphisms in endothelial nitric oxide synthase gene associated with CAD or MI or ACS development","The polymorphisms within eNOS gene G10T, 894G/T, and -786T/C were not associated with the increased risk of MI.",19505886,The -786T > C was the polymorphism associated with severe CAD in this study.,16026776,Contradiction
as_000519,"In patients with choronary artery disease, is mutation or polymorphisms in endothelial nitric oxide synthase gene associated with CAD or MI or ACS development","The polymorphisms within eNOS gene G10T, 894G/T, and -786T/C were not associated with the increased risk of MI.",19505886,"In conclusion, the T(-786)-->C mutation was strongly associated with MI, especially without coronary arterial stenosis, in Japanese patients.",10980213,Contradiction
as_000520,"In patients with choronary artery disease, is mutation or polymorphisms in endothelial nitric oxide synthase gene associated with CAD or MI or ACS development","The polymorphisms within eNOS gene G10T, 894G/T, and -786T/C were not associated with the increased risk of MI.",19505886,"The significantly high frequency of eNOS -786C/C genotype in ACS patients than in those of controls, indicate the genotype association with ACS.",18298848,Contradiction
as_000521,"In patients with choronary artery disease, is mutation or polymorphisms in endothelial nitric oxide synthase gene associated with CAD or MI or ACS development","The polymorphisms within eNOS gene G10T, 894G/T, and -786T/C were not associated with the increased risk of MI.",19505886,The T-786C polymorphism of the eNOS gene appears to be an independent risk factor for CAD in Chinese Hans.,20215811,Contradiction
as_000522,"In patients with choronary artery disease, is mutation or polymorphisms in endothelial nitric oxide synthase gene associated with CAD or MI or ACS development","The polymorphisms within eNOS gene G10T, 894G/T, and -786T/C were not associated with the increased risk of MI.",19505886,The presence of the eNOS 4a4a genotype represents a predisposing condition to ACS and in particular to acute myocardial infarction.,14999203,Contradiction
as_000523,"In patients with choronary artery disease, is mutation or polymorphisms in endothelial nitric oxide synthase gene associated with CAD or MI or ACS development","The polymorphisms within eNOS gene G10T, 894G/T, and -786T/C were not associated with the increased risk of MI.",19505886,We conclude that the T-786 C polymorphism of eNOS gene might be a risk factor for coronary artery disease in the Turkish population.,17151815,Contradiction
as_000524,"In patients with choronary artery disease, is mutation or polymorphisms in endothelial nitric oxide synthase gene associated with CAD or MI or ACS development","In a large case-control study, and in contrast to some earlier positive findings by others, we have found no evidence for an association between several eNOS gene polymorphisms and premature CAD in an Australian Caucasian population.",11551002,Our results suggest that eNOS polymorphisms may be an additional risk factor in development of ACS.,22475779,Contradiction
as_000525,"In patients with choronary artery disease, is mutation or polymorphisms in endothelial nitric oxide synthase gene associated with CAD or MI or ACS development","In a large case-control study, and in contrast to some earlier positive findings by others, we have found no evidence for an association between several eNOS gene polymorphisms and premature CAD in an Australian Caucasian population.",11551002,The C/C promoter variant of eNOS can be considered a risk factor for acute coronary syndrome in the Ukrainian population.,18651012,Contradiction
as_000526,"In patients with choronary artery disease, is mutation or polymorphisms in endothelial nitric oxide synthase gene associated with CAD or MI or ACS development","In a large case-control study, and in contrast to some earlier positive findings by others, we have found no evidence for an association between several eNOS gene polymorphisms and premature CAD in an Australian Caucasian population.",11551002,The present study demonstrates that polymorphisms of the eNOS -786T>C and 4a4b are associated with coronary artery disease with adjustments for cardiovascular risk factors in the Koreans.,16842840,Contradiction
as_000527,"In patients with choronary artery disease, is mutation or polymorphisms in endothelial nitric oxide synthase gene associated with CAD or MI or ACS development","In a large case-control study, and in contrast to some earlier positive findings by others, we have found no evidence for an association between several eNOS gene polymorphisms and premature CAD in an Australian Caucasian population.",11551002,"In conclusion, no appreciable differences between CAD+ and CAD- samples were found in terms of polymorphisms mentioned above.",19435423,NotContradiction
as_000528,"In patients with choronary artery disease, is mutation or polymorphisms in endothelial nitric oxide synthase gene associated with CAD or MI or ACS development","In a large case-control study, and in contrast to some earlier positive findings by others, we have found no evidence for an association between several eNOS gene polymorphisms and premature CAD in an Australian Caucasian population.",11551002,"We found no association of eNOS - 786C and 894T variant alleles with CAD; however, within CABG patients, a gene-environment interaction was found between the eNOS 894T allele and smoking.",20846926,NotContradiction
as_000529,"In patients with choronary artery disease, is mutation or polymorphisms in endothelial nitric oxide synthase gene associated with CAD or MI or ACS development","In a large case-control study, and in contrast to some earlier positive findings by others, we have found no evidence for an association between several eNOS gene polymorphisms and premature CAD in an Australian Caucasian population.",11551002,The present study showed lack of association between NOS3 gene polymorphisms and MI in South Indian population.,23108994,NotContradiction
as_000530,"In patients with choronary artery disease, is mutation or polymorphisms in endothelial nitric oxide synthase gene associated with CAD or MI or ACS development","In a large case-control study, and in contrast to some earlier positive findings by others, we have found no evidence for an association between several eNOS gene polymorphisms and premature CAD in an Australian Caucasian population.",11551002,"Each of 3 mutations (-786TC, -922AG, or -1468TA) in the 5'-flanking region of eNOS gene may play a role in the pathogenesis of MI in Korean population, and also provides an evidence for a significant interaction between these mutations and smoking.",16157324,Contradiction
as_000531,"In patients with choronary artery disease, is mutation or polymorphisms in endothelial nitric oxide synthase gene associated with CAD or MI or ACS development","In a large case-control study, and in contrast to some earlier positive findings by others, we have found no evidence for an association between several eNOS gene polymorphisms and premature CAD in an Australian Caucasian population.",11551002,The -786T > C was the polymorphism associated with severe CAD in this study.,16026776,Contradiction
as_000532,"In patients with choronary artery disease, is mutation or polymorphisms in endothelial nitric oxide synthase gene associated with CAD or MI or ACS development","In a large case-control study, and in contrast to some earlier positive findings by others, we have found no evidence for an association between several eNOS gene polymorphisms and premature CAD in an Australian Caucasian population.",11551002,"In conclusion, the T(-786)-->C mutation was strongly associated with MI, especially without coronary arterial stenosis, in Japanese patients.",10980213,Contradiction
as_000533,"In patients with choronary artery disease, is mutation or polymorphisms in endothelial nitric oxide synthase gene associated with CAD or MI or ACS development","In a large case-control study, and in contrast to some earlier positive findings by others, we have found no evidence for an association between several eNOS gene polymorphisms and premature CAD in an Australian Caucasian population.",11551002,"The significantly high frequency of eNOS -786C/C genotype in ACS patients than in those of controls, indicate the genotype association with ACS.",18298848,Contradiction
as_000534,"In patients with choronary artery disease, is mutation or polymorphisms in endothelial nitric oxide synthase gene associated with CAD or MI or ACS development","In a large case-control study, and in contrast to some earlier positive findings by others, we have found no evidence for an association between several eNOS gene polymorphisms and premature CAD in an Australian Caucasian population.",11551002,The T-786C polymorphism of the eNOS gene appears to be an independent risk factor for CAD in Chinese Hans.,20215811,Contradiction
as_000535,"In patients with choronary artery disease, is mutation or polymorphisms in endothelial nitric oxide synthase gene associated with CAD or MI or ACS development","In a large case-control study, and in contrast to some earlier positive findings by others, we have found no evidence for an association between several eNOS gene polymorphisms and premature CAD in an Australian Caucasian population.",11551002,The presence of the eNOS 4a4a genotype represents a predisposing condition to ACS and in particular to acute myocardial infarction.,14999203,Contradiction
as_000536,"In patients with choronary artery disease, is mutation or polymorphisms in endothelial nitric oxide synthase gene associated with CAD or MI or ACS development","In a large case-control study, and in contrast to some earlier positive findings by others, we have found no evidence for an association between several eNOS gene polymorphisms and premature CAD in an Australian Caucasian population.",11551002,We conclude that the T-786 C polymorphism of eNOS gene might be a risk factor for coronary artery disease in the Turkish population.,17151815,Contradiction
as_000537,"In patients with choronary artery disease, is mutation or polymorphisms in endothelial nitric oxide synthase gene associated with CAD or MI or ACS development",Our results suggest that eNOS polymorphisms may be an additional risk factor in development of ACS.,22475779,The C/C promoter variant of eNOS can be considered a risk factor for acute coronary syndrome in the Ukrainian population.,18651012,NotContradiction
as_000538,"In patients with choronary artery disease, is mutation or polymorphisms in endothelial nitric oxide synthase gene associated with CAD or MI or ACS development",Our results suggest that eNOS polymorphisms may be an additional risk factor in development of ACS.,22475779,The present study demonstrates that polymorphisms of the eNOS -786T>C and 4a4b are associated with coronary artery disease with adjustments for cardiovascular risk factors in the Koreans.,16842840,NotContradiction
as_000539,"In patients with choronary artery disease, is mutation or polymorphisms in endothelial nitric oxide synthase gene associated with CAD or MI or ACS development",Our results suggest that eNOS polymorphisms may be an additional risk factor in development of ACS.,22475779,"In conclusion, no appreciable differences between CAD+ and CAD- samples were found in terms of polymorphisms mentioned above.",19435423,Contradiction
as_000540,"In patients with choronary artery disease, is mutation or polymorphisms in endothelial nitric oxide synthase gene associated with CAD or MI or ACS development",Our results suggest that eNOS polymorphisms may be an additional risk factor in development of ACS.,22475779,"We found no association of eNOS - 786C and 894T variant alleles with CAD; however, within CABG patients, a gene-environment interaction was found between the eNOS 894T allele and smoking.",20846926,Contradiction
as_000541,"In patients with choronary artery disease, is mutation or polymorphisms in endothelial nitric oxide synthase gene associated with CAD or MI or ACS development",Our results suggest that eNOS polymorphisms may be an additional risk factor in development of ACS.,22475779,The present study showed lack of association between NOS3 gene polymorphisms and MI in South Indian population.,23108994,Contradiction
as_000542,"In patients with choronary artery disease, is mutation or polymorphisms in endothelial nitric oxide synthase gene associated with CAD or MI or ACS development",Our results suggest that eNOS polymorphisms may be an additional risk factor in development of ACS.,22475779,"Each of 3 mutations (-786TC, -922AG, or -1468TA) in the 5'-flanking region of eNOS gene may play a role in the pathogenesis of MI in Korean population, and also provides an evidence for a significant interaction between these mutations and smoking.",16157324,NotContradiction
as_000543,"In patients with choronary artery disease, is mutation or polymorphisms in endothelial nitric oxide synthase gene associated with CAD or MI or ACS development",Our results suggest that eNOS polymorphisms may be an additional risk factor in development of ACS.,22475779,The -786T > C was the polymorphism associated with severe CAD in this study.,16026776,NotContradiction
as_000544,"In patients with choronary artery disease, is mutation or polymorphisms in endothelial nitric oxide synthase gene associated with CAD or MI or ACS development",Our results suggest that eNOS polymorphisms may be an additional risk factor in development of ACS.,22475779,"In conclusion, the T(-786)-->C mutation was strongly associated with MI, especially without coronary arterial stenosis, in Japanese patients.",10980213,NotContradiction
as_000545,"In patients with choronary artery disease, is mutation or polymorphisms in endothelial nitric oxide synthase gene associated with CAD or MI or ACS development",Our results suggest that eNOS polymorphisms may be an additional risk factor in development of ACS.,22475779,"The significantly high frequency of eNOS -786C/C genotype in ACS patients than in those of controls, indicate the genotype association with ACS.",18298848,NotContradiction
as_000546,"In patients with choronary artery disease, is mutation or polymorphisms in endothelial nitric oxide synthase gene associated with CAD or MI or ACS development",Our results suggest that eNOS polymorphisms may be an additional risk factor in development of ACS.,22475779,The T-786C polymorphism of the eNOS gene appears to be an independent risk factor for CAD in Chinese Hans.,20215811,NotContradiction
as_000547,"In patients with choronary artery disease, is mutation or polymorphisms in endothelial nitric oxide synthase gene associated with CAD or MI or ACS development",Our results suggest that eNOS polymorphisms may be an additional risk factor in development of ACS.,22475779,The presence of the eNOS 4a4a genotype represents a predisposing condition to ACS and in particular to acute myocardial infarction.,14999203,NotContradiction
as_000548,"In patients with choronary artery disease, is mutation or polymorphisms in endothelial nitric oxide synthase gene associated with CAD or MI or ACS development",Our results suggest that eNOS polymorphisms may be an additional risk factor in development of ACS.,22475779,We conclude that the T-786 C polymorphism of eNOS gene might be a risk factor for coronary artery disease in the Turkish population.,17151815,NotContradiction
as_000549,"In patients with choronary artery disease, is mutation or polymorphisms in endothelial nitric oxide synthase gene associated with CAD or MI or ACS development",The C/C promoter variant of eNOS can be considered a risk factor for acute coronary syndrome in the Ukrainian population.,18651012,The present study demonstrates that polymorphisms of the eNOS -786T>C and 4a4b are associated with coronary artery disease with adjustments for cardiovascular risk factors in the Koreans.,16842840,NotContradiction
as_000550,"In patients with choronary artery disease, is mutation or polymorphisms in endothelial nitric oxide synthase gene associated with CAD or MI or ACS development",The C/C promoter variant of eNOS can be considered a risk factor for acute coronary syndrome in the Ukrainian population.,18651012,"In conclusion, no appreciable differences between CAD+ and CAD- samples were found in terms of polymorphisms mentioned above.",19435423,Contradiction
as_000551,"In patients with choronary artery disease, is mutation or polymorphisms in endothelial nitric oxide synthase gene associated with CAD or MI or ACS development",The C/C promoter variant of eNOS can be considered a risk factor for acute coronary syndrome in the Ukrainian population.,18651012,"We found no association of eNOS - 786C and 894T variant alleles with CAD; however, within CABG patients, a gene-environment interaction was found between the eNOS 894T allele and smoking.",20846926,Contradiction
as_000552,"In patients with choronary artery disease, is mutation or polymorphisms in endothelial nitric oxide synthase gene associated with CAD or MI or ACS development",The C/C promoter variant of eNOS can be considered a risk factor for acute coronary syndrome in the Ukrainian population.,18651012,The present study showed lack of association between NOS3 gene polymorphisms and MI in South Indian population.,23108994,Contradiction
as_000553,"In patients with choronary artery disease, is mutation or polymorphisms in endothelial nitric oxide synthase gene associated with CAD or MI or ACS development",The C/C promoter variant of eNOS can be considered a risk factor for acute coronary syndrome in the Ukrainian population.,18651012,"Each of 3 mutations (-786TC, -922AG, or -1468TA) in the 5'-flanking region of eNOS gene may play a role in the pathogenesis of MI in Korean population, and also provides an evidence for a significant interaction between these mutations and smoking.",16157324,NotContradiction
as_000554,"In patients with choronary artery disease, is mutation or polymorphisms in endothelial nitric oxide synthase gene associated with CAD or MI or ACS development",The C/C promoter variant of eNOS can be considered a risk factor for acute coronary syndrome in the Ukrainian population.,18651012,The -786T > C was the polymorphism associated with severe CAD in this study.,16026776,NotContradiction
as_000555,"In patients with choronary artery disease, is mutation or polymorphisms in endothelial nitric oxide synthase gene associated with CAD or MI or ACS development",The C/C promoter variant of eNOS can be considered a risk factor for acute coronary syndrome in the Ukrainian population.,18651012,"In conclusion, the T(-786)-->C mutation was strongly associated with MI, especially without coronary arterial stenosis, in Japanese patients.",10980213,NotContradiction
as_000556,"In patients with choronary artery disease, is mutation or polymorphisms in endothelial nitric oxide synthase gene associated with CAD or MI or ACS development",The C/C promoter variant of eNOS can be considered a risk factor for acute coronary syndrome in the Ukrainian population.,18651012,"The significantly high frequency of eNOS -786C/C genotype in ACS patients than in those of controls, indicate the genotype association with ACS.",18298848,NotContradiction
as_000557,"In patients with choronary artery disease, is mutation or polymorphisms in endothelial nitric oxide synthase gene associated with CAD or MI or ACS development",The C/C promoter variant of eNOS can be considered a risk factor for acute coronary syndrome in the Ukrainian population.,18651012,The T-786C polymorphism of the eNOS gene appears to be an independent risk factor for CAD in Chinese Hans.,20215811,NotContradiction
as_000558,"In patients with choronary artery disease, is mutation or polymorphisms in endothelial nitric oxide synthase gene associated with CAD or MI or ACS development",The C/C promoter variant of eNOS can be considered a risk factor for acute coronary syndrome in the Ukrainian population.,18651012,The presence of the eNOS 4a4a genotype represents a predisposing condition to ACS and in particular to acute myocardial infarction.,14999203,NotContradiction
as_000559,"In patients with choronary artery disease, is mutation or polymorphisms in endothelial nitric oxide synthase gene associated with CAD or MI or ACS development",The C/C promoter variant of eNOS can be considered a risk factor for acute coronary syndrome in the Ukrainian population.,18651012,We conclude that the T-786 C polymorphism of eNOS gene might be a risk factor for coronary artery disease in the Turkish population.,17151815,NotContradiction
as_000560,"In patients with choronary artery disease, is mutation or polymorphisms in endothelial nitric oxide synthase gene associated with CAD or MI or ACS development",The present study demonstrates that polymorphisms of the eNOS -786T>C and 4a4b are associated with coronary artery disease with adjustments for cardiovascular risk factors in the Koreans.,16842840,"In conclusion, no appreciable differences between CAD+ and CAD- samples were found in terms of polymorphisms mentioned above.",19435423,Contradiction
as_000561,"In patients with choronary artery disease, is mutation or polymorphisms in endothelial nitric oxide synthase gene associated with CAD or MI or ACS development",The present study demonstrates that polymorphisms of the eNOS -786T>C and 4a4b are associated with coronary artery disease with adjustments for cardiovascular risk factors in the Koreans.,16842840,"We found no association of eNOS - 786C and 894T variant alleles with CAD; however, within CABG patients, a gene-environment interaction was found between the eNOS 894T allele and smoking.",20846926,Contradiction
as_000562,"In patients with choronary artery disease, is mutation or polymorphisms in endothelial nitric oxide synthase gene associated with CAD or MI or ACS development",The present study demonstrates that polymorphisms of the eNOS -786T>C and 4a4b are associated with coronary artery disease with adjustments for cardiovascular risk factors in the Koreans.,16842840,The present study showed lack of association between NOS3 gene polymorphisms and MI in South Indian population.,23108994,Contradiction
as_000563,"In patients with choronary artery disease, is mutation or polymorphisms in endothelial nitric oxide synthase gene associated with CAD or MI or ACS development",The present study demonstrates that polymorphisms of the eNOS -786T>C and 4a4b are associated with coronary artery disease with adjustments for cardiovascular risk factors in the Koreans.,16842840,"Each of 3 mutations (-786TC, -922AG, or -1468TA) in the 5'-flanking region of eNOS gene may play a role in the pathogenesis of MI in Korean population, and also provides an evidence for a significant interaction between these mutations and smoking.",16157324,NotContradiction
as_000564,"In patients with choronary artery disease, is mutation or polymorphisms in endothelial nitric oxide synthase gene associated with CAD or MI or ACS development",The present study demonstrates that polymorphisms of the eNOS -786T>C and 4a4b are associated with coronary artery disease with adjustments for cardiovascular risk factors in the Koreans.,16842840,The -786T > C was the polymorphism associated with severe CAD in this study.,16026776,NotContradiction
as_000565,"In patients with choronary artery disease, is mutation or polymorphisms in endothelial nitric oxide synthase gene associated with CAD or MI or ACS development",The present study demonstrates that polymorphisms of the eNOS -786T>C and 4a4b are associated with coronary artery disease with adjustments for cardiovascular risk factors in the Koreans.,16842840,"In conclusion, the T(-786)-->C mutation was strongly associated with MI, especially without coronary arterial stenosis, in Japanese patients.",10980213,NotContradiction
as_000566,"In patients with choronary artery disease, is mutation or polymorphisms in endothelial nitric oxide synthase gene associated with CAD or MI or ACS development",The present study demonstrates that polymorphisms of the eNOS -786T>C and 4a4b are associated with coronary artery disease with adjustments for cardiovascular risk factors in the Koreans.,16842840,"The significantly high frequency of eNOS -786C/C genotype in ACS patients than in those of controls, indicate the genotype association with ACS.",18298848,NotContradiction
as_000567,"In patients with choronary artery disease, is mutation or polymorphisms in endothelial nitric oxide synthase gene associated with CAD or MI or ACS development",The present study demonstrates that polymorphisms of the eNOS -786T>C and 4a4b are associated with coronary artery disease with adjustments for cardiovascular risk factors in the Koreans.,16842840,The T-786C polymorphism of the eNOS gene appears to be an independent risk factor for CAD in Chinese Hans.,20215811,NotContradiction
as_000568,"In patients with choronary artery disease, is mutation or polymorphisms in endothelial nitric oxide synthase gene associated with CAD or MI or ACS development",The present study demonstrates that polymorphisms of the eNOS -786T>C and 4a4b are associated with coronary artery disease with adjustments for cardiovascular risk factors in the Koreans.,16842840,The presence of the eNOS 4a4a genotype represents a predisposing condition to ACS and in particular to acute myocardial infarction.,14999203,NotContradiction
as_000569,"In patients with choronary artery disease, is mutation or polymorphisms in endothelial nitric oxide synthase gene associated with CAD or MI or ACS development",The present study demonstrates that polymorphisms of the eNOS -786T>C and 4a4b are associated with coronary artery disease with adjustments for cardiovascular risk factors in the Koreans.,16842840,We conclude that the T-786 C polymorphism of eNOS gene might be a risk factor for coronary artery disease in the Turkish population.,17151815,NotContradiction
as_000570,"In patients with choronary artery disease, is mutation or polymorphisms in endothelial nitric oxide synthase gene associated with CAD or MI or ACS development","In conclusion, no appreciable differences between CAD+ and CAD- samples were found in terms of polymorphisms mentioned above.",19435423,"We found no association of eNOS - 786C and 894T variant alleles with CAD; however, within CABG patients, a gene-environment interaction was found between the eNOS 894T allele and smoking.",20846926,NotContradiction
as_000571,"In patients with choronary artery disease, is mutation or polymorphisms in endothelial nitric oxide synthase gene associated with CAD or MI or ACS development","In conclusion, no appreciable differences between CAD+ and CAD- samples were found in terms of polymorphisms mentioned above.",19435423,The present study showed lack of association between NOS3 gene polymorphisms and MI in South Indian population.,23108994,NotContradiction
as_000572,"In patients with choronary artery disease, is mutation or polymorphisms in endothelial nitric oxide synthase gene associated with CAD or MI or ACS development","In conclusion, no appreciable differences between CAD+ and CAD- samples were found in terms of polymorphisms mentioned above.",19435423,"Each of 3 mutations (-786TC, -922AG, or -1468TA) in the 5'-flanking region of eNOS gene may play a role in the pathogenesis of MI in Korean population, and also provides an evidence for a significant interaction between these mutations and smoking.",16157324,Contradiction
as_000573,"In patients with choronary artery disease, is mutation or polymorphisms in endothelial nitric oxide synthase gene associated with CAD or MI or ACS development","In conclusion, no appreciable differences between CAD+ and CAD- samples were found in terms of polymorphisms mentioned above.",19435423,The -786T > C was the polymorphism associated with severe CAD in this study.,16026776,Contradiction
as_000574,"In patients with choronary artery disease, is mutation or polymorphisms in endothelial nitric oxide synthase gene associated with CAD or MI or ACS development","In conclusion, no appreciable differences between CAD+ and CAD- samples were found in terms of polymorphisms mentioned above.",19435423,"In conclusion, the T(-786)-->C mutation was strongly associated with MI, especially without coronary arterial stenosis, in Japanese patients.",10980213,Contradiction
as_000575,"In patients with choronary artery disease, is mutation or polymorphisms in endothelial nitric oxide synthase gene associated with CAD or MI or ACS development","In conclusion, no appreciable differences between CAD+ and CAD- samples were found in terms of polymorphisms mentioned above.",19435423,"The significantly high frequency of eNOS -786C/C genotype in ACS patients than in those of controls, indicate the genotype association with ACS.",18298848,Contradiction
as_000576,"In patients with choronary artery disease, is mutation or polymorphisms in endothelial nitric oxide synthase gene associated with CAD or MI or ACS development","In conclusion, no appreciable differences between CAD+ and CAD- samples were found in terms of polymorphisms mentioned above.",19435423,The T-786C polymorphism of the eNOS gene appears to be an independent risk factor for CAD in Chinese Hans.,20215811,Contradiction
as_000577,"In patients with choronary artery disease, is mutation or polymorphisms in endothelial nitric oxide synthase gene associated with CAD or MI or ACS development","In conclusion, no appreciable differences between CAD+ and CAD- samples were found in terms of polymorphisms mentioned above.",19435423,The presence of the eNOS 4a4a genotype represents a predisposing condition to ACS and in particular to acute myocardial infarction.,14999203,Contradiction
as_000578,"In patients with choronary artery disease, is mutation or polymorphisms in endothelial nitric oxide synthase gene associated with CAD or MI or ACS development","In conclusion, no appreciable differences between CAD+ and CAD- samples were found in terms of polymorphisms mentioned above.",19435423,We conclude that the T-786 C polymorphism of eNOS gene might be a risk factor for coronary artery disease in the Turkish population.,17151815,Contradiction
as_000579,"In patients with choronary artery disease, is mutation or polymorphisms in endothelial nitric oxide synthase gene associated with CAD or MI or ACS development","We found no association of eNOS - 786C and 894T variant alleles with CAD; however, within CABG patients, a gene-environment interaction was found between the eNOS 894T allele and smoking.",20846926,The present study showed lack of association between NOS3 gene polymorphisms and MI in South Indian population.,23108994,NotContradiction
as_000580,"In patients with choronary artery disease, is mutation or polymorphisms in endothelial nitric oxide synthase gene associated with CAD or MI or ACS development","We found no association of eNOS - 786C and 894T variant alleles with CAD; however, within CABG patients, a gene-environment interaction was found between the eNOS 894T allele and smoking.",20846926,"Each of 3 mutations (-786TC, -922AG, or -1468TA) in the 5'-flanking region of eNOS gene may play a role in the pathogenesis of MI in Korean population, and also provides an evidence for a significant interaction between these mutations and smoking.",16157324,Contradiction
as_000581,"In patients with choronary artery disease, is mutation or polymorphisms in endothelial nitric oxide synthase gene associated with CAD or MI or ACS development","We found no association of eNOS - 786C and 894T variant alleles with CAD; however, within CABG patients, a gene-environment interaction was found between the eNOS 894T allele and smoking.",20846926,The -786T > C was the polymorphism associated with severe CAD in this study.,16026776,Contradiction
as_000582,"In patients with choronary artery disease, is mutation or polymorphisms in endothelial nitric oxide synthase gene associated with CAD or MI or ACS development","We found no association of eNOS - 786C and 894T variant alleles with CAD; however, within CABG patients, a gene-environment interaction was found between the eNOS 894T allele and smoking.",20846926,"In conclusion, the T(-786)-->C mutation was strongly associated with MI, especially without coronary arterial stenosis, in Japanese patients.",10980213,Contradiction
as_000583,"In patients with choronary artery disease, is mutation or polymorphisms in endothelial nitric oxide synthase gene associated with CAD or MI or ACS development","We found no association of eNOS - 786C and 894T variant alleles with CAD; however, within CABG patients, a gene-environment interaction was found between the eNOS 894T allele and smoking.",20846926,"The significantly high frequency of eNOS -786C/C genotype in ACS patients than in those of controls, indicate the genotype association with ACS.",18298848,Contradiction
as_000584,"In patients with choronary artery disease, is mutation or polymorphisms in endothelial nitric oxide synthase gene associated with CAD or MI or ACS development","We found no association of eNOS - 786C and 894T variant alleles with CAD; however, within CABG patients, a gene-environment interaction was found between the eNOS 894T allele and smoking.",20846926,The T-786C polymorphism of the eNOS gene appears to be an independent risk factor for CAD in Chinese Hans.,20215811,Contradiction
as_000585,"In patients with choronary artery disease, is mutation or polymorphisms in endothelial nitric oxide synthase gene associated with CAD or MI or ACS development","We found no association of eNOS - 786C and 894T variant alleles with CAD; however, within CABG patients, a gene-environment interaction was found between the eNOS 894T allele and smoking.",20846926,The presence of the eNOS 4a4a genotype represents a predisposing condition to ACS and in particular to acute myocardial infarction.,14999203,Contradiction
as_000586,"In patients with choronary artery disease, is mutation or polymorphisms in endothelial nitric oxide synthase gene associated with CAD or MI or ACS development","We found no association of eNOS - 786C and 894T variant alleles with CAD; however, within CABG patients, a gene-environment interaction was found between the eNOS 894T allele and smoking.",20846926,We conclude that the T-786 C polymorphism of eNOS gene might be a risk factor for coronary artery disease in the Turkish population.,17151815,Contradiction
as_000587,"In patients with choronary artery disease, is mutation or polymorphisms in endothelial nitric oxide synthase gene associated with CAD or MI or ACS development",The present study showed lack of association between NOS3 gene polymorphisms and MI in South Indian population.,23108994,"Each of 3 mutations (-786TC, -922AG, or -1468TA) in the 5'-flanking region of eNOS gene may play a role in the pathogenesis of MI in Korean population, and also provides an evidence for a significant interaction between these mutations and smoking.",16157324,Contradiction
as_000588,"In patients with choronary artery disease, is mutation or polymorphisms in endothelial nitric oxide synthase gene associated with CAD or MI or ACS development",The present study showed lack of association between NOS3 gene polymorphisms and MI in South Indian population.,23108994,The -786T > C was the polymorphism associated with severe CAD in this study.,16026776,Contradiction
as_000589,"In patients with choronary artery disease, is mutation or polymorphisms in endothelial nitric oxide synthase gene associated with CAD or MI or ACS development",The present study showed lack of association between NOS3 gene polymorphisms and MI in South Indian population.,23108994,"In conclusion, the T(-786)-->C mutation was strongly associated with MI, especially without coronary arterial stenosis, in Japanese patients.",10980213,Contradiction
as_000590,"In patients with choronary artery disease, is mutation or polymorphisms in endothelial nitric oxide synthase gene associated with CAD or MI or ACS development",The present study showed lack of association between NOS3 gene polymorphisms and MI in South Indian population.,23108994,"The significantly high frequency of eNOS -786C/C genotype in ACS patients than in those of controls, indicate the genotype association with ACS.",18298848,Contradiction
as_000591,"In patients with choronary artery disease, is mutation or polymorphisms in endothelial nitric oxide synthase gene associated with CAD or MI or ACS development",The present study showed lack of association between NOS3 gene polymorphisms and MI in South Indian population.,23108994,The T-786C polymorphism of the eNOS gene appears to be an independent risk factor for CAD in Chinese Hans.,20215811,Contradiction
as_000592,"In patients with choronary artery disease, is mutation or polymorphisms in endothelial nitric oxide synthase gene associated with CAD or MI or ACS development",The present study showed lack of association between NOS3 gene polymorphisms and MI in South Indian population.,23108994,The presence of the eNOS 4a4a genotype represents a predisposing condition to ACS and in particular to acute myocardial infarction.,14999203,Contradiction
as_000593,"In patients with choronary artery disease, is mutation or polymorphisms in endothelial nitric oxide synthase gene associated with CAD or MI or ACS development",The present study showed lack of association between NOS3 gene polymorphisms and MI in South Indian population.,23108994,We conclude that the T-786 C polymorphism of eNOS gene might be a risk factor for coronary artery disease in the Turkish population.,17151815,Contradiction
as_000594,"In patients with choronary artery disease, is mutation or polymorphisms in endothelial nitric oxide synthase gene associated with CAD or MI or ACS development","Each of 3 mutations (-786TC, -922AG, or -1468TA) in the 5'-flanking region of eNOS gene may play a role in the pathogenesis of MI in Korean population, and also provides an evidence for a significant interaction between these mutations and smoking.",16157324,The -786T > C was the polymorphism associated with severe CAD in this study.,16026776,NotContradiction
as_000595,"In patients with choronary artery disease, is mutation or polymorphisms in endothelial nitric oxide synthase gene associated with CAD or MI or ACS development","Each of 3 mutations (-786TC, -922AG, or -1468TA) in the 5'-flanking region of eNOS gene may play a role in the pathogenesis of MI in Korean population, and also provides an evidence for a significant interaction between these mutations and smoking.",16157324,"In conclusion, the T(-786)-->C mutation was strongly associated with MI, especially without coronary arterial stenosis, in Japanese patients.",10980213,NotContradiction
as_000596,"In patients with choronary artery disease, is mutation or polymorphisms in endothelial nitric oxide synthase gene associated with CAD or MI or ACS development","Each of 3 mutations (-786TC, -922AG, or -1468TA) in the 5'-flanking region of eNOS gene may play a role in the pathogenesis of MI in Korean population, and also provides an evidence for a significant interaction between these mutations and smoking.",16157324,"The significantly high frequency of eNOS -786C/C genotype in ACS patients than in those of controls, indicate the genotype association with ACS.",18298848,NotContradiction
as_000597,"In patients with choronary artery disease, is mutation or polymorphisms in endothelial nitric oxide synthase gene associated with CAD or MI or ACS development","Each of 3 mutations (-786TC, -922AG, or -1468TA) in the 5'-flanking region of eNOS gene may play a role in the pathogenesis of MI in Korean population, and also provides an evidence for a significant interaction between these mutations and smoking.",16157324,The T-786C polymorphism of the eNOS gene appears to be an independent risk factor for CAD in Chinese Hans.,20215811,NotContradiction
as_000598,"In patients with choronary artery disease, is mutation or polymorphisms in endothelial nitric oxide synthase gene associated with CAD or MI or ACS development","Each of 3 mutations (-786TC, -922AG, or -1468TA) in the 5'-flanking region of eNOS gene may play a role in the pathogenesis of MI in Korean population, and also provides an evidence for a significant interaction between these mutations and smoking.",16157324,The presence of the eNOS 4a4a genotype represents a predisposing condition to ACS and in particular to acute myocardial infarction.,14999203,NotContradiction
as_000599,"In patients with choronary artery disease, is mutation or polymorphisms in endothelial nitric oxide synthase gene associated with CAD or MI or ACS development","Each of 3 mutations (-786TC, -922AG, or -1468TA) in the 5'-flanking region of eNOS gene may play a role in the pathogenesis of MI in Korean population, and also provides an evidence for a significant interaction between these mutations and smoking.",16157324,We conclude that the T-786 C polymorphism of eNOS gene might be a risk factor for coronary artery disease in the Turkish population.,17151815,NotContradiction
as_000600,"In patients with choronary artery disease, is mutation or polymorphisms in endothelial nitric oxide synthase gene associated with CAD or MI or ACS development",The -786T > C was the polymorphism associated with severe CAD in this study.,16026776,"In conclusion, the T(-786)-->C mutation was strongly associated with MI, especially without coronary arterial stenosis, in Japanese patients.",10980213,NotContradiction
as_000601,"In patients with choronary artery disease, is mutation or polymorphisms in endothelial nitric oxide synthase gene associated with CAD or MI or ACS development",The -786T > C was the polymorphism associated with severe CAD in this study.,16026776,"The significantly high frequency of eNOS -786C/C genotype in ACS patients than in those of controls, indicate the genotype association with ACS.",18298848,NotContradiction
as_000602,"In patients with choronary artery disease, is mutation or polymorphisms in endothelial nitric oxide synthase gene associated with CAD or MI or ACS development",The -786T > C was the polymorphism associated with severe CAD in this study.,16026776,The T-786C polymorphism of the eNOS gene appears to be an independent risk factor for CAD in Chinese Hans.,20215811,NotContradiction
as_000603,"In patients with choronary artery disease, is mutation or polymorphisms in endothelial nitric oxide synthase gene associated with CAD or MI or ACS development",The -786T > C was the polymorphism associated with severe CAD in this study.,16026776,The presence of the eNOS 4a4a genotype represents a predisposing condition to ACS and in particular to acute myocardial infarction.,14999203,NotContradiction
as_000604,"In patients with choronary artery disease, is mutation or polymorphisms in endothelial nitric oxide synthase gene associated with CAD or MI or ACS development",The -786T > C was the polymorphism associated with severe CAD in this study.,16026776,We conclude that the T-786 C polymorphism of eNOS gene might be a risk factor for coronary artery disease in the Turkish population.,17151815,NotContradiction
as_000605,"In patients with choronary artery disease, is mutation or polymorphisms in endothelial nitric oxide synthase gene associated with CAD or MI or ACS development","In conclusion, the T(-786)-->C mutation was strongly associated with MI, especially without coronary arterial stenosis, in Japanese patients.",10980213,"The significantly high frequency of eNOS -786C/C genotype in ACS patients than in those of controls, indicate the genotype association with ACS.",18298848,NotContradiction
as_000606,"In patients with choronary artery disease, is mutation or polymorphisms in endothelial nitric oxide synthase gene associated with CAD or MI or ACS development","In conclusion, the T(-786)-->C mutation was strongly associated with MI, especially without coronary arterial stenosis, in Japanese patients.",10980213,The T-786C polymorphism of the eNOS gene appears to be an independent risk factor for CAD in Chinese Hans.,20215811,NotContradiction
as_000607,"In patients with choronary artery disease, is mutation or polymorphisms in endothelial nitric oxide synthase gene associated with CAD or MI or ACS development","In conclusion, the T(-786)-->C mutation was strongly associated with MI, especially without coronary arterial stenosis, in Japanese patients.",10980213,The presence of the eNOS 4a4a genotype represents a predisposing condition to ACS and in particular to acute myocardial infarction.,14999203,NotContradiction
as_000608,"In patients with choronary artery disease, is mutation or polymorphisms in endothelial nitric oxide synthase gene associated with CAD or MI or ACS development","In conclusion, the T(-786)-->C mutation was strongly associated with MI, especially without coronary arterial stenosis, in Japanese patients.",10980213,We conclude that the T-786 C polymorphism of eNOS gene might be a risk factor for coronary artery disease in the Turkish population.,17151815,NotContradiction
as_000609,"In patients with choronary artery disease, is mutation or polymorphisms in endothelial nitric oxide synthase gene associated with CAD or MI or ACS development","The significantly high frequency of eNOS -786C/C genotype in ACS patients than in those of controls, indicate the genotype association with ACS.",18298848,The T-786C polymorphism of the eNOS gene appears to be an independent risk factor for CAD in Chinese Hans.,20215811,NotContradiction
as_000610,"In patients with choronary artery disease, is mutation or polymorphisms in endothelial nitric oxide synthase gene associated with CAD or MI or ACS development","The significantly high frequency of eNOS -786C/C genotype in ACS patients than in those of controls, indicate the genotype association with ACS.",18298848,The presence of the eNOS 4a4a genotype represents a predisposing condition to ACS and in particular to acute myocardial infarction.,14999203,NotContradiction
as_000611,"In patients with choronary artery disease, is mutation or polymorphisms in endothelial nitric oxide synthase gene associated with CAD or MI or ACS development","The significantly high frequency of eNOS -786C/C genotype in ACS patients than in those of controls, indicate the genotype association with ACS.",18298848,We conclude that the T-786 C polymorphism of eNOS gene might be a risk factor for coronary artery disease in the Turkish population.,17151815,NotContradiction
as_000612,"In patients with choronary artery disease, is mutation or polymorphisms in endothelial nitric oxide synthase gene associated with CAD or MI or ACS development",The T-786C polymorphism of the eNOS gene appears to be an independent risk factor for CAD in Chinese Hans.,20215811,The presence of the eNOS 4a4a genotype represents a predisposing condition to ACS and in particular to acute myocardial infarction.,14999203,NotContradiction
as_000613,"In patients with choronary artery disease, is mutation or polymorphisms in endothelial nitric oxide synthase gene associated with CAD or MI or ACS development",The T-786C polymorphism of the eNOS gene appears to be an independent risk factor for CAD in Chinese Hans.,20215811,We conclude that the T-786 C polymorphism of eNOS gene might be a risk factor for coronary artery disease in the Turkish population.,17151815,NotContradiction
as_000614,"In patients with choronary artery disease, is mutation or polymorphisms in endothelial nitric oxide synthase gene associated with CAD or MI or ACS development",The presence of the eNOS 4a4a genotype represents a predisposing condition to ACS and in particular to acute myocardial infarction.,14999203,We conclude that the T-786 C polymorphism of eNOS gene might be a risk factor for coronary artery disease in the Turkish population.,17151815,NotContradiction
as_000615,"In patients undergoing  coronary bypass surgery, does Aspirin usage, compared to no aspirin, cause bleeding","In patients undergoing a first CABG and with no known factors affecting their coagulation, ASA therapy did not appear to increase blood loss, reopening for bleeding, or blood products usage requirements during the hospital stay.",9412879,Preoperative aspirin therapy does not seem to influence the operative outcome of isolated CABG.,19169991,NotContradiction
as_000616,"In patients undergoing  coronary bypass surgery, does Aspirin usage, compared to no aspirin, cause bleeding","In patients undergoing a first CABG and with no known factors affecting their coagulation, ASA therapy did not appear to increase blood loss, reopening for bleeding, or blood products usage requirements during the hospital stay.",9412879,Aspirin usage within the 5 days preceding coronary artery bypass surgery is associated with a lower risk of postoperative in-hospital mortality and appears to be safe without an associated increased risk of reoperation for bleeding or need for blood product transfusion.,16159833,Contradiction
as_000617,"In patients undergoing  coronary bypass surgery, does Aspirin usage, compared to no aspirin, cause bleeding","In patients undergoing a first CABG and with no known factors affecting their coagulation, ASA therapy did not appear to increase blood loss, reopening for bleeding, or blood products usage requirements during the hospital stay.",9412879,Patients who stop taking aspirin 3 to 7 days preoperatively have little or no increased requirement for allogenic red blood cell transfusion.,11854879,Contradiction
as_000618,"In patients undergoing  coronary bypass surgery, does Aspirin usage, compared to no aspirin, cause bleeding","In patients undergoing a first CABG and with no known factors affecting their coagulation, ASA therapy did not appear to increase blood loss, reopening for bleeding, or blood products usage requirements during the hospital stay.",9412879,"While combined use of aspirin and clopidogrel shortly before CABG surgery may increase the associated risk of excess transfusion of blood products perioperatively, several study limitations prevent any confident conclusions from being drawn.",12769833,Contradiction
as_000619,"In patients undergoing  coronary bypass surgery, does Aspirin usage, compared to no aspirin, cause bleeding","In patients undergoing a first CABG and with no known factors affecting their coagulation, ASA therapy did not appear to increase blood loss, reopening for bleeding, or blood products usage requirements during the hospital stay.",9412879,The administration of aspirin until the operation may improve oxygenation with only a slight increase in bleeding.,15888837,Contradiction
as_000620,"In patients undergoing  coronary bypass surgery, does Aspirin usage, compared to no aspirin, cause bleeding","In patients undergoing a first CABG and with no known factors affecting their coagulation, ASA therapy did not appear to increase blood loss, reopening for bleeding, or blood products usage requirements during the hospital stay.",9412879,Late or no discontinuation of low-dose aspirin before coronary artery bypass grafting may decrease the risk of postoperative stroke without increased postoperative bleeding and need for blood transfusion.,22138313,NotContradiction
as_000621,"In patients undergoing  coronary bypass surgery, does Aspirin usage, compared to no aspirin, cause bleeding","In patients undergoing a first CABG and with no known factors affecting their coagulation, ASA therapy did not appear to increase blood loss, reopening for bleeding, or blood products usage requirements during the hospital stay.",9412879,"Mean mediastinal blood loss was significantly greater in the aspirin group (919 +/- 164 ml., S.E.) than in the control group (437 +/- 61 ml., p less than 0.001).",309032,Contradiction
as_000622,"In patients undergoing  coronary bypass surgery, does Aspirin usage, compared to no aspirin, cause bleeding","In patients undergoing a first CABG and with no known factors affecting their coagulation, ASA therapy did not appear to increase blood loss, reopening for bleeding, or blood products usage requirements during the hospital stay.",9412879,Aspirin does not increase bleeding or increase the need for allogeneic blood transfusion in coronary artery surgery.,21509719,NotContradiction
as_000623,"In patients undergoing  coronary bypass surgery, does Aspirin usage, compared to no aspirin, cause bleeding","In patients undergoing a first CABG and with no known factors affecting their coagulation, ASA therapy did not appear to increase blood loss, reopening for bleeding, or blood products usage requirements during the hospital stay.",9412879,"We conclude that aspirin ingestion increases postoperative blood loss and transfusion requirements, and we recommend discontinuation of aspirin therapy before cardiac procedures.",3257376,Contradiction
as_000624,"In patients undergoing  coronary bypass surgery, does Aspirin usage, compared to no aspirin, cause bleeding","In patients undergoing a first CABG and with no known factors affecting their coagulation, ASA therapy did not appear to increase blood loss, reopening for bleeding, or blood products usage requirements during the hospital stay.",9412879,"Continuation of aspirin administration until the day of surgery may have a protective effect against renal injury resulting from cardiopulmonary bypass, with only a negligible increase in bleeding.",15746633,Contradiction
as_000625,"In patients undergoing  coronary bypass surgery, does Aspirin usage, compared to no aspirin, cause bleeding","In patients undergoing a first CABG and with no known factors affecting their coagulation, ASA therapy did not appear to increase blood loss, reopening for bleeding, or blood products usage requirements during the hospital stay.",9412879,Performing coronary grafts on aspirin is associated with increased postoperative bleeding but may decrease the long-term hazard of coronary events.,22554721,Contradiction
as_000626,"In patients undergoing  coronary bypass surgery, does Aspirin usage, compared to no aspirin, cause bleeding","In patients undergoing a first CABG and with no known factors affecting their coagulation, ASA therapy did not appear to increase blood loss, reopening for bleeding, or blood products usage requirements during the hospital stay.",9412879,Preoperatively administered aspirin and/or heparin did not significantly increase perioperative blood loss or the total amount of transfusion requirements.,15235945,NotContradiction
as_000627,"In patients undergoing  coronary bypass surgery, does Aspirin usage, compared to no aspirin, cause bleeding","In patients undergoing a first CABG and with no known factors affecting their coagulation, ASA therapy did not appear to increase blood loss, reopening for bleeding, or blood products usage requirements during the hospital stay.",9412879,"There was more postoperative blood loss, on average, in patients treated with aspirin, but the difference was not significant.",8377686,Contradiction
as_000628,"In patients undergoing  coronary bypass surgery, does Aspirin usage, compared to no aspirin, cause bleeding","In patients undergoing a first CABG and with no known factors affecting their coagulation, ASA therapy did not appear to increase blood loss, reopening for bleeding, or blood products usage requirements during the hospital stay.",9412879,Patients taking 85-325 mgm of aspirin with a normal bleeding time undergoing elective CABG did not have increased RBC loss or increased transfusion requirements.,2010437,NotContradiction
as_000629,"In patients undergoing  coronary bypass surgery, does Aspirin usage, compared to no aspirin, cause bleeding","In patients undergoing a first CABG and with no known factors affecting their coagulation, ASA therapy did not appear to increase blood loss, reopening for bleeding, or blood products usage requirements during the hospital stay.",9412879,"Preoperative aspirin did not increase bleeding-related complications, mortality rate, or other morbidities in patients who had off-pump coronary artery operation.",12842510,NotContradiction
as_000630,"In patients undergoing  coronary bypass surgery, does Aspirin usage, compared to no aspirin, cause bleeding","In patients undergoing a first CABG and with no known factors affecting their coagulation, ASA therapy did not appear to increase blood loss, reopening for bleeding, or blood products usage requirements during the hospital stay.",9412879,Aspirin pretreatment revealed no beneficial effects and resulted in increased postoperative bleeding and requirement for blood product transfusions after coronary artery bypass grafting in patients with stable angina.,16153930,Contradiction
as_000631,"In patients undergoing  coronary bypass surgery, does Aspirin usage, compared to no aspirin, cause bleeding","In patients undergoing a first CABG and with no known factors affecting their coagulation, ASA therapy did not appear to increase blood loss, reopening for bleeding, or blood products usage requirements during the hospital stay.",9412879,"Mean mediastinal blood loss was significantly greater in 13 patients taking aspirin (892 +/- 91 ml) and six patients taking Coumadin (warfarin sodium) (858 +/- 168 ml) within 7 days of surgery than in 64 control subjects (439 +/- 28, P less than 0.001).",308334,Contradiction
as_000632,"In patients undergoing  coronary bypass surgery, does Aspirin usage, compared to no aspirin, cause bleeding","In patients undergoing a first CABG and with no known factors affecting their coagulation, ASA therapy did not appear to increase blood loss, reopening for bleeding, or blood products usage requirements during the hospital stay.",9412879,"Regular daily low-dose aspirin therapy produces significant increases in postoperative blood loss, resulting in a substantial increase in blood transfusion and hemostatic pack requirements, but does not prolong postoperative hospital stay.",2400264,Contradiction
as_000633,"In patients undergoing  coronary bypass surgery, does Aspirin usage, compared to no aspirin, cause bleeding","In patients undergoing a first CABG and with no known factors affecting their coagulation, ASA therapy did not appear to increase blood loss, reopening for bleeding, or blood products usage requirements during the hospital stay.",9412879,"Our study suggests that contrary to the commonly held beliefs in our setup, the use of aspirin till the date of surgery does not increase the risk of postoperative bleeding after CABG.",18818571,NotContradiction
as_000634,"In patients undergoing  coronary bypass surgery, does Aspirin usage, compared to no aspirin, cause bleeding",Preoperative aspirin therapy does not seem to influence the operative outcome of isolated CABG.,19169991,Aspirin usage within the 5 days preceding coronary artery bypass surgery is associated with a lower risk of postoperative in-hospital mortality and appears to be safe without an associated increased risk of reoperation for bleeding or need for blood product transfusion.,16159833,Contradiction
as_000635,"In patients undergoing  coronary bypass surgery, does Aspirin usage, compared to no aspirin, cause bleeding",Preoperative aspirin therapy does not seem to influence the operative outcome of isolated CABG.,19169991,Patients who stop taking aspirin 3 to 7 days preoperatively have little or no increased requirement for allogenic red blood cell transfusion.,11854879,Contradiction
as_000636,"In patients undergoing  coronary bypass surgery, does Aspirin usage, compared to no aspirin, cause bleeding",Preoperative aspirin therapy does not seem to influence the operative outcome of isolated CABG.,19169991,"While combined use of aspirin and clopidogrel shortly before CABG surgery may increase the associated risk of excess transfusion of blood products perioperatively, several study limitations prevent any confident conclusions from being drawn.",12769833,Contradiction
as_000637,"In patients undergoing  coronary bypass surgery, does Aspirin usage, compared to no aspirin, cause bleeding",Preoperative aspirin therapy does not seem to influence the operative outcome of isolated CABG.,19169991,The administration of aspirin until the operation may improve oxygenation with only a slight increase in bleeding.,15888837,Contradiction
as_000638,"In patients undergoing  coronary bypass surgery, does Aspirin usage, compared to no aspirin, cause bleeding",Preoperative aspirin therapy does not seem to influence the operative outcome of isolated CABG.,19169991,Late or no discontinuation of low-dose aspirin before coronary artery bypass grafting may decrease the risk of postoperative stroke without increased postoperative bleeding and need for blood transfusion.,22138313,NotContradiction
as_000639,"In patients undergoing  coronary bypass surgery, does Aspirin usage, compared to no aspirin, cause bleeding",Preoperative aspirin therapy does not seem to influence the operative outcome of isolated CABG.,19169991,"Mean mediastinal blood loss was significantly greater in the aspirin group (919 +/- 164 ml., S.E.) than in the control group (437 +/- 61 ml., p less than 0.001).",309032,Contradiction
as_000640,"In patients undergoing  coronary bypass surgery, does Aspirin usage, compared to no aspirin, cause bleeding",Preoperative aspirin therapy does not seem to influence the operative outcome of isolated CABG.,19169991,Aspirin does not increase bleeding or increase the need for allogeneic blood transfusion in coronary artery surgery.,21509719,NotContradiction
as_000641,"In patients undergoing  coronary bypass surgery, does Aspirin usage, compared to no aspirin, cause bleeding",Preoperative aspirin therapy does not seem to influence the operative outcome of isolated CABG.,19169991,"We conclude that aspirin ingestion increases postoperative blood loss and transfusion requirements, and we recommend discontinuation of aspirin therapy before cardiac procedures.",3257376,Contradiction
as_000642,"In patients undergoing  coronary bypass surgery, does Aspirin usage, compared to no aspirin, cause bleeding",Preoperative aspirin therapy does not seem to influence the operative outcome of isolated CABG.,19169991,"Continuation of aspirin administration until the day of surgery may have a protective effect against renal injury resulting from cardiopulmonary bypass, with only a negligible increase in bleeding.",15746633,Contradiction
as_000643,"In patients undergoing  coronary bypass surgery, does Aspirin usage, compared to no aspirin, cause bleeding",Preoperative aspirin therapy does not seem to influence the operative outcome of isolated CABG.,19169991,Performing coronary grafts on aspirin is associated with increased postoperative bleeding but may decrease the long-term hazard of coronary events.,22554721,Contradiction
as_000644,"In patients undergoing  coronary bypass surgery, does Aspirin usage, compared to no aspirin, cause bleeding",Preoperative aspirin therapy does not seem to influence the operative outcome of isolated CABG.,19169991,Preoperatively administered aspirin and/or heparin did not significantly increase perioperative blood loss or the total amount of transfusion requirements.,15235945,NotContradiction
as_000645,"In patients undergoing  coronary bypass surgery, does Aspirin usage, compared to no aspirin, cause bleeding",Preoperative aspirin therapy does not seem to influence the operative outcome of isolated CABG.,19169991,"There was more postoperative blood loss, on average, in patients treated with aspirin, but the difference was not significant.",8377686,Contradiction
as_000646,"In patients undergoing  coronary bypass surgery, does Aspirin usage, compared to no aspirin, cause bleeding",Preoperative aspirin therapy does not seem to influence the operative outcome of isolated CABG.,19169991,Patients taking 85-325 mgm of aspirin with a normal bleeding time undergoing elective CABG did not have increased RBC loss or increased transfusion requirements.,2010437,NotContradiction
as_000647,"In patients undergoing  coronary bypass surgery, does Aspirin usage, compared to no aspirin, cause bleeding",Preoperative aspirin therapy does not seem to influence the operative outcome of isolated CABG.,19169991,"Preoperative aspirin did not increase bleeding-related complications, mortality rate, or other morbidities in patients who had off-pump coronary artery operation.",12842510,NotContradiction
as_000648,"In patients undergoing  coronary bypass surgery, does Aspirin usage, compared to no aspirin, cause bleeding",Preoperative aspirin therapy does not seem to influence the operative outcome of isolated CABG.,19169991,Aspirin pretreatment revealed no beneficial effects and resulted in increased postoperative bleeding and requirement for blood product transfusions after coronary artery bypass grafting in patients with stable angina.,16153930,Contradiction
as_000649,"In patients undergoing  coronary bypass surgery, does Aspirin usage, compared to no aspirin, cause bleeding",Preoperative aspirin therapy does not seem to influence the operative outcome of isolated CABG.,19169991,"Mean mediastinal blood loss was significantly greater in 13 patients taking aspirin (892 +/- 91 ml) and six patients taking Coumadin (warfarin sodium) (858 +/- 168 ml) within 7 days of surgery than in 64 control subjects (439 +/- 28, P less than 0.001).",308334,Contradiction
as_000650,"In patients undergoing  coronary bypass surgery, does Aspirin usage, compared to no aspirin, cause bleeding",Preoperative aspirin therapy does not seem to influence the operative outcome of isolated CABG.,19169991,"Regular daily low-dose aspirin therapy produces significant increases in postoperative blood loss, resulting in a substantial increase in blood transfusion and hemostatic pack requirements, but does not prolong postoperative hospital stay.",2400264,Contradiction
as_000651,"In patients undergoing  coronary bypass surgery, does Aspirin usage, compared to no aspirin, cause bleeding",Preoperative aspirin therapy does not seem to influence the operative outcome of isolated CABG.,19169991,"Our study suggests that contrary to the commonly held beliefs in our setup, the use of aspirin till the date of surgery does not increase the risk of postoperative bleeding after CABG.",18818571,NotContradiction
as_000652,"In patients undergoing  coronary bypass surgery, does Aspirin usage, compared to no aspirin, cause bleeding",Aspirin usage within the 5 days preceding coronary artery bypass surgery is associated with a lower risk of postoperative in-hospital mortality and appears to be safe without an associated increased risk of reoperation for bleeding or need for blood product transfusion.,16159833,Patients who stop taking aspirin 3 to 7 days preoperatively have little or no increased requirement for allogenic red blood cell transfusion.,11854879,NotContradiction
as_000653,"In patients undergoing  coronary bypass surgery, does Aspirin usage, compared to no aspirin, cause bleeding",Aspirin usage within the 5 days preceding coronary artery bypass surgery is associated with a lower risk of postoperative in-hospital mortality and appears to be safe without an associated increased risk of reoperation for bleeding or need for blood product transfusion.,16159833,"While combined use of aspirin and clopidogrel shortly before CABG surgery may increase the associated risk of excess transfusion of blood products perioperatively, several study limitations prevent any confident conclusions from being drawn.",12769833,NotContradiction
as_000654,"In patients undergoing  coronary bypass surgery, does Aspirin usage, compared to no aspirin, cause bleeding",Aspirin usage within the 5 days preceding coronary artery bypass surgery is associated with a lower risk of postoperative in-hospital mortality and appears to be safe without an associated increased risk of reoperation for bleeding or need for blood product transfusion.,16159833,The administration of aspirin until the operation may improve oxygenation with only a slight increase in bleeding.,15888837,NotContradiction
as_000655,"In patients undergoing  coronary bypass surgery, does Aspirin usage, compared to no aspirin, cause bleeding",Aspirin usage within the 5 days preceding coronary artery bypass surgery is associated with a lower risk of postoperative in-hospital mortality and appears to be safe without an associated increased risk of reoperation for bleeding or need for blood product transfusion.,16159833,Late or no discontinuation of low-dose aspirin before coronary artery bypass grafting may decrease the risk of postoperative stroke without increased postoperative bleeding and need for blood transfusion.,22138313,Contradiction
as_000656,"In patients undergoing  coronary bypass surgery, does Aspirin usage, compared to no aspirin, cause bleeding",Aspirin usage within the 5 days preceding coronary artery bypass surgery is associated with a lower risk of postoperative in-hospital mortality and appears to be safe without an associated increased risk of reoperation for bleeding or need for blood product transfusion.,16159833,"Mean mediastinal blood loss was significantly greater in the aspirin group (919 +/- 164 ml., S.E.) than in the control group (437 +/- 61 ml., p less than 0.001).",309032,NotContradiction
as_000657,"In patients undergoing  coronary bypass surgery, does Aspirin usage, compared to no aspirin, cause bleeding",Aspirin usage within the 5 days preceding coronary artery bypass surgery is associated with a lower risk of postoperative in-hospital mortality and appears to be safe without an associated increased risk of reoperation for bleeding or need for blood product transfusion.,16159833,Aspirin does not increase bleeding or increase the need for allogeneic blood transfusion in coronary artery surgery.,21509719,Contradiction
as_000658,"In patients undergoing  coronary bypass surgery, does Aspirin usage, compared to no aspirin, cause bleeding",Aspirin usage within the 5 days preceding coronary artery bypass surgery is associated with a lower risk of postoperative in-hospital mortality and appears to be safe without an associated increased risk of reoperation for bleeding or need for blood product transfusion.,16159833,"We conclude that aspirin ingestion increases postoperative blood loss and transfusion requirements, and we recommend discontinuation of aspirin therapy before cardiac procedures.",3257376,NotContradiction
as_000659,"In patients undergoing  coronary bypass surgery, does Aspirin usage, compared to no aspirin, cause bleeding",Aspirin usage within the 5 days preceding coronary artery bypass surgery is associated with a lower risk of postoperative in-hospital mortality and appears to be safe without an associated increased risk of reoperation for bleeding or need for blood product transfusion.,16159833,"Continuation of aspirin administration until the day of surgery may have a protective effect against renal injury resulting from cardiopulmonary bypass, with only a negligible increase in bleeding.",15746633,NotContradiction
as_000660,"In patients undergoing  coronary bypass surgery, does Aspirin usage, compared to no aspirin, cause bleeding",Aspirin usage within the 5 days preceding coronary artery bypass surgery is associated with a lower risk of postoperative in-hospital mortality and appears to be safe without an associated increased risk of reoperation for bleeding or need for blood product transfusion.,16159833,Performing coronary grafts on aspirin is associated with increased postoperative bleeding but may decrease the long-term hazard of coronary events.,22554721,NotContradiction
as_000661,"In patients undergoing  coronary bypass surgery, does Aspirin usage, compared to no aspirin, cause bleeding",Aspirin usage within the 5 days preceding coronary artery bypass surgery is associated with a lower risk of postoperative in-hospital mortality and appears to be safe without an associated increased risk of reoperation for bleeding or need for blood product transfusion.,16159833,Preoperatively administered aspirin and/or heparin did not significantly increase perioperative blood loss or the total amount of transfusion requirements.,15235945,Contradiction
as_000662,"In patients undergoing  coronary bypass surgery, does Aspirin usage, compared to no aspirin, cause bleeding",Aspirin usage within the 5 days preceding coronary artery bypass surgery is associated with a lower risk of postoperative in-hospital mortality and appears to be safe without an associated increased risk of reoperation for bleeding or need for blood product transfusion.,16159833,"There was more postoperative blood loss, on average, in patients treated with aspirin, but the difference was not significant.",8377686,NotContradiction
as_000663,"In patients undergoing  coronary bypass surgery, does Aspirin usage, compared to no aspirin, cause bleeding",Aspirin usage within the 5 days preceding coronary artery bypass surgery is associated with a lower risk of postoperative in-hospital mortality and appears to be safe without an associated increased risk of reoperation for bleeding or need for blood product transfusion.,16159833,Patients taking 85-325 mgm of aspirin with a normal bleeding time undergoing elective CABG did not have increased RBC loss or increased transfusion requirements.,2010437,Contradiction
as_000664,"In patients undergoing  coronary bypass surgery, does Aspirin usage, compared to no aspirin, cause bleeding",Aspirin usage within the 5 days preceding coronary artery bypass surgery is associated with a lower risk of postoperative in-hospital mortality and appears to be safe without an associated increased risk of reoperation for bleeding or need for blood product transfusion.,16159833,"Preoperative aspirin did not increase bleeding-related complications, mortality rate, or other morbidities in patients who had off-pump coronary artery operation.",12842510,Contradiction
as_000665,"In patients undergoing  coronary bypass surgery, does Aspirin usage, compared to no aspirin, cause bleeding",Aspirin usage within the 5 days preceding coronary artery bypass surgery is associated with a lower risk of postoperative in-hospital mortality and appears to be safe without an associated increased risk of reoperation for bleeding or need for blood product transfusion.,16159833,Aspirin pretreatment revealed no beneficial effects and resulted in increased postoperative bleeding and requirement for blood product transfusions after coronary artery bypass grafting in patients with stable angina.,16153930,NotContradiction
as_000666,"In patients undergoing  coronary bypass surgery, does Aspirin usage, compared to no aspirin, cause bleeding",Aspirin usage within the 5 days preceding coronary artery bypass surgery is associated with a lower risk of postoperative in-hospital mortality and appears to be safe without an associated increased risk of reoperation for bleeding or need for blood product transfusion.,16159833,"Mean mediastinal blood loss was significantly greater in 13 patients taking aspirin (892 +/- 91 ml) and six patients taking Coumadin (warfarin sodium) (858 +/- 168 ml) within 7 days of surgery than in 64 control subjects (439 +/- 28, P less than 0.001).",308334,NotContradiction
as_000667,"In patients undergoing  coronary bypass surgery, does Aspirin usage, compared to no aspirin, cause bleeding",Aspirin usage within the 5 days preceding coronary artery bypass surgery is associated with a lower risk of postoperative in-hospital mortality and appears to be safe without an associated increased risk of reoperation for bleeding or need for blood product transfusion.,16159833,"Regular daily low-dose aspirin therapy produces significant increases in postoperative blood loss, resulting in a substantial increase in blood transfusion and hemostatic pack requirements, but does not prolong postoperative hospital stay.",2400264,NotContradiction
as_000668,"In patients undergoing  coronary bypass surgery, does Aspirin usage, compared to no aspirin, cause bleeding",Aspirin usage within the 5 days preceding coronary artery bypass surgery is associated with a lower risk of postoperative in-hospital mortality and appears to be safe without an associated increased risk of reoperation for bleeding or need for blood product transfusion.,16159833,"Our study suggests that contrary to the commonly held beliefs in our setup, the use of aspirin till the date of surgery does not increase the risk of postoperative bleeding after CABG.",18818571,Contradiction
as_000669,"In patients undergoing  coronary bypass surgery, does Aspirin usage, compared to no aspirin, cause bleeding",Patients who stop taking aspirin 3 to 7 days preoperatively have little or no increased requirement for allogenic red blood cell transfusion.,11854879,"While combined use of aspirin and clopidogrel shortly before CABG surgery may increase the associated risk of excess transfusion of blood products perioperatively, several study limitations prevent any confident conclusions from being drawn.",12769833,NotContradiction
as_000670,"In patients undergoing  coronary bypass surgery, does Aspirin usage, compared to no aspirin, cause bleeding",Patients who stop taking aspirin 3 to 7 days preoperatively have little or no increased requirement for allogenic red blood cell transfusion.,11854879,The administration of aspirin until the operation may improve oxygenation with only a slight increase in bleeding.,15888837,NotContradiction
as_000671,"In patients undergoing  coronary bypass surgery, does Aspirin usage, compared to no aspirin, cause bleeding",Patients who stop taking aspirin 3 to 7 days preoperatively have little or no increased requirement for allogenic red blood cell transfusion.,11854879,Late or no discontinuation of low-dose aspirin before coronary artery bypass grafting may decrease the risk of postoperative stroke without increased postoperative bleeding and need for blood transfusion.,22138313,Contradiction
as_000672,"In patients undergoing  coronary bypass surgery, does Aspirin usage, compared to no aspirin, cause bleeding",Patients who stop taking aspirin 3 to 7 days preoperatively have little or no increased requirement for allogenic red blood cell transfusion.,11854879,"Mean mediastinal blood loss was significantly greater in the aspirin group (919 +/- 164 ml., S.E.) than in the control group (437 +/- 61 ml., p less than 0.001).",309032,NotContradiction
as_000673,"In patients undergoing  coronary bypass surgery, does Aspirin usage, compared to no aspirin, cause bleeding",Patients who stop taking aspirin 3 to 7 days preoperatively have little or no increased requirement for allogenic red blood cell transfusion.,11854879,Aspirin does not increase bleeding or increase the need for allogeneic blood transfusion in coronary artery surgery.,21509719,Contradiction
as_000674,"In patients undergoing  coronary bypass surgery, does Aspirin usage, compared to no aspirin, cause bleeding",Patients who stop taking aspirin 3 to 7 days preoperatively have little or no increased requirement for allogenic red blood cell transfusion.,11854879,"We conclude that aspirin ingestion increases postoperative blood loss and transfusion requirements, and we recommend discontinuation of aspirin therapy before cardiac procedures.",3257376,NotContradiction
as_000675,"In patients undergoing  coronary bypass surgery, does Aspirin usage, compared to no aspirin, cause bleeding",Patients who stop taking aspirin 3 to 7 days preoperatively have little or no increased requirement for allogenic red blood cell transfusion.,11854879,"Continuation of aspirin administration until the day of surgery may have a protective effect against renal injury resulting from cardiopulmonary bypass, with only a negligible increase in bleeding.",15746633,NotContradiction
as_000676,"In patients undergoing  coronary bypass surgery, does Aspirin usage, compared to no aspirin, cause bleeding",Patients who stop taking aspirin 3 to 7 days preoperatively have little or no increased requirement for allogenic red blood cell transfusion.,11854879,Performing coronary grafts on aspirin is associated with increased postoperative bleeding but may decrease the long-term hazard of coronary events.,22554721,NotContradiction
as_000677,"In patients undergoing  coronary bypass surgery, does Aspirin usage, compared to no aspirin, cause bleeding",Patients who stop taking aspirin 3 to 7 days preoperatively have little or no increased requirement for allogenic red blood cell transfusion.,11854879,Preoperatively administered aspirin and/or heparin did not significantly increase perioperative blood loss or the total amount of transfusion requirements.,15235945,Contradiction
as_000678,"In patients undergoing  coronary bypass surgery, does Aspirin usage, compared to no aspirin, cause bleeding",Patients who stop taking aspirin 3 to 7 days preoperatively have little or no increased requirement for allogenic red blood cell transfusion.,11854879,"There was more postoperative blood loss, on average, in patients treated with aspirin, but the difference was not significant.",8377686,NotContradiction
as_000679,"In patients undergoing  coronary bypass surgery, does Aspirin usage, compared to no aspirin, cause bleeding",Patients who stop taking aspirin 3 to 7 days preoperatively have little or no increased requirement for allogenic red blood cell transfusion.,11854879,Patients taking 85-325 mgm of aspirin with a normal bleeding time undergoing elective CABG did not have increased RBC loss or increased transfusion requirements.,2010437,Contradiction
as_000680,"In patients undergoing  coronary bypass surgery, does Aspirin usage, compared to no aspirin, cause bleeding",Patients who stop taking aspirin 3 to 7 days preoperatively have little or no increased requirement for allogenic red blood cell transfusion.,11854879,"Preoperative aspirin did not increase bleeding-related complications, mortality rate, or other morbidities in patients who had off-pump coronary artery operation.",12842510,Contradiction
as_000681,"In patients undergoing  coronary bypass surgery, does Aspirin usage, compared to no aspirin, cause bleeding",Patients who stop taking aspirin 3 to 7 days preoperatively have little or no increased requirement for allogenic red blood cell transfusion.,11854879,Aspirin pretreatment revealed no beneficial effects and resulted in increased postoperative bleeding and requirement for blood product transfusions after coronary artery bypass grafting in patients with stable angina.,16153930,NotContradiction
as_000682,"In patients undergoing  coronary bypass surgery, does Aspirin usage, compared to no aspirin, cause bleeding",Patients who stop taking aspirin 3 to 7 days preoperatively have little or no increased requirement for allogenic red blood cell transfusion.,11854879,"Mean mediastinal blood loss was significantly greater in 13 patients taking aspirin (892 +/- 91 ml) and six patients taking Coumadin (warfarin sodium) (858 +/- 168 ml) within 7 days of surgery than in 64 control subjects (439 +/- 28, P less than 0.001).",308334,NotContradiction
as_000683,"In patients undergoing  coronary bypass surgery, does Aspirin usage, compared to no aspirin, cause bleeding",Patients who stop taking aspirin 3 to 7 days preoperatively have little or no increased requirement for allogenic red blood cell transfusion.,11854879,"Regular daily low-dose aspirin therapy produces significant increases in postoperative blood loss, resulting in a substantial increase in blood transfusion and hemostatic pack requirements, but does not prolong postoperative hospital stay.",2400264,NotContradiction
as_000684,"In patients undergoing  coronary bypass surgery, does Aspirin usage, compared to no aspirin, cause bleeding",Patients who stop taking aspirin 3 to 7 days preoperatively have little or no increased requirement for allogenic red blood cell transfusion.,11854879,"Our study suggests that contrary to the commonly held beliefs in our setup, the use of aspirin till the date of surgery does not increase the risk of postoperative bleeding after CABG.",18818571,Contradiction
as_000685,"In patients undergoing  coronary bypass surgery, does Aspirin usage, compared to no aspirin, cause bleeding","While combined use of aspirin and clopidogrel shortly before CABG surgery may increase the associated risk of excess transfusion of blood products perioperatively, several study limitations prevent any confident conclusions from being drawn.",12769833,The administration of aspirin until the operation may improve oxygenation with only a slight increase in bleeding.,15888837,NotContradiction
as_000686,"In patients undergoing  coronary bypass surgery, does Aspirin usage, compared to no aspirin, cause bleeding","While combined use of aspirin and clopidogrel shortly before CABG surgery may increase the associated risk of excess transfusion of blood products perioperatively, several study limitations prevent any confident conclusions from being drawn.",12769833,Late or no discontinuation of low-dose aspirin before coronary artery bypass grafting may decrease the risk of postoperative stroke without increased postoperative bleeding and need for blood transfusion.,22138313,Contradiction
as_000687,"In patients undergoing  coronary bypass surgery, does Aspirin usage, compared to no aspirin, cause bleeding","While combined use of aspirin and clopidogrel shortly before CABG surgery may increase the associated risk of excess transfusion of blood products perioperatively, several study limitations prevent any confident conclusions from being drawn.",12769833,"Mean mediastinal blood loss was significantly greater in the aspirin group (919 +/- 164 ml., S.E.) than in the control group (437 +/- 61 ml., p less than 0.001).",309032,NotContradiction
as_000688,"In patients undergoing  coronary bypass surgery, does Aspirin usage, compared to no aspirin, cause bleeding","While combined use of aspirin and clopidogrel shortly before CABG surgery may increase the associated risk of excess transfusion of blood products perioperatively, several study limitations prevent any confident conclusions from being drawn.",12769833,Aspirin does not increase bleeding or increase the need for allogeneic blood transfusion in coronary artery surgery.,21509719,Contradiction
as_000689,"In patients undergoing  coronary bypass surgery, does Aspirin usage, compared to no aspirin, cause bleeding","While combined use of aspirin and clopidogrel shortly before CABG surgery may increase the associated risk of excess transfusion of blood products perioperatively, several study limitations prevent any confident conclusions from being drawn.",12769833,"We conclude that aspirin ingestion increases postoperative blood loss and transfusion requirements, and we recommend discontinuation of aspirin therapy before cardiac procedures.",3257376,NotContradiction
as_000690,"In patients undergoing  coronary bypass surgery, does Aspirin usage, compared to no aspirin, cause bleeding","While combined use of aspirin and clopidogrel shortly before CABG surgery may increase the associated risk of excess transfusion of blood products perioperatively, several study limitations prevent any confident conclusions from being drawn.",12769833,"Continuation of aspirin administration until the day of surgery may have a protective effect against renal injury resulting from cardiopulmonary bypass, with only a negligible increase in bleeding.",15746633,NotContradiction
as_000691,"In patients undergoing  coronary bypass surgery, does Aspirin usage, compared to no aspirin, cause bleeding","While combined use of aspirin and clopidogrel shortly before CABG surgery may increase the associated risk of excess transfusion of blood products perioperatively, several study limitations prevent any confident conclusions from being drawn.",12769833,Performing coronary grafts on aspirin is associated with increased postoperative bleeding but may decrease the long-term hazard of coronary events.,22554721,NotContradiction
as_000692,"In patients undergoing  coronary bypass surgery, does Aspirin usage, compared to no aspirin, cause bleeding","While combined use of aspirin and clopidogrel shortly before CABG surgery may increase the associated risk of excess transfusion of blood products perioperatively, several study limitations prevent any confident conclusions from being drawn.",12769833,Preoperatively administered aspirin and/or heparin did not significantly increase perioperative blood loss or the total amount of transfusion requirements.,15235945,Contradiction
as_000693,"In patients undergoing  coronary bypass surgery, does Aspirin usage, compared to no aspirin, cause bleeding","While combined use of aspirin and clopidogrel shortly before CABG surgery may increase the associated risk of excess transfusion of blood products perioperatively, several study limitations prevent any confident conclusions from being drawn.",12769833,"There was more postoperative blood loss, on average, in patients treated with aspirin, but the difference was not significant.",8377686,NotContradiction
as_000694,"In patients undergoing  coronary bypass surgery, does Aspirin usage, compared to no aspirin, cause bleeding","While combined use of aspirin and clopidogrel shortly before CABG surgery may increase the associated risk of excess transfusion of blood products perioperatively, several study limitations prevent any confident conclusions from being drawn.",12769833,Patients taking 85-325 mgm of aspirin with a normal bleeding time undergoing elective CABG did not have increased RBC loss or increased transfusion requirements.,2010437,Contradiction
as_000695,"In patients undergoing  coronary bypass surgery, does Aspirin usage, compared to no aspirin, cause bleeding","While combined use of aspirin and clopidogrel shortly before CABG surgery may increase the associated risk of excess transfusion of blood products perioperatively, several study limitations prevent any confident conclusions from being drawn.",12769833,"Preoperative aspirin did not increase bleeding-related complications, mortality rate, or other morbidities in patients who had off-pump coronary artery operation.",12842510,Contradiction
as_000696,"In patients undergoing  coronary bypass surgery, does Aspirin usage, compared to no aspirin, cause bleeding","While combined use of aspirin and clopidogrel shortly before CABG surgery may increase the associated risk of excess transfusion of blood products perioperatively, several study limitations prevent any confident conclusions from being drawn.",12769833,Aspirin pretreatment revealed no beneficial effects and resulted in increased postoperative bleeding and requirement for blood product transfusions after coronary artery bypass grafting in patients with stable angina.,16153930,NotContradiction
as_000697,"In patients undergoing  coronary bypass surgery, does Aspirin usage, compared to no aspirin, cause bleeding","While combined use of aspirin and clopidogrel shortly before CABG surgery may increase the associated risk of excess transfusion of blood products perioperatively, several study limitations prevent any confident conclusions from being drawn.",12769833,"Mean mediastinal blood loss was significantly greater in 13 patients taking aspirin (892 +/- 91 ml) and six patients taking Coumadin (warfarin sodium) (858 +/- 168 ml) within 7 days of surgery than in 64 control subjects (439 +/- 28, P less than 0.001).",308334,NotContradiction
as_000698,"In patients undergoing  coronary bypass surgery, does Aspirin usage, compared to no aspirin, cause bleeding","While combined use of aspirin and clopidogrel shortly before CABG surgery may increase the associated risk of excess transfusion of blood products perioperatively, several study limitations prevent any confident conclusions from being drawn.",12769833,"Regular daily low-dose aspirin therapy produces significant increases in postoperative blood loss, resulting in a substantial increase in blood transfusion and hemostatic pack requirements, but does not prolong postoperative hospital stay.",2400264,NotContradiction
as_000699,"In patients undergoing  coronary bypass surgery, does Aspirin usage, compared to no aspirin, cause bleeding","While combined use of aspirin and clopidogrel shortly before CABG surgery may increase the associated risk of excess transfusion of blood products perioperatively, several study limitations prevent any confident conclusions from being drawn.",12769833,"Our study suggests that contrary to the commonly held beliefs in our setup, the use of aspirin till the date of surgery does not increase the risk of postoperative bleeding after CABG.",18818571,Contradiction
as_000700,"In patients undergoing  coronary bypass surgery, does Aspirin usage, compared to no aspirin, cause bleeding",The administration of aspirin until the operation may improve oxygenation with only a slight increase in bleeding.,15888837,Late or no discontinuation of low-dose aspirin before coronary artery bypass grafting may decrease the risk of postoperative stroke without increased postoperative bleeding and need for blood transfusion.,22138313,Contradiction
as_000701,"In patients undergoing  coronary bypass surgery, does Aspirin usage, compared to no aspirin, cause bleeding",The administration of aspirin until the operation may improve oxygenation with only a slight increase in bleeding.,15888837,"Mean mediastinal blood loss was significantly greater in the aspirin group (919 +/- 164 ml., S.E.) than in the control group (437 +/- 61 ml., p less than 0.001).",309032,NotContradiction
as_000702,"In patients undergoing  coronary bypass surgery, does Aspirin usage, compared to no aspirin, cause bleeding",The administration of aspirin until the operation may improve oxygenation with only a slight increase in bleeding.,15888837,Aspirin does not increase bleeding or increase the need for allogeneic blood transfusion in coronary artery surgery.,21509719,Contradiction
as_000703,"In patients undergoing  coronary bypass surgery, does Aspirin usage, compared to no aspirin, cause bleeding",The administration of aspirin until the operation may improve oxygenation with only a slight increase in bleeding.,15888837,"We conclude that aspirin ingestion increases postoperative blood loss and transfusion requirements, and we recommend discontinuation of aspirin therapy before cardiac procedures.",3257376,NotContradiction
as_000704,"In patients undergoing  coronary bypass surgery, does Aspirin usage, compared to no aspirin, cause bleeding",The administration of aspirin until the operation may improve oxygenation with only a slight increase in bleeding.,15888837,"Continuation of aspirin administration until the day of surgery may have a protective effect against renal injury resulting from cardiopulmonary bypass, with only a negligible increase in bleeding.",15746633,NotContradiction
as_000705,"In patients undergoing  coronary bypass surgery, does Aspirin usage, compared to no aspirin, cause bleeding",The administration of aspirin until the operation may improve oxygenation with only a slight increase in bleeding.,15888837,Performing coronary grafts on aspirin is associated with increased postoperative bleeding but may decrease the long-term hazard of coronary events.,22554721,NotContradiction
as_000706,"In patients undergoing  coronary bypass surgery, does Aspirin usage, compared to no aspirin, cause bleeding",The administration of aspirin until the operation may improve oxygenation with only a slight increase in bleeding.,15888837,Preoperatively administered aspirin and/or heparin did not significantly increase perioperative blood loss or the total amount of transfusion requirements.,15235945,Contradiction
as_000707,"In patients undergoing  coronary bypass surgery, does Aspirin usage, compared to no aspirin, cause bleeding",The administration of aspirin until the operation may improve oxygenation with only a slight increase in bleeding.,15888837,"There was more postoperative blood loss, on average, in patients treated with aspirin, but the difference was not significant.",8377686,NotContradiction
as_000708,"In patients undergoing  coronary bypass surgery, does Aspirin usage, compared to no aspirin, cause bleeding",The administration of aspirin until the operation may improve oxygenation with only a slight increase in bleeding.,15888837,Patients taking 85-325 mgm of aspirin with a normal bleeding time undergoing elective CABG did not have increased RBC loss or increased transfusion requirements.,2010437,Contradiction
as_000709,"In patients undergoing  coronary bypass surgery, does Aspirin usage, compared to no aspirin, cause bleeding",The administration of aspirin until the operation may improve oxygenation with only a slight increase in bleeding.,15888837,"Preoperative aspirin did not increase bleeding-related complications, mortality rate, or other morbidities in patients who had off-pump coronary artery operation.",12842510,Contradiction
as_000710,"In patients undergoing  coronary bypass surgery, does Aspirin usage, compared to no aspirin, cause bleeding",The administration of aspirin until the operation may improve oxygenation with only a slight increase in bleeding.,15888837,Aspirin pretreatment revealed no beneficial effects and resulted in increased postoperative bleeding and requirement for blood product transfusions after coronary artery bypass grafting in patients with stable angina.,16153930,NotContradiction
as_000711,"In patients undergoing  coronary bypass surgery, does Aspirin usage, compared to no aspirin, cause bleeding",The administration of aspirin until the operation may improve oxygenation with only a slight increase in bleeding.,15888837,"Mean mediastinal blood loss was significantly greater in 13 patients taking aspirin (892 +/- 91 ml) and six patients taking Coumadin (warfarin sodium) (858 +/- 168 ml) within 7 days of surgery than in 64 control subjects (439 +/- 28, P less than 0.001).",308334,NotContradiction
as_000712,"In patients undergoing  coronary bypass surgery, does Aspirin usage, compared to no aspirin, cause bleeding",The administration of aspirin until the operation may improve oxygenation with only a slight increase in bleeding.,15888837,"Regular daily low-dose aspirin therapy produces significant increases in postoperative blood loss, resulting in a substantial increase in blood transfusion and hemostatic pack requirements, but does not prolong postoperative hospital stay.",2400264,NotContradiction
as_000713,"In patients undergoing  coronary bypass surgery, does Aspirin usage, compared to no aspirin, cause bleeding",The administration of aspirin until the operation may improve oxygenation with only a slight increase in bleeding.,15888837,"Our study suggests that contrary to the commonly held beliefs in our setup, the use of aspirin till the date of surgery does not increase the risk of postoperative bleeding after CABG.",18818571,Contradiction
as_000714,"In patients undergoing  coronary bypass surgery, does Aspirin usage, compared to no aspirin, cause bleeding",Late or no discontinuation of low-dose aspirin before coronary artery bypass grafting may decrease the risk of postoperative stroke without increased postoperative bleeding and need for blood transfusion.,22138313,"Mean mediastinal blood loss was significantly greater in the aspirin group (919 +/- 164 ml., S.E.) than in the control group (437 +/- 61 ml., p less than 0.001).",309032,Contradiction
as_000715,"In patients undergoing  coronary bypass surgery, does Aspirin usage, compared to no aspirin, cause bleeding",Late or no discontinuation of low-dose aspirin before coronary artery bypass grafting may decrease the risk of postoperative stroke without increased postoperative bleeding and need for blood transfusion.,22138313,Aspirin does not increase bleeding or increase the need for allogeneic blood transfusion in coronary artery surgery.,21509719,NotContradiction
as_000716,"In patients undergoing  coronary bypass surgery, does Aspirin usage, compared to no aspirin, cause bleeding",Late or no discontinuation of low-dose aspirin before coronary artery bypass grafting may decrease the risk of postoperative stroke without increased postoperative bleeding and need for blood transfusion.,22138313,"We conclude that aspirin ingestion increases postoperative blood loss and transfusion requirements, and we recommend discontinuation of aspirin therapy before cardiac procedures.",3257376,Contradiction
as_000717,"In patients undergoing  coronary bypass surgery, does Aspirin usage, compared to no aspirin, cause bleeding",Late or no discontinuation of low-dose aspirin before coronary artery bypass grafting may decrease the risk of postoperative stroke without increased postoperative bleeding and need for blood transfusion.,22138313,"Continuation of aspirin administration until the day of surgery may have a protective effect against renal injury resulting from cardiopulmonary bypass, with only a negligible increase in bleeding.",15746633,Contradiction
as_000718,"In patients undergoing  coronary bypass surgery, does Aspirin usage, compared to no aspirin, cause bleeding",Late or no discontinuation of low-dose aspirin before coronary artery bypass grafting may decrease the risk of postoperative stroke without increased postoperative bleeding and need for blood transfusion.,22138313,Performing coronary grafts on aspirin is associated with increased postoperative bleeding but may decrease the long-term hazard of coronary events.,22554721,Contradiction
as_000719,"In patients undergoing  coronary bypass surgery, does Aspirin usage, compared to no aspirin, cause bleeding",Late or no discontinuation of low-dose aspirin before coronary artery bypass grafting may decrease the risk of postoperative stroke without increased postoperative bleeding and need for blood transfusion.,22138313,Preoperatively administered aspirin and/or heparin did not significantly increase perioperative blood loss or the total amount of transfusion requirements.,15235945,NotContradiction
as_000720,"In patients undergoing  coronary bypass surgery, does Aspirin usage, compared to no aspirin, cause bleeding",Late or no discontinuation of low-dose aspirin before coronary artery bypass grafting may decrease the risk of postoperative stroke without increased postoperative bleeding and need for blood transfusion.,22138313,"There was more postoperative blood loss, on average, in patients treated with aspirin, but the difference was not significant.",8377686,Contradiction
as_000721,"In patients undergoing  coronary bypass surgery, does Aspirin usage, compared to no aspirin, cause bleeding",Late or no discontinuation of low-dose aspirin before coronary artery bypass grafting may decrease the risk of postoperative stroke without increased postoperative bleeding and need for blood transfusion.,22138313,Patients taking 85-325 mgm of aspirin with a normal bleeding time undergoing elective CABG did not have increased RBC loss or increased transfusion requirements.,2010437,NotContradiction
as_000722,"In patients undergoing  coronary bypass surgery, does Aspirin usage, compared to no aspirin, cause bleeding",Late or no discontinuation of low-dose aspirin before coronary artery bypass grafting may decrease the risk of postoperative stroke without increased postoperative bleeding and need for blood transfusion.,22138313,"Preoperative aspirin did not increase bleeding-related complications, mortality rate, or other morbidities in patients who had off-pump coronary artery operation.",12842510,NotContradiction
as_000723,"In patients undergoing  coronary bypass surgery, does Aspirin usage, compared to no aspirin, cause bleeding",Late or no discontinuation of low-dose aspirin before coronary artery bypass grafting may decrease the risk of postoperative stroke without increased postoperative bleeding and need for blood transfusion.,22138313,Aspirin pretreatment revealed no beneficial effects and resulted in increased postoperative bleeding and requirement for blood product transfusions after coronary artery bypass grafting in patients with stable angina.,16153930,Contradiction
as_000724,"In patients undergoing  coronary bypass surgery, does Aspirin usage, compared to no aspirin, cause bleeding",Late or no discontinuation of low-dose aspirin before coronary artery bypass grafting may decrease the risk of postoperative stroke without increased postoperative bleeding and need for blood transfusion.,22138313,"Mean mediastinal blood loss was significantly greater in 13 patients taking aspirin (892 +/- 91 ml) and six patients taking Coumadin (warfarin sodium) (858 +/- 168 ml) within 7 days of surgery than in 64 control subjects (439 +/- 28, P less than 0.001).",308334,Contradiction
as_000725,"In patients undergoing  coronary bypass surgery, does Aspirin usage, compared to no aspirin, cause bleeding",Late or no discontinuation of low-dose aspirin before coronary artery bypass grafting may decrease the risk of postoperative stroke without increased postoperative bleeding and need for blood transfusion.,22138313,"Regular daily low-dose aspirin therapy produces significant increases in postoperative blood loss, resulting in a substantial increase in blood transfusion and hemostatic pack requirements, but does not prolong postoperative hospital stay.",2400264,Contradiction
as_000726,"In patients undergoing  coronary bypass surgery, does Aspirin usage, compared to no aspirin, cause bleeding",Late or no discontinuation of low-dose aspirin before coronary artery bypass grafting may decrease the risk of postoperative stroke without increased postoperative bleeding and need for blood transfusion.,22138313,"Our study suggests that contrary to the commonly held beliefs in our setup, the use of aspirin till the date of surgery does not increase the risk of postoperative bleeding after CABG.",18818571,NotContradiction
as_000727,"In patients undergoing  coronary bypass surgery, does Aspirin usage, compared to no aspirin, cause bleeding","Mean mediastinal blood loss was significantly greater in the aspirin group (919 +/- 164 ml., S.E.) than in the control group (437 +/- 61 ml., p less than 0.001).",309032,Aspirin does not increase bleeding or increase the need for allogeneic blood transfusion in coronary artery surgery.,21509719,Contradiction
as_000728,"In patients undergoing  coronary bypass surgery, does Aspirin usage, compared to no aspirin, cause bleeding","Mean mediastinal blood loss was significantly greater in the aspirin group (919 +/- 164 ml., S.E.) than in the control group (437 +/- 61 ml., p less than 0.001).",309032,"We conclude that aspirin ingestion increases postoperative blood loss and transfusion requirements, and we recommend discontinuation of aspirin therapy before cardiac procedures.",3257376,NotContradiction
as_000729,"In patients undergoing  coronary bypass surgery, does Aspirin usage, compared to no aspirin, cause bleeding","Mean mediastinal blood loss was significantly greater in the aspirin group (919 +/- 164 ml., S.E.) than in the control group (437 +/- 61 ml., p less than 0.001).",309032,"Continuation of aspirin administration until the day of surgery may have a protective effect against renal injury resulting from cardiopulmonary bypass, with only a negligible increase in bleeding.",15746633,NotContradiction
as_000730,"In patients undergoing  coronary bypass surgery, does Aspirin usage, compared to no aspirin, cause bleeding","Mean mediastinal blood loss was significantly greater in the aspirin group (919 +/- 164 ml., S.E.) than in the control group (437 +/- 61 ml., p less than 0.001).",309032,Performing coronary grafts on aspirin is associated with increased postoperative bleeding but may decrease the long-term hazard of coronary events.,22554721,NotContradiction
as_000731,"In patients undergoing  coronary bypass surgery, does Aspirin usage, compared to no aspirin, cause bleeding","Mean mediastinal blood loss was significantly greater in the aspirin group (919 +/- 164 ml., S.E.) than in the control group (437 +/- 61 ml., p less than 0.001).",309032,Preoperatively administered aspirin and/or heparin did not significantly increase perioperative blood loss or the total amount of transfusion requirements.,15235945,Contradiction
as_000732,"In patients undergoing  coronary bypass surgery, does Aspirin usage, compared to no aspirin, cause bleeding","Mean mediastinal blood loss was significantly greater in the aspirin group (919 +/- 164 ml., S.E.) than in the control group (437 +/- 61 ml., p less than 0.001).",309032,"There was more postoperative blood loss, on average, in patients treated with aspirin, but the difference was not significant.",8377686,NotContradiction
as_000733,"In patients undergoing  coronary bypass surgery, does Aspirin usage, compared to no aspirin, cause bleeding","Mean mediastinal blood loss was significantly greater in the aspirin group (919 +/- 164 ml., S.E.) than in the control group (437 +/- 61 ml., p less than 0.001).",309032,Patients taking 85-325 mgm of aspirin with a normal bleeding time undergoing elective CABG did not have increased RBC loss or increased transfusion requirements.,2010437,Contradiction
as_000734,"In patients undergoing  coronary bypass surgery, does Aspirin usage, compared to no aspirin, cause bleeding","Mean mediastinal blood loss was significantly greater in the aspirin group (919 +/- 164 ml., S.E.) than in the control group (437 +/- 61 ml., p less than 0.001).",309032,"Preoperative aspirin did not increase bleeding-related complications, mortality rate, or other morbidities in patients who had off-pump coronary artery operation.",12842510,Contradiction
as_000735,"In patients undergoing  coronary bypass surgery, does Aspirin usage, compared to no aspirin, cause bleeding","Mean mediastinal blood loss was significantly greater in the aspirin group (919 +/- 164 ml., S.E.) than in the control group (437 +/- 61 ml., p less than 0.001).",309032,Aspirin pretreatment revealed no beneficial effects and resulted in increased postoperative bleeding and requirement for blood product transfusions after coronary artery bypass grafting in patients with stable angina.,16153930,NotContradiction
as_000736,"In patients undergoing  coronary bypass surgery, does Aspirin usage, compared to no aspirin, cause bleeding","Mean mediastinal blood loss was significantly greater in the aspirin group (919 +/- 164 ml., S.E.) than in the control group (437 +/- 61 ml., p less than 0.001).",309032,"Mean mediastinal blood loss was significantly greater in 13 patients taking aspirin (892 +/- 91 ml) and six patients taking Coumadin (warfarin sodium) (858 +/- 168 ml) within 7 days of surgery than in 64 control subjects (439 +/- 28, P less than 0.001).",308334,NotContradiction
as_000737,"In patients undergoing  coronary bypass surgery, does Aspirin usage, compared to no aspirin, cause bleeding","Mean mediastinal blood loss was significantly greater in the aspirin group (919 +/- 164 ml., S.E.) than in the control group (437 +/- 61 ml., p less than 0.001).",309032,"Regular daily low-dose aspirin therapy produces significant increases in postoperative blood loss, resulting in a substantial increase in blood transfusion and hemostatic pack requirements, but does not prolong postoperative hospital stay.",2400264,NotContradiction
as_000738,"In patients undergoing  coronary bypass surgery, does Aspirin usage, compared to no aspirin, cause bleeding","Mean mediastinal blood loss was significantly greater in the aspirin group (919 +/- 164 ml., S.E.) than in the control group (437 +/- 61 ml., p less than 0.001).",309032,"Our study suggests that contrary to the commonly held beliefs in our setup, the use of aspirin till the date of surgery does not increase the risk of postoperative bleeding after CABG.",18818571,Contradiction
as_000739,"In patients undergoing  coronary bypass surgery, does Aspirin usage, compared to no aspirin, cause bleeding",Aspirin does not increase bleeding or increase the need for allogeneic blood transfusion in coronary artery surgery.,21509719,"We conclude that aspirin ingestion increases postoperative blood loss and transfusion requirements, and we recommend discontinuation of aspirin therapy before cardiac procedures.",3257376,Contradiction
as_000740,"In patients undergoing  coronary bypass surgery, does Aspirin usage, compared to no aspirin, cause bleeding",Aspirin does not increase bleeding or increase the need for allogeneic blood transfusion in coronary artery surgery.,21509719,"Continuation of aspirin administration until the day of surgery may have a protective effect against renal injury resulting from cardiopulmonary bypass, with only a negligible increase in bleeding.",15746633,Contradiction
as_000741,"In patients undergoing  coronary bypass surgery, does Aspirin usage, compared to no aspirin, cause bleeding",Aspirin does not increase bleeding or increase the need for allogeneic blood transfusion in coronary artery surgery.,21509719,Performing coronary grafts on aspirin is associated with increased postoperative bleeding but may decrease the long-term hazard of coronary events.,22554721,Contradiction
as_000742,"In patients undergoing  coronary bypass surgery, does Aspirin usage, compared to no aspirin, cause bleeding",Aspirin does not increase bleeding or increase the need for allogeneic blood transfusion in coronary artery surgery.,21509719,Preoperatively administered aspirin and/or heparin did not significantly increase perioperative blood loss or the total amount of transfusion requirements.,15235945,NotContradiction
as_000743,"In patients undergoing  coronary bypass surgery, does Aspirin usage, compared to no aspirin, cause bleeding",Aspirin does not increase bleeding or increase the need for allogeneic blood transfusion in coronary artery surgery.,21509719,"There was more postoperative blood loss, on average, in patients treated with aspirin, but the difference was not significant.",8377686,Contradiction
as_000744,"In patients undergoing  coronary bypass surgery, does Aspirin usage, compared to no aspirin, cause bleeding",Aspirin does not increase bleeding or increase the need for allogeneic blood transfusion in coronary artery surgery.,21509719,Patients taking 85-325 mgm of aspirin with a normal bleeding time undergoing elective CABG did not have increased RBC loss or increased transfusion requirements.,2010437,NotContradiction
as_000745,"In patients undergoing  coronary bypass surgery, does Aspirin usage, compared to no aspirin, cause bleeding",Aspirin does not increase bleeding or increase the need for allogeneic blood transfusion in coronary artery surgery.,21509719,"Preoperative aspirin did not increase bleeding-related complications, mortality rate, or other morbidities in patients who had off-pump coronary artery operation.",12842510,NotContradiction
as_000746,"In patients undergoing  coronary bypass surgery, does Aspirin usage, compared to no aspirin, cause bleeding",Aspirin does not increase bleeding or increase the need for allogeneic blood transfusion in coronary artery surgery.,21509719,Aspirin pretreatment revealed no beneficial effects and resulted in increased postoperative bleeding and requirement for blood product transfusions after coronary artery bypass grafting in patients with stable angina.,16153930,Contradiction
as_000747,"In patients undergoing  coronary bypass surgery, does Aspirin usage, compared to no aspirin, cause bleeding",Aspirin does not increase bleeding or increase the need for allogeneic blood transfusion in coronary artery surgery.,21509719,"Mean mediastinal blood loss was significantly greater in 13 patients taking aspirin (892 +/- 91 ml) and six patients taking Coumadin (warfarin sodium) (858 +/- 168 ml) within 7 days of surgery than in 64 control subjects (439 +/- 28, P less than 0.001).",308334,Contradiction
as_000748,"In patients undergoing  coronary bypass surgery, does Aspirin usage, compared to no aspirin, cause bleeding",Aspirin does not increase bleeding or increase the need for allogeneic blood transfusion in coronary artery surgery.,21509719,"Regular daily low-dose aspirin therapy produces significant increases in postoperative blood loss, resulting in a substantial increase in blood transfusion and hemostatic pack requirements, but does not prolong postoperative hospital stay.",2400264,Contradiction
as_000749,"In patients undergoing  coronary bypass surgery, does Aspirin usage, compared to no aspirin, cause bleeding",Aspirin does not increase bleeding or increase the need for allogeneic blood transfusion in coronary artery surgery.,21509719,"Our study suggests that contrary to the commonly held beliefs in our setup, the use of aspirin till the date of surgery does not increase the risk of postoperative bleeding after CABG.",18818571,NotContradiction
as_000750,"In patients undergoing  coronary bypass surgery, does Aspirin usage, compared to no aspirin, cause bleeding","We conclude that aspirin ingestion increases postoperative blood loss and transfusion requirements, and we recommend discontinuation of aspirin therapy before cardiac procedures.",3257376,"Continuation of aspirin administration until the day of surgery may have a protective effect against renal injury resulting from cardiopulmonary bypass, with only a negligible increase in bleeding.",15746633,NotContradiction
as_000751,"In patients undergoing  coronary bypass surgery, does Aspirin usage, compared to no aspirin, cause bleeding","We conclude that aspirin ingestion increases postoperative blood loss and transfusion requirements, and we recommend discontinuation of aspirin therapy before cardiac procedures.",3257376,Performing coronary grafts on aspirin is associated with increased postoperative bleeding but may decrease the long-term hazard of coronary events.,22554721,NotContradiction
as_000752,"In patients undergoing  coronary bypass surgery, does Aspirin usage, compared to no aspirin, cause bleeding","We conclude that aspirin ingestion increases postoperative blood loss and transfusion requirements, and we recommend discontinuation of aspirin therapy before cardiac procedures.",3257376,Preoperatively administered aspirin and/or heparin did not significantly increase perioperative blood loss or the total amount of transfusion requirements.,15235945,Contradiction
as_000753,"In patients undergoing  coronary bypass surgery, does Aspirin usage, compared to no aspirin, cause bleeding","We conclude that aspirin ingestion increases postoperative blood loss and transfusion requirements, and we recommend discontinuation of aspirin therapy before cardiac procedures.",3257376,"There was more postoperative blood loss, on average, in patients treated with aspirin, but the difference was not significant.",8377686,NotContradiction
as_000754,"In patients undergoing  coronary bypass surgery, does Aspirin usage, compared to no aspirin, cause bleeding","We conclude that aspirin ingestion increases postoperative blood loss and transfusion requirements, and we recommend discontinuation of aspirin therapy before cardiac procedures.",3257376,Patients taking 85-325 mgm of aspirin with a normal bleeding time undergoing elective CABG did not have increased RBC loss or increased transfusion requirements.,2010437,Contradiction
as_000755,"In patients undergoing  coronary bypass surgery, does Aspirin usage, compared to no aspirin, cause bleeding","We conclude that aspirin ingestion increases postoperative blood loss and transfusion requirements, and we recommend discontinuation of aspirin therapy before cardiac procedures.",3257376,"Preoperative aspirin did not increase bleeding-related complications, mortality rate, or other morbidities in patients who had off-pump coronary artery operation.",12842510,Contradiction
as_000756,"In patients undergoing  coronary bypass surgery, does Aspirin usage, compared to no aspirin, cause bleeding","We conclude that aspirin ingestion increases postoperative blood loss and transfusion requirements, and we recommend discontinuation of aspirin therapy before cardiac procedures.",3257376,Aspirin pretreatment revealed no beneficial effects and resulted in increased postoperative bleeding and requirement for blood product transfusions after coronary artery bypass grafting in patients with stable angina.,16153930,NotContradiction
as_000757,"In patients undergoing  coronary bypass surgery, does Aspirin usage, compared to no aspirin, cause bleeding","We conclude that aspirin ingestion increases postoperative blood loss and transfusion requirements, and we recommend discontinuation of aspirin therapy before cardiac procedures.",3257376,"Mean mediastinal blood loss was significantly greater in 13 patients taking aspirin (892 +/- 91 ml) and six patients taking Coumadin (warfarin sodium) (858 +/- 168 ml) within 7 days of surgery than in 64 control subjects (439 +/- 28, P less than 0.001).",308334,NotContradiction
as_000758,"In patients undergoing  coronary bypass surgery, does Aspirin usage, compared to no aspirin, cause bleeding","We conclude that aspirin ingestion increases postoperative blood loss and transfusion requirements, and we recommend discontinuation of aspirin therapy before cardiac procedures.",3257376,"Regular daily low-dose aspirin therapy produces significant increases in postoperative blood loss, resulting in a substantial increase in blood transfusion and hemostatic pack requirements, but does not prolong postoperative hospital stay.",2400264,NotContradiction
as_000759,"In patients undergoing  coronary bypass surgery, does Aspirin usage, compared to no aspirin, cause bleeding","We conclude that aspirin ingestion increases postoperative blood loss and transfusion requirements, and we recommend discontinuation of aspirin therapy before cardiac procedures.",3257376,"Our study suggests that contrary to the commonly held beliefs in our setup, the use of aspirin till the date of surgery does not increase the risk of postoperative bleeding after CABG.",18818571,Contradiction
as_000760,"In patients undergoing  coronary bypass surgery, does Aspirin usage, compared to no aspirin, cause bleeding","Continuation of aspirin administration until the day of surgery may have a protective effect against renal injury resulting from cardiopulmonary bypass, with only a negligible increase in bleeding.",15746633,Performing coronary grafts on aspirin is associated with increased postoperative bleeding but may decrease the long-term hazard of coronary events.,22554721,NotContradiction
as_000761,"In patients undergoing  coronary bypass surgery, does Aspirin usage, compared to no aspirin, cause bleeding","Continuation of aspirin administration until the day of surgery may have a protective effect against renal injury resulting from cardiopulmonary bypass, with only a negligible increase in bleeding.",15746633,Preoperatively administered aspirin and/or heparin did not significantly increase perioperative blood loss or the total amount of transfusion requirements.,15235945,Contradiction
as_000762,"In patients undergoing  coronary bypass surgery, does Aspirin usage, compared to no aspirin, cause bleeding","Continuation of aspirin administration until the day of surgery may have a protective effect against renal injury resulting from cardiopulmonary bypass, with only a negligible increase in bleeding.",15746633,"There was more postoperative blood loss, on average, in patients treated with aspirin, but the difference was not significant.",8377686,NotContradiction
as_000763,"In patients undergoing  coronary bypass surgery, does Aspirin usage, compared to no aspirin, cause bleeding","Continuation of aspirin administration until the day of surgery may have a protective effect against renal injury resulting from cardiopulmonary bypass, with only a negligible increase in bleeding.",15746633,Patients taking 85-325 mgm of aspirin with a normal bleeding time undergoing elective CABG did not have increased RBC loss or increased transfusion requirements.,2010437,Contradiction
as_000764,"In patients undergoing  coronary bypass surgery, does Aspirin usage, compared to no aspirin, cause bleeding","Continuation of aspirin administration until the day of surgery may have a protective effect against renal injury resulting from cardiopulmonary bypass, with only a negligible increase in bleeding.",15746633,"Preoperative aspirin did not increase bleeding-related complications, mortality rate, or other morbidities in patients who had off-pump coronary artery operation.",12842510,Contradiction
as_000765,"In patients undergoing  coronary bypass surgery, does Aspirin usage, compared to no aspirin, cause bleeding","Continuation of aspirin administration until the day of surgery may have a protective effect against renal injury resulting from cardiopulmonary bypass, with only a negligible increase in bleeding.",15746633,Aspirin pretreatment revealed no beneficial effects and resulted in increased postoperative bleeding and requirement for blood product transfusions after coronary artery bypass grafting in patients with stable angina.,16153930,NotContradiction
as_000766,"In patients undergoing  coronary bypass surgery, does Aspirin usage, compared to no aspirin, cause bleeding","Continuation of aspirin administration until the day of surgery may have a protective effect against renal injury resulting from cardiopulmonary bypass, with only a negligible increase in bleeding.",15746633,"Mean mediastinal blood loss was significantly greater in 13 patients taking aspirin (892 +/- 91 ml) and six patients taking Coumadin (warfarin sodium) (858 +/- 168 ml) within 7 days of surgery than in 64 control subjects (439 +/- 28, P less than 0.001).",308334,NotContradiction
as_000767,"In patients undergoing  coronary bypass surgery, does Aspirin usage, compared to no aspirin, cause bleeding","Continuation of aspirin administration until the day of surgery may have a protective effect against renal injury resulting from cardiopulmonary bypass, with only a negligible increase in bleeding.",15746633,"Regular daily low-dose aspirin therapy produces significant increases in postoperative blood loss, resulting in a substantial increase in blood transfusion and hemostatic pack requirements, but does not prolong postoperative hospital stay.",2400264,NotContradiction
as_000768,"In patients undergoing  coronary bypass surgery, does Aspirin usage, compared to no aspirin, cause bleeding","Continuation of aspirin administration until the day of surgery may have a protective effect against renal injury resulting from cardiopulmonary bypass, with only a negligible increase in bleeding.",15746633,"Our study suggests that contrary to the commonly held beliefs in our setup, the use of aspirin till the date of surgery does not increase the risk of postoperative bleeding after CABG.",18818571,Contradiction
as_000769,"In patients undergoing  coronary bypass surgery, does Aspirin usage, compared to no aspirin, cause bleeding",Performing coronary grafts on aspirin is associated with increased postoperative bleeding but may decrease the long-term hazard of coronary events.,22554721,Preoperatively administered aspirin and/or heparin did not significantly increase perioperative blood loss or the total amount of transfusion requirements.,15235945,Contradiction
as_000770,"In patients undergoing  coronary bypass surgery, does Aspirin usage, compared to no aspirin, cause bleeding",Performing coronary grafts on aspirin is associated with increased postoperative bleeding but may decrease the long-term hazard of coronary events.,22554721,"There was more postoperative blood loss, on average, in patients treated with aspirin, but the difference was not significant.",8377686,NotContradiction
as_000771,"In patients undergoing  coronary bypass surgery, does Aspirin usage, compared to no aspirin, cause bleeding",Performing coronary grafts on aspirin is associated with increased postoperative bleeding but may decrease the long-term hazard of coronary events.,22554721,Patients taking 85-325 mgm of aspirin with a normal bleeding time undergoing elective CABG did not have increased RBC loss or increased transfusion requirements.,2010437,Contradiction
as_000772,"In patients undergoing  coronary bypass surgery, does Aspirin usage, compared to no aspirin, cause bleeding",Performing coronary grafts on aspirin is associated with increased postoperative bleeding but may decrease the long-term hazard of coronary events.,22554721,"Preoperative aspirin did not increase bleeding-related complications, mortality rate, or other morbidities in patients who had off-pump coronary artery operation.",12842510,Contradiction
as_000773,"In patients undergoing  coronary bypass surgery, does Aspirin usage, compared to no aspirin, cause bleeding",Performing coronary grafts on aspirin is associated with increased postoperative bleeding but may decrease the long-term hazard of coronary events.,22554721,Aspirin pretreatment revealed no beneficial effects and resulted in increased postoperative bleeding and requirement for blood product transfusions after coronary artery bypass grafting in patients with stable angina.,16153930,NotContradiction
as_000774,"In patients undergoing  coronary bypass surgery, does Aspirin usage, compared to no aspirin, cause bleeding",Performing coronary grafts on aspirin is associated with increased postoperative bleeding but may decrease the long-term hazard of coronary events.,22554721,"Mean mediastinal blood loss was significantly greater in 13 patients taking aspirin (892 +/- 91 ml) and six patients taking Coumadin (warfarin sodium) (858 +/- 168 ml) within 7 days of surgery than in 64 control subjects (439 +/- 28, P less than 0.001).",308334,NotContradiction
as_000775,"In patients undergoing  coronary bypass surgery, does Aspirin usage, compared to no aspirin, cause bleeding",Performing coronary grafts on aspirin is associated with increased postoperative bleeding but may decrease the long-term hazard of coronary events.,22554721,"Regular daily low-dose aspirin therapy produces significant increases in postoperative blood loss, resulting in a substantial increase in blood transfusion and hemostatic pack requirements, but does not prolong postoperative hospital stay.",2400264,NotContradiction
as_000776,"In patients undergoing  coronary bypass surgery, does Aspirin usage, compared to no aspirin, cause bleeding",Performing coronary grafts on aspirin is associated with increased postoperative bleeding but may decrease the long-term hazard of coronary events.,22554721,"Our study suggests that contrary to the commonly held beliefs in our setup, the use of aspirin till the date of surgery does not increase the risk of postoperative bleeding after CABG.",18818571,Contradiction
as_000777,"In patients undergoing  coronary bypass surgery, does Aspirin usage, compared to no aspirin, cause bleeding",Preoperatively administered aspirin and/or heparin did not significantly increase perioperative blood loss or the total amount of transfusion requirements.,15235945,"There was more postoperative blood loss, on average, in patients treated with aspirin, but the difference was not significant.",8377686,Contradiction
as_000778,"In patients undergoing  coronary bypass surgery, does Aspirin usage, compared to no aspirin, cause bleeding",Preoperatively administered aspirin and/or heparin did not significantly increase perioperative blood loss or the total amount of transfusion requirements.,15235945,Patients taking 85-325 mgm of aspirin with a normal bleeding time undergoing elective CABG did not have increased RBC loss or increased transfusion requirements.,2010437,NotContradiction
as_000779,"In patients undergoing  coronary bypass surgery, does Aspirin usage, compared to no aspirin, cause bleeding",Preoperatively administered aspirin and/or heparin did not significantly increase perioperative blood loss or the total amount of transfusion requirements.,15235945,"Preoperative aspirin did not increase bleeding-related complications, mortality rate, or other morbidities in patients who had off-pump coronary artery operation.",12842510,NotContradiction
as_000780,"In patients undergoing  coronary bypass surgery, does Aspirin usage, compared to no aspirin, cause bleeding",Preoperatively administered aspirin and/or heparin did not significantly increase perioperative blood loss or the total amount of transfusion requirements.,15235945,Aspirin pretreatment revealed no beneficial effects and resulted in increased postoperative bleeding and requirement for blood product transfusions after coronary artery bypass grafting in patients with stable angina.,16153930,Contradiction
as_000781,"In patients undergoing  coronary bypass surgery, does Aspirin usage, compared to no aspirin, cause bleeding",Preoperatively administered aspirin and/or heparin did not significantly increase perioperative blood loss or the total amount of transfusion requirements.,15235945,"Mean mediastinal blood loss was significantly greater in 13 patients taking aspirin (892 +/- 91 ml) and six patients taking Coumadin (warfarin sodium) (858 +/- 168 ml) within 7 days of surgery than in 64 control subjects (439 +/- 28, P less than 0.001).",308334,Contradiction
as_000782,"In patients undergoing  coronary bypass surgery, does Aspirin usage, compared to no aspirin, cause bleeding",Preoperatively administered aspirin and/or heparin did not significantly increase perioperative blood loss or the total amount of transfusion requirements.,15235945,"Regular daily low-dose aspirin therapy produces significant increases in postoperative blood loss, resulting in a substantial increase in blood transfusion and hemostatic pack requirements, but does not prolong postoperative hospital stay.",2400264,Contradiction
as_000783,"In patients undergoing  coronary bypass surgery, does Aspirin usage, compared to no aspirin, cause bleeding",Preoperatively administered aspirin and/or heparin did not significantly increase perioperative blood loss or the total amount of transfusion requirements.,15235945,"Our study suggests that contrary to the commonly held beliefs in our setup, the use of aspirin till the date of surgery does not increase the risk of postoperative bleeding after CABG.",18818571,NotContradiction
as_000784,"In patients undergoing  coronary bypass surgery, does Aspirin usage, compared to no aspirin, cause bleeding","There was more postoperative blood loss, on average, in patients treated with aspirin, but the difference was not significant.",8377686,Patients taking 85-325 mgm of aspirin with a normal bleeding time undergoing elective CABG did not have increased RBC loss or increased transfusion requirements.,2010437,Contradiction
as_000785,"In patients undergoing  coronary bypass surgery, does Aspirin usage, compared to no aspirin, cause bleeding","There was more postoperative blood loss, on average, in patients treated with aspirin, but the difference was not significant.",8377686,"Preoperative aspirin did not increase bleeding-related complications, mortality rate, or other morbidities in patients who had off-pump coronary artery operation.",12842510,Contradiction
as_000786,"In patients undergoing  coronary bypass surgery, does Aspirin usage, compared to no aspirin, cause bleeding","There was more postoperative blood loss, on average, in patients treated with aspirin, but the difference was not significant.",8377686,Aspirin pretreatment revealed no beneficial effects and resulted in increased postoperative bleeding and requirement for blood product transfusions after coronary artery bypass grafting in patients with stable angina.,16153930,NotContradiction
as_000787,"In patients undergoing  coronary bypass surgery, does Aspirin usage, compared to no aspirin, cause bleeding","There was more postoperative blood loss, on average, in patients treated with aspirin, but the difference was not significant.",8377686,"Mean mediastinal blood loss was significantly greater in 13 patients taking aspirin (892 +/- 91 ml) and six patients taking Coumadin (warfarin sodium) (858 +/- 168 ml) within 7 days of surgery than in 64 control subjects (439 +/- 28, P less than 0.001).",308334,NotContradiction
as_000788,"In patients undergoing  coronary bypass surgery, does Aspirin usage, compared to no aspirin, cause bleeding","There was more postoperative blood loss, on average, in patients treated with aspirin, but the difference was not significant.",8377686,"Regular daily low-dose aspirin therapy produces significant increases in postoperative blood loss, resulting in a substantial increase in blood transfusion and hemostatic pack requirements, but does not prolong postoperative hospital stay.",2400264,NotContradiction
as_000789,"In patients undergoing  coronary bypass surgery, does Aspirin usage, compared to no aspirin, cause bleeding","There was more postoperative blood loss, on average, in patients treated with aspirin, but the difference was not significant.",8377686,"Our study suggests that contrary to the commonly held beliefs in our setup, the use of aspirin till the date of surgery does not increase the risk of postoperative bleeding after CABG.",18818571,Contradiction
as_000790,"In patients undergoing  coronary bypass surgery, does Aspirin usage, compared to no aspirin, cause bleeding",Patients taking 85-325 mgm of aspirin with a normal bleeding time undergoing elective CABG did not have increased RBC loss or increased transfusion requirements.,2010437,"Preoperative aspirin did not increase bleeding-related complications, mortality rate, or other morbidities in patients who had off-pump coronary artery operation.",12842510,NotContradiction
as_000791,"In patients undergoing  coronary bypass surgery, does Aspirin usage, compared to no aspirin, cause bleeding",Patients taking 85-325 mgm of aspirin with a normal bleeding time undergoing elective CABG did not have increased RBC loss or increased transfusion requirements.,2010437,Aspirin pretreatment revealed no beneficial effects and resulted in increased postoperative bleeding and requirement for blood product transfusions after coronary artery bypass grafting in patients with stable angina.,16153930,Contradiction
as_000792,"In patients undergoing  coronary bypass surgery, does Aspirin usage, compared to no aspirin, cause bleeding",Patients taking 85-325 mgm of aspirin with a normal bleeding time undergoing elective CABG did not have increased RBC loss or increased transfusion requirements.,2010437,"Mean mediastinal blood loss was significantly greater in 13 patients taking aspirin (892 +/- 91 ml) and six patients taking Coumadin (warfarin sodium) (858 +/- 168 ml) within 7 days of surgery than in 64 control subjects (439 +/- 28, P less than 0.001).",308334,Contradiction
as_000793,"In patients undergoing  coronary bypass surgery, does Aspirin usage, compared to no aspirin, cause bleeding",Patients taking 85-325 mgm of aspirin with a normal bleeding time undergoing elective CABG did not have increased RBC loss or increased transfusion requirements.,2010437,"Regular daily low-dose aspirin therapy produces significant increases in postoperative blood loss, resulting in a substantial increase in blood transfusion and hemostatic pack requirements, but does not prolong postoperative hospital stay.",2400264,Contradiction
as_000794,"In patients undergoing  coronary bypass surgery, does Aspirin usage, compared to no aspirin, cause bleeding",Patients taking 85-325 mgm of aspirin with a normal bleeding time undergoing elective CABG did not have increased RBC loss or increased transfusion requirements.,2010437,"Our study suggests that contrary to the commonly held beliefs in our setup, the use of aspirin till the date of surgery does not increase the risk of postoperative bleeding after CABG.",18818571,NotContradiction
as_000795,"In patients undergoing  coronary bypass surgery, does Aspirin usage, compared to no aspirin, cause bleeding","Preoperative aspirin did not increase bleeding-related complications, mortality rate, or other morbidities in patients who had off-pump coronary artery operation.",12842510,Aspirin pretreatment revealed no beneficial effects and resulted in increased postoperative bleeding and requirement for blood product transfusions after coronary artery bypass grafting in patients with stable angina.,16153930,Contradiction
as_000796,"In patients undergoing  coronary bypass surgery, does Aspirin usage, compared to no aspirin, cause bleeding","Preoperative aspirin did not increase bleeding-related complications, mortality rate, or other morbidities in patients who had off-pump coronary artery operation.",12842510,"Mean mediastinal blood loss was significantly greater in 13 patients taking aspirin (892 +/- 91 ml) and six patients taking Coumadin (warfarin sodium) (858 +/- 168 ml) within 7 days of surgery than in 64 control subjects (439 +/- 28, P less than 0.001).",308334,Contradiction
as_000797,"In patients undergoing  coronary bypass surgery, does Aspirin usage, compared to no aspirin, cause bleeding","Preoperative aspirin did not increase bleeding-related complications, mortality rate, or other morbidities in patients who had off-pump coronary artery operation.",12842510,"Regular daily low-dose aspirin therapy produces significant increases in postoperative blood loss, resulting in a substantial increase in blood transfusion and hemostatic pack requirements, but does not prolong postoperative hospital stay.",2400264,Contradiction
as_000798,"In patients undergoing  coronary bypass surgery, does Aspirin usage, compared to no aspirin, cause bleeding","Preoperative aspirin did not increase bleeding-related complications, mortality rate, or other morbidities in patients who had off-pump coronary artery operation.",12842510,"Our study suggests that contrary to the commonly held beliefs in our setup, the use of aspirin till the date of surgery does not increase the risk of postoperative bleeding after CABG.",18818571,NotContradiction
as_000799,"In patients undergoing  coronary bypass surgery, does Aspirin usage, compared to no aspirin, cause bleeding",Aspirin pretreatment revealed no beneficial effects and resulted in increased postoperative bleeding and requirement for blood product transfusions after coronary artery bypass grafting in patients with stable angina.,16153930,"Mean mediastinal blood loss was significantly greater in 13 patients taking aspirin (892 +/- 91 ml) and six patients taking Coumadin (warfarin sodium) (858 +/- 168 ml) within 7 days of surgery than in 64 control subjects (439 +/- 28, P less than 0.001).",308334,NotContradiction
as_000800,"In patients undergoing  coronary bypass surgery, does Aspirin usage, compared to no aspirin, cause bleeding",Aspirin pretreatment revealed no beneficial effects and resulted in increased postoperative bleeding and requirement for blood product transfusions after coronary artery bypass grafting in patients with stable angina.,16153930,"Regular daily low-dose aspirin therapy produces significant increases in postoperative blood loss, resulting in a substantial increase in blood transfusion and hemostatic pack requirements, but does not prolong postoperative hospital stay.",2400264,NotContradiction
as_000801,"In patients undergoing  coronary bypass surgery, does Aspirin usage, compared to no aspirin, cause bleeding",Aspirin pretreatment revealed no beneficial effects and resulted in increased postoperative bleeding and requirement for blood product transfusions after coronary artery bypass grafting in patients with stable angina.,16153930,"Our study suggests that contrary to the commonly held beliefs in our setup, the use of aspirin till the date of surgery does not increase the risk of postoperative bleeding after CABG.",18818571,Contradiction
as_000802,"In patients undergoing  coronary bypass surgery, does Aspirin usage, compared to no aspirin, cause bleeding","Mean mediastinal blood loss was significantly greater in 13 patients taking aspirin (892 +/- 91 ml) and six patients taking Coumadin (warfarin sodium) (858 +/- 168 ml) within 7 days of surgery than in 64 control subjects (439 +/- 28, P less than 0.001).",308334,"Regular daily low-dose aspirin therapy produces significant increases in postoperative blood loss, resulting in a substantial increase in blood transfusion and hemostatic pack requirements, but does not prolong postoperative hospital stay.",2400264,NotContradiction
as_000803,"In patients undergoing  coronary bypass surgery, does Aspirin usage, compared to no aspirin, cause bleeding","Mean mediastinal blood loss was significantly greater in 13 patients taking aspirin (892 +/- 91 ml) and six patients taking Coumadin (warfarin sodium) (858 +/- 168 ml) within 7 days of surgery than in 64 control subjects (439 +/- 28, P less than 0.001).",308334,"Our study suggests that contrary to the commonly held beliefs in our setup, the use of aspirin till the date of surgery does not increase the risk of postoperative bleeding after CABG.",18818571,Contradiction
as_000804,"In patients undergoing  coronary bypass surgery, does Aspirin usage, compared to no aspirin, cause bleeding","Regular daily low-dose aspirin therapy produces significant increases in postoperative blood loss, resulting in a substantial increase in blood transfusion and hemostatic pack requirements, but does not prolong postoperative hospital stay.",2400264,"Our study suggests that contrary to the commonly held beliefs in our setup, the use of aspirin till the date of surgery does not increase the risk of postoperative bleeding after CABG.",18818571,Contradiction
as_000805,"In patients with coronary artery disease (CAD), is C242T polymorphism of P22(PHOX) gene associated in development of CAD",The present study suggests a protective association between the c.-930A>G promoter polymorphism in the p22-PHOX (CYBA) gene and the development of myocardial infarction in young individuals ( 40 years).,21136016,The T allele in the C242T polymorphism of the p22phox gene had a protective effect against the development of CAD despite the exposure of study subjects to risk factors related to excessive NADPH-dependent superoxide production.,16923427,NotContradiction
as_000806,"In patients with coronary artery disease (CAD), is C242T polymorphism of P22(PHOX) gene associated in development of CAD",The present study suggests a protective association between the c.-930A>G promoter polymorphism in the p22-PHOX (CYBA) gene and the development of myocardial infarction in young individuals ( 40 years).,21136016,"Our observations indicate a significant relationship between p22phox C242T and PARP-1 Val762Ala polymorphisms, CAD and its severity, but not with occurrence of MI in T2DM individuals with significant coronary stenoses.",23040216,NotContradiction
as_000807,"In patients with coronary artery disease (CAD), is C242T polymorphism of P22(PHOX) gene associated in development of CAD",The present study suggests a protective association between the c.-930A>G promoter polymorphism in the p22-PHOX (CYBA) gene and the development of myocardial infarction in young individuals ( 40 years).,21136016,"In addition, the rs13306294 A allele is a potential factor of stenosis of coronary arteries that increases susceptibility for the extent of disease.",22410402,NotContradiction
as_000808,"In patients with coronary artery disease (CAD), is C242T polymorphism of P22(PHOX) gene associated in development of CAD",The present study suggests a protective association between the c.-930A>G promoter polymorphism in the p22-PHOX (CYBA) gene and the development of myocardial infarction in young individuals ( 40 years).,21136016,The A640G and the C242T polymorphisms were not associated with severity of CAD and endothelial function.,12230880,Contradiction
as_000809,"In patients with coronary artery disease (CAD), is C242T polymorphism of P22(PHOX) gene associated in development of CAD",The present study suggests a protective association between the c.-930A>G promoter polymorphism in the p22-PHOX (CYBA) gene and the development of myocardial infarction in young individuals ( 40 years).,21136016,"In conclusion, the CYBA +242C/T and PPARD +294T/C variants modulate risk of CAD through their associations with atherogenic serum lipid profiles.",20512451,NotContradiction
as_000810,"In patients with coronary artery disease (CAD), is C242T polymorphism of P22(PHOX) gene associated in development of CAD",The present study suggests a protective association between the c.-930A>G promoter polymorphism in the p22-PHOX (CYBA) gene and the development of myocardial infarction in young individuals ( 40 years).,21136016,"In a U.S. population, the C242T polymorphism does not appear to confer protection from endothelial dysfunction or CAD.",10440830,Contradiction
as_000811,"In patients with coronary artery disease (CAD), is C242T polymorphism of P22(PHOX) gene associated in development of CAD",The present study suggests a protective association between the c.-930A>G promoter polymorphism in the p22-PHOX (CYBA) gene and the development of myocardial infarction in young individuals ( 40 years).,21136016,"Accumulation of gene polymorphisms related to oxidative stress is likely associated with the prevalence of MI in type 2 diabetic patients, suggesting that the combined information about these variants is useful to assess the risk of MI.",20598694,NotContradiction
as_000812,"In patients with coronary artery disease (CAD), is C242T polymorphism of P22(PHOX) gene associated in development of CAD",The present study suggests a protective association between the c.-930A>G promoter polymorphism in the p22-PHOX (CYBA) gene and the development of myocardial infarction in young individuals ( 40 years).,21136016,"It is concluded that the C242T polymorphism of the p22 phox gene is not associated with lipid peroxidation as measured by MDA, and is not a genetic risk marker for CAD Caucasians.",11722480,Contradiction
as_000813,"In patients with coronary artery disease (CAD), is C242T polymorphism of P22(PHOX) gene associated in development of CAD",The present study suggests a protective association between the c.-930A>G promoter polymorphism in the p22-PHOX (CYBA) gene and the development of myocardial infarction in young individuals ( 40 years).,21136016,The ecNOS gene a/b polymorphism and the NADH/NADPH oxidase p22 phox gene C242T polymorphism were found to be significantly associated with the development of CAD in Korean male patients less than 51 years old.,11530961,NotContradiction
as_000814,"In patients with coronary artery disease (CAD), is C242T polymorphism of P22(PHOX) gene associated in development of CAD",The present study suggests a protective association between the c.-930A>G promoter polymorphism in the p22-PHOX (CYBA) gene and the development of myocardial infarction in young individuals ( 40 years).,21136016,The C242T variant was associated with CHD risk in women.,18324526,NotContradiction
as_000815,"In patients with coronary artery disease (CAD), is C242T polymorphism of P22(PHOX) gene associated in development of CAD",The present study suggests a protective association between the c.-930A>G promoter polymorphism in the p22-PHOX (CYBA) gene and the development of myocardial infarction in young individuals ( 40 years).,21136016,these results support the increased risk of developing early CAD and of having rapid progression of coronary stenosis in subjects carrying the C242T nucleotide transition among the Italian population.,16788250,NotContradiction
as_000816,"In patients with coronary artery disease (CAD), is C242T polymorphism of P22(PHOX) gene associated in development of CAD",The present study suggests a protective association between the c.-930A>G promoter polymorphism in the p22-PHOX (CYBA) gene and the development of myocardial infarction in young individuals ( 40 years).,21136016,In the total population and in high and low risk groups the relative frequencies of the C242T alleles were essentially the same in patients without or with CAD and in individuals without or with myocardial infarction.,10488959,Contradiction
as_000817,"In patients with coronary artery disease (CAD), is C242T polymorphism of P22(PHOX) gene associated in development of CAD",The present study suggests a protective association between the c.-930A>G promoter polymorphism in the p22-PHOX (CYBA) gene and the development of myocardial infarction in young individuals ( 40 years).,21136016,"These data provide evidence that P22(phox) genotypes are significantly associated with CHD risk in a Chinese population and suggest potential interactions among smoking, P22(phox) genotypes, and vitamin E in relation to CHD risk.",17383305,NotContradiction
as_000818,"In patients with coronary artery disease (CAD), is C242T polymorphism of P22(PHOX) gene associated in development of CAD",The present study suggests a protective association between the c.-930A>G promoter polymorphism in the p22-PHOX (CYBA) gene and the development of myocardial infarction in young individuals ( 40 years).,21136016,Our null results provide no support for the hypothesis that any of the 85 genetic variants tested is a susceptibility factor for ACS.,17426274,Contradiction
as_000819,"In patients with coronary artery disease (CAD), is C242T polymorphism of P22(PHOX) gene associated in development of CAD",The present study suggests a protective association between the c.-930A>G promoter polymorphism in the p22-PHOX (CYBA) gene and the development of myocardial infarction in young individuals ( 40 years).,21136016,The p22 phox C242T polymorphism is not associated with the occurrence or severity of CAD or with a history of MI in Australian Caucasian patients aged </= 65 years.,10469162,Contradiction
as_000820,"In patients with coronary artery disease (CAD), is C242T polymorphism of P22(PHOX) gene associated in development of CAD",The present study suggests a protective association between the c.-930A>G promoter polymorphism in the p22-PHOX (CYBA) gene and the development of myocardial infarction in young individuals ( 40 years).,21136016,The p22 phox codon 72 polymorphism is not associated with the risk of CHD in the present samples of Asian Indians and Chinese.,10583446,Contradiction
as_000821,"In patients with coronary artery disease (CAD), is C242T polymorphism of P22(PHOX) gene associated in development of CAD",The present study suggests a protective association between the c.-930A>G promoter polymorphism in the p22-PHOX (CYBA) gene and the development of myocardial infarction in young individuals ( 40 years).,21136016,The 242T allele interacts with cigarette smoking and hypercholesterolemia to increase the risk of CAD; this risk is probably associated with the cumulative/synergistic effect of the 242T allele and both the traditional risk factors.,17627182,NotContradiction
as_000822,"In patients with coronary artery disease (CAD), is C242T polymorphism of P22(PHOX) gene associated in development of CAD",The T allele in the C242T polymorphism of the p22phox gene had a protective effect against the development of CAD despite the exposure of study subjects to risk factors related to excessive NADPH-dependent superoxide production.,16923427,"Our observations indicate a significant relationship between p22phox C242T and PARP-1 Val762Ala polymorphisms, CAD and its severity, but not with occurrence of MI in T2DM individuals with significant coronary stenoses.",23040216,NotContradiction
as_000823,"In patients with coronary artery disease (CAD), is C242T polymorphism of P22(PHOX) gene associated in development of CAD",The T allele in the C242T polymorphism of the p22phox gene had a protective effect against the development of CAD despite the exposure of study subjects to risk factors related to excessive NADPH-dependent superoxide production.,16923427,"In addition, the rs13306294 A allele is a potential factor of stenosis of coronary arteries that increases susceptibility for the extent of disease.",22410402,NotContradiction
as_000824,"In patients with coronary artery disease (CAD), is C242T polymorphism of P22(PHOX) gene associated in development of CAD",The T allele in the C242T polymorphism of the p22phox gene had a protective effect against the development of CAD despite the exposure of study subjects to risk factors related to excessive NADPH-dependent superoxide production.,16923427,The A640G and the C242T polymorphisms were not associated with severity of CAD and endothelial function.,12230880,Contradiction
as_000825,"In patients with coronary artery disease (CAD), is C242T polymorphism of P22(PHOX) gene associated in development of CAD",The T allele in the C242T polymorphism of the p22phox gene had a protective effect against the development of CAD despite the exposure of study subjects to risk factors related to excessive NADPH-dependent superoxide production.,16923427,"In conclusion, the CYBA +242C/T and PPARD +294T/C variants modulate risk of CAD through their associations with atherogenic serum lipid profiles.",20512451,NotContradiction
as_000826,"In patients with coronary artery disease (CAD), is C242T polymorphism of P22(PHOX) gene associated in development of CAD",The T allele in the C242T polymorphism of the p22phox gene had a protective effect against the development of CAD despite the exposure of study subjects to risk factors related to excessive NADPH-dependent superoxide production.,16923427,"In a U.S. population, the C242T polymorphism does not appear to confer protection from endothelial dysfunction or CAD.",10440830,Contradiction
as_000827,"In patients with coronary artery disease (CAD), is C242T polymorphism of P22(PHOX) gene associated in development of CAD",The T allele in the C242T polymorphism of the p22phox gene had a protective effect against the development of CAD despite the exposure of study subjects to risk factors related to excessive NADPH-dependent superoxide production.,16923427,"Accumulation of gene polymorphisms related to oxidative stress is likely associated with the prevalence of MI in type 2 diabetic patients, suggesting that the combined information about these variants is useful to assess the risk of MI.",20598694,NotContradiction
as_000828,"In patients with coronary artery disease (CAD), is C242T polymorphism of P22(PHOX) gene associated in development of CAD",The T allele in the C242T polymorphism of the p22phox gene had a protective effect against the development of CAD despite the exposure of study subjects to risk factors related to excessive NADPH-dependent superoxide production.,16923427,"It is concluded that the C242T polymorphism of the p22 phox gene is not associated with lipid peroxidation as measured by MDA, and is not a genetic risk marker for CAD Caucasians.",11722480,Contradiction
as_000829,"In patients with coronary artery disease (CAD), is C242T polymorphism of P22(PHOX) gene associated in development of CAD",The T allele in the C242T polymorphism of the p22phox gene had a protective effect against the development of CAD despite the exposure of study subjects to risk factors related to excessive NADPH-dependent superoxide production.,16923427,The ecNOS gene a/b polymorphism and the NADH/NADPH oxidase p22 phox gene C242T polymorphism were found to be significantly associated with the development of CAD in Korean male patients less than 51 years old.,11530961,NotContradiction
as_000830,"In patients with coronary artery disease (CAD), is C242T polymorphism of P22(PHOX) gene associated in development of CAD",The T allele in the C242T polymorphism of the p22phox gene had a protective effect against the development of CAD despite the exposure of study subjects to risk factors related to excessive NADPH-dependent superoxide production.,16923427,The C242T variant was associated with CHD risk in women.,18324526,NotContradiction
as_000831,"In patients with coronary artery disease (CAD), is C242T polymorphism of P22(PHOX) gene associated in development of CAD",The T allele in the C242T polymorphism of the p22phox gene had a protective effect against the development of CAD despite the exposure of study subjects to risk factors related to excessive NADPH-dependent superoxide production.,16923427,these results support the increased risk of developing early CAD and of having rapid progression of coronary stenosis in subjects carrying the C242T nucleotide transition among the Italian population.,16788250,NotContradiction
as_000832,"In patients with coronary artery disease (CAD), is C242T polymorphism of P22(PHOX) gene associated in development of CAD",The T allele in the C242T polymorphism of the p22phox gene had a protective effect against the development of CAD despite the exposure of study subjects to risk factors related to excessive NADPH-dependent superoxide production.,16923427,In the total population and in high and low risk groups the relative frequencies of the C242T alleles were essentially the same in patients without or with CAD and in individuals without or with myocardial infarction.,10488959,Contradiction
as_000833,"In patients with coronary artery disease (CAD), is C242T polymorphism of P22(PHOX) gene associated in development of CAD",The T allele in the C242T polymorphism of the p22phox gene had a protective effect against the development of CAD despite the exposure of study subjects to risk factors related to excessive NADPH-dependent superoxide production.,16923427,"These data provide evidence that P22(phox) genotypes are significantly associated with CHD risk in a Chinese population and suggest potential interactions among smoking, P22(phox) genotypes, and vitamin E in relation to CHD risk.",17383305,NotContradiction
as_000834,"In patients with coronary artery disease (CAD), is C242T polymorphism of P22(PHOX) gene associated in development of CAD",The T allele in the C242T polymorphism of the p22phox gene had a protective effect against the development of CAD despite the exposure of study subjects to risk factors related to excessive NADPH-dependent superoxide production.,16923427,Our null results provide no support for the hypothesis that any of the 85 genetic variants tested is a susceptibility factor for ACS.,17426274,Contradiction
as_000835,"In patients with coronary artery disease (CAD), is C242T polymorphism of P22(PHOX) gene associated in development of CAD",The T allele in the C242T polymorphism of the p22phox gene had a protective effect against the development of CAD despite the exposure of study subjects to risk factors related to excessive NADPH-dependent superoxide production.,16923427,The p22 phox C242T polymorphism is not associated with the occurrence or severity of CAD or with a history of MI in Australian Caucasian patients aged </= 65 years.,10469162,Contradiction
as_000836,"In patients with coronary artery disease (CAD), is C242T polymorphism of P22(PHOX) gene associated in development of CAD",The T allele in the C242T polymorphism of the p22phox gene had a protective effect against the development of CAD despite the exposure of study subjects to risk factors related to excessive NADPH-dependent superoxide production.,16923427,The p22 phox codon 72 polymorphism is not associated with the risk of CHD in the present samples of Asian Indians and Chinese.,10583446,Contradiction
as_000837,"In patients with coronary artery disease (CAD), is C242T polymorphism of P22(PHOX) gene associated in development of CAD",The T allele in the C242T polymorphism of the p22phox gene had a protective effect against the development of CAD despite the exposure of study subjects to risk factors related to excessive NADPH-dependent superoxide production.,16923427,The 242T allele interacts with cigarette smoking and hypercholesterolemia to increase the risk of CAD; this risk is probably associated with the cumulative/synergistic effect of the 242T allele and both the traditional risk factors.,17627182,NotContradiction
as_000838,"In patients with coronary artery disease (CAD), is C242T polymorphism of P22(PHOX) gene associated in development of CAD","Our observations indicate a significant relationship between p22phox C242T and PARP-1 Val762Ala polymorphisms, CAD and its severity, but not with occurrence of MI in T2DM individuals with significant coronary stenoses.",23040216,"In addition, the rs13306294 A allele is a potential factor of stenosis of coronary arteries that increases susceptibility for the extent of disease.",22410402,NotContradiction
as_000839,"In patients with coronary artery disease (CAD), is C242T polymorphism of P22(PHOX) gene associated in development of CAD","Our observations indicate a significant relationship between p22phox C242T and PARP-1 Val762Ala polymorphisms, CAD and its severity, but not with occurrence of MI in T2DM individuals with significant coronary stenoses.",23040216,The A640G and the C242T polymorphisms were not associated with severity of CAD and endothelial function.,12230880,Contradiction
as_000840,"In patients with coronary artery disease (CAD), is C242T polymorphism of P22(PHOX) gene associated in development of CAD","Our observations indicate a significant relationship between p22phox C242T and PARP-1 Val762Ala polymorphisms, CAD and its severity, but not with occurrence of MI in T2DM individuals with significant coronary stenoses.",23040216,"In conclusion, the CYBA +242C/T and PPARD +294T/C variants modulate risk of CAD through their associations with atherogenic serum lipid profiles.",20512451,NotContradiction
as_000841,"In patients with coronary artery disease (CAD), is C242T polymorphism of P22(PHOX) gene associated in development of CAD","Our observations indicate a significant relationship between p22phox C242T and PARP-1 Val762Ala polymorphisms, CAD and its severity, but not with occurrence of MI in T2DM individuals with significant coronary stenoses.",23040216,"In a U.S. population, the C242T polymorphism does not appear to confer protection from endothelial dysfunction or CAD.",10440830,Contradiction
as_000842,"In patients with coronary artery disease (CAD), is C242T polymorphism of P22(PHOX) gene associated in development of CAD","Our observations indicate a significant relationship between p22phox C242T and PARP-1 Val762Ala polymorphisms, CAD and its severity, but not with occurrence of MI in T2DM individuals with significant coronary stenoses.",23040216,"Accumulation of gene polymorphisms related to oxidative stress is likely associated with the prevalence of MI in type 2 diabetic patients, suggesting that the combined information about these variants is useful to assess the risk of MI.",20598694,NotContradiction
as_000843,"In patients with coronary artery disease (CAD), is C242T polymorphism of P22(PHOX) gene associated in development of CAD","Our observations indicate a significant relationship between p22phox C242T and PARP-1 Val762Ala polymorphisms, CAD and its severity, but not with occurrence of MI in T2DM individuals with significant coronary stenoses.",23040216,"It is concluded that the C242T polymorphism of the p22 phox gene is not associated with lipid peroxidation as measured by MDA, and is not a genetic risk marker for CAD Caucasians.",11722480,Contradiction
as_000844,"In patients with coronary artery disease (CAD), is C242T polymorphism of P22(PHOX) gene associated in development of CAD","Our observations indicate a significant relationship between p22phox C242T and PARP-1 Val762Ala polymorphisms, CAD and its severity, but not with occurrence of MI in T2DM individuals with significant coronary stenoses.",23040216,The ecNOS gene a/b polymorphism and the NADH/NADPH oxidase p22 phox gene C242T polymorphism were found to be significantly associated with the development of CAD in Korean male patients less than 51 years old.,11530961,NotContradiction
as_000845,"In patients with coronary artery disease (CAD), is C242T polymorphism of P22(PHOX) gene associated in development of CAD","Our observations indicate a significant relationship between p22phox C242T and PARP-1 Val762Ala polymorphisms, CAD and its severity, but not with occurrence of MI in T2DM individuals with significant coronary stenoses.",23040216,The C242T variant was associated with CHD risk in women.,18324526,NotContradiction
as_000846,"In patients with coronary artery disease (CAD), is C242T polymorphism of P22(PHOX) gene associated in development of CAD","Our observations indicate a significant relationship between p22phox C242T and PARP-1 Val762Ala polymorphisms, CAD and its severity, but not with occurrence of MI in T2DM individuals with significant coronary stenoses.",23040216,these results support the increased risk of developing early CAD and of having rapid progression of coronary stenosis in subjects carrying the C242T nucleotide transition among the Italian population.,16788250,NotContradiction
as_000847,"In patients with coronary artery disease (CAD), is C242T polymorphism of P22(PHOX) gene associated in development of CAD","Our observations indicate a significant relationship between p22phox C242T and PARP-1 Val762Ala polymorphisms, CAD and its severity, but not with occurrence of MI in T2DM individuals with significant coronary stenoses.",23040216,In the total population and in high and low risk groups the relative frequencies of the C242T alleles were essentially the same in patients without or with CAD and in individuals without or with myocardial infarction.,10488959,Contradiction
as_000848,"In patients with coronary artery disease (CAD), is C242T polymorphism of P22(PHOX) gene associated in development of CAD","Our observations indicate a significant relationship between p22phox C242T and PARP-1 Val762Ala polymorphisms, CAD and its severity, but not with occurrence of MI in T2DM individuals with significant coronary stenoses.",23040216,"These data provide evidence that P22(phox) genotypes are significantly associated with CHD risk in a Chinese population and suggest potential interactions among smoking, P22(phox) genotypes, and vitamin E in relation to CHD risk.",17383305,NotContradiction
as_000849,"In patients with coronary artery disease (CAD), is C242T polymorphism of P22(PHOX) gene associated in development of CAD","Our observations indicate a significant relationship between p22phox C242T and PARP-1 Val762Ala polymorphisms, CAD and its severity, but not with occurrence of MI in T2DM individuals with significant coronary stenoses.",23040216,Our null results provide no support for the hypothesis that any of the 85 genetic variants tested is a susceptibility factor for ACS.,17426274,Contradiction
as_000850,"In patients with coronary artery disease (CAD), is C242T polymorphism of P22(PHOX) gene associated in development of CAD","Our observations indicate a significant relationship between p22phox C242T and PARP-1 Val762Ala polymorphisms, CAD and its severity, but not with occurrence of MI in T2DM individuals with significant coronary stenoses.",23040216,The p22 phox C242T polymorphism is not associated with the occurrence or severity of CAD or with a history of MI in Australian Caucasian patients aged </= 65 years.,10469162,Contradiction
as_000851,"In patients with coronary artery disease (CAD), is C242T polymorphism of P22(PHOX) gene associated in development of CAD","Our observations indicate a significant relationship between p22phox C242T and PARP-1 Val762Ala polymorphisms, CAD and its severity, but not with occurrence of MI in T2DM individuals with significant coronary stenoses.",23040216,The p22 phox codon 72 polymorphism is not associated with the risk of CHD in the present samples of Asian Indians and Chinese.,10583446,Contradiction
as_000852,"In patients with coronary artery disease (CAD), is C242T polymorphism of P22(PHOX) gene associated in development of CAD","Our observations indicate a significant relationship between p22phox C242T and PARP-1 Val762Ala polymorphisms, CAD and its severity, but not with occurrence of MI in T2DM individuals with significant coronary stenoses.",23040216,The 242T allele interacts with cigarette smoking and hypercholesterolemia to increase the risk of CAD; this risk is probably associated with the cumulative/synergistic effect of the 242T allele and both the traditional risk factors.,17627182,NotContradiction
as_000853,"In patients with coronary artery disease (CAD), is C242T polymorphism of P22(PHOX) gene associated in development of CAD","In addition, the rs13306294 A allele is a potential factor of stenosis of coronary arteries that increases susceptibility for the extent of disease.",22410402,The A640G and the C242T polymorphisms were not associated with severity of CAD and endothelial function.,12230880,Contradiction
as_000854,"In patients with coronary artery disease (CAD), is C242T polymorphism of P22(PHOX) gene associated in development of CAD","In addition, the rs13306294 A allele is a potential factor of stenosis of coronary arteries that increases susceptibility for the extent of disease.",22410402,"In conclusion, the CYBA +242C/T and PPARD +294T/C variants modulate risk of CAD through their associations with atherogenic serum lipid profiles.",20512451,NotContradiction
as_000855,"In patients with coronary artery disease (CAD), is C242T polymorphism of P22(PHOX) gene associated in development of CAD","In addition, the rs13306294 A allele is a potential factor of stenosis of coronary arteries that increases susceptibility for the extent of disease.",22410402,"In a U.S. population, the C242T polymorphism does not appear to confer protection from endothelial dysfunction or CAD.",10440830,Contradiction
as_000856,"In patients with coronary artery disease (CAD), is C242T polymorphism of P22(PHOX) gene associated in development of CAD","In addition, the rs13306294 A allele is a potential factor of stenosis of coronary arteries that increases susceptibility for the extent of disease.",22410402,"Accumulation of gene polymorphisms related to oxidative stress is likely associated with the prevalence of MI in type 2 diabetic patients, suggesting that the combined information about these variants is useful to assess the risk of MI.",20598694,NotContradiction
as_000857,"In patients with coronary artery disease (CAD), is C242T polymorphism of P22(PHOX) gene associated in development of CAD","In addition, the rs13306294 A allele is a potential factor of stenosis of coronary arteries that increases susceptibility for the extent of disease.",22410402,"It is concluded that the C242T polymorphism of the p22 phox gene is not associated with lipid peroxidation as measured by MDA, and is not a genetic risk marker for CAD Caucasians.",11722480,Contradiction
as_000858,"In patients with coronary artery disease (CAD), is C242T polymorphism of P22(PHOX) gene associated in development of CAD","In addition, the rs13306294 A allele is a potential factor of stenosis of coronary arteries that increases susceptibility for the extent of disease.",22410402,The ecNOS gene a/b polymorphism and the NADH/NADPH oxidase p22 phox gene C242T polymorphism were found to be significantly associated with the development of CAD in Korean male patients less than 51 years old.,11530961,NotContradiction
as_000859,"In patients with coronary artery disease (CAD), is C242T polymorphism of P22(PHOX) gene associated in development of CAD","In addition, the rs13306294 A allele is a potential factor of stenosis of coronary arteries that increases susceptibility for the extent of disease.",22410402,The C242T variant was associated with CHD risk in women.,18324526,NotContradiction
as_000860,"In patients with coronary artery disease (CAD), is C242T polymorphism of P22(PHOX) gene associated in development of CAD","In addition, the rs13306294 A allele is a potential factor of stenosis of coronary arteries that increases susceptibility for the extent of disease.",22410402,these results support the increased risk of developing early CAD and of having rapid progression of coronary stenosis in subjects carrying the C242T nucleotide transition among the Italian population.,16788250,NotContradiction
as_000861,"In patients with coronary artery disease (CAD), is C242T polymorphism of P22(PHOX) gene associated in development of CAD","In addition, the rs13306294 A allele is a potential factor of stenosis of coronary arteries that increases susceptibility for the extent of disease.",22410402,In the total population and in high and low risk groups the relative frequencies of the C242T alleles were essentially the same in patients without or with CAD and in individuals without or with myocardial infarction.,10488959,Contradiction
as_000862,"In patients with coronary artery disease (CAD), is C242T polymorphism of P22(PHOX) gene associated in development of CAD","In addition, the rs13306294 A allele is a potential factor of stenosis of coronary arteries that increases susceptibility for the extent of disease.",22410402,"These data provide evidence that P22(phox) genotypes are significantly associated with CHD risk in a Chinese population and suggest potential interactions among smoking, P22(phox) genotypes, and vitamin E in relation to CHD risk.",17383305,NotContradiction
as_000863,"In patients with coronary artery disease (CAD), is C242T polymorphism of P22(PHOX) gene associated in development of CAD","In addition, the rs13306294 A allele is a potential factor of stenosis of coronary arteries that increases susceptibility for the extent of disease.",22410402,Our null results provide no support for the hypothesis that any of the 85 genetic variants tested is a susceptibility factor for ACS.,17426274,Contradiction
as_000864,"In patients with coronary artery disease (CAD), is C242T polymorphism of P22(PHOX) gene associated in development of CAD","In addition, the rs13306294 A allele is a potential factor of stenosis of coronary arteries that increases susceptibility for the extent of disease.",22410402,The p22 phox C242T polymorphism is not associated with the occurrence or severity of CAD or with a history of MI in Australian Caucasian patients aged </= 65 years.,10469162,Contradiction
as_000865,"In patients with coronary artery disease (CAD), is C242T polymorphism of P22(PHOX) gene associated in development of CAD","In addition, the rs13306294 A allele is a potential factor of stenosis of coronary arteries that increases susceptibility for the extent of disease.",22410402,The p22 phox codon 72 polymorphism is not associated with the risk of CHD in the present samples of Asian Indians and Chinese.,10583446,Contradiction
as_000866,"In patients with coronary artery disease (CAD), is C242T polymorphism of P22(PHOX) gene associated in development of CAD","In addition, the rs13306294 A allele is a potential factor of stenosis of coronary arteries that increases susceptibility for the extent of disease.",22410402,The 242T allele interacts with cigarette smoking and hypercholesterolemia to increase the risk of CAD; this risk is probably associated with the cumulative/synergistic effect of the 242T allele and both the traditional risk factors.,17627182,NotContradiction
as_000867,"In patients with coronary artery disease (CAD), is C242T polymorphism of P22(PHOX) gene associated in development of CAD",The A640G and the C242T polymorphisms were not associated with severity of CAD and endothelial function.,12230880,"In conclusion, the CYBA +242C/T and PPARD +294T/C variants modulate risk of CAD through their associations with atherogenic serum lipid profiles.",20512451,Contradiction
as_000868,"In patients with coronary artery disease (CAD), is C242T polymorphism of P22(PHOX) gene associated in development of CAD",The A640G and the C242T polymorphisms were not associated with severity of CAD and endothelial function.,12230880,"In a U.S. population, the C242T polymorphism does not appear to confer protection from endothelial dysfunction or CAD.",10440830,NotContradiction
as_000869,"In patients with coronary artery disease (CAD), is C242T polymorphism of P22(PHOX) gene associated in development of CAD",The A640G and the C242T polymorphisms were not associated with severity of CAD and endothelial function.,12230880,"Accumulation of gene polymorphisms related to oxidative stress is likely associated with the prevalence of MI in type 2 diabetic patients, suggesting that the combined information about these variants is useful to assess the risk of MI.",20598694,Contradiction
as_000870,"In patients with coronary artery disease (CAD), is C242T polymorphism of P22(PHOX) gene associated in development of CAD",The A640G and the C242T polymorphisms were not associated with severity of CAD and endothelial function.,12230880,"It is concluded that the C242T polymorphism of the p22 phox gene is not associated with lipid peroxidation as measured by MDA, and is not a genetic risk marker for CAD Caucasians.",11722480,NotContradiction
as_000871,"In patients with coronary artery disease (CAD), is C242T polymorphism of P22(PHOX) gene associated in development of CAD",The A640G and the C242T polymorphisms were not associated with severity of CAD and endothelial function.,12230880,The ecNOS gene a/b polymorphism and the NADH/NADPH oxidase p22 phox gene C242T polymorphism were found to be significantly associated with the development of CAD in Korean male patients less than 51 years old.,11530961,Contradiction
as_000872,"In patients with coronary artery disease (CAD), is C242T polymorphism of P22(PHOX) gene associated in development of CAD",The A640G and the C242T polymorphisms were not associated with severity of CAD and endothelial function.,12230880,The C242T variant was associated with CHD risk in women.,18324526,Contradiction
as_000873,"In patients with coronary artery disease (CAD), is C242T polymorphism of P22(PHOX) gene associated in development of CAD",The A640G and the C242T polymorphisms were not associated with severity of CAD and endothelial function.,12230880,these results support the increased risk of developing early CAD and of having rapid progression of coronary stenosis in subjects carrying the C242T nucleotide transition among the Italian population.,16788250,Contradiction
as_000874,"In patients with coronary artery disease (CAD), is C242T polymorphism of P22(PHOX) gene associated in development of CAD",The A640G and the C242T polymorphisms were not associated with severity of CAD and endothelial function.,12230880,In the total population and in high and low risk groups the relative frequencies of the C242T alleles were essentially the same in patients without or with CAD and in individuals without or with myocardial infarction.,10488959,NotContradiction
as_000875,"In patients with coronary artery disease (CAD), is C242T polymorphism of P22(PHOX) gene associated in development of CAD",The A640G and the C242T polymorphisms were not associated with severity of CAD and endothelial function.,12230880,"These data provide evidence that P22(phox) genotypes are significantly associated with CHD risk in a Chinese population and suggest potential interactions among smoking, P22(phox) genotypes, and vitamin E in relation to CHD risk.",17383305,Contradiction
as_000876,"In patients with coronary artery disease (CAD), is C242T polymorphism of P22(PHOX) gene associated in development of CAD",The A640G and the C242T polymorphisms were not associated with severity of CAD and endothelial function.,12230880,Our null results provide no support for the hypothesis that any of the 85 genetic variants tested is a susceptibility factor for ACS.,17426274,NotContradiction
as_000877,"In patients with coronary artery disease (CAD), is C242T polymorphism of P22(PHOX) gene associated in development of CAD",The A640G and the C242T polymorphisms were not associated with severity of CAD and endothelial function.,12230880,The p22 phox C242T polymorphism is not associated with the occurrence or severity of CAD or with a history of MI in Australian Caucasian patients aged </= 65 years.,10469162,NotContradiction
as_000878,"In patients with coronary artery disease (CAD), is C242T polymorphism of P22(PHOX) gene associated in development of CAD",The A640G and the C242T polymorphisms were not associated with severity of CAD and endothelial function.,12230880,The p22 phox codon 72 polymorphism is not associated with the risk of CHD in the present samples of Asian Indians and Chinese.,10583446,NotContradiction
as_000879,"In patients with coronary artery disease (CAD), is C242T polymorphism of P22(PHOX) gene associated in development of CAD",The A640G and the C242T polymorphisms were not associated with severity of CAD and endothelial function.,12230880,The 242T allele interacts with cigarette smoking and hypercholesterolemia to increase the risk of CAD; this risk is probably associated with the cumulative/synergistic effect of the 242T allele and both the traditional risk factors.,17627182,Contradiction
as_000880,"In patients with coronary artery disease (CAD), is C242T polymorphism of P22(PHOX) gene associated in development of CAD","In conclusion, the CYBA +242C/T and PPARD +294T/C variants modulate risk of CAD through their associations with atherogenic serum lipid profiles.",20512451,"In a U.S. population, the C242T polymorphism does not appear to confer protection from endothelial dysfunction or CAD.",10440830,Contradiction
as_000881,"In patients with coronary artery disease (CAD), is C242T polymorphism of P22(PHOX) gene associated in development of CAD","In conclusion, the CYBA +242C/T and PPARD +294T/C variants modulate risk of CAD through their associations with atherogenic serum lipid profiles.",20512451,"Accumulation of gene polymorphisms related to oxidative stress is likely associated with the prevalence of MI in type 2 diabetic patients, suggesting that the combined information about these variants is useful to assess the risk of MI.",20598694,NotContradiction
as_000882,"In patients with coronary artery disease (CAD), is C242T polymorphism of P22(PHOX) gene associated in development of CAD","In conclusion, the CYBA +242C/T and PPARD +294T/C variants modulate risk of CAD through their associations with atherogenic serum lipid profiles.",20512451,"It is concluded that the C242T polymorphism of the p22 phox gene is not associated with lipid peroxidation as measured by MDA, and is not a genetic risk marker for CAD Caucasians.",11722480,Contradiction
as_000883,"In patients with coronary artery disease (CAD), is C242T polymorphism of P22(PHOX) gene associated in development of CAD","In conclusion, the CYBA +242C/T and PPARD +294T/C variants modulate risk of CAD through their associations with atherogenic serum lipid profiles.",20512451,The ecNOS gene a/b polymorphism and the NADH/NADPH oxidase p22 phox gene C242T polymorphism were found to be significantly associated with the development of CAD in Korean male patients less than 51 years old.,11530961,NotContradiction
as_000884,"In patients with coronary artery disease (CAD), is C242T polymorphism of P22(PHOX) gene associated in development of CAD","In conclusion, the CYBA +242C/T and PPARD +294T/C variants modulate risk of CAD through their associations with atherogenic serum lipid profiles.",20512451,The C242T variant was associated with CHD risk in women.,18324526,NotContradiction
as_000885,"In patients with coronary artery disease (CAD), is C242T polymorphism of P22(PHOX) gene associated in development of CAD","In conclusion, the CYBA +242C/T and PPARD +294T/C variants modulate risk of CAD through their associations with atherogenic serum lipid profiles.",20512451,these results support the increased risk of developing early CAD and of having rapid progression of coronary stenosis in subjects carrying the C242T nucleotide transition among the Italian population.,16788250,NotContradiction
as_000886,"In patients with coronary artery disease (CAD), is C242T polymorphism of P22(PHOX) gene associated in development of CAD","In conclusion, the CYBA +242C/T and PPARD +294T/C variants modulate risk of CAD through their associations with atherogenic serum lipid profiles.",20512451,In the total population and in high and low risk groups the relative frequencies of the C242T alleles were essentially the same in patients without or with CAD and in individuals without or with myocardial infarction.,10488959,Contradiction
as_000887,"In patients with coronary artery disease (CAD), is C242T polymorphism of P22(PHOX) gene associated in development of CAD","In conclusion, the CYBA +242C/T and PPARD +294T/C variants modulate risk of CAD through their associations with atherogenic serum lipid profiles.",20512451,"These data provide evidence that P22(phox) genotypes are significantly associated with CHD risk in a Chinese population and suggest potential interactions among smoking, P22(phox) genotypes, and vitamin E in relation to CHD risk.",17383305,NotContradiction
as_000888,"In patients with coronary artery disease (CAD), is C242T polymorphism of P22(PHOX) gene associated in development of CAD","In conclusion, the CYBA +242C/T and PPARD +294T/C variants modulate risk of CAD through their associations with atherogenic serum lipid profiles.",20512451,Our null results provide no support for the hypothesis that any of the 85 genetic variants tested is a susceptibility factor for ACS.,17426274,Contradiction
as_000889,"In patients with coronary artery disease (CAD), is C242T polymorphism of P22(PHOX) gene associated in development of CAD","In conclusion, the CYBA +242C/T and PPARD +294T/C variants modulate risk of CAD through their associations with atherogenic serum lipid profiles.",20512451,The p22 phox C242T polymorphism is not associated with the occurrence or severity of CAD or with a history of MI in Australian Caucasian patients aged </= 65 years.,10469162,Contradiction
as_000890,"In patients with coronary artery disease (CAD), is C242T polymorphism of P22(PHOX) gene associated in development of CAD","In conclusion, the CYBA +242C/T and PPARD +294T/C variants modulate risk of CAD through their associations with atherogenic serum lipid profiles.",20512451,The p22 phox codon 72 polymorphism is not associated with the risk of CHD in the present samples of Asian Indians and Chinese.,10583446,Contradiction
as_000891,"In patients with coronary artery disease (CAD), is C242T polymorphism of P22(PHOX) gene associated in development of CAD","In conclusion, the CYBA +242C/T and PPARD +294T/C variants modulate risk of CAD through their associations with atherogenic serum lipid profiles.",20512451,The 242T allele interacts with cigarette smoking and hypercholesterolemia to increase the risk of CAD; this risk is probably associated with the cumulative/synergistic effect of the 242T allele and both the traditional risk factors.,17627182,NotContradiction
as_000892,"In patients with coronary artery disease (CAD), is C242T polymorphism of P22(PHOX) gene associated in development of CAD","In a U.S. population, the C242T polymorphism does not appear to confer protection from endothelial dysfunction or CAD.",10440830,"Accumulation of gene polymorphisms related to oxidative stress is likely associated with the prevalence of MI in type 2 diabetic patients, suggesting that the combined information about these variants is useful to assess the risk of MI.",20598694,Contradiction
as_000893,"In patients with coronary artery disease (CAD), is C242T polymorphism of P22(PHOX) gene associated in development of CAD","In a U.S. population, the C242T polymorphism does not appear to confer protection from endothelial dysfunction or CAD.",10440830,"It is concluded that the C242T polymorphism of the p22 phox gene is not associated with lipid peroxidation as measured by MDA, and is not a genetic risk marker for CAD Caucasians.",11722480,NotContradiction
as_000894,"In patients with coronary artery disease (CAD), is C242T polymorphism of P22(PHOX) gene associated in development of CAD","In a U.S. population, the C242T polymorphism does not appear to confer protection from endothelial dysfunction or CAD.",10440830,The ecNOS gene a/b polymorphism and the NADH/NADPH oxidase p22 phox gene C242T polymorphism were found to be significantly associated with the development of CAD in Korean male patients less than 51 years old.,11530961,Contradiction
as_000895,"In patients with coronary artery disease (CAD), is C242T polymorphism of P22(PHOX) gene associated in development of CAD","In a U.S. population, the C242T polymorphism does not appear to confer protection from endothelial dysfunction or CAD.",10440830,The C242T variant was associated with CHD risk in women.,18324526,Contradiction
as_000896,"In patients with coronary artery disease (CAD), is C242T polymorphism of P22(PHOX) gene associated in development of CAD","In a U.S. population, the C242T polymorphism does not appear to confer protection from endothelial dysfunction or CAD.",10440830,these results support the increased risk of developing early CAD and of having rapid progression of coronary stenosis in subjects carrying the C242T nucleotide transition among the Italian population.,16788250,Contradiction
as_000897,"In patients with coronary artery disease (CAD), is C242T polymorphism of P22(PHOX) gene associated in development of CAD","In a U.S. population, the C242T polymorphism does not appear to confer protection from endothelial dysfunction or CAD.",10440830,In the total population and in high and low risk groups the relative frequencies of the C242T alleles were essentially the same in patients without or with CAD and in individuals without or with myocardial infarction.,10488959,NotContradiction
as_000898,"In patients with coronary artery disease (CAD), is C242T polymorphism of P22(PHOX) gene associated in development of CAD","In a U.S. population, the C242T polymorphism does not appear to confer protection from endothelial dysfunction or CAD.",10440830,"These data provide evidence that P22(phox) genotypes are significantly associated with CHD risk in a Chinese population and suggest potential interactions among smoking, P22(phox) genotypes, and vitamin E in relation to CHD risk.",17383305,Contradiction
as_000899,"In patients with coronary artery disease (CAD), is C242T polymorphism of P22(PHOX) gene associated in development of CAD","In a U.S. population, the C242T polymorphism does not appear to confer protection from endothelial dysfunction or CAD.",10440830,Our null results provide no support for the hypothesis that any of the 85 genetic variants tested is a susceptibility factor for ACS.,17426274,NotContradiction
as_000900,"In patients with coronary artery disease (CAD), is C242T polymorphism of P22(PHOX) gene associated in development of CAD","In a U.S. population, the C242T polymorphism does not appear to confer protection from endothelial dysfunction or CAD.",10440830,The p22 phox C242T polymorphism is not associated with the occurrence or severity of CAD or with a history of MI in Australian Caucasian patients aged </= 65 years.,10469162,NotContradiction
as_000901,"In patients with coronary artery disease (CAD), is C242T polymorphism of P22(PHOX) gene associated in development of CAD","In a U.S. population, the C242T polymorphism does not appear to confer protection from endothelial dysfunction or CAD.",10440830,The p22 phox codon 72 polymorphism is not associated with the risk of CHD in the present samples of Asian Indians and Chinese.,10583446,NotContradiction
as_000902,"In patients with coronary artery disease (CAD), is C242T polymorphism of P22(PHOX) gene associated in development of CAD","In a U.S. population, the C242T polymorphism does not appear to confer protection from endothelial dysfunction or CAD.",10440830,The 242T allele interacts with cigarette smoking and hypercholesterolemia to increase the risk of CAD; this risk is probably associated with the cumulative/synergistic effect of the 242T allele and both the traditional risk factors.,17627182,Contradiction
as_000903,"In patients with coronary artery disease (CAD), is C242T polymorphism of P22(PHOX) gene associated in development of CAD","Accumulation of gene polymorphisms related to oxidative stress is likely associated with the prevalence of MI in type 2 diabetic patients, suggesting that the combined information about these variants is useful to assess the risk of MI.",20598694,"It is concluded that the C242T polymorphism of the p22 phox gene is not associated with lipid peroxidation as measured by MDA, and is not a genetic risk marker for CAD Caucasians.",11722480,Contradiction
as_000904,"In patients with coronary artery disease (CAD), is C242T polymorphism of P22(PHOX) gene associated in development of CAD","Accumulation of gene polymorphisms related to oxidative stress is likely associated with the prevalence of MI in type 2 diabetic patients, suggesting that the combined information about these variants is useful to assess the risk of MI.",20598694,The ecNOS gene a/b polymorphism and the NADH/NADPH oxidase p22 phox gene C242T polymorphism were found to be significantly associated with the development of CAD in Korean male patients less than 51 years old.,11530961,NotContradiction
as_000905,"In patients with coronary artery disease (CAD), is C242T polymorphism of P22(PHOX) gene associated in development of CAD","Accumulation of gene polymorphisms related to oxidative stress is likely associated with the prevalence of MI in type 2 diabetic patients, suggesting that the combined information about these variants is useful to assess the risk of MI.",20598694,The C242T variant was associated with CHD risk in women.,18324526,NotContradiction
as_000906,"In patients with coronary artery disease (CAD), is C242T polymorphism of P22(PHOX) gene associated in development of CAD","Accumulation of gene polymorphisms related to oxidative stress is likely associated with the prevalence of MI in type 2 diabetic patients, suggesting that the combined information about these variants is useful to assess the risk of MI.",20598694,these results support the increased risk of developing early CAD and of having rapid progression of coronary stenosis in subjects carrying the C242T nucleotide transition among the Italian population.,16788250,NotContradiction
as_000907,"In patients with coronary artery disease (CAD), is C242T polymorphism of P22(PHOX) gene associated in development of CAD","Accumulation of gene polymorphisms related to oxidative stress is likely associated with the prevalence of MI in type 2 diabetic patients, suggesting that the combined information about these variants is useful to assess the risk of MI.",20598694,In the total population and in high and low risk groups the relative frequencies of the C242T alleles were essentially the same in patients without or with CAD and in individuals without or with myocardial infarction.,10488959,Contradiction
as_000908,"In patients with coronary artery disease (CAD), is C242T polymorphism of P22(PHOX) gene associated in development of CAD","Accumulation of gene polymorphisms related to oxidative stress is likely associated with the prevalence of MI in type 2 diabetic patients, suggesting that the combined information about these variants is useful to assess the risk of MI.",20598694,"These data provide evidence that P22(phox) genotypes are significantly associated with CHD risk in a Chinese population and suggest potential interactions among smoking, P22(phox) genotypes, and vitamin E in relation to CHD risk.",17383305,NotContradiction
as_000909,"In patients with coronary artery disease (CAD), is C242T polymorphism of P22(PHOX) gene associated in development of CAD","Accumulation of gene polymorphisms related to oxidative stress is likely associated with the prevalence of MI in type 2 diabetic patients, suggesting that the combined information about these variants is useful to assess the risk of MI.",20598694,Our null results provide no support for the hypothesis that any of the 85 genetic variants tested is a susceptibility factor for ACS.,17426274,Contradiction
as_000910,"In patients with coronary artery disease (CAD), is C242T polymorphism of P22(PHOX) gene associated in development of CAD","Accumulation of gene polymorphisms related to oxidative stress is likely associated with the prevalence of MI in type 2 diabetic patients, suggesting that the combined information about these variants is useful to assess the risk of MI.",20598694,The p22 phox C242T polymorphism is not associated with the occurrence or severity of CAD or with a history of MI in Australian Caucasian patients aged </= 65 years.,10469162,Contradiction
as_000911,"In patients with coronary artery disease (CAD), is C242T polymorphism of P22(PHOX) gene associated in development of CAD","Accumulation of gene polymorphisms related to oxidative stress is likely associated with the prevalence of MI in type 2 diabetic patients, suggesting that the combined information about these variants is useful to assess the risk of MI.",20598694,The p22 phox codon 72 polymorphism is not associated with the risk of CHD in the present samples of Asian Indians and Chinese.,10583446,Contradiction
as_000912,"In patients with coronary artery disease (CAD), is C242T polymorphism of P22(PHOX) gene associated in development of CAD","Accumulation of gene polymorphisms related to oxidative stress is likely associated with the prevalence of MI in type 2 diabetic patients, suggesting that the combined information about these variants is useful to assess the risk of MI.",20598694,The 242T allele interacts with cigarette smoking and hypercholesterolemia to increase the risk of CAD; this risk is probably associated with the cumulative/synergistic effect of the 242T allele and both the traditional risk factors.,17627182,NotContradiction
as_000913,"In patients with coronary artery disease (CAD), is C242T polymorphism of P22(PHOX) gene associated in development of CAD","It is concluded that the C242T polymorphism of the p22 phox gene is not associated with lipid peroxidation as measured by MDA, and is not a genetic risk marker for CAD Caucasians.",11722480,The ecNOS gene a/b polymorphism and the NADH/NADPH oxidase p22 phox gene C242T polymorphism were found to be significantly associated with the development of CAD in Korean male patients less than 51 years old.,11530961,Contradiction
as_000914,"In patients with coronary artery disease (CAD), is C242T polymorphism of P22(PHOX) gene associated in development of CAD","It is concluded that the C242T polymorphism of the p22 phox gene is not associated with lipid peroxidation as measured by MDA, and is not a genetic risk marker for CAD Caucasians.",11722480,The C242T variant was associated with CHD risk in women.,18324526,Contradiction
as_000915,"In patients with coronary artery disease (CAD), is C242T polymorphism of P22(PHOX) gene associated in development of CAD","It is concluded that the C242T polymorphism of the p22 phox gene is not associated with lipid peroxidation as measured by MDA, and is not a genetic risk marker for CAD Caucasians.",11722480,these results support the increased risk of developing early CAD and of having rapid progression of coronary stenosis in subjects carrying the C242T nucleotide transition among the Italian population.,16788250,Contradiction
as_000916,"In patients with coronary artery disease (CAD), is C242T polymorphism of P22(PHOX) gene associated in development of CAD","It is concluded that the C242T polymorphism of the p22 phox gene is not associated with lipid peroxidation as measured by MDA, and is not a genetic risk marker for CAD Caucasians.",11722480,In the total population and in high and low risk groups the relative frequencies of the C242T alleles were essentially the same in patients without or with CAD and in individuals without or with myocardial infarction.,10488959,NotContradiction
as_000917,"In patients with coronary artery disease (CAD), is C242T polymorphism of P22(PHOX) gene associated in development of CAD","It is concluded that the C242T polymorphism of the p22 phox gene is not associated with lipid peroxidation as measured by MDA, and is not a genetic risk marker for CAD Caucasians.",11722480,"These data provide evidence that P22(phox) genotypes are significantly associated with CHD risk in a Chinese population and suggest potential interactions among smoking, P22(phox) genotypes, and vitamin E in relation to CHD risk.",17383305,Contradiction
as_000918,"In patients with coronary artery disease (CAD), is C242T polymorphism of P22(PHOX) gene associated in development of CAD","It is concluded that the C242T polymorphism of the p22 phox gene is not associated with lipid peroxidation as measured by MDA, and is not a genetic risk marker for CAD Caucasians.",11722480,Our null results provide no support for the hypothesis that any of the 85 genetic variants tested is a susceptibility factor for ACS.,17426274,NotContradiction
as_000919,"In patients with coronary artery disease (CAD), is C242T polymorphism of P22(PHOX) gene associated in development of CAD","It is concluded that the C242T polymorphism of the p22 phox gene is not associated with lipid peroxidation as measured by MDA, and is not a genetic risk marker for CAD Caucasians.",11722480,The p22 phox C242T polymorphism is not associated with the occurrence or severity of CAD or with a history of MI in Australian Caucasian patients aged </= 65 years.,10469162,NotContradiction
as_000920,"In patients with coronary artery disease (CAD), is C242T polymorphism of P22(PHOX) gene associated in development of CAD","It is concluded that the C242T polymorphism of the p22 phox gene is not associated with lipid peroxidation as measured by MDA, and is not a genetic risk marker for CAD Caucasians.",11722480,The p22 phox codon 72 polymorphism is not associated with the risk of CHD in the present samples of Asian Indians and Chinese.,10583446,NotContradiction
as_000921,"In patients with coronary artery disease (CAD), is C242T polymorphism of P22(PHOX) gene associated in development of CAD","It is concluded that the C242T polymorphism of the p22 phox gene is not associated with lipid peroxidation as measured by MDA, and is not a genetic risk marker for CAD Caucasians.",11722480,The 242T allele interacts with cigarette smoking and hypercholesterolemia to increase the risk of CAD; this risk is probably associated with the cumulative/synergistic effect of the 242T allele and both the traditional risk factors.,17627182,Contradiction
as_000922,"In patients with coronary artery disease (CAD), is C242T polymorphism of P22(PHOX) gene associated in development of CAD",The ecNOS gene a/b polymorphism and the NADH/NADPH oxidase p22 phox gene C242T polymorphism were found to be significantly associated with the development of CAD in Korean male patients less than 51 years old.,11530961,The C242T variant was associated with CHD risk in women.,18324526,NotContradiction
as_000923,"In patients with coronary artery disease (CAD), is C242T polymorphism of P22(PHOX) gene associated in development of CAD",The ecNOS gene a/b polymorphism and the NADH/NADPH oxidase p22 phox gene C242T polymorphism were found to be significantly associated with the development of CAD in Korean male patients less than 51 years old.,11530961,these results support the increased risk of developing early CAD and of having rapid progression of coronary stenosis in subjects carrying the C242T nucleotide transition among the Italian population.,16788250,NotContradiction
as_000924,"In patients with coronary artery disease (CAD), is C242T polymorphism of P22(PHOX) gene associated in development of CAD",The ecNOS gene a/b polymorphism and the NADH/NADPH oxidase p22 phox gene C242T polymorphism were found to be significantly associated with the development of CAD in Korean male patients less than 51 years old.,11530961,In the total population and in high and low risk groups the relative frequencies of the C242T alleles were essentially the same in patients without or with CAD and in individuals without or with myocardial infarction.,10488959,Contradiction
as_000925,"In patients with coronary artery disease (CAD), is C242T polymorphism of P22(PHOX) gene associated in development of CAD",The ecNOS gene a/b polymorphism and the NADH/NADPH oxidase p22 phox gene C242T polymorphism were found to be significantly associated with the development of CAD in Korean male patients less than 51 years old.,11530961,"These data provide evidence that P22(phox) genotypes are significantly associated with CHD risk in a Chinese population and suggest potential interactions among smoking, P22(phox) genotypes, and vitamin E in relation to CHD risk.",17383305,NotContradiction
as_000926,"In patients with coronary artery disease (CAD), is C242T polymorphism of P22(PHOX) gene associated in development of CAD",The ecNOS gene a/b polymorphism and the NADH/NADPH oxidase p22 phox gene C242T polymorphism were found to be significantly associated with the development of CAD in Korean male patients less than 51 years old.,11530961,Our null results provide no support for the hypothesis that any of the 85 genetic variants tested is a susceptibility factor for ACS.,17426274,Contradiction
as_000927,"In patients with coronary artery disease (CAD), is C242T polymorphism of P22(PHOX) gene associated in development of CAD",The ecNOS gene a/b polymorphism and the NADH/NADPH oxidase p22 phox gene C242T polymorphism were found to be significantly associated with the development of CAD in Korean male patients less than 51 years old.,11530961,The p22 phox C242T polymorphism is not associated with the occurrence or severity of CAD or with a history of MI in Australian Caucasian patients aged </= 65 years.,10469162,Contradiction
as_000928,"In patients with coronary artery disease (CAD), is C242T polymorphism of P22(PHOX) gene associated in development of CAD",The ecNOS gene a/b polymorphism and the NADH/NADPH oxidase p22 phox gene C242T polymorphism were found to be significantly associated with the development of CAD in Korean male patients less than 51 years old.,11530961,The p22 phox codon 72 polymorphism is not associated with the risk of CHD in the present samples of Asian Indians and Chinese.,10583446,Contradiction
as_000929,"In patients with coronary artery disease (CAD), is C242T polymorphism of P22(PHOX) gene associated in development of CAD",The ecNOS gene a/b polymorphism and the NADH/NADPH oxidase p22 phox gene C242T polymorphism were found to be significantly associated with the development of CAD in Korean male patients less than 51 years old.,11530961,The 242T allele interacts with cigarette smoking and hypercholesterolemia to increase the risk of CAD; this risk is probably associated with the cumulative/synergistic effect of the 242T allele and both the traditional risk factors.,17627182,NotContradiction
as_000930,"In patients with coronary artery disease (CAD), is C242T polymorphism of P22(PHOX) gene associated in development of CAD",The C242T variant was associated with CHD risk in women.,18324526,these results support the increased risk of developing early CAD and of having rapid progression of coronary stenosis in subjects carrying the C242T nucleotide transition among the Italian population.,16788250,NotContradiction
as_000931,"In patients with coronary artery disease (CAD), is C242T polymorphism of P22(PHOX) gene associated in development of CAD",The C242T variant was associated with CHD risk in women.,18324526,In the total population and in high and low risk groups the relative frequencies of the C242T alleles were essentially the same in patients without or with CAD and in individuals without or with myocardial infarction.,10488959,Contradiction
as_000932,"In patients with coronary artery disease (CAD), is C242T polymorphism of P22(PHOX) gene associated in development of CAD",The C242T variant was associated with CHD risk in women.,18324526,"These data provide evidence that P22(phox) genotypes are significantly associated with CHD risk in a Chinese population and suggest potential interactions among smoking, P22(phox) genotypes, and vitamin E in relation to CHD risk.",17383305,NotContradiction
as_000933,"In patients with coronary artery disease (CAD), is C242T polymorphism of P22(PHOX) gene associated in development of CAD",The C242T variant was associated with CHD risk in women.,18324526,Our null results provide no support for the hypothesis that any of the 85 genetic variants tested is a susceptibility factor for ACS.,17426274,Contradiction
as_000934,"In patients with coronary artery disease (CAD), is C242T polymorphism of P22(PHOX) gene associated in development of CAD",The C242T variant was associated with CHD risk in women.,18324526,The p22 phox C242T polymorphism is not associated with the occurrence or severity of CAD or with a history of MI in Australian Caucasian patients aged </= 65 years.,10469162,Contradiction
as_000935,"In patients with coronary artery disease (CAD), is C242T polymorphism of P22(PHOX) gene associated in development of CAD",The C242T variant was associated with CHD risk in women.,18324526,The p22 phox codon 72 polymorphism is not associated with the risk of CHD in the present samples of Asian Indians and Chinese.,10583446,Contradiction
as_000936,"In patients with coronary artery disease (CAD), is C242T polymorphism of P22(PHOX) gene associated in development of CAD",The C242T variant was associated with CHD risk in women.,18324526,The 242T allele interacts with cigarette smoking and hypercholesterolemia to increase the risk of CAD; this risk is probably associated with the cumulative/synergistic effect of the 242T allele and both the traditional risk factors.,17627182,NotContradiction
as_000937,"In patients with coronary artery disease (CAD), is C242T polymorphism of P22(PHOX) gene associated in development of CAD",these results support the increased risk of developing early CAD and of having rapid progression of coronary stenosis in subjects carrying the C242T nucleotide transition among the Italian population.,16788250,In the total population and in high and low risk groups the relative frequencies of the C242T alleles were essentially the same in patients without or with CAD and in individuals without or with myocardial infarction.,10488959,Contradiction
as_000938,"In patients with coronary artery disease (CAD), is C242T polymorphism of P22(PHOX) gene associated in development of CAD",these results support the increased risk of developing early CAD and of having rapid progression of coronary stenosis in subjects carrying the C242T nucleotide transition among the Italian population.,16788250,"These data provide evidence that P22(phox) genotypes are significantly associated with CHD risk in a Chinese population and suggest potential interactions among smoking, P22(phox) genotypes, and vitamin E in relation to CHD risk.",17383305,NotContradiction
as_000939,"In patients with coronary artery disease (CAD), is C242T polymorphism of P22(PHOX) gene associated in development of CAD",these results support the increased risk of developing early CAD and of having rapid progression of coronary stenosis in subjects carrying the C242T nucleotide transition among the Italian population.,16788250,Our null results provide no support for the hypothesis that any of the 85 genetic variants tested is a susceptibility factor for ACS.,17426274,Contradiction
as_000940,"In patients with coronary artery disease (CAD), is C242T polymorphism of P22(PHOX) gene associated in development of CAD",these results support the increased risk of developing early CAD and of having rapid progression of coronary stenosis in subjects carrying the C242T nucleotide transition among the Italian population.,16788250,The p22 phox C242T polymorphism is not associated with the occurrence or severity of CAD or with a history of MI in Australian Caucasian patients aged </= 65 years.,10469162,Contradiction
as_000941,"In patients with coronary artery disease (CAD), is C242T polymorphism of P22(PHOX) gene associated in development of CAD",these results support the increased risk of developing early CAD and of having rapid progression of coronary stenosis in subjects carrying the C242T nucleotide transition among the Italian population.,16788250,The p22 phox codon 72 polymorphism is not associated with the risk of CHD in the present samples of Asian Indians and Chinese.,10583446,Contradiction
as_000942,"In patients with coronary artery disease (CAD), is C242T polymorphism of P22(PHOX) gene associated in development of CAD",these results support the increased risk of developing early CAD and of having rapid progression of coronary stenosis in subjects carrying the C242T nucleotide transition among the Italian population.,16788250,The 242T allele interacts with cigarette smoking and hypercholesterolemia to increase the risk of CAD; this risk is probably associated with the cumulative/synergistic effect of the 242T allele and both the traditional risk factors.,17627182,NotContradiction
as_000943,"In patients with coronary artery disease (CAD), is C242T polymorphism of P22(PHOX) gene associated in development of CAD",In the total population and in high and low risk groups the relative frequencies of the C242T alleles were essentially the same in patients without or with CAD and in individuals without or with myocardial infarction.,10488959,"These data provide evidence that P22(phox) genotypes are significantly associated with CHD risk in a Chinese population and suggest potential interactions among smoking, P22(phox) genotypes, and vitamin E in relation to CHD risk.",17383305,Contradiction
as_000944,"In patients with coronary artery disease (CAD), is C242T polymorphism of P22(PHOX) gene associated in development of CAD",In the total population and in high and low risk groups the relative frequencies of the C242T alleles were essentially the same in patients without or with CAD and in individuals without or with myocardial infarction.,10488959,Our null results provide no support for the hypothesis that any of the 85 genetic variants tested is a susceptibility factor for ACS.,17426274,NotContradiction
as_000945,"In patients with coronary artery disease (CAD), is C242T polymorphism of P22(PHOX) gene associated in development of CAD",In the total population and in high and low risk groups the relative frequencies of the C242T alleles were essentially the same in patients without or with CAD and in individuals without or with myocardial infarction.,10488959,The p22 phox C242T polymorphism is not associated with the occurrence or severity of CAD or with a history of MI in Australian Caucasian patients aged </= 65 years.,10469162,NotContradiction
as_000946,"In patients with coronary artery disease (CAD), is C242T polymorphism of P22(PHOX) gene associated in development of CAD",In the total population and in high and low risk groups the relative frequencies of the C242T alleles were essentially the same in patients without or with CAD and in individuals without or with myocardial infarction.,10488959,The p22 phox codon 72 polymorphism is not associated with the risk of CHD in the present samples of Asian Indians and Chinese.,10583446,NotContradiction
as_000947,"In patients with coronary artery disease (CAD), is C242T polymorphism of P22(PHOX) gene associated in development of CAD",In the total population and in high and low risk groups the relative frequencies of the C242T alleles were essentially the same in patients without or with CAD and in individuals without or with myocardial infarction.,10488959,The 242T allele interacts with cigarette smoking and hypercholesterolemia to increase the risk of CAD; this risk is probably associated with the cumulative/synergistic effect of the 242T allele and both the traditional risk factors.,17627182,Contradiction
as_000948,"In patients with coronary artery disease (CAD), is C242T polymorphism of P22(PHOX) gene associated in development of CAD","These data provide evidence that P22(phox) genotypes are significantly associated with CHD risk in a Chinese population and suggest potential interactions among smoking, P22(phox) genotypes, and vitamin E in relation to CHD risk.",17383305,Our null results provide no support for the hypothesis that any of the 85 genetic variants tested is a susceptibility factor for ACS.,17426274,Contradiction
as_000949,"In patients with coronary artery disease (CAD), is C242T polymorphism of P22(PHOX) gene associated in development of CAD","These data provide evidence that P22(phox) genotypes are significantly associated with CHD risk in a Chinese population and suggest potential interactions among smoking, P22(phox) genotypes, and vitamin E in relation to CHD risk.",17383305,The p22 phox C242T polymorphism is not associated with the occurrence or severity of CAD or with a history of MI in Australian Caucasian patients aged </= 65 years.,10469162,Contradiction
as_000950,"In patients with coronary artery disease (CAD), is C242T polymorphism of P22(PHOX) gene associated in development of CAD","These data provide evidence that P22(phox) genotypes are significantly associated with CHD risk in a Chinese population and suggest potential interactions among smoking, P22(phox) genotypes, and vitamin E in relation to CHD risk.",17383305,The p22 phox codon 72 polymorphism is not associated with the risk of CHD in the present samples of Asian Indians and Chinese.,10583446,Contradiction
as_000951,"In patients with coronary artery disease (CAD), is C242T polymorphism of P22(PHOX) gene associated in development of CAD","These data provide evidence that P22(phox) genotypes are significantly associated with CHD risk in a Chinese population and suggest potential interactions among smoking, P22(phox) genotypes, and vitamin E in relation to CHD risk.",17383305,The 242T allele interacts with cigarette smoking and hypercholesterolemia to increase the risk of CAD; this risk is probably associated with the cumulative/synergistic effect of the 242T allele and both the traditional risk factors.,17627182,NotContradiction
as_000952,"In patients with coronary artery disease (CAD), is C242T polymorphism of P22(PHOX) gene associated in development of CAD",Our null results provide no support for the hypothesis that any of the 85 genetic variants tested is a susceptibility factor for ACS.,17426274,The p22 phox C242T polymorphism is not associated with the occurrence or severity of CAD or with a history of MI in Australian Caucasian patients aged </= 65 years.,10469162,NotContradiction
as_000953,"In patients with coronary artery disease (CAD), is C242T polymorphism of P22(PHOX) gene associated in development of CAD",Our null results provide no support for the hypothesis that any of the 85 genetic variants tested is a susceptibility factor for ACS.,17426274,The p22 phox codon 72 polymorphism is not associated with the risk of CHD in the present samples of Asian Indians and Chinese.,10583446,NotContradiction
as_000954,"In patients with coronary artery disease (CAD), is C242T polymorphism of P22(PHOX) gene associated in development of CAD",Our null results provide no support for the hypothesis that any of the 85 genetic variants tested is a susceptibility factor for ACS.,17426274,The 242T allele interacts with cigarette smoking and hypercholesterolemia to increase the risk of CAD; this risk is probably associated with the cumulative/synergistic effect of the 242T allele and both the traditional risk factors.,17627182,Contradiction
as_000955,"In patients with coronary artery disease (CAD), is C242T polymorphism of P22(PHOX) gene associated in development of CAD",The p22 phox C242T polymorphism is not associated with the occurrence or severity of CAD or with a history of MI in Australian Caucasian patients aged </= 65 years.,10469162,The p22 phox codon 72 polymorphism is not associated with the risk of CHD in the present samples of Asian Indians and Chinese.,10583446,NotContradiction
as_000956,"In patients with coronary artery disease (CAD), is C242T polymorphism of P22(PHOX) gene associated in development of CAD",The p22 phox C242T polymorphism is not associated with the occurrence or severity of CAD or with a history of MI in Australian Caucasian patients aged </= 65 years.,10469162,The 242T allele interacts with cigarette smoking and hypercholesterolemia to increase the risk of CAD; this risk is probably associated with the cumulative/synergistic effect of the 242T allele and both the traditional risk factors.,17627182,Contradiction
as_000957,"In patients with coronary artery disease (CAD), is C242T polymorphism of P22(PHOX) gene associated in development of CAD",The p22 phox codon 72 polymorphism is not associated with the risk of CHD in the present samples of Asian Indians and Chinese.,10583446,The 242T allele interacts with cigarette smoking and hypercholesterolemia to increase the risk of CAD; this risk is probably associated with the cumulative/synergistic effect of the 242T allele and both the traditional risk factors.,17627182,Contradiction
as_000958,"In patients with coronary artery diseases, does combining CABD and CEA, compared with CABG or CEA alone, reduce morbidity",Study patients spent statistically significantly less time in the hospital than control patients (10 vs. 17.9 days).,17670595,We think that the results of staged or combined CABG plus CEA surgery are satisfactory in patients with severe carotid disease and advanced coronary artery disease.,19430573,NotContradiction
as_000959,"In patients with coronary artery diseases, does combining CABD and CEA, compared with CABG or CEA alone, reduce morbidity",Study patients spent statistically significantly less time in the hospital than control patients (10 vs. 17.9 days).,17670595,"Despite highly selected populations, contemporary surgical results do not indicate that staged treatment of severe, concomitant coronary and carotid artery occlusive disease has an advantage over simultaneous treatment.",9236329,Contradiction
as_000960,"In patients with coronary artery diseases, does combining CABD and CEA, compared with CABG or CEA alone, reduce morbidity",Study patients spent statistically significantly less time in the hospital than control patients (10 vs. 17.9 days).,17670595,"Although the patient population undergoing simultaneous carotid and coronary revascularization may have more severe disease, we believe that combining the procedures during the same operative setting results in an increased perioperative stroke and death rate.",7703059,Contradiction
as_000961,"In patients with coronary artery diseases, does combining CABD and CEA, compared with CABG or CEA alone, reduce morbidity",Study patients spent statistically significantly less time in the hospital than control patients (10 vs. 17.9 days).,17670595,Combined procedures can be performed with acceptable risk and with encouraging long-term results also in this special group of patients; they may improve the long-term prognosis of patients with diffuse atherosclerosis much more.,1611630,NotContradiction
as_000962,"In patients with coronary artery diseases, does combining CABD and CEA, compared with CABG or CEA alone, reduce morbidity",Study patients spent statistically significantly less time in the hospital than control patients (10 vs. 17.9 days).,17670595,Patients with combined cardiac and carotid disease benefit from assessment of both systems in order to stage CABG and carotid endarterectomy.,10776714,NotContradiction
as_000963,"In patients with coronary artery diseases, does combining CABD and CEA, compared with CABG or CEA alone, reduce morbidity",Study patients spent statistically significantly less time in the hospital than control patients (10 vs. 17.9 days).,17670595,"These data demonstrate that the performance of simultaneous CABG and CEA procedures is associated with increased neurologic morbidity (14.3%), both ipsilateral and contralateral to the side of carotid surgery in contrast to staged CABG and CEA (3.4%).",8733865,Contradiction
as_000964,"In patients with coronary artery diseases, does combining CABD and CEA, compared with CABG or CEA alone, reduce morbidity",Study patients spent statistically significantly less time in the hospital than control patients (10 vs. 17.9 days).,17670595,We identified no significant difference in mortality or neurologic complications between STAGED and SYNC approaches.,21457941,Contradiction
as_000965,"In patients with coronary artery diseases, does combining CABD and CEA, compared with CABG or CEA alone, reduce morbidity",We think that the results of staged or combined CABG plus CEA surgery are satisfactory in patients with severe carotid disease and advanced coronary artery disease.,19430573,"Despite highly selected populations, contemporary surgical results do not indicate that staged treatment of severe, concomitant coronary and carotid artery occlusive disease has an advantage over simultaneous treatment.",9236329,Contradiction
as_000966,"In patients with coronary artery diseases, does combining CABD and CEA, compared with CABG or CEA alone, reduce morbidity",We think that the results of staged or combined CABG plus CEA surgery are satisfactory in patients with severe carotid disease and advanced coronary artery disease.,19430573,"Although the patient population undergoing simultaneous carotid and coronary revascularization may have more severe disease, we believe that combining the procedures during the same operative setting results in an increased perioperative stroke and death rate.",7703059,Contradiction
as_000967,"In patients with coronary artery diseases, does combining CABD and CEA, compared with CABG or CEA alone, reduce morbidity",We think that the results of staged or combined CABG plus CEA surgery are satisfactory in patients with severe carotid disease and advanced coronary artery disease.,19430573,Combined procedures can be performed with acceptable risk and with encouraging long-term results also in this special group of patients; they may improve the long-term prognosis of patients with diffuse atherosclerosis much more.,1611630,NotContradiction
as_000968,"In patients with coronary artery diseases, does combining CABD and CEA, compared with CABG or CEA alone, reduce morbidity",We think that the results of staged or combined CABG plus CEA surgery are satisfactory in patients with severe carotid disease and advanced coronary artery disease.,19430573,Patients with combined cardiac and carotid disease benefit from assessment of both systems in order to stage CABG and carotid endarterectomy.,10776714,NotContradiction
as_000969,"In patients with coronary artery diseases, does combining CABD and CEA, compared with CABG or CEA alone, reduce morbidity",We think that the results of staged or combined CABG plus CEA surgery are satisfactory in patients with severe carotid disease and advanced coronary artery disease.,19430573,"These data demonstrate that the performance of simultaneous CABG and CEA procedures is associated with increased neurologic morbidity (14.3%), both ipsilateral and contralateral to the side of carotid surgery in contrast to staged CABG and CEA (3.4%).",8733865,Contradiction
as_000970,"In patients with coronary artery diseases, does combining CABD and CEA, compared with CABG or CEA alone, reduce morbidity",We think that the results of staged or combined CABG plus CEA surgery are satisfactory in patients with severe carotid disease and advanced coronary artery disease.,19430573,We identified no significant difference in mortality or neurologic complications between STAGED and SYNC approaches.,21457941,Contradiction
as_000971,"In patients with coronary artery diseases, does combining CABD and CEA, compared with CABG or CEA alone, reduce morbidity","Despite highly selected populations, contemporary surgical results do not indicate that staged treatment of severe, concomitant coronary and carotid artery occlusive disease has an advantage over simultaneous treatment.",9236329,"Although the patient population undergoing simultaneous carotid and coronary revascularization may have more severe disease, we believe that combining the procedures during the same operative setting results in an increased perioperative stroke and death rate.",7703059,NotContradiction
as_000972,"In patients with coronary artery diseases, does combining CABD and CEA, compared with CABG or CEA alone, reduce morbidity","Despite highly selected populations, contemporary surgical results do not indicate that staged treatment of severe, concomitant coronary and carotid artery occlusive disease has an advantage over simultaneous treatment.",9236329,Combined procedures can be performed with acceptable risk and with encouraging long-term results also in this special group of patients; they may improve the long-term prognosis of patients with diffuse atherosclerosis much more.,1611630,Contradiction
as_000973,"In patients with coronary artery diseases, does combining CABD and CEA, compared with CABG or CEA alone, reduce morbidity","Despite highly selected populations, contemporary surgical results do not indicate that staged treatment of severe, concomitant coronary and carotid artery occlusive disease has an advantage over simultaneous treatment.",9236329,Patients with combined cardiac and carotid disease benefit from assessment of both systems in order to stage CABG and carotid endarterectomy.,10776714,Contradiction
as_000974,"In patients with coronary artery diseases, does combining CABD and CEA, compared with CABG or CEA alone, reduce morbidity","Despite highly selected populations, contemporary surgical results do not indicate that staged treatment of severe, concomitant coronary and carotid artery occlusive disease has an advantage over simultaneous treatment.",9236329,"These data demonstrate that the performance of simultaneous CABG and CEA procedures is associated with increased neurologic morbidity (14.3%), both ipsilateral and contralateral to the side of carotid surgery in contrast to staged CABG and CEA (3.4%).",8733865,NotContradiction
as_000975,"In patients with coronary artery diseases, does combining CABD and CEA, compared with CABG or CEA alone, reduce morbidity","Despite highly selected populations, contemporary surgical results do not indicate that staged treatment of severe, concomitant coronary and carotid artery occlusive disease has an advantage over simultaneous treatment.",9236329,We identified no significant difference in mortality or neurologic complications between STAGED and SYNC approaches.,21457941,NotContradiction
as_000976,"In patients with coronary artery diseases, does combining CABD and CEA, compared with CABG or CEA alone, reduce morbidity","Although the patient population undergoing simultaneous carotid and coronary revascularization may have more severe disease, we believe that combining the procedures during the same operative setting results in an increased perioperative stroke and death rate.",7703059,Combined procedures can be performed with acceptable risk and with encouraging long-term results also in this special group of patients; they may improve the long-term prognosis of patients with diffuse atherosclerosis much more.,1611630,Contradiction
as_000977,"In patients with coronary artery diseases, does combining CABD and CEA, compared with CABG or CEA alone, reduce morbidity","Although the patient population undergoing simultaneous carotid and coronary revascularization may have more severe disease, we believe that combining the procedures during the same operative setting results in an increased perioperative stroke and death rate.",7703059,Patients with combined cardiac and carotid disease benefit from assessment of both systems in order to stage CABG and carotid endarterectomy.,10776714,Contradiction
as_000978,"In patients with coronary artery diseases, does combining CABD and CEA, compared with CABG or CEA alone, reduce morbidity","Although the patient population undergoing simultaneous carotid and coronary revascularization may have more severe disease, we believe that combining the procedures during the same operative setting results in an increased perioperative stroke and death rate.",7703059,"These data demonstrate that the performance of simultaneous CABG and CEA procedures is associated with increased neurologic morbidity (14.3%), both ipsilateral and contralateral to the side of carotid surgery in contrast to staged CABG and CEA (3.4%).",8733865,NotContradiction
as_000979,"In patients with coronary artery diseases, does combining CABD and CEA, compared with CABG or CEA alone, reduce morbidity","Although the patient population undergoing simultaneous carotid and coronary revascularization may have more severe disease, we believe that combining the procedures during the same operative setting results in an increased perioperative stroke and death rate.",7703059,We identified no significant difference in mortality or neurologic complications between STAGED and SYNC approaches.,21457941,NotContradiction
as_000980,"In patients with coronary artery diseases, does combining CABD and CEA, compared with CABG or CEA alone, reduce morbidity",Combined procedures can be performed with acceptable risk and with encouraging long-term results also in this special group of patients; they may improve the long-term prognosis of patients with diffuse atherosclerosis much more.,1611630,Patients with combined cardiac and carotid disease benefit from assessment of both systems in order to stage CABG and carotid endarterectomy.,10776714,NotContradiction
as_000981,"In patients with coronary artery diseases, does combining CABD and CEA, compared with CABG or CEA alone, reduce morbidity",Combined procedures can be performed with acceptable risk and with encouraging long-term results also in this special group of patients; they may improve the long-term prognosis of patients with diffuse atherosclerosis much more.,1611630,"These data demonstrate that the performance of simultaneous CABG and CEA procedures is associated with increased neurologic morbidity (14.3%), both ipsilateral and contralateral to the side of carotid surgery in contrast to staged CABG and CEA (3.4%).",8733865,Contradiction
as_000982,"In patients with coronary artery diseases, does combining CABD and CEA, compared with CABG or CEA alone, reduce morbidity",Combined procedures can be performed with acceptable risk and with encouraging long-term results also in this special group of patients; they may improve the long-term prognosis of patients with diffuse atherosclerosis much more.,1611630,We identified no significant difference in mortality or neurologic complications between STAGED and SYNC approaches.,21457941,Contradiction
as_000983,"In patients with coronary artery diseases, does combining CABD and CEA, compared with CABG or CEA alone, reduce morbidity",Patients with combined cardiac and carotid disease benefit from assessment of both systems in order to stage CABG and carotid endarterectomy.,10776714,"These data demonstrate that the performance of simultaneous CABG and CEA procedures is associated with increased neurologic morbidity (14.3%), both ipsilateral and contralateral to the side of carotid surgery in contrast to staged CABG and CEA (3.4%).",8733865,Contradiction
as_000984,"In patients with coronary artery diseases, does combining CABD and CEA, compared with CABG or CEA alone, reduce morbidity",Patients with combined cardiac and carotid disease benefit from assessment of both systems in order to stage CABG and carotid endarterectomy.,10776714,We identified no significant difference in mortality or neurologic complications between STAGED and SYNC approaches.,21457941,Contradiction
as_000985,"In patients with coronary artery diseases, does combining CABD and CEA, compared with CABG or CEA alone, reduce morbidity","These data demonstrate that the performance of simultaneous CABG and CEA procedures is associated with increased neurologic morbidity (14.3%), both ipsilateral and contralateral to the side of carotid surgery in contrast to staged CABG and CEA (3.4%).",8733865,We identified no significant difference in mortality or neurologic complications between STAGED and SYNC approaches.,21457941,NotContradiction
as_000986,"In patients with renal or cardiovascular disease, does treatment with ACE inhibitors, compared with placebo, improve renal function or protect against cardiovascular incidents respectively","Low dose (1.25 mg) ramipril once daily has no effect on cardiovascular and renal outcomes of patients with type 2 diabetes and albuminuria, despite a slight decrease in blood pressure and urinary albumin.",14960504,Combination therapy with perindopril and indapamide produced larger blood pressure reductions and larger risk reductions than did single drug therapy with perindopril alone.,11589932,Contradiction
as_000987,"In patients with renal or cardiovascular disease, does treatment with ACE inhibitors, compared with placebo, improve renal function or protect against cardiovascular incidents respectively","Low dose (1.25 mg) ramipril once daily has no effect on cardiovascular and renal outcomes of patients with type 2 diabetes and albuminuria, despite a slight decrease in blood pressure and urinary albumin.",14960504,Quinapril 20 mg did not significantly affect the overall frequency of clinical outcomes or the progression of coronary atherosclerosis.,11348602,NotContradiction
as_000988,"In patients with renal or cardiovascular disease, does treatment with ACE inhibitors, compared with placebo, improve renal function or protect against cardiovascular incidents respectively","Low dose (1.25 mg) ramipril once daily has no effect on cardiovascular and renal outcomes of patients with type 2 diabetes and albuminuria, despite a slight decrease in blood pressure and urinary albumin.",14960504,The results provide no support for the hypothesis that reduced atherosclerosis is responsible for the beneficial effects of ACE inhibitors on major coronary events.,10933355,NotContradiction
as_000989,"In patients with renal or cardiovascular disease, does treatment with ACE inhibitors, compared with placebo, improve renal function or protect against cardiovascular incidents respectively","Low dose (1.25 mg) ramipril once daily has no effect on cardiovascular and renal outcomes of patients with type 2 diabetes and albuminuria, despite a slight decrease in blood pressure and urinary albumin.",14960504,"In patients at low risk of cardiovascular events after CABG, routine early initiation of angiotensin-converting enzyme inhibitor therapy does not appear to improve clinical outcome up to 3 years after CABG; however, it increases the incidence of adverse events, particularly early after CABG.",18071079,NotContradiction
as_000990,"In patients with renal or cardiovascular disease, does treatment with ACE inhibitors, compared with placebo, improve renal function or protect against cardiovascular incidents respectively","Low dose (1.25 mg) ramipril once daily has no effect on cardiovascular and renal outcomes of patients with type 2 diabetes and albuminuria, despite a slight decrease in blood pressure and urinary albumin.",14960504,"Ramipril significantly reduces the rates of death, myocardial infarction, and stroke in a broad range of high-risk patients who are not known to have a low ejection fraction or heart failure.",10639539,Contradiction
as_000991,"In patients with renal or cardiovascular disease, does treatment with ACE inhibitors, compared with placebo, improve renal function or protect against cardiovascular incidents respectively","Low dose (1.25 mg) ramipril once daily has no effect on cardiovascular and renal outcomes of patients with type 2 diabetes and albuminuria, despite a slight decrease in blood pressure and urinary albumin.",14960504,Benazepril provides protection against the progression of renal insufficiency in patients with various renal diseases.,8596594,Contradiction
as_000992,"In patients with renal or cardiovascular disease, does treatment with ACE inhibitors, compared with placebo, improve renal function or protect against cardiovascular incidents respectively","Low dose (1.25 mg) ramipril once daily has no effect on cardiovascular and renal outcomes of patients with type 2 diabetes and albuminuria, despite a slight decrease in blood pressure and urinary albumin.",14960504,"Among patients with stable coronary heart disease without apparent heart failure, perindopril can significantly improve outcome.",13678872,Contradiction
as_000993,"In patients with renal or cardiovascular disease, does treatment with ACE inhibitors, compared with placebo, improve renal function or protect against cardiovascular incidents respectively","Low dose (1.25 mg) ramipril once daily has no effect on cardiovascular and renal outcomes of patients with type 2 diabetes and albuminuria, despite a slight decrease in blood pressure and urinary albumin.",14960504,Administration of amlodipine to patients with CAD and normal blood pressure resulted in reduced adverse cardiovascular events.,15536108,Contradiction
as_000994,"In patients with renal or cardiovascular disease, does treatment with ACE inhibitors, compared with placebo, improve renal function or protect against cardiovascular incidents respectively","Low dose (1.25 mg) ramipril once daily has no effect on cardiovascular and renal outcomes of patients with type 2 diabetes and albuminuria, despite a slight decrease in blood pressure and urinary albumin.",14960504,Captopril protects against deterioration in renal function in insulin-dependent diabetic nephropathy and is significantly more effective than blood-pressure control alone.,8413456,Contradiction
as_000995,"In patients with renal or cardiovascular disease, does treatment with ACE inhibitors, compared with placebo, improve renal function or protect against cardiovascular incidents respectively",Combination therapy with perindopril and indapamide produced larger blood pressure reductions and larger risk reductions than did single drug therapy with perindopril alone.,11589932,Quinapril 20 mg did not significantly affect the overall frequency of clinical outcomes or the progression of coronary atherosclerosis.,11348602,Contradiction
as_000996,"In patients with renal or cardiovascular disease, does treatment with ACE inhibitors, compared with placebo, improve renal function or protect against cardiovascular incidents respectively",Combination therapy with perindopril and indapamide produced larger blood pressure reductions and larger risk reductions than did single drug therapy with perindopril alone.,11589932,The results provide no support for the hypothesis that reduced atherosclerosis is responsible for the beneficial effects of ACE inhibitors on major coronary events.,10933355,Contradiction
as_000997,"In patients with renal or cardiovascular disease, does treatment with ACE inhibitors, compared with placebo, improve renal function or protect against cardiovascular incidents respectively",Combination therapy with perindopril and indapamide produced larger blood pressure reductions and larger risk reductions than did single drug therapy with perindopril alone.,11589932,"In patients at low risk of cardiovascular events after CABG, routine early initiation of angiotensin-converting enzyme inhibitor therapy does not appear to improve clinical outcome up to 3 years after CABG; however, it increases the incidence of adverse events, particularly early after CABG.",18071079,Contradiction
as_000998,"In patients with renal or cardiovascular disease, does treatment with ACE inhibitors, compared with placebo, improve renal function or protect against cardiovascular incidents respectively",Combination therapy with perindopril and indapamide produced larger blood pressure reductions and larger risk reductions than did single drug therapy with perindopril alone.,11589932,"Ramipril significantly reduces the rates of death, myocardial infarction, and stroke in a broad range of high-risk patients who are not known to have a low ejection fraction or heart failure.",10639539,NotContradiction
as_000999,"In patients with renal or cardiovascular disease, does treatment with ACE inhibitors, compared with placebo, improve renal function or protect against cardiovascular incidents respectively",Combination therapy with perindopril and indapamide produced larger blood pressure reductions and larger risk reductions than did single drug therapy with perindopril alone.,11589932,Benazepril provides protection against the progression of renal insufficiency in patients with various renal diseases.,8596594,NotContradiction
as_001000,"In patients with renal or cardiovascular disease, does treatment with ACE inhibitors, compared with placebo, improve renal function or protect against cardiovascular incidents respectively",Combination therapy with perindopril and indapamide produced larger blood pressure reductions and larger risk reductions than did single drug therapy with perindopril alone.,11589932,"Among patients with stable coronary heart disease without apparent heart failure, perindopril can significantly improve outcome.",13678872,NotContradiction
as_001001,"In patients with renal or cardiovascular disease, does treatment with ACE inhibitors, compared with placebo, improve renal function or protect against cardiovascular incidents respectively",Combination therapy with perindopril and indapamide produced larger blood pressure reductions and larger risk reductions than did single drug therapy with perindopril alone.,11589932,Administration of amlodipine to patients with CAD and normal blood pressure resulted in reduced adverse cardiovascular events.,15536108,NotContradiction
as_001002,"In patients with renal or cardiovascular disease, does treatment with ACE inhibitors, compared with placebo, improve renal function or protect against cardiovascular incidents respectively",Combination therapy with perindopril and indapamide produced larger blood pressure reductions and larger risk reductions than did single drug therapy with perindopril alone.,11589932,Captopril protects against deterioration in renal function in insulin-dependent diabetic nephropathy and is significantly more effective than blood-pressure control alone.,8413456,NotContradiction
as_001003,"In patients with renal or cardiovascular disease, does treatment with ACE inhibitors, compared with placebo, improve renal function or protect against cardiovascular incidents respectively",Quinapril 20 mg did not significantly affect the overall frequency of clinical outcomes or the progression of coronary atherosclerosis.,11348602,The results provide no support for the hypothesis that reduced atherosclerosis is responsible for the beneficial effects of ACE inhibitors on major coronary events.,10933355,NotContradiction
as_001004,"In patients with renal or cardiovascular disease, does treatment with ACE inhibitors, compared with placebo, improve renal function or protect against cardiovascular incidents respectively",Quinapril 20 mg did not significantly affect the overall frequency of clinical outcomes or the progression of coronary atherosclerosis.,11348602,"In patients at low risk of cardiovascular events after CABG, routine early initiation of angiotensin-converting enzyme inhibitor therapy does not appear to improve clinical outcome up to 3 years after CABG; however, it increases the incidence of adverse events, particularly early after CABG.",18071079,NotContradiction
as_001005,"In patients with renal or cardiovascular disease, does treatment with ACE inhibitors, compared with placebo, improve renal function or protect against cardiovascular incidents respectively",Quinapril 20 mg did not significantly affect the overall frequency of clinical outcomes or the progression of coronary atherosclerosis.,11348602,"Ramipril significantly reduces the rates of death, myocardial infarction, and stroke in a broad range of high-risk patients who are not known to have a low ejection fraction or heart failure.",10639539,Contradiction
as_001006,"In patients with renal or cardiovascular disease, does treatment with ACE inhibitors, compared with placebo, improve renal function or protect against cardiovascular incidents respectively",Quinapril 20 mg did not significantly affect the overall frequency of clinical outcomes or the progression of coronary atherosclerosis.,11348602,Benazepril provides protection against the progression of renal insufficiency in patients with various renal diseases.,8596594,Contradiction
as_001007,"In patients with renal or cardiovascular disease, does treatment with ACE inhibitors, compared with placebo, improve renal function or protect against cardiovascular incidents respectively",Quinapril 20 mg did not significantly affect the overall frequency of clinical outcomes or the progression of coronary atherosclerosis.,11348602,"Among patients with stable coronary heart disease without apparent heart failure, perindopril can significantly improve outcome.",13678872,Contradiction
as_001008,"In patients with renal or cardiovascular disease, does treatment with ACE inhibitors, compared with placebo, improve renal function or protect against cardiovascular incidents respectively",Quinapril 20 mg did not significantly affect the overall frequency of clinical outcomes or the progression of coronary atherosclerosis.,11348602,Administration of amlodipine to patients with CAD and normal blood pressure resulted in reduced adverse cardiovascular events.,15536108,Contradiction
as_001009,"In patients with renal or cardiovascular disease, does treatment with ACE inhibitors, compared with placebo, improve renal function or protect against cardiovascular incidents respectively",Quinapril 20 mg did not significantly affect the overall frequency of clinical outcomes or the progression of coronary atherosclerosis.,11348602,Captopril protects against deterioration in renal function in insulin-dependent diabetic nephropathy and is significantly more effective than blood-pressure control alone.,8413456,Contradiction
as_001010,"In patients with renal or cardiovascular disease, does treatment with ACE inhibitors, compared with placebo, improve renal function or protect against cardiovascular incidents respectively",The results provide no support for the hypothesis that reduced atherosclerosis is responsible for the beneficial effects of ACE inhibitors on major coronary events.,10933355,"In patients at low risk of cardiovascular events after CABG, routine early initiation of angiotensin-converting enzyme inhibitor therapy does not appear to improve clinical outcome up to 3 years after CABG; however, it increases the incidence of adverse events, particularly early after CABG.",18071079,NotContradiction
as_001011,"In patients with renal or cardiovascular disease, does treatment with ACE inhibitors, compared with placebo, improve renal function or protect against cardiovascular incidents respectively",The results provide no support for the hypothesis that reduced atherosclerosis is responsible for the beneficial effects of ACE inhibitors on major coronary events.,10933355,"Ramipril significantly reduces the rates of death, myocardial infarction, and stroke in a broad range of high-risk patients who are not known to have a low ejection fraction or heart failure.",10639539,Contradiction
as_001012,"In patients with renal or cardiovascular disease, does treatment with ACE inhibitors, compared with placebo, improve renal function or protect against cardiovascular incidents respectively",The results provide no support for the hypothesis that reduced atherosclerosis is responsible for the beneficial effects of ACE inhibitors on major coronary events.,10933355,Benazepril provides protection against the progression of renal insufficiency in patients with various renal diseases.,8596594,Contradiction
as_001013,"In patients with renal or cardiovascular disease, does treatment with ACE inhibitors, compared with placebo, improve renal function or protect against cardiovascular incidents respectively",The results provide no support for the hypothesis that reduced atherosclerosis is responsible for the beneficial effects of ACE inhibitors on major coronary events.,10933355,"Among patients with stable coronary heart disease without apparent heart failure, perindopril can significantly improve outcome.",13678872,Contradiction
as_001014,"In patients with renal or cardiovascular disease, does treatment with ACE inhibitors, compared with placebo, improve renal function or protect against cardiovascular incidents respectively",The results provide no support for the hypothesis that reduced atherosclerosis is responsible for the beneficial effects of ACE inhibitors on major coronary events.,10933355,Administration of amlodipine to patients with CAD and normal blood pressure resulted in reduced adverse cardiovascular events.,15536108,Contradiction
as_001015,"In patients with renal or cardiovascular disease, does treatment with ACE inhibitors, compared with placebo, improve renal function or protect against cardiovascular incidents respectively",The results provide no support for the hypothesis that reduced atherosclerosis is responsible for the beneficial effects of ACE inhibitors on major coronary events.,10933355,Captopril protects against deterioration in renal function in insulin-dependent diabetic nephropathy and is significantly more effective than blood-pressure control alone.,8413456,Contradiction
as_001016,"In patients with renal or cardiovascular disease, does treatment with ACE inhibitors, compared with placebo, improve renal function or protect against cardiovascular incidents respectively","In patients at low risk of cardiovascular events after CABG, routine early initiation of angiotensin-converting enzyme inhibitor therapy does not appear to improve clinical outcome up to 3 years after CABG; however, it increases the incidence of adverse events, particularly early after CABG.",18071079,"Ramipril significantly reduces the rates of death, myocardial infarction, and stroke in a broad range of high-risk patients who are not known to have a low ejection fraction or heart failure.",10639539,Contradiction
as_001017,"In patients with renal or cardiovascular disease, does treatment with ACE inhibitors, compared with placebo, improve renal function or protect against cardiovascular incidents respectively","In patients at low risk of cardiovascular events after CABG, routine early initiation of angiotensin-converting enzyme inhibitor therapy does not appear to improve clinical outcome up to 3 years after CABG; however, it increases the incidence of adverse events, particularly early after CABG.",18071079,Benazepril provides protection against the progression of renal insufficiency in patients with various renal diseases.,8596594,Contradiction
as_001018,"In patients with renal or cardiovascular disease, does treatment with ACE inhibitors, compared with placebo, improve renal function or protect against cardiovascular incidents respectively","In patients at low risk of cardiovascular events after CABG, routine early initiation of angiotensin-converting enzyme inhibitor therapy does not appear to improve clinical outcome up to 3 years after CABG; however, it increases the incidence of adverse events, particularly early after CABG.",18071079,"Among patients with stable coronary heart disease without apparent heart failure, perindopril can significantly improve outcome.",13678872,Contradiction
as_001019,"In patients with renal or cardiovascular disease, does treatment with ACE inhibitors, compared with placebo, improve renal function or protect against cardiovascular incidents respectively","In patients at low risk of cardiovascular events after CABG, routine early initiation of angiotensin-converting enzyme inhibitor therapy does not appear to improve clinical outcome up to 3 years after CABG; however, it increases the incidence of adverse events, particularly early after CABG.",18071079,Administration of amlodipine to patients with CAD and normal blood pressure resulted in reduced adverse cardiovascular events.,15536108,Contradiction
as_001020,"In patients with renal or cardiovascular disease, does treatment with ACE inhibitors, compared with placebo, improve renal function or protect against cardiovascular incidents respectively","In patients at low risk of cardiovascular events after CABG, routine early initiation of angiotensin-converting enzyme inhibitor therapy does not appear to improve clinical outcome up to 3 years after CABG; however, it increases the incidence of adverse events, particularly early after CABG.",18071079,Captopril protects against deterioration in renal function in insulin-dependent diabetic nephropathy and is significantly more effective than blood-pressure control alone.,8413456,Contradiction
as_001021,"In patients with renal or cardiovascular disease, does treatment with ACE inhibitors, compared with placebo, improve renal function or protect against cardiovascular incidents respectively","Ramipril significantly reduces the rates of death, myocardial infarction, and stroke in a broad range of high-risk patients who are not known to have a low ejection fraction or heart failure.",10639539,Benazepril provides protection against the progression of renal insufficiency in patients with various renal diseases.,8596594,NotContradiction
as_001022,"In patients with renal or cardiovascular disease, does treatment with ACE inhibitors, compared with placebo, improve renal function or protect against cardiovascular incidents respectively","Ramipril significantly reduces the rates of death, myocardial infarction, and stroke in a broad range of high-risk patients who are not known to have a low ejection fraction or heart failure.",10639539,"Among patients with stable coronary heart disease without apparent heart failure, perindopril can significantly improve outcome.",13678872,NotContradiction
as_001023,"In patients with renal or cardiovascular disease, does treatment with ACE inhibitors, compared with placebo, improve renal function or protect against cardiovascular incidents respectively","Ramipril significantly reduces the rates of death, myocardial infarction, and stroke in a broad range of high-risk patients who are not known to have a low ejection fraction or heart failure.",10639539,Administration of amlodipine to patients with CAD and normal blood pressure resulted in reduced adverse cardiovascular events.,15536108,NotContradiction
as_001024,"In patients with renal or cardiovascular disease, does treatment with ACE inhibitors, compared with placebo, improve renal function or protect against cardiovascular incidents respectively","Ramipril significantly reduces the rates of death, myocardial infarction, and stroke in a broad range of high-risk patients who are not known to have a low ejection fraction or heart failure.",10639539,Captopril protects against deterioration in renal function in insulin-dependent diabetic nephropathy and is significantly more effective than blood-pressure control alone.,8413456,NotContradiction
as_001025,"In patients with renal or cardiovascular disease, does treatment with ACE inhibitors, compared with placebo, improve renal function or protect against cardiovascular incidents respectively",Benazepril provides protection against the progression of renal insufficiency in patients with various renal diseases.,8596594,"Among patients with stable coronary heart disease without apparent heart failure, perindopril can significantly improve outcome.",13678872,NotContradiction
as_001026,"In patients with renal or cardiovascular disease, does treatment with ACE inhibitors, compared with placebo, improve renal function or protect against cardiovascular incidents respectively",Benazepril provides protection against the progression of renal insufficiency in patients with various renal diseases.,8596594,Administration of amlodipine to patients with CAD and normal blood pressure resulted in reduced adverse cardiovascular events.,15536108,NotContradiction
as_001027,"In patients with renal or cardiovascular disease, does treatment with ACE inhibitors, compared with placebo, improve renal function or protect against cardiovascular incidents respectively",Benazepril provides protection against the progression of renal insufficiency in patients with various renal diseases.,8596594,Captopril protects against deterioration in renal function in insulin-dependent diabetic nephropathy and is significantly more effective than blood-pressure control alone.,8413456,NotContradiction
as_001028,"In patients with renal or cardiovascular disease, does treatment with ACE inhibitors, compared with placebo, improve renal function or protect against cardiovascular incidents respectively","Among patients with stable coronary heart disease without apparent heart failure, perindopril can significantly improve outcome.",13678872,Administration of amlodipine to patients with CAD and normal blood pressure resulted in reduced adverse cardiovascular events.,15536108,NotContradiction
as_001029,"In patients with renal or cardiovascular disease, does treatment with ACE inhibitors, compared with placebo, improve renal function or protect against cardiovascular incidents respectively","Among patients with stable coronary heart disease without apparent heart failure, perindopril can significantly improve outcome.",13678872,Captopril protects against deterioration in renal function in insulin-dependent diabetic nephropathy and is significantly more effective than blood-pressure control alone.,8413456,NotContradiction
as_001030,"In patients with renal or cardiovascular disease, does treatment with ACE inhibitors, compared with placebo, improve renal function or protect against cardiovascular incidents respectively",Administration of amlodipine to patients with CAD and normal blood pressure resulted in reduced adverse cardiovascular events.,15536108,Captopril protects against deterioration in renal function in insulin-dependent diabetic nephropathy and is significantly more effective than blood-pressure control alone.,8413456,NotContradiction
as_001031,"In the elderlies, does omega 3 acid from fatty fish intake, compared with no consumption, reduce the risk of developing heart failure","In this population, moderate intake of fatty fish and marine omega-3 fatty acids was associated with lower rates of HF, though the association for fish intake was not statistically significant; higher intake was not associated with additional benefit.",19383731,"Increased baked/broiled fish intake may lower HF risk, whereas increased fried fish intake may increase HF risk in postmenopausal women.",21610249,NotContradiction
as_001032,"In the elderlies, does omega 3 acid from fatty fish intake, compared with no consumption, reduce the risk of developing heart failure","In this population, moderate intake of fatty fish and marine omega-3 fatty acids was associated with lower rates of HF, though the association for fish intake was not statistically significant; higher intake was not associated with additional benefit.",19383731,Our findings do not support a major role for fish intake in the prevention of heart failure.,19789394,Contradiction
as_001033,"In the elderlies, does omega 3 acid from fatty fish intake, compared with no consumption, reduce the risk of developing heart failure","In this population, moderate intake of fatty fish and marine omega-3 fatty acids was associated with lower rates of HF, though the association for fish intake was not statistically significant; higher intake was not associated with additional benefit.",19383731,Moderate consumption of fatty fish (1-2 servings per week) and marine omega-3 fatty acids were associated with a lower rate of first HF hospitalization or death in this population.,20332801,NotContradiction
as_001034,"In the elderlies, does omega 3 acid from fatty fish intake, compared with no consumption, reduce the risk of developing heart failure","Increased baked/broiled fish intake may lower HF risk, whereas increased fried fish intake may increase HF risk in postmenopausal women.",21610249,Our findings do not support a major role for fish intake in the prevention of heart failure.,19789394,Contradiction
as_001035,"In the elderlies, does omega 3 acid from fatty fish intake, compared with no consumption, reduce the risk of developing heart failure","Increased baked/broiled fish intake may lower HF risk, whereas increased fried fish intake may increase HF risk in postmenopausal women.",21610249,Moderate consumption of fatty fish (1-2 servings per week) and marine omega-3 fatty acids were associated with a lower rate of first HF hospitalization or death in this population.,20332801,NotContradiction
as_001036,"In the elderlies, does omega 3 acid from fatty fish intake, compared with no consumption, reduce the risk of developing heart failure",Our findings do not support a major role for fish intake in the prevention of heart failure.,19789394,Moderate consumption of fatty fish (1-2 servings per week) and marine omega-3 fatty acids were associated with a lower rate of first HF hospitalization or death in this population.,20332801,Contradiction
as_001037,"In the elderies, is n-3 fatty acid from fish intake associated with reduction in risk of developing heart failure","In this large, population-based sample of African-American and white adults, whole-grain intake was associated with lower HF risk, whereas intake of eggs and high-fat dairy were associated with greater HF risk after adjustment for several confounders.",18954578,"Among older adults, consumption of tuna or other broiled or baked fish, but not fried fish, is associated with lower incidence of CHF.",15963403,NotContradiction
as_001038,"In the elderies, is n-3 fatty acid from fish intake associated with reduction in risk of developing heart failure","In this large, population-based sample of African-American and white adults, whole-grain intake was associated with lower HF risk, whereas intake of eggs and high-fat dairy were associated with greater HF risk after adjustment for several confounders.",18954578,"Increased baked/broiled fish intake may lower HF risk, whereas increased fried fish intake may increase HF risk in postmenopausal women.",21610249,NotContradiction
as_001039,"In the elderies, is n-3 fatty acid from fish intake associated with reduction in risk of developing heart failure","In this large, population-based sample of African-American and white adults, whole-grain intake was associated with lower HF risk, whereas intake of eggs and high-fat dairy were associated with greater HF risk after adjustment for several confounders.",18954578,Our findings do not support a major role for fish intake in the prevention of heart failure.,19789394,Contradiction
as_001040,"In the elderies, is n-3 fatty acid from fish intake associated with reduction in risk of developing heart failure","In this large, population-based sample of African-American and white adults, whole-grain intake was associated with lower HF risk, whereas intake of eggs and high-fat dairy were associated with greater HF risk after adjustment for several confounders.",18954578,Moderate consumption of fatty fish (1-2 servings per week) and marine omega-3 fatty acids were associated with a lower rate of first HF hospitalization or death in this population.,20332801,NotContradiction
as_001041,"In the elderies, is n-3 fatty acid from fish intake associated with reduction in risk of developing heart failure","Among older adults, consumption of tuna or other broiled or baked fish, but not fried fish, is associated with lower incidence of CHF.",15963403,"Increased baked/broiled fish intake may lower HF risk, whereas increased fried fish intake may increase HF risk in postmenopausal women.",21610249,NotContradiction
as_001042,"In the elderies, is n-3 fatty acid from fish intake associated with reduction in risk of developing heart failure","Among older adults, consumption of tuna or other broiled or baked fish, but not fried fish, is associated with lower incidence of CHF.",15963403,Our findings do not support a major role for fish intake in the prevention of heart failure.,19789394,Contradiction
as_001043,"In the elderies, is n-3 fatty acid from fish intake associated with reduction in risk of developing heart failure","Among older adults, consumption of tuna or other broiled or baked fish, but not fried fish, is associated with lower incidence of CHF.",15963403,Moderate consumption of fatty fish (1-2 servings per week) and marine omega-3 fatty acids were associated with a lower rate of first HF hospitalization or death in this population.,20332801,NotContradiction
as_001044,"In the elderies, is n-3 fatty acid from fish intake associated with reduction in risk of developing heart failure","Increased baked/broiled fish intake may lower HF risk, whereas increased fried fish intake may increase HF risk in postmenopausal women.",21610249,Our findings do not support a major role for fish intake in the prevention of heart failure.,19789394,Contradiction
as_001045,"In the elderies, is n-3 fatty acid from fish intake associated with reduction in risk of developing heart failure","Increased baked/broiled fish intake may lower HF risk, whereas increased fried fish intake may increase HF risk in postmenopausal women.",21610249,Moderate consumption of fatty fish (1-2 servings per week) and marine omega-3 fatty acids were associated with a lower rate of first HF hospitalization or death in this population.,20332801,NotContradiction
as_001046,"In the elderies, is n-3 fatty acid from fish intake associated with reduction in risk of developing heart failure",Our findings do not support a major role for fish intake in the prevention of heart failure.,19789394,Moderate consumption of fatty fish (1-2 servings per week) and marine omega-3 fatty acids were associated with a lower rate of first HF hospitalization or death in this population.,20332801,Contradiction
as_001047,"In patients with advanced diabetes, does treatment with antihypertensives, compared with placebo, improve renal function or protect againct cardiovascular incidents","Therapy with telmisartan initiated soon after an ischemic stroke and continued for 2.5 years did not significantly lower the rate of recurrent stroke, major cardiovascular events, or diabetes.",18753639,"Although the drug had no significant effect on the primary outcome of this study, which included hospitalisations for heart failure, it modestly reduced the risk of the composite outcome of cardiovascular death, myocardial infarction, or stroke.",18757085,Contradiction
as_001048,"In patients with advanced diabetes, does treatment with antihypertensives, compared with placebo, improve renal function or protect againct cardiovascular incidents","Therapy with telmisartan initiated soon after an ischemic stroke and continued for 2.5 years did not significantly lower the rate of recurrent stroke, major cardiovascular events, or diabetes.",18753639,"Although candesartan reduces the incidence of retinopathy, we did not see a beneficial effect on retinopathy progression.",18823656,NotContradiction
as_001049,"In patients with advanced diabetes, does treatment with antihypertensives, compared with placebo, improve renal function or protect againct cardiovascular incidents","Therapy with telmisartan initiated soon after an ischemic stroke and continued for 2.5 years did not significantly lower the rate of recurrent stroke, major cardiovascular events, or diabetes.",18753639,"Olmesartan was associated with a delayed onset of microalbuminuria, even though blood-pressure control in both groups was excellent according to current standards.",20228403,Contradiction
as_001050,"In patients with advanced diabetes, does treatment with antihypertensives, compared with placebo, improve renal function or protect againct cardiovascular incidents","Therapy with telmisartan initiated soon after an ischemic stroke and continued for 2.5 years did not significantly lower the rate of recurrent stroke, major cardiovascular events, or diabetes.",18753639,"Among patients with impaired glucose tolerance and cardiovascular disease or risk factors, the use of valsartan for 5 years, along with lifestyle modification, led to a relative reduction of 14% in the incidence of diabetes but did not reduce the rate of cardiovascular events.",20228403,NotContradiction
as_001051,"In patients with advanced diabetes, does treatment with antihypertensives, compared with placebo, improve renal function or protect againct cardiovascular incidents","Therapy with telmisartan initiated soon after an ischemic stroke and continued for 2.5 years did not significantly lower the rate of recurrent stroke, major cardiovascular events, or diabetes.",18753639,"The composite cardiovascular event rate did not differ in patients with type 2 diabetes and overt nephropathy treated with irbesartan, amlodipine, or placebo in addition to conventional antihypertensive therapy.",12667024,NotContradiction
as_001052,"In patients with advanced diabetes, does treatment with antihypertensives, compared with placebo, improve renal function or protect againct cardiovascular incidents","Therapy with telmisartan initiated soon after an ischemic stroke and continued for 2.5 years did not significantly lower the rate of recurrent stroke, major cardiovascular events, or diabetes.",18753639,Treatment with candesartan in type 2 diabetic patients with mild to moderate retinopathy might induce improvement of retinopathy.,18823658,Contradiction
as_001053,"In patients with advanced diabetes, does treatment with antihypertensives, compared with placebo, improve renal function or protect againct cardiovascular incidents","Therapy with telmisartan initiated soon after an ischemic stroke and continued for 2.5 years did not significantly lower the rate of recurrent stroke, major cardiovascular events, or diabetes.",18753639,"Relatively low-dose candesartan, which did not alter blood pressure levels, reduces cardiovascular risk in high-risk patients with CAD.",14661009,Contradiction
as_001054,"In patients with advanced diabetes, does treatment with antihypertensives, compared with placebo, improve renal function or protect againct cardiovascular incidents","Therapy with telmisartan initiated soon after an ischemic stroke and continued for 2.5 years did not significantly lower the rate of recurrent stroke, major cardiovascular events, or diabetes.",18753639,"In elderly hypertensive patients, a slightly more effective blood pressure reduction during candesartan-based therapy, compared with control therapy, was associated with a modest, statistically non-significant, reduction in major cardiovascular events and with a marked reduction in non-fatal stroke.",12714861,Contradiction
as_001055,"In patients with advanced diabetes, does treatment with antihypertensives, compared with placebo, improve renal function or protect againct cardiovascular incidents","Therapy with telmisartan initiated soon after an ischemic stroke and continued for 2.5 years did not significantly lower the rate of recurrent stroke, major cardiovascular events, or diabetes.",18753639,"Losartan conferred significant renal benefits in patients with type 2 diabetes and nephropathy, and it was generally well tolerated.",11565518,Contradiction
as_001056,"In patients with advanced diabetes, does treatment with antihypertensives, compared with placebo, improve renal function or protect againct cardiovascular incidents","Therapy with telmisartan initiated soon after an ischemic stroke and continued for 2.5 years did not significantly lower the rate of recurrent stroke, major cardiovascular events, or diabetes.",18753639,Irbesartan is renoprotective independently of its blood-pressure-lowering effect in patients with type 2 diabetes and microalbuminuria.,11565519,Contradiction
as_001057,"In patients with advanced diabetes, does treatment with antihypertensives, compared with placebo, improve renal function or protect againct cardiovascular incidents","Although the drug had no significant effect on the primary outcome of this study, which included hospitalisations for heart failure, it modestly reduced the risk of the composite outcome of cardiovascular death, myocardial infarction, or stroke.",18757085,"Although candesartan reduces the incidence of retinopathy, we did not see a beneficial effect on retinopathy progression.",18823656,Contradiction
as_001058,"In patients with advanced diabetes, does treatment with antihypertensives, compared with placebo, improve renal function or protect againct cardiovascular incidents","Although the drug had no significant effect on the primary outcome of this study, which included hospitalisations for heart failure, it modestly reduced the risk of the composite outcome of cardiovascular death, myocardial infarction, or stroke.",18757085,"Olmesartan was associated with a delayed onset of microalbuminuria, even though blood-pressure control in both groups was excellent according to current standards.",20228403,NotContradiction
as_001059,"In patients with advanced diabetes, does treatment with antihypertensives, compared with placebo, improve renal function or protect againct cardiovascular incidents","Although the drug had no significant effect on the primary outcome of this study, which included hospitalisations for heart failure, it modestly reduced the risk of the composite outcome of cardiovascular death, myocardial infarction, or stroke.",18757085,"Among patients with impaired glucose tolerance and cardiovascular disease or risk factors, the use of valsartan for 5 years, along with lifestyle modification, led to a relative reduction of 14% in the incidence of diabetes but did not reduce the rate of cardiovascular events.",20228403,Contradiction
as_001060,"In patients with advanced diabetes, does treatment with antihypertensives, compared with placebo, improve renal function or protect againct cardiovascular incidents","Although the drug had no significant effect on the primary outcome of this study, which included hospitalisations for heart failure, it modestly reduced the risk of the composite outcome of cardiovascular death, myocardial infarction, or stroke.",18757085,"The composite cardiovascular event rate did not differ in patients with type 2 diabetes and overt nephropathy treated with irbesartan, amlodipine, or placebo in addition to conventional antihypertensive therapy.",12667024,Contradiction
as_001061,"In patients with advanced diabetes, does treatment with antihypertensives, compared with placebo, improve renal function or protect againct cardiovascular incidents","Although the drug had no significant effect on the primary outcome of this study, which included hospitalisations for heart failure, it modestly reduced the risk of the composite outcome of cardiovascular death, myocardial infarction, or stroke.",18757085,Treatment with candesartan in type 2 diabetic patients with mild to moderate retinopathy might induce improvement of retinopathy.,18823658,NotContradiction
as_001062,"In patients with advanced diabetes, does treatment with antihypertensives, compared with placebo, improve renal function or protect againct cardiovascular incidents","Although the drug had no significant effect on the primary outcome of this study, which included hospitalisations for heart failure, it modestly reduced the risk of the composite outcome of cardiovascular death, myocardial infarction, or stroke.",18757085,"Relatively low-dose candesartan, which did not alter blood pressure levels, reduces cardiovascular risk in high-risk patients with CAD.",14661009,NotContradiction
as_001063,"In patients with advanced diabetes, does treatment with antihypertensives, compared with placebo, improve renal function or protect againct cardiovascular incidents","Although the drug had no significant effect on the primary outcome of this study, which included hospitalisations for heart failure, it modestly reduced the risk of the composite outcome of cardiovascular death, myocardial infarction, or stroke.",18757085,"In elderly hypertensive patients, a slightly more effective blood pressure reduction during candesartan-based therapy, compared with control therapy, was associated with a modest, statistically non-significant, reduction in major cardiovascular events and with a marked reduction in non-fatal stroke.",12714861,NotContradiction
as_001064,"In patients with advanced diabetes, does treatment with antihypertensives, compared with placebo, improve renal function or protect againct cardiovascular incidents","Although the drug had no significant effect on the primary outcome of this study, which included hospitalisations for heart failure, it modestly reduced the risk of the composite outcome of cardiovascular death, myocardial infarction, or stroke.",18757085,"Losartan conferred significant renal benefits in patients with type 2 diabetes and nephropathy, and it was generally well tolerated.",11565518,NotContradiction
as_001065,"In patients with advanced diabetes, does treatment with antihypertensives, compared with placebo, improve renal function or protect againct cardiovascular incidents","Although the drug had no significant effect on the primary outcome of this study, which included hospitalisations for heart failure, it modestly reduced the risk of the composite outcome of cardiovascular death, myocardial infarction, or stroke.",18757085,Irbesartan is renoprotective independently of its blood-pressure-lowering effect in patients with type 2 diabetes and microalbuminuria.,11565519,NotContradiction
as_001066,"In patients with advanced diabetes, does treatment with antihypertensives, compared with placebo, improve renal function or protect againct cardiovascular incidents","Although candesartan reduces the incidence of retinopathy, we did not see a beneficial effect on retinopathy progression.",18823656,"Olmesartan was associated with a delayed onset of microalbuminuria, even though blood-pressure control in both groups was excellent according to current standards.",20228403,Contradiction
as_001067,"In patients with advanced diabetes, does treatment with antihypertensives, compared with placebo, improve renal function or protect againct cardiovascular incidents","Although candesartan reduces the incidence of retinopathy, we did not see a beneficial effect on retinopathy progression.",18823656,"Among patients with impaired glucose tolerance and cardiovascular disease or risk factors, the use of valsartan for 5 years, along with lifestyle modification, led to a relative reduction of 14% in the incidence of diabetes but did not reduce the rate of cardiovascular events.",20228403,NotContradiction
as_001068,"In patients with advanced diabetes, does treatment with antihypertensives, compared with placebo, improve renal function or protect againct cardiovascular incidents","Although candesartan reduces the incidence of retinopathy, we did not see a beneficial effect on retinopathy progression.",18823656,"The composite cardiovascular event rate did not differ in patients with type 2 diabetes and overt nephropathy treated with irbesartan, amlodipine, or placebo in addition to conventional antihypertensive therapy.",12667024,NotContradiction
as_001069,"In patients with advanced diabetes, does treatment with antihypertensives, compared with placebo, improve renal function or protect againct cardiovascular incidents","Although candesartan reduces the incidence of retinopathy, we did not see a beneficial effect on retinopathy progression.",18823656,Treatment with candesartan in type 2 diabetic patients with mild to moderate retinopathy might induce improvement of retinopathy.,18823658,Contradiction
as_001070,"In patients with advanced diabetes, does treatment with antihypertensives, compared with placebo, improve renal function or protect againct cardiovascular incidents","Although candesartan reduces the incidence of retinopathy, we did not see a beneficial effect on retinopathy progression.",18823656,"Relatively low-dose candesartan, which did not alter blood pressure levels, reduces cardiovascular risk in high-risk patients with CAD.",14661009,Contradiction
as_001071,"In patients with advanced diabetes, does treatment with antihypertensives, compared with placebo, improve renal function or protect againct cardiovascular incidents","Although candesartan reduces the incidence of retinopathy, we did not see a beneficial effect on retinopathy progression.",18823656,"In elderly hypertensive patients, a slightly more effective blood pressure reduction during candesartan-based therapy, compared with control therapy, was associated with a modest, statistically non-significant, reduction in major cardiovascular events and with a marked reduction in non-fatal stroke.",12714861,Contradiction
as_001072,"In patients with advanced diabetes, does treatment with antihypertensives, compared with placebo, improve renal function or protect againct cardiovascular incidents","Although candesartan reduces the incidence of retinopathy, we did not see a beneficial effect on retinopathy progression.",18823656,"Losartan conferred significant renal benefits in patients with type 2 diabetes and nephropathy, and it was generally well tolerated.",11565518,Contradiction
as_001073,"In patients with advanced diabetes, does treatment with antihypertensives, compared with placebo, improve renal function or protect againct cardiovascular incidents","Although candesartan reduces the incidence of retinopathy, we did not see a beneficial effect on retinopathy progression.",18823656,Irbesartan is renoprotective independently of its blood-pressure-lowering effect in patients with type 2 diabetes and microalbuminuria.,11565519,Contradiction
as_001074,"In patients with advanced diabetes, does treatment with antihypertensives, compared with placebo, improve renal function or protect againct cardiovascular incidents","Olmesartan was associated with a delayed onset of microalbuminuria, even though blood-pressure control in both groups was excellent according to current standards.",20228403,"Among patients with impaired glucose tolerance and cardiovascular disease or risk factors, the use of valsartan for 5 years, along with lifestyle modification, led to a relative reduction of 14% in the incidence of diabetes but did not reduce the rate of cardiovascular events.",20228403,Contradiction
as_001075,"In patients with advanced diabetes, does treatment with antihypertensives, compared with placebo, improve renal function or protect againct cardiovascular incidents","Olmesartan was associated with a delayed onset of microalbuminuria, even though blood-pressure control in both groups was excellent according to current standards.",20228403,"The composite cardiovascular event rate did not differ in patients with type 2 diabetes and overt nephropathy treated with irbesartan, amlodipine, or placebo in addition to conventional antihypertensive therapy.",12667024,Contradiction
as_001076,"In patients with advanced diabetes, does treatment with antihypertensives, compared with placebo, improve renal function or protect againct cardiovascular incidents","Olmesartan was associated with a delayed onset of microalbuminuria, even though blood-pressure control in both groups was excellent according to current standards.",20228403,Treatment with candesartan in type 2 diabetic patients with mild to moderate retinopathy might induce improvement of retinopathy.,18823658,NotContradiction
as_001077,"In patients with advanced diabetes, does treatment with antihypertensives, compared with placebo, improve renal function or protect againct cardiovascular incidents","Olmesartan was associated with a delayed onset of microalbuminuria, even though blood-pressure control in both groups was excellent according to current standards.",20228403,"Relatively low-dose candesartan, which did not alter blood pressure levels, reduces cardiovascular risk in high-risk patients with CAD.",14661009,NotContradiction
as_001078,"In patients with advanced diabetes, does treatment with antihypertensives, compared with placebo, improve renal function or protect againct cardiovascular incidents","Olmesartan was associated with a delayed onset of microalbuminuria, even though blood-pressure control in both groups was excellent according to current standards.",20228403,"In elderly hypertensive patients, a slightly more effective blood pressure reduction during candesartan-based therapy, compared with control therapy, was associated with a modest, statistically non-significant, reduction in major cardiovascular events and with a marked reduction in non-fatal stroke.",12714861,NotContradiction
as_001079,"In patients with advanced diabetes, does treatment with antihypertensives, compared with placebo, improve renal function or protect againct cardiovascular incidents","Olmesartan was associated with a delayed onset of microalbuminuria, even though blood-pressure control in both groups was excellent according to current standards.",20228403,"Losartan conferred significant renal benefits in patients with type 2 diabetes and nephropathy, and it was generally well tolerated.",11565518,NotContradiction
as_001080,"In patients with advanced diabetes, does treatment with antihypertensives, compared with placebo, improve renal function or protect againct cardiovascular incidents","Olmesartan was associated with a delayed onset of microalbuminuria, even though blood-pressure control in both groups was excellent according to current standards.",20228403,Irbesartan is renoprotective independently of its blood-pressure-lowering effect in patients with type 2 diabetes and microalbuminuria.,11565519,NotContradiction
as_001081,"In patients with advanced diabetes, does treatment with antihypertensives, compared with placebo, improve renal function or protect againct cardiovascular incidents","Among patients with impaired glucose tolerance and cardiovascular disease or risk factors, the use of valsartan for 5 years, along with lifestyle modification, led to a relative reduction of 14% in the incidence of diabetes but did not reduce the rate of cardiovascular events.",20228403,"The composite cardiovascular event rate did not differ in patients with type 2 diabetes and overt nephropathy treated with irbesartan, amlodipine, or placebo in addition to conventional antihypertensive therapy.",12667024,NotContradiction
as_001082,"In patients with advanced diabetes, does treatment with antihypertensives, compared with placebo, improve renal function or protect againct cardiovascular incidents","Among patients with impaired glucose tolerance and cardiovascular disease or risk factors, the use of valsartan for 5 years, along with lifestyle modification, led to a relative reduction of 14% in the incidence of diabetes but did not reduce the rate of cardiovascular events.",20228403,Treatment with candesartan in type 2 diabetic patients with mild to moderate retinopathy might induce improvement of retinopathy.,18823658,Contradiction
as_001083,"In patients with advanced diabetes, does treatment with antihypertensives, compared with placebo, improve renal function or protect againct cardiovascular incidents","Among patients with impaired glucose tolerance and cardiovascular disease or risk factors, the use of valsartan for 5 years, along with lifestyle modification, led to a relative reduction of 14% in the incidence of diabetes but did not reduce the rate of cardiovascular events.",20228403,"Relatively low-dose candesartan, which did not alter blood pressure levels, reduces cardiovascular risk in high-risk patients with CAD.",14661009,Contradiction
as_001084,"In patients with advanced diabetes, does treatment with antihypertensives, compared with placebo, improve renal function or protect againct cardiovascular incidents","Among patients with impaired glucose tolerance and cardiovascular disease or risk factors, the use of valsartan for 5 years, along with lifestyle modification, led to a relative reduction of 14% in the incidence of diabetes but did not reduce the rate of cardiovascular events.",20228403,"In elderly hypertensive patients, a slightly more effective blood pressure reduction during candesartan-based therapy, compared with control therapy, was associated with a modest, statistically non-significant, reduction in major cardiovascular events and with a marked reduction in non-fatal stroke.",12714861,Contradiction
as_001085,"In patients with advanced diabetes, does treatment with antihypertensives, compared with placebo, improve renal function or protect againct cardiovascular incidents","Among patients with impaired glucose tolerance and cardiovascular disease or risk factors, the use of valsartan for 5 years, along with lifestyle modification, led to a relative reduction of 14% in the incidence of diabetes but did not reduce the rate of cardiovascular events.",20228403,"Losartan conferred significant renal benefits in patients with type 2 diabetes and nephropathy, and it was generally well tolerated.",11565518,Contradiction
as_001086,"In patients with advanced diabetes, does treatment with antihypertensives, compared with placebo, improve renal function or protect againct cardiovascular incidents","Among patients with impaired glucose tolerance and cardiovascular disease or risk factors, the use of valsartan for 5 years, along with lifestyle modification, led to a relative reduction of 14% in the incidence of diabetes but did not reduce the rate of cardiovascular events.",20228403,Irbesartan is renoprotective independently of its blood-pressure-lowering effect in patients with type 2 diabetes and microalbuminuria.,11565519,Contradiction
as_001087,"In patients with advanced diabetes, does treatment with antihypertensives, compared with placebo, improve renal function or protect againct cardiovascular incidents","The composite cardiovascular event rate did not differ in patients with type 2 diabetes and overt nephropathy treated with irbesartan, amlodipine, or placebo in addition to conventional antihypertensive therapy.",12667024,Treatment with candesartan in type 2 diabetic patients with mild to moderate retinopathy might induce improvement of retinopathy.,18823658,Contradiction
as_001088,"In patients with advanced diabetes, does treatment with antihypertensives, compared with placebo, improve renal function or protect againct cardiovascular incidents","The composite cardiovascular event rate did not differ in patients with type 2 diabetes and overt nephropathy treated with irbesartan, amlodipine, or placebo in addition to conventional antihypertensive therapy.",12667024,"Relatively low-dose candesartan, which did not alter blood pressure levels, reduces cardiovascular risk in high-risk patients with CAD.",14661009,Contradiction
as_001089,"In patients with advanced diabetes, does treatment with antihypertensives, compared with placebo, improve renal function or protect againct cardiovascular incidents","The composite cardiovascular event rate did not differ in patients with type 2 diabetes and overt nephropathy treated with irbesartan, amlodipine, or placebo in addition to conventional antihypertensive therapy.",12667024,"In elderly hypertensive patients, a slightly more effective blood pressure reduction during candesartan-based therapy, compared with control therapy, was associated with a modest, statistically non-significant, reduction in major cardiovascular events and with a marked reduction in non-fatal stroke.",12714861,Contradiction
as_001090,"In patients with advanced diabetes, does treatment with antihypertensives, compared with placebo, improve renal function or protect againct cardiovascular incidents","The composite cardiovascular event rate did not differ in patients with type 2 diabetes and overt nephropathy treated with irbesartan, amlodipine, or placebo in addition to conventional antihypertensive therapy.",12667024,"Losartan conferred significant renal benefits in patients with type 2 diabetes and nephropathy, and it was generally well tolerated.",11565518,Contradiction
as_001091,"In patients with advanced diabetes, does treatment with antihypertensives, compared with placebo, improve renal function or protect againct cardiovascular incidents","The composite cardiovascular event rate did not differ in patients with type 2 diabetes and overt nephropathy treated with irbesartan, amlodipine, or placebo in addition to conventional antihypertensive therapy.",12667024,Irbesartan is renoprotective independently of its blood-pressure-lowering effect in patients with type 2 diabetes and microalbuminuria.,11565519,Contradiction
as_001092,"In patients with advanced diabetes, does treatment with antihypertensives, compared with placebo, improve renal function or protect againct cardiovascular incidents",Treatment with candesartan in type 2 diabetic patients with mild to moderate retinopathy might induce improvement of retinopathy.,18823658,"Relatively low-dose candesartan, which did not alter blood pressure levels, reduces cardiovascular risk in high-risk patients with CAD.",14661009,NotContradiction
as_001093,"In patients with advanced diabetes, does treatment with antihypertensives, compared with placebo, improve renal function or protect againct cardiovascular incidents",Treatment with candesartan in type 2 diabetic patients with mild to moderate retinopathy might induce improvement of retinopathy.,18823658,"In elderly hypertensive patients, a slightly more effective blood pressure reduction during candesartan-based therapy, compared with control therapy, was associated with a modest, statistically non-significant, reduction in major cardiovascular events and with a marked reduction in non-fatal stroke.",12714861,NotContradiction
as_001094,"In patients with advanced diabetes, does treatment with antihypertensives, compared with placebo, improve renal function or protect againct cardiovascular incidents",Treatment with candesartan in type 2 diabetic patients with mild to moderate retinopathy might induce improvement of retinopathy.,18823658,"Losartan conferred significant renal benefits in patients with type 2 diabetes and nephropathy, and it was generally well tolerated.",11565518,NotContradiction
as_001095,"In patients with advanced diabetes, does treatment with antihypertensives, compared with placebo, improve renal function or protect againct cardiovascular incidents",Treatment with candesartan in type 2 diabetic patients with mild to moderate retinopathy might induce improvement of retinopathy.,18823658,Irbesartan is renoprotective independently of its blood-pressure-lowering effect in patients with type 2 diabetes and microalbuminuria.,11565519,NotContradiction
as_001096,"In patients with advanced diabetes, does treatment with antihypertensives, compared with placebo, improve renal function or protect againct cardiovascular incidents","Relatively low-dose candesartan, which did not alter blood pressure levels, reduces cardiovascular risk in high-risk patients with CAD.",14661009,"In elderly hypertensive patients, a slightly more effective blood pressure reduction during candesartan-based therapy, compared with control therapy, was associated with a modest, statistically non-significant, reduction in major cardiovascular events and with a marked reduction in non-fatal stroke.",12714861,NotContradiction
as_001097,"In patients with advanced diabetes, does treatment with antihypertensives, compared with placebo, improve renal function or protect againct cardiovascular incidents","Relatively low-dose candesartan, which did not alter blood pressure levels, reduces cardiovascular risk in high-risk patients with CAD.",14661009,"Losartan conferred significant renal benefits in patients with type 2 diabetes and nephropathy, and it was generally well tolerated.",11565518,NotContradiction
as_001098,"In patients with advanced diabetes, does treatment with antihypertensives, compared with placebo, improve renal function or protect againct cardiovascular incidents","Relatively low-dose candesartan, which did not alter blood pressure levels, reduces cardiovascular risk in high-risk patients with CAD.",14661009,Irbesartan is renoprotective independently of its blood-pressure-lowering effect in patients with type 2 diabetes and microalbuminuria.,11565519,NotContradiction
as_001099,"In patients with advanced diabetes, does treatment with antihypertensives, compared with placebo, improve renal function or protect againct cardiovascular incidents","In elderly hypertensive patients, a slightly more effective blood pressure reduction during candesartan-based therapy, compared with control therapy, was associated with a modest, statistically non-significant, reduction in major cardiovascular events and with a marked reduction in non-fatal stroke.",12714861,"Losartan conferred significant renal benefits in patients with type 2 diabetes and nephropathy, and it was generally well tolerated.",11565518,NotContradiction
as_001100,"In patients with advanced diabetes, does treatment with antihypertensives, compared with placebo, improve renal function or protect againct cardiovascular incidents","In elderly hypertensive patients, a slightly more effective blood pressure reduction during candesartan-based therapy, compared with control therapy, was associated with a modest, statistically non-significant, reduction in major cardiovascular events and with a marked reduction in non-fatal stroke.",12714861,Irbesartan is renoprotective independently of its blood-pressure-lowering effect in patients with type 2 diabetes and microalbuminuria.,11565519,NotContradiction
as_001101,"In patients with advanced diabetes, does treatment with antihypertensives, compared with placebo, improve renal function or protect againct cardiovascular incidents","Losartan conferred significant renal benefits in patients with type 2 diabetes and nephropathy, and it was generally well tolerated.",11565518,Irbesartan is renoprotective independently of its blood-pressure-lowering effect in patients with type 2 diabetes and microalbuminuria.,11565519,NotContradiction
as_001102,"In elderly patients with CHF, does physical exercise or cardiac rehabilitation, compared to no exercise, improve cardiac function",Elderly patients with chronic heart failure can benefit from an appropriately designed exercise programme and should not be excluded from future large scale trials.,10742705,"In older patients with HFrEF, ET failed to produce consistent benefits in any of the four pivotal domains of HF that were examined, although the heterogeneous response of older patients with HFrEF to ET requires further investigation to better determine which patients with HFrEF will respond favorably to ET.",20121952,Contradiction
as_001103,"In elderly patients with CHF, does physical exercise or cardiac rehabilitation, compared to no exercise, improve cardiac function",Elderly patients with chronic heart failure can benefit from an appropriately designed exercise programme and should not be excluded from future large scale trials.,10742705,Physical training in warm water was well tolerated and seems to improve exercise capacity as well as muscle function in small muscle groups in patients with CHF.,12921815,NotContradiction
as_001104,"In elderly patients with CHF, does physical exercise or cardiac rehabilitation, compared to no exercise, improve cardiac function",Elderly patients with chronic heart failure can benefit from an appropriately designed exercise programme and should not be excluded from future large scale trials.,10742705,"Cardiac rehabilitation, already widely established in the UK, offers an effective model of care for older patients with heart failure.",15718182,NotContradiction
as_001105,"In elderly patients with CHF, does physical exercise or cardiac rehabilitation, compared to no exercise, improve cardiac function",Elderly patients with chronic heart failure can benefit from an appropriately designed exercise programme and should not be excluded from future large scale trials.,10742705,This exercise intervention did not improve exercise capacity or quality of life in older patients with heart failure and was not cost saving to the National Health Service.,22271753,Contradiction
as_001106,"In elderly patients with CHF, does physical exercise or cardiac rehabilitation, compared to no exercise, improve cardiac function",Elderly patients with chronic heart failure can benefit from an appropriately designed exercise programme and should not be excluded from future large scale trials.,10742705,Exercise training is equally effective in patients aged younger than and older than 65 years.,9919425,NotContradiction
as_001107,"In elderly patients with CHF, does physical exercise or cardiac rehabilitation, compared to no exercise, improve cardiac function","In older patients with HFrEF, ET failed to produce consistent benefits in any of the four pivotal domains of HF that were examined, although the heterogeneous response of older patients with HFrEF to ET requires further investigation to better determine which patients with HFrEF will respond favorably to ET.",20121952,Physical training in warm water was well tolerated and seems to improve exercise capacity as well as muscle function in small muscle groups in patients with CHF.,12921815,Contradiction
as_001108,"In elderly patients with CHF, does physical exercise or cardiac rehabilitation, compared to no exercise, improve cardiac function","In older patients with HFrEF, ET failed to produce consistent benefits in any of the four pivotal domains of HF that were examined, although the heterogeneous response of older patients with HFrEF to ET requires further investigation to better determine which patients with HFrEF will respond favorably to ET.",20121952,"Cardiac rehabilitation, already widely established in the UK, offers an effective model of care for older patients with heart failure.",15718182,Contradiction
as_001109,"In elderly patients with CHF, does physical exercise or cardiac rehabilitation, compared to no exercise, improve cardiac function","In older patients with HFrEF, ET failed to produce consistent benefits in any of the four pivotal domains of HF that were examined, although the heterogeneous response of older patients with HFrEF to ET requires further investigation to better determine which patients with HFrEF will respond favorably to ET.",20121952,This exercise intervention did not improve exercise capacity or quality of life in older patients with heart failure and was not cost saving to the National Health Service.,22271753,NotContradiction
as_001110,"In elderly patients with CHF, does physical exercise or cardiac rehabilitation, compared to no exercise, improve cardiac function","In older patients with HFrEF, ET failed to produce consistent benefits in any of the four pivotal domains of HF that were examined, although the heterogeneous response of older patients with HFrEF to ET requires further investigation to better determine which patients with HFrEF will respond favorably to ET.",20121952,Exercise training is equally effective in patients aged younger than and older than 65 years.,9919425,Contradiction
as_001111,"In elderly patients with CHF, does physical exercise or cardiac rehabilitation, compared to no exercise, improve cardiac function",Physical training in warm water was well tolerated and seems to improve exercise capacity as well as muscle function in small muscle groups in patients with CHF.,12921815,"Cardiac rehabilitation, already widely established in the UK, offers an effective model of care for older patients with heart failure.",15718182,NotContradiction
as_001112,"In elderly patients with CHF, does physical exercise or cardiac rehabilitation, compared to no exercise, improve cardiac function",Physical training in warm water was well tolerated and seems to improve exercise capacity as well as muscle function in small muscle groups in patients with CHF.,12921815,This exercise intervention did not improve exercise capacity or quality of life in older patients with heart failure and was not cost saving to the National Health Service.,22271753,Contradiction
as_001113,"In elderly patients with CHF, does physical exercise or cardiac rehabilitation, compared to no exercise, improve cardiac function",Physical training in warm water was well tolerated and seems to improve exercise capacity as well as muscle function in small muscle groups in patients with CHF.,12921815,Exercise training is equally effective in patients aged younger than and older than 65 years.,9919425,NotContradiction
as_001114,"In elderly patients with CHF, does physical exercise or cardiac rehabilitation, compared to no exercise, improve cardiac function","Cardiac rehabilitation, already widely established in the UK, offers an effective model of care for older patients with heart failure.",15718182,This exercise intervention did not improve exercise capacity or quality of life in older patients with heart failure and was not cost saving to the National Health Service.,22271753,Contradiction
as_001115,"In elderly patients with CHF, does physical exercise or cardiac rehabilitation, compared to no exercise, improve cardiac function","Cardiac rehabilitation, already widely established in the UK, offers an effective model of care for older patients with heart failure.",15718182,Exercise training is equally effective in patients aged younger than and older than 65 years.,9919425,NotContradiction
as_001116,"In elderly patients with CHF, does physical exercise or cardiac rehabilitation, compared to no exercise, improve cardiac function",This exercise intervention did not improve exercise capacity or quality of life in older patients with heart failure and was not cost saving to the National Health Service.,22271753,Exercise training is equally effective in patients aged younger than and older than 65 years.,9919425,Contradiction
as_001117,"In patients with CHF, does care giving or teleguidiance-telecare, compared to usual care, reduce morbidity","Video consulting over ordinary telephone lines did not show sustained benefit, and was not complied with.",11738225,Further investigation and refinement of the application of HTM are warranted because it may be a valuable role for the management of selected patients with heart failure.,15893183,Contradiction
as_001118,"In patients with CHF, does care giving or teleguidiance-telecare, compared to usual care, reduce morbidity","Video consulting over ordinary telephone lines did not show sustained benefit, and was not complied with.",11738225,"Home telemonitoring in a typical elderly population of heart failure patients produces a similar outcome to 'usual' specialist care, but reduces clinic and emergency room visits and unplanned heart failure rehospitalizations at little additional cost.",19174529,Contradiction
as_001119,"In patients with CHF, does care giving or teleguidiance-telecare, compared to usual care, reduce morbidity","Video consulting over ordinary telephone lines did not show sustained benefit, and was not complied with.",11738225,"Home or Hospital in Heart failure indicates that self-managed HT of clinical and physiological parameters is feasible in HF patients, with surprisingly high compliance.",19228800,Contradiction
as_001120,"In patients with CHF, does care giving or teleguidiance-telecare, compared to usual care, reduce morbidity","Video consulting over ordinary telephone lines did not show sustained benefit, and was not complied with.",11738225,Home-based exercise training programmes may not be appropriate for community-based heart failure patients.,19168520,Contradiction
as_001121,"In patients with CHF, does care giving or teleguidiance-telecare, compared to usual care, reduce morbidity","Video consulting over ordinary telephone lines did not show sustained benefit, and was not complied with.",11738225,"Although disease management is effective in the mainstream HF patient population, in Hispanics this ill, elderly, and poorly educated, a different approach may be needed.",16624687,Contradiction
as_001122,"In patients with CHF, does care giving or teleguidiance-telecare, compared to usual care, reduce morbidity","Video consulting over ordinary telephone lines did not show sustained benefit, and was not complied with.",11738225,Specially trained nurses can improve the outcome of patients admitted to hospital with heart failure.,11576977,Contradiction
as_001123,"In patients with CHF, does care giving or teleguidiance-telecare, compared to usual care, reduce morbidity","Video consulting over ordinary telephone lines did not show sustained benefit, and was not complied with.",11738225,Short-term reductions in the heart failure hospitalization rate were associated with the use of automated home monitoring equipment.,20350694,Contradiction
as_001124,"In patients with CHF, does care giving or teleguidiance-telecare, compared to usual care, reduce morbidity","Video consulting over ordinary telephone lines did not show sustained benefit, and was not complied with.",11738225,"Telemonitoring-facilitated collaboration between GPs and a heart failure clinic reduces mortality and number of days lost to hospitalization, death, or dialysis in CHF patients.",22045925,Contradiction
as_001125,"In patients with CHF, does care giving or teleguidiance-telecare, compared to usual care, reduce morbidity","Video consulting over ordinary telephone lines did not show sustained benefit, and was not complied with.",11738225,Tele-guidance may play a role in the management of heart failure patients since it takes over some of the tasks of HF-nurses.,18790668,Contradiction
as_001126,"In patients with CHF, does care giving or teleguidiance-telecare, compared to usual care, reduce morbidity","Video consulting over ordinary telephone lines did not show sustained benefit, and was not complied with.",11738225,"Frequent monitoring and patient management using a telemedicine system may help to reduce hospitalizations, hospital days, and emergency department visits.",18325458,Contradiction
as_001127,"In patients with CHF, does care giving or teleguidiance-telecare, compared to usual care, reduce morbidity","Video consulting over ordinary telephone lines did not show sustained benefit, and was not complied with.",11738225,"This study demonstrates that a six-month, multidisciplinary approach to CHF management can improve important clinical outcomes at a similar cost in recently hospitalized high-risk patients with CHF.",11823086,Contradiction
as_001128,"In patients with CHF, does care giving or teleguidiance-telecare, compared to usual care, reduce morbidity","Video consulting over ordinary telephone lines did not show sustained benefit, and was not complied with.",11738225,"Despite effective implementation of an Internet-based telehealth intervention in an elderly HF population, there was no discernible impact on overall morbidity or mortality.",21504262,NotContradiction
as_001129,"In patients with CHF, does care giving or teleguidiance-telecare, compared to usual care, reduce morbidity","Video consulting over ordinary telephone lines did not show sustained benefit, and was not complied with.",11738225,Telemonitoring using mobile phones as patient terminals has the potential to reduce frequency and duration of heart failure hospitalizations.,19687005,Contradiction
as_001130,"In patients with CHF, does care giving or teleguidiance-telecare, compared to usual care, reduce morbidity","Video consulting over ordinary telephone lines did not show sustained benefit, and was not complied with.",11738225,Home telecare may not offer incremental benefit beyond telephone follow-up and is more expensive.,11606877,NotContradiction
as_001131,"In patients with CHF, does care giving or teleguidiance-telecare, compared to usual care, reduce morbidity","Video consulting over ordinary telephone lines did not show sustained benefit, and was not complied with.",11738225,Daily electronic transmission of body weight and monitoring three times a week did not decrease hospitalization or death in HF patients followed up at a HF clinic.,22371525,NotContradiction
as_001132,"In patients with CHF, does care giving or teleguidiance-telecare, compared to usual care, reduce morbidity","Video consulting over ordinary telephone lines did not show sustained benefit, and was not complied with.",11738225,"However, telemonitoring tends to reduce heart failure (re)admissions and significantly decreases contacts with specialized nurses.",22588319,Contradiction
as_001133,"In patients with CHF, does care giving or teleguidiance-telecare, compared to usual care, reduce morbidity","Video consulting over ordinary telephone lines did not show sustained benefit, and was not complied with.",11738225,A formal education and support intervention substantially reduced adverse clinical outcomes and costs for patients with HF.,11755291,Contradiction
as_001134,"In patients with CHF, does care giving or teleguidiance-telecare, compared to usual care, reduce morbidity","Video consulting over ordinary telephone lines did not show sustained benefit, and was not complied with.",11738225,"Despite no difference in the primary end point of rehospitalization rates, mortality was significantly reduced for patients randomized to the AlereNet system without an increase in utilization, despite specialized and aggressive heart failure care in both groups.",14564327,Contradiction
as_001135,"In patients with CHF, does care giving or teleguidiance-telecare, compared to usual care, reduce morbidity","Video consulting over ordinary telephone lines did not show sustained benefit, and was not complied with.",11738225,"The results indicate that total treatment costs and mortality rate can be reduced by telemetric monitoring of patients in CHF, especially in men.",17315117,Contradiction
as_001136,"In patients with CHF, does care giving or teleguidiance-telecare, compared to usual care, reduce morbidity","Video consulting over ordinary telephone lines did not show sustained benefit, and was not complied with.",11738225,"Caregiver mastery, informal social support, and electronic home monitoring were not significant predictors for risk of hospital readmission.",18326990,NotContradiction
as_001137,"In patients with CHF, does care giving or teleguidiance-telecare, compared to usual care, reduce morbidity","Video consulting over ordinary telephone lines did not show sustained benefit, and was not complied with.",11738225,Subgroup analysis of patients who lived locally and saw a cardiologist showed a significant decrease in CHF readmissions for the intervention group (P =.03).,12695272,Contradiction
as_001138,"In patients with CHF, does care giving or teleguidiance-telecare, compared to usual care, reduce morbidity","Video consulting over ordinary telephone lines did not show sustained benefit, and was not complied with.",11738225,No significant difference was found on cardiovascular mortality between groups.,18222552,NotContradiction
as_001139,"In patients with CHF, does care giving or teleguidiance-telecare, compared to usual care, reduce morbidity","Video consulting over ordinary telephone lines did not show sustained benefit, and was not complied with.",11738225,"A nurse-administered, telephone-based disease management program delayed subsequent health care encounters, but had minimal impact on other outcomes.",15948086,Contradiction
as_001140,"In patients with CHF, does care giving or teleguidiance-telecare, compared to usual care, reduce morbidity","Video consulting over ordinary telephone lines did not show sustained benefit, and was not complied with.",11738225,"The reduction in hospitalizations, costs, and other resource use achieved using standardized telephonic case management in the early months after a heart failure admission is greater than that usually achieved with pharmaceutical therapy and comparable with other disease management approaches.",11911726,Contradiction
as_001141,"In patients with CHF, does care giving or teleguidiance-telecare, compared to usual care, reduce morbidity","Video consulting over ordinary telephone lines did not show sustained benefit, and was not complied with.",11738225,"Our study results suggest that enhanced patient education and follow-up is as successful as a sophisticated home monitoring device with an interactive program in patients with HF who are elderly, women and non-Caucasian males and receive the care from a community-based primary care practitioner.",18995174,Contradiction
as_001142,"In patients with CHF, does care giving or teleguidiance-telecare, compared to usual care, reduce morbidity","Video consulting over ordinary telephone lines did not show sustained benefit, and was not complied with.",11738225,Telemedicine management may not be appropriate for all HF patients.,21982700,NotContradiction
as_001143,"In patients with CHF, does care giving or teleguidiance-telecare, compared to usual care, reduce morbidity","Video consulting over ordinary telephone lines did not show sustained benefit, and was not complied with.",11738225,Telehealth technologies are a viable means of providing home monitoring to patients with heart disease at high risk of hospital readmission to improve their self-care abilities.,18206525,Contradiction
as_001144,"In patients with CHF, does care giving or teleguidiance-telecare, compared to usual care, reduce morbidity","Video consulting over ordinary telephone lines did not show sustained benefit, and was not complied with.",11738225,"The preliminary results of this ongoing study support the feasibility and appropriateness of new technologies for the management of heart failure, even in elderly patients in whom a limited expertise with these appliances could have been anticipated.",17402355,Contradiction
as_001145,"In patients with CHF, does care giving or teleguidiance-telecare, compared to usual care, reduce morbidity",Further investigation and refinement of the application of HTM are warranted because it may be a valuable role for the management of selected patients with heart failure.,15893183,"Home telemonitoring in a typical elderly population of heart failure patients produces a similar outcome to 'usual' specialist care, but reduces clinic and emergency room visits and unplanned heart failure rehospitalizations at little additional cost.",19174529,NotContradiction
as_001146,"In patients with CHF, does care giving or teleguidiance-telecare, compared to usual care, reduce morbidity",Further investigation and refinement of the application of HTM are warranted because it may be a valuable role for the management of selected patients with heart failure.,15893183,"Home or Hospital in Heart failure indicates that self-managed HT of clinical and physiological parameters is feasible in HF patients, with surprisingly high compliance.",19228800,NotContradiction
as_001147,"In patients with CHF, does care giving or teleguidiance-telecare, compared to usual care, reduce morbidity",Further investigation and refinement of the application of HTM are warranted because it may be a valuable role for the management of selected patients with heart failure.,15893183,Home-based exercise training programmes may not be appropriate for community-based heart failure patients.,19168520,NotContradiction
as_001148,"In patients with CHF, does care giving or teleguidiance-telecare, compared to usual care, reduce morbidity",Further investigation and refinement of the application of HTM are warranted because it may be a valuable role for the management of selected patients with heart failure.,15893183,"Although disease management is effective in the mainstream HF patient population, in Hispanics this ill, elderly, and poorly educated, a different approach may be needed.",16624687,NotContradiction
as_001149,"In patients with CHF, does care giving or teleguidiance-telecare, compared to usual care, reduce morbidity",Further investigation and refinement of the application of HTM are warranted because it may be a valuable role for the management of selected patients with heart failure.,15893183,Specially trained nurses can improve the outcome of patients admitted to hospital with heart failure.,11576977,NotContradiction
as_001150,"In patients with CHF, does care giving or teleguidiance-telecare, compared to usual care, reduce morbidity",Further investigation and refinement of the application of HTM are warranted because it may be a valuable role for the management of selected patients with heart failure.,15893183,Short-term reductions in the heart failure hospitalization rate were associated with the use of automated home monitoring equipment.,20350694,NotContradiction
as_001151,"In patients with CHF, does care giving or teleguidiance-telecare, compared to usual care, reduce morbidity",Further investigation and refinement of the application of HTM are warranted because it may be a valuable role for the management of selected patients with heart failure.,15893183,"Telemonitoring-facilitated collaboration between GPs and a heart failure clinic reduces mortality and number of days lost to hospitalization, death, or dialysis in CHF patients.",22045925,NotContradiction
as_001152,"In patients with CHF, does care giving or teleguidiance-telecare, compared to usual care, reduce morbidity",Further investigation and refinement of the application of HTM are warranted because it may be a valuable role for the management of selected patients with heart failure.,15893183,Tele-guidance may play a role in the management of heart failure patients since it takes over some of the tasks of HF-nurses.,18790668,NotContradiction
as_001153,"In patients with CHF, does care giving or teleguidiance-telecare, compared to usual care, reduce morbidity",Further investigation and refinement of the application of HTM are warranted because it may be a valuable role for the management of selected patients with heart failure.,15893183,"Frequent monitoring and patient management using a telemedicine system may help to reduce hospitalizations, hospital days, and emergency department visits.",18325458,NotContradiction
as_001154,"In patients with CHF, does care giving or teleguidiance-telecare, compared to usual care, reduce morbidity",Further investigation and refinement of the application of HTM are warranted because it may be a valuable role for the management of selected patients with heart failure.,15893183,"This study demonstrates that a six-month, multidisciplinary approach to CHF management can improve important clinical outcomes at a similar cost in recently hospitalized high-risk patients with CHF.",11823086,NotContradiction
as_001155,"In patients with CHF, does care giving or teleguidiance-telecare, compared to usual care, reduce morbidity",Further investigation and refinement of the application of HTM are warranted because it may be a valuable role for the management of selected patients with heart failure.,15893183,"Despite effective implementation of an Internet-based telehealth intervention in an elderly HF population, there was no discernible impact on overall morbidity or mortality.",21504262,Contradiction
as_001156,"In patients with CHF, does care giving or teleguidiance-telecare, compared to usual care, reduce morbidity",Further investigation and refinement of the application of HTM are warranted because it may be a valuable role for the management of selected patients with heart failure.,15893183,Telemonitoring using mobile phones as patient terminals has the potential to reduce frequency and duration of heart failure hospitalizations.,19687005,NotContradiction
as_001157,"In patients with CHF, does care giving or teleguidiance-telecare, compared to usual care, reduce morbidity",Further investigation and refinement of the application of HTM are warranted because it may be a valuable role for the management of selected patients with heart failure.,15893183,Home telecare may not offer incremental benefit beyond telephone follow-up and is more expensive.,11606877,Contradiction
as_001158,"In patients with CHF, does care giving or teleguidiance-telecare, compared to usual care, reduce morbidity",Further investigation and refinement of the application of HTM are warranted because it may be a valuable role for the management of selected patients with heart failure.,15893183,Daily electronic transmission of body weight and monitoring three times a week did not decrease hospitalization or death in HF patients followed up at a HF clinic.,22371525,Contradiction
as_001159,"In patients with CHF, does care giving or teleguidiance-telecare, compared to usual care, reduce morbidity",Further investigation and refinement of the application of HTM are warranted because it may be a valuable role for the management of selected patients with heart failure.,15893183,"However, telemonitoring tends to reduce heart failure (re)admissions and significantly decreases contacts with specialized nurses.",22588319,NotContradiction
as_001160,"In patients with CHF, does care giving or teleguidiance-telecare, compared to usual care, reduce morbidity",Further investigation and refinement of the application of HTM are warranted because it may be a valuable role for the management of selected patients with heart failure.,15893183,A formal education and support intervention substantially reduced adverse clinical outcomes and costs for patients with HF.,11755291,NotContradiction
as_001161,"In patients with CHF, does care giving or teleguidiance-telecare, compared to usual care, reduce morbidity",Further investigation and refinement of the application of HTM are warranted because it may be a valuable role for the management of selected patients with heart failure.,15893183,"Despite no difference in the primary end point of rehospitalization rates, mortality was significantly reduced for patients randomized to the AlereNet system without an increase in utilization, despite specialized and aggressive heart failure care in both groups.",14564327,NotContradiction
as_001162,"In patients with CHF, does care giving or teleguidiance-telecare, compared to usual care, reduce morbidity",Further investigation and refinement of the application of HTM are warranted because it may be a valuable role for the management of selected patients with heart failure.,15893183,"The results indicate that total treatment costs and mortality rate can be reduced by telemetric monitoring of patients in CHF, especially in men.",17315117,NotContradiction
as_001163,"In patients with CHF, does care giving or teleguidiance-telecare, compared to usual care, reduce morbidity",Further investigation and refinement of the application of HTM are warranted because it may be a valuable role for the management of selected patients with heart failure.,15893183,"Caregiver mastery, informal social support, and electronic home monitoring were not significant predictors for risk of hospital readmission.",18326990,Contradiction
as_001164,"In patients with CHF, does care giving or teleguidiance-telecare, compared to usual care, reduce morbidity",Further investigation and refinement of the application of HTM are warranted because it may be a valuable role for the management of selected patients with heart failure.,15893183,Subgroup analysis of patients who lived locally and saw a cardiologist showed a significant decrease in CHF readmissions for the intervention group (P =.03).,12695272,NotContradiction
as_001165,"In patients with CHF, does care giving or teleguidiance-telecare, compared to usual care, reduce morbidity",Further investigation and refinement of the application of HTM are warranted because it may be a valuable role for the management of selected patients with heart failure.,15893183,No significant difference was found on cardiovascular mortality between groups.,18222552,Contradiction
as_001166,"In patients with CHF, does care giving or teleguidiance-telecare, compared to usual care, reduce morbidity",Further investigation and refinement of the application of HTM are warranted because it may be a valuable role for the management of selected patients with heart failure.,15893183,"A nurse-administered, telephone-based disease management program delayed subsequent health care encounters, but had minimal impact on other outcomes.",15948086,NotContradiction
as_001167,"In patients with CHF, does care giving or teleguidiance-telecare, compared to usual care, reduce morbidity",Further investigation and refinement of the application of HTM are warranted because it may be a valuable role for the management of selected patients with heart failure.,15893183,"The reduction in hospitalizations, costs, and other resource use achieved using standardized telephonic case management in the early months after a heart failure admission is greater than that usually achieved with pharmaceutical therapy and comparable with other disease management approaches.",11911726,NotContradiction
as_001168,"In patients with CHF, does care giving or teleguidiance-telecare, compared to usual care, reduce morbidity",Further investigation and refinement of the application of HTM are warranted because it may be a valuable role for the management of selected patients with heart failure.,15893183,"Our study results suggest that enhanced patient education and follow-up is as successful as a sophisticated home monitoring device with an interactive program in patients with HF who are elderly, women and non-Caucasian males and receive the care from a community-based primary care practitioner.",18995174,NotContradiction
as_001169,"In patients with CHF, does care giving or teleguidiance-telecare, compared to usual care, reduce morbidity",Further investigation and refinement of the application of HTM are warranted because it may be a valuable role for the management of selected patients with heart failure.,15893183,Telemedicine management may not be appropriate for all HF patients.,21982700,Contradiction
as_001170,"In patients with CHF, does care giving or teleguidiance-telecare, compared to usual care, reduce morbidity",Further investigation and refinement of the application of HTM are warranted because it may be a valuable role for the management of selected patients with heart failure.,15893183,Telehealth technologies are a viable means of providing home monitoring to patients with heart disease at high risk of hospital readmission to improve their self-care abilities.,18206525,NotContradiction
as_001171,"In patients with CHF, does care giving or teleguidiance-telecare, compared to usual care, reduce morbidity",Further investigation and refinement of the application of HTM are warranted because it may be a valuable role for the management of selected patients with heart failure.,15893183,"The preliminary results of this ongoing study support the feasibility and appropriateness of new technologies for the management of heart failure, even in elderly patients in whom a limited expertise with these appliances could have been anticipated.",17402355,NotContradiction
as_001172,"In patients with CHF, does care giving or teleguidiance-telecare, compared to usual care, reduce morbidity","Home telemonitoring in a typical elderly population of heart failure patients produces a similar outcome to 'usual' specialist care, but reduces clinic and emergency room visits and unplanned heart failure rehospitalizations at little additional cost.",19174529,"Home or Hospital in Heart failure indicates that self-managed HT of clinical and physiological parameters is feasible in HF patients, with surprisingly high compliance.",19228800,NotContradiction
as_001173,"In patients with CHF, does care giving or teleguidiance-telecare, compared to usual care, reduce morbidity","Home telemonitoring in a typical elderly population of heart failure patients produces a similar outcome to 'usual' specialist care, but reduces clinic and emergency room visits and unplanned heart failure rehospitalizations at little additional cost.",19174529,Home-based exercise training programmes may not be appropriate for community-based heart failure patients.,19168520,NotContradiction
as_001174,"In patients with CHF, does care giving or teleguidiance-telecare, compared to usual care, reduce morbidity","Home telemonitoring in a typical elderly population of heart failure patients produces a similar outcome to 'usual' specialist care, but reduces clinic and emergency room visits and unplanned heart failure rehospitalizations at little additional cost.",19174529,"Although disease management is effective in the mainstream HF patient population, in Hispanics this ill, elderly, and poorly educated, a different approach may be needed.",16624687,NotContradiction
as_001175,"In patients with CHF, does care giving or teleguidiance-telecare, compared to usual care, reduce morbidity","Home telemonitoring in a typical elderly population of heart failure patients produces a similar outcome to 'usual' specialist care, but reduces clinic and emergency room visits and unplanned heart failure rehospitalizations at little additional cost.",19174529,Specially trained nurses can improve the outcome of patients admitted to hospital with heart failure.,11576977,NotContradiction
as_001176,"In patients with CHF, does care giving or teleguidiance-telecare, compared to usual care, reduce morbidity","Home telemonitoring in a typical elderly population of heart failure patients produces a similar outcome to 'usual' specialist care, but reduces clinic and emergency room visits and unplanned heart failure rehospitalizations at little additional cost.",19174529,Short-term reductions in the heart failure hospitalization rate were associated with the use of automated home monitoring equipment.,20350694,NotContradiction
as_001177,"In patients with CHF, does care giving or teleguidiance-telecare, compared to usual care, reduce morbidity","Home telemonitoring in a typical elderly population of heart failure patients produces a similar outcome to 'usual' specialist care, but reduces clinic and emergency room visits and unplanned heart failure rehospitalizations at little additional cost.",19174529,"Telemonitoring-facilitated collaboration between GPs and a heart failure clinic reduces mortality and number of days lost to hospitalization, death, or dialysis in CHF patients.",22045925,NotContradiction
as_001178,"In patients with CHF, does care giving or teleguidiance-telecare, compared to usual care, reduce morbidity","Home telemonitoring in a typical elderly population of heart failure patients produces a similar outcome to 'usual' specialist care, but reduces clinic and emergency room visits and unplanned heart failure rehospitalizations at little additional cost.",19174529,Tele-guidance may play a role in the management of heart failure patients since it takes over some of the tasks of HF-nurses.,18790668,NotContradiction
as_001179,"In patients with CHF, does care giving or teleguidiance-telecare, compared to usual care, reduce morbidity","Home telemonitoring in a typical elderly population of heart failure patients produces a similar outcome to 'usual' specialist care, but reduces clinic and emergency room visits and unplanned heart failure rehospitalizations at little additional cost.",19174529,"Frequent monitoring and patient management using a telemedicine system may help to reduce hospitalizations, hospital days, and emergency department visits.",18325458,NotContradiction
as_001180,"In patients with CHF, does care giving or teleguidiance-telecare, compared to usual care, reduce morbidity","Home telemonitoring in a typical elderly population of heart failure patients produces a similar outcome to 'usual' specialist care, but reduces clinic and emergency room visits and unplanned heart failure rehospitalizations at little additional cost.",19174529,"This study demonstrates that a six-month, multidisciplinary approach to CHF management can improve important clinical outcomes at a similar cost in recently hospitalized high-risk patients with CHF.",11823086,NotContradiction
as_001181,"In patients with CHF, does care giving or teleguidiance-telecare, compared to usual care, reduce morbidity","Home telemonitoring in a typical elderly population of heart failure patients produces a similar outcome to 'usual' specialist care, but reduces clinic and emergency room visits and unplanned heart failure rehospitalizations at little additional cost.",19174529,"Despite effective implementation of an Internet-based telehealth intervention in an elderly HF population, there was no discernible impact on overall morbidity or mortality.",21504262,Contradiction
as_001182,"In patients with CHF, does care giving or teleguidiance-telecare, compared to usual care, reduce morbidity","Home telemonitoring in a typical elderly population of heart failure patients produces a similar outcome to 'usual' specialist care, but reduces clinic and emergency room visits and unplanned heart failure rehospitalizations at little additional cost.",19174529,Telemonitoring using mobile phones as patient terminals has the potential to reduce frequency and duration of heart failure hospitalizations.,19687005,NotContradiction
as_001183,"In patients with CHF, does care giving or teleguidiance-telecare, compared to usual care, reduce morbidity","Home telemonitoring in a typical elderly population of heart failure patients produces a similar outcome to 'usual' specialist care, but reduces clinic and emergency room visits and unplanned heart failure rehospitalizations at little additional cost.",19174529,Home telecare may not offer incremental benefit beyond telephone follow-up and is more expensive.,11606877,Contradiction
as_001184,"In patients with CHF, does care giving or teleguidiance-telecare, compared to usual care, reduce morbidity","Home telemonitoring in a typical elderly population of heart failure patients produces a similar outcome to 'usual' specialist care, but reduces clinic and emergency room visits and unplanned heart failure rehospitalizations at little additional cost.",19174529,Daily electronic transmission of body weight and monitoring three times a week did not decrease hospitalization or death in HF patients followed up at a HF clinic.,22371525,Contradiction
as_001185,"In patients with CHF, does care giving or teleguidiance-telecare, compared to usual care, reduce morbidity","Home telemonitoring in a typical elderly population of heart failure patients produces a similar outcome to 'usual' specialist care, but reduces clinic and emergency room visits and unplanned heart failure rehospitalizations at little additional cost.",19174529,"However, telemonitoring tends to reduce heart failure (re)admissions and significantly decreases contacts with specialized nurses.",22588319,NotContradiction
as_001186,"In patients with CHF, does care giving or teleguidiance-telecare, compared to usual care, reduce morbidity","Home telemonitoring in a typical elderly population of heart failure patients produces a similar outcome to 'usual' specialist care, but reduces clinic and emergency room visits and unplanned heart failure rehospitalizations at little additional cost.",19174529,A formal education and support intervention substantially reduced adverse clinical outcomes and costs for patients with HF.,11755291,NotContradiction
as_001187,"In patients with CHF, does care giving or teleguidiance-telecare, compared to usual care, reduce morbidity","Home telemonitoring in a typical elderly population of heart failure patients produces a similar outcome to 'usual' specialist care, but reduces clinic and emergency room visits and unplanned heart failure rehospitalizations at little additional cost.",19174529,"Despite no difference in the primary end point of rehospitalization rates, mortality was significantly reduced for patients randomized to the AlereNet system without an increase in utilization, despite specialized and aggressive heart failure care in both groups.",14564327,NotContradiction
as_001188,"In patients with CHF, does care giving or teleguidiance-telecare, compared to usual care, reduce morbidity","Home telemonitoring in a typical elderly population of heart failure patients produces a similar outcome to 'usual' specialist care, but reduces clinic and emergency room visits and unplanned heart failure rehospitalizations at little additional cost.",19174529,"The results indicate that total treatment costs and mortality rate can be reduced by telemetric monitoring of patients in CHF, especially in men.",17315117,NotContradiction
as_001189,"In patients with CHF, does care giving or teleguidiance-telecare, compared to usual care, reduce morbidity","Home telemonitoring in a typical elderly population of heart failure patients produces a similar outcome to 'usual' specialist care, but reduces clinic and emergency room visits and unplanned heart failure rehospitalizations at little additional cost.",19174529,"Caregiver mastery, informal social support, and electronic home monitoring were not significant predictors for risk of hospital readmission.",18326990,Contradiction
as_001190,"In patients with CHF, does care giving or teleguidiance-telecare, compared to usual care, reduce morbidity","Home telemonitoring in a typical elderly population of heart failure patients produces a similar outcome to 'usual' specialist care, but reduces clinic and emergency room visits and unplanned heart failure rehospitalizations at little additional cost.",19174529,Subgroup analysis of patients who lived locally and saw a cardiologist showed a significant decrease in CHF readmissions for the intervention group (P =.03).,12695272,NotContradiction
as_001191,"In patients with CHF, does care giving or teleguidiance-telecare, compared to usual care, reduce morbidity","Home telemonitoring in a typical elderly population of heart failure patients produces a similar outcome to 'usual' specialist care, but reduces clinic and emergency room visits and unplanned heart failure rehospitalizations at little additional cost.",19174529,No significant difference was found on cardiovascular mortality between groups.,18222552,Contradiction
as_001192,"In patients with CHF, does care giving or teleguidiance-telecare, compared to usual care, reduce morbidity","Home telemonitoring in a typical elderly population of heart failure patients produces a similar outcome to 'usual' specialist care, but reduces clinic and emergency room visits and unplanned heart failure rehospitalizations at little additional cost.",19174529,"A nurse-administered, telephone-based disease management program delayed subsequent health care encounters, but had minimal impact on other outcomes.",15948086,NotContradiction
as_001193,"In patients with CHF, does care giving or teleguidiance-telecare, compared to usual care, reduce morbidity","Home telemonitoring in a typical elderly population of heart failure patients produces a similar outcome to 'usual' specialist care, but reduces clinic and emergency room visits and unplanned heart failure rehospitalizations at little additional cost.",19174529,"The reduction in hospitalizations, costs, and other resource use achieved using standardized telephonic case management in the early months after a heart failure admission is greater than that usually achieved with pharmaceutical therapy and comparable with other disease management approaches.",11911726,NotContradiction
as_001194,"In patients with CHF, does care giving or teleguidiance-telecare, compared to usual care, reduce morbidity","Home telemonitoring in a typical elderly population of heart failure patients produces a similar outcome to 'usual' specialist care, but reduces clinic and emergency room visits and unplanned heart failure rehospitalizations at little additional cost.",19174529,"Our study results suggest that enhanced patient education and follow-up is as successful as a sophisticated home monitoring device with an interactive program in patients with HF who are elderly, women and non-Caucasian males and receive the care from a community-based primary care practitioner.",18995174,NotContradiction
as_001195,"In patients with CHF, does care giving or teleguidiance-telecare, compared to usual care, reduce morbidity","Home telemonitoring in a typical elderly population of heart failure patients produces a similar outcome to 'usual' specialist care, but reduces clinic and emergency room visits and unplanned heart failure rehospitalizations at little additional cost.",19174529,Telemedicine management may not be appropriate for all HF patients.,21982700,Contradiction
as_001196,"In patients with CHF, does care giving or teleguidiance-telecare, compared to usual care, reduce morbidity","Home telemonitoring in a typical elderly population of heart failure patients produces a similar outcome to 'usual' specialist care, but reduces clinic and emergency room visits and unplanned heart failure rehospitalizations at little additional cost.",19174529,Telehealth technologies are a viable means of providing home monitoring to patients with heart disease at high risk of hospital readmission to improve their self-care abilities.,18206525,NotContradiction
as_001197,"In patients with CHF, does care giving or teleguidiance-telecare, compared to usual care, reduce morbidity","Home telemonitoring in a typical elderly population of heart failure patients produces a similar outcome to 'usual' specialist care, but reduces clinic and emergency room visits and unplanned heart failure rehospitalizations at little additional cost.",19174529,"The preliminary results of this ongoing study support the feasibility and appropriateness of new technologies for the management of heart failure, even in elderly patients in whom a limited expertise with these appliances could have been anticipated.",17402355,NotContradiction
as_001198,"In patients with CHF, does care giving or teleguidiance-telecare, compared to usual care, reduce morbidity","Home or Hospital in Heart failure indicates that self-managed HT of clinical and physiological parameters is feasible in HF patients, with surprisingly high compliance.",19228800,Home-based exercise training programmes may not be appropriate for community-based heart failure patients.,19168520,NotContradiction
as_001199,"In patients with CHF, does care giving or teleguidiance-telecare, compared to usual care, reduce morbidity","Home or Hospital in Heart failure indicates that self-managed HT of clinical and physiological parameters is feasible in HF patients, with surprisingly high compliance.",19228800,"Although disease management is effective in the mainstream HF patient population, in Hispanics this ill, elderly, and poorly educated, a different approach may be needed.",16624687,NotContradiction
as_001200,"In patients with CHF, does care giving or teleguidiance-telecare, compared to usual care, reduce morbidity","Home or Hospital in Heart failure indicates that self-managed HT of clinical and physiological parameters is feasible in HF patients, with surprisingly high compliance.",19228800,Specially trained nurses can improve the outcome of patients admitted to hospital with heart failure.,11576977,NotContradiction
as_001201,"In patients with CHF, does care giving or teleguidiance-telecare, compared to usual care, reduce morbidity","Home or Hospital in Heart failure indicates that self-managed HT of clinical and physiological parameters is feasible in HF patients, with surprisingly high compliance.",19228800,Short-term reductions in the heart failure hospitalization rate were associated with the use of automated home monitoring equipment.,20350694,NotContradiction
as_001202,"In patients with CHF, does care giving or teleguidiance-telecare, compared to usual care, reduce morbidity","Home or Hospital in Heart failure indicates that self-managed HT of clinical and physiological parameters is feasible in HF patients, with surprisingly high compliance.",19228800,"Telemonitoring-facilitated collaboration between GPs and a heart failure clinic reduces mortality and number of days lost to hospitalization, death, or dialysis in CHF patients.",22045925,NotContradiction
as_001203,"In patients with CHF, does care giving or teleguidiance-telecare, compared to usual care, reduce morbidity","Home or Hospital in Heart failure indicates that self-managed HT of clinical and physiological parameters is feasible in HF patients, with surprisingly high compliance.",19228800,Tele-guidance may play a role in the management of heart failure patients since it takes over some of the tasks of HF-nurses.,18790668,NotContradiction
as_001204,"In patients with CHF, does care giving or teleguidiance-telecare, compared to usual care, reduce morbidity","Home or Hospital in Heart failure indicates that self-managed HT of clinical and physiological parameters is feasible in HF patients, with surprisingly high compliance.",19228800,"Frequent monitoring and patient management using a telemedicine system may help to reduce hospitalizations, hospital days, and emergency department visits.",18325458,NotContradiction
as_001205,"In patients with CHF, does care giving or teleguidiance-telecare, compared to usual care, reduce morbidity","Home or Hospital in Heart failure indicates that self-managed HT of clinical and physiological parameters is feasible in HF patients, with surprisingly high compliance.",19228800,"This study demonstrates that a six-month, multidisciplinary approach to CHF management can improve important clinical outcomes at a similar cost in recently hospitalized high-risk patients with CHF.",11823086,NotContradiction
as_001206,"In patients with CHF, does care giving or teleguidiance-telecare, compared to usual care, reduce morbidity","Home or Hospital in Heart failure indicates that self-managed HT of clinical and physiological parameters is feasible in HF patients, with surprisingly high compliance.",19228800,"Despite effective implementation of an Internet-based telehealth intervention in an elderly HF population, there was no discernible impact on overall morbidity or mortality.",21504262,Contradiction
as_001207,"In patients with CHF, does care giving or teleguidiance-telecare, compared to usual care, reduce morbidity","Home or Hospital in Heart failure indicates that self-managed HT of clinical and physiological parameters is feasible in HF patients, with surprisingly high compliance.",19228800,Telemonitoring using mobile phones as patient terminals has the potential to reduce frequency and duration of heart failure hospitalizations.,19687005,NotContradiction
as_001208,"In patients with CHF, does care giving or teleguidiance-telecare, compared to usual care, reduce morbidity","Home or Hospital in Heart failure indicates that self-managed HT of clinical and physiological parameters is feasible in HF patients, with surprisingly high compliance.",19228800,Home telecare may not offer incremental benefit beyond telephone follow-up and is more expensive.,11606877,Contradiction
as_001209,"In patients with CHF, does care giving or teleguidiance-telecare, compared to usual care, reduce morbidity","Home or Hospital in Heart failure indicates that self-managed HT of clinical and physiological parameters is feasible in HF patients, with surprisingly high compliance.",19228800,Daily electronic transmission of body weight and monitoring three times a week did not decrease hospitalization or death in HF patients followed up at a HF clinic.,22371525,Contradiction
as_001210,"In patients with CHF, does care giving or teleguidiance-telecare, compared to usual care, reduce morbidity","Home or Hospital in Heart failure indicates that self-managed HT of clinical and physiological parameters is feasible in HF patients, with surprisingly high compliance.",19228800,"However, telemonitoring tends to reduce heart failure (re)admissions and significantly decreases contacts with specialized nurses.",22588319,NotContradiction
as_001211,"In patients with CHF, does care giving or teleguidiance-telecare, compared to usual care, reduce morbidity","Home or Hospital in Heart failure indicates that self-managed HT of clinical and physiological parameters is feasible in HF patients, with surprisingly high compliance.",19228800,A formal education and support intervention substantially reduced adverse clinical outcomes and costs for patients with HF.,11755291,NotContradiction
as_001212,"In patients with CHF, does care giving or teleguidiance-telecare, compared to usual care, reduce morbidity","Home or Hospital in Heart failure indicates that self-managed HT of clinical and physiological parameters is feasible in HF patients, with surprisingly high compliance.",19228800,"Despite no difference in the primary end point of rehospitalization rates, mortality was significantly reduced for patients randomized to the AlereNet system without an increase in utilization, despite specialized and aggressive heart failure care in both groups.",14564327,NotContradiction
as_001213,"In patients with CHF, does care giving or teleguidiance-telecare, compared to usual care, reduce morbidity","Home or Hospital in Heart failure indicates that self-managed HT of clinical and physiological parameters is feasible in HF patients, with surprisingly high compliance.",19228800,"The results indicate that total treatment costs and mortality rate can be reduced by telemetric monitoring of patients in CHF, especially in men.",17315117,NotContradiction
as_001214,"In patients with CHF, does care giving or teleguidiance-telecare, compared to usual care, reduce morbidity","Home or Hospital in Heart failure indicates that self-managed HT of clinical and physiological parameters is feasible in HF patients, with surprisingly high compliance.",19228800,"Caregiver mastery, informal social support, and electronic home monitoring were not significant predictors for risk of hospital readmission.",18326990,Contradiction
as_001215,"In patients with CHF, does care giving or teleguidiance-telecare, compared to usual care, reduce morbidity","Home or Hospital in Heart failure indicates that self-managed HT of clinical and physiological parameters is feasible in HF patients, with surprisingly high compliance.",19228800,Subgroup analysis of patients who lived locally and saw a cardiologist showed a significant decrease in CHF readmissions for the intervention group (P =.03).,12695272,NotContradiction
as_001216,"In patients with CHF, does care giving or teleguidiance-telecare, compared to usual care, reduce morbidity","Home or Hospital in Heart failure indicates that self-managed HT of clinical and physiological parameters is feasible in HF patients, with surprisingly high compliance.",19228800,No significant difference was found on cardiovascular mortality between groups.,18222552,Contradiction
as_001217,"In patients with CHF, does care giving or teleguidiance-telecare, compared to usual care, reduce morbidity","Home or Hospital in Heart failure indicates that self-managed HT of clinical and physiological parameters is feasible in HF patients, with surprisingly high compliance.",19228800,"A nurse-administered, telephone-based disease management program delayed subsequent health care encounters, but had minimal impact on other outcomes.",15948086,NotContradiction
as_001218,"In patients with CHF, does care giving or teleguidiance-telecare, compared to usual care, reduce morbidity","Home or Hospital in Heart failure indicates that self-managed HT of clinical and physiological parameters is feasible in HF patients, with surprisingly high compliance.",19228800,"The reduction in hospitalizations, costs, and other resource use achieved using standardized telephonic case management in the early months after a heart failure admission is greater than that usually achieved with pharmaceutical therapy and comparable with other disease management approaches.",11911726,NotContradiction
as_001219,"In patients with CHF, does care giving or teleguidiance-telecare, compared to usual care, reduce morbidity","Home or Hospital in Heart failure indicates that self-managed HT of clinical and physiological parameters is feasible in HF patients, with surprisingly high compliance.",19228800,"Our study results suggest that enhanced patient education and follow-up is as successful as a sophisticated home monitoring device with an interactive program in patients with HF who are elderly, women and non-Caucasian males and receive the care from a community-based primary care practitioner.",18995174,NotContradiction
as_001220,"In patients with CHF, does care giving or teleguidiance-telecare, compared to usual care, reduce morbidity","Home or Hospital in Heart failure indicates that self-managed HT of clinical and physiological parameters is feasible in HF patients, with surprisingly high compliance.",19228800,Telemedicine management may not be appropriate for all HF patients.,21982700,Contradiction
as_001221,"In patients with CHF, does care giving or teleguidiance-telecare, compared to usual care, reduce morbidity","Home or Hospital in Heart failure indicates that self-managed HT of clinical and physiological parameters is feasible in HF patients, with surprisingly high compliance.",19228800,Telehealth technologies are a viable means of providing home monitoring to patients with heart disease at high risk of hospital readmission to improve their self-care abilities.,18206525,NotContradiction
as_001222,"In patients with CHF, does care giving or teleguidiance-telecare, compared to usual care, reduce morbidity","Home or Hospital in Heart failure indicates that self-managed HT of clinical and physiological parameters is feasible in HF patients, with surprisingly high compliance.",19228800,"The preliminary results of this ongoing study support the feasibility and appropriateness of new technologies for the management of heart failure, even in elderly patients in whom a limited expertise with these appliances could have been anticipated.",17402355,NotContradiction
as_001223,"In patients with CHF, does care giving or teleguidiance-telecare, compared to usual care, reduce morbidity",Home-based exercise training programmes may not be appropriate for community-based heart failure patients.,19168520,"Although disease management is effective in the mainstream HF patient population, in Hispanics this ill, elderly, and poorly educated, a different approach may be needed.",16624687,NotContradiction
as_001224,"In patients with CHF, does care giving or teleguidiance-telecare, compared to usual care, reduce morbidity",Home-based exercise training programmes may not be appropriate for community-based heart failure patients.,19168520,Specially trained nurses can improve the outcome of patients admitted to hospital with heart failure.,11576977,NotContradiction
as_001225,"In patients with CHF, does care giving or teleguidiance-telecare, compared to usual care, reduce morbidity",Home-based exercise training programmes may not be appropriate for community-based heart failure patients.,19168520,Short-term reductions in the heart failure hospitalization rate were associated with the use of automated home monitoring equipment.,20350694,NotContradiction
as_001226,"In patients with CHF, does care giving or teleguidiance-telecare, compared to usual care, reduce morbidity",Home-based exercise training programmes may not be appropriate for community-based heart failure patients.,19168520,"Telemonitoring-facilitated collaboration between GPs and a heart failure clinic reduces mortality and number of days lost to hospitalization, death, or dialysis in CHF patients.",22045925,NotContradiction
as_001227,"In patients with CHF, does care giving or teleguidiance-telecare, compared to usual care, reduce morbidity",Home-based exercise training programmes may not be appropriate for community-based heart failure patients.,19168520,Tele-guidance may play a role in the management of heart failure patients since it takes over some of the tasks of HF-nurses.,18790668,NotContradiction
as_001228,"In patients with CHF, does care giving or teleguidiance-telecare, compared to usual care, reduce morbidity",Home-based exercise training programmes may not be appropriate for community-based heart failure patients.,19168520,"Frequent monitoring and patient management using a telemedicine system may help to reduce hospitalizations, hospital days, and emergency department visits.",18325458,NotContradiction
as_001229,"In patients with CHF, does care giving or teleguidiance-telecare, compared to usual care, reduce morbidity",Home-based exercise training programmes may not be appropriate for community-based heart failure patients.,19168520,"This study demonstrates that a six-month, multidisciplinary approach to CHF management can improve important clinical outcomes at a similar cost in recently hospitalized high-risk patients with CHF.",11823086,NotContradiction
as_001230,"In patients with CHF, does care giving or teleguidiance-telecare, compared to usual care, reduce morbidity",Home-based exercise training programmes may not be appropriate for community-based heart failure patients.,19168520,"Despite effective implementation of an Internet-based telehealth intervention in an elderly HF population, there was no discernible impact on overall morbidity or mortality.",21504262,Contradiction
as_001231,"In patients with CHF, does care giving or teleguidiance-telecare, compared to usual care, reduce morbidity",Home-based exercise training programmes may not be appropriate for community-based heart failure patients.,19168520,Telemonitoring using mobile phones as patient terminals has the potential to reduce frequency and duration of heart failure hospitalizations.,19687005,NotContradiction
as_001232,"In patients with CHF, does care giving or teleguidiance-telecare, compared to usual care, reduce morbidity",Home-based exercise training programmes may not be appropriate for community-based heart failure patients.,19168520,Home telecare may not offer incremental benefit beyond telephone follow-up and is more expensive.,11606877,Contradiction
as_001233,"In patients with CHF, does care giving or teleguidiance-telecare, compared to usual care, reduce morbidity",Home-based exercise training programmes may not be appropriate for community-based heart failure patients.,19168520,Daily electronic transmission of body weight and monitoring three times a week did not decrease hospitalization or death in HF patients followed up at a HF clinic.,22371525,Contradiction
as_001234,"In patients with CHF, does care giving or teleguidiance-telecare, compared to usual care, reduce morbidity",Home-based exercise training programmes may not be appropriate for community-based heart failure patients.,19168520,"However, telemonitoring tends to reduce heart failure (re)admissions and significantly decreases contacts with specialized nurses.",22588319,NotContradiction
as_001235,"In patients with CHF, does care giving or teleguidiance-telecare, compared to usual care, reduce morbidity",Home-based exercise training programmes may not be appropriate for community-based heart failure patients.,19168520,A formal education and support intervention substantially reduced adverse clinical outcomes and costs for patients with HF.,11755291,NotContradiction
as_001236,"In patients with CHF, does care giving or teleguidiance-telecare, compared to usual care, reduce morbidity",Home-based exercise training programmes may not be appropriate for community-based heart failure patients.,19168520,"Despite no difference in the primary end point of rehospitalization rates, mortality was significantly reduced for patients randomized to the AlereNet system without an increase in utilization, despite specialized and aggressive heart failure care in both groups.",14564327,NotContradiction
as_001237,"In patients with CHF, does care giving or teleguidiance-telecare, compared to usual care, reduce morbidity",Home-based exercise training programmes may not be appropriate for community-based heart failure patients.,19168520,"The results indicate that total treatment costs and mortality rate can be reduced by telemetric monitoring of patients in CHF, especially in men.",17315117,NotContradiction
as_001238,"In patients with CHF, does care giving or teleguidiance-telecare, compared to usual care, reduce morbidity",Home-based exercise training programmes may not be appropriate for community-based heart failure patients.,19168520,"Caregiver mastery, informal social support, and electronic home monitoring were not significant predictors for risk of hospital readmission.",18326990,Contradiction
as_001239,"In patients with CHF, does care giving or teleguidiance-telecare, compared to usual care, reduce morbidity",Home-based exercise training programmes may not be appropriate for community-based heart failure patients.,19168520,Subgroup analysis of patients who lived locally and saw a cardiologist showed a significant decrease in CHF readmissions for the intervention group (P =.03).,12695272,NotContradiction
as_001240,"In patients with CHF, does care giving or teleguidiance-telecare, compared to usual care, reduce morbidity",Home-based exercise training programmes may not be appropriate for community-based heart failure patients.,19168520,No significant difference was found on cardiovascular mortality between groups.,18222552,Contradiction
as_001241,"In patients with CHF, does care giving or teleguidiance-telecare, compared to usual care, reduce morbidity",Home-based exercise training programmes may not be appropriate for community-based heart failure patients.,19168520,"A nurse-administered, telephone-based disease management program delayed subsequent health care encounters, but had minimal impact on other outcomes.",15948086,NotContradiction
as_001242,"In patients with CHF, does care giving or teleguidiance-telecare, compared to usual care, reduce morbidity",Home-based exercise training programmes may not be appropriate for community-based heart failure patients.,19168520,"The reduction in hospitalizations, costs, and other resource use achieved using standardized telephonic case management in the early months after a heart failure admission is greater than that usually achieved with pharmaceutical therapy and comparable with other disease management approaches.",11911726,NotContradiction
as_001243,"In patients with CHF, does care giving or teleguidiance-telecare, compared to usual care, reduce morbidity",Home-based exercise training programmes may not be appropriate for community-based heart failure patients.,19168520,"Our study results suggest that enhanced patient education and follow-up is as successful as a sophisticated home monitoring device with an interactive program in patients with HF who are elderly, women and non-Caucasian males and receive the care from a community-based primary care practitioner.",18995174,NotContradiction
as_001244,"In patients with CHF, does care giving or teleguidiance-telecare, compared to usual care, reduce morbidity",Home-based exercise training programmes may not be appropriate for community-based heart failure patients.,19168520,Telemedicine management may not be appropriate for all HF patients.,21982700,Contradiction
as_001245,"In patients with CHF, does care giving or teleguidiance-telecare, compared to usual care, reduce morbidity",Home-based exercise training programmes may not be appropriate for community-based heart failure patients.,19168520,Telehealth technologies are a viable means of providing home monitoring to patients with heart disease at high risk of hospital readmission to improve their self-care abilities.,18206525,NotContradiction
as_001246,"In patients with CHF, does care giving or teleguidiance-telecare, compared to usual care, reduce morbidity",Home-based exercise training programmes may not be appropriate for community-based heart failure patients.,19168520,"The preliminary results of this ongoing study support the feasibility and appropriateness of new technologies for the management of heart failure, even in elderly patients in whom a limited expertise with these appliances could have been anticipated.",17402355,NotContradiction
as_001247,"In patients with CHF, does care giving or teleguidiance-telecare, compared to usual care, reduce morbidity","Although disease management is effective in the mainstream HF patient population, in Hispanics this ill, elderly, and poorly educated, a different approach may be needed.",16624687,Specially trained nurses can improve the outcome of patients admitted to hospital with heart failure.,11576977,NotContradiction
as_001248,"In patients with CHF, does care giving or teleguidiance-telecare, compared to usual care, reduce morbidity","Although disease management is effective in the mainstream HF patient population, in Hispanics this ill, elderly, and poorly educated, a different approach may be needed.",16624687,Short-term reductions in the heart failure hospitalization rate were associated with the use of automated home monitoring equipment.,20350694,NotContradiction
as_001249,"In patients with CHF, does care giving or teleguidiance-telecare, compared to usual care, reduce morbidity","Although disease management is effective in the mainstream HF patient population, in Hispanics this ill, elderly, and poorly educated, a different approach may be needed.",16624687,"Telemonitoring-facilitated collaboration between GPs and a heart failure clinic reduces mortality and number of days lost to hospitalization, death, or dialysis in CHF patients.",22045925,NotContradiction
as_001250,"In patients with CHF, does care giving or teleguidiance-telecare, compared to usual care, reduce morbidity","Although disease management is effective in the mainstream HF patient population, in Hispanics this ill, elderly, and poorly educated, a different approach may be needed.",16624687,Tele-guidance may play a role in the management of heart failure patients since it takes over some of the tasks of HF-nurses.,18790668,NotContradiction
as_001251,"In patients with CHF, does care giving or teleguidiance-telecare, compared to usual care, reduce morbidity","Although disease management is effective in the mainstream HF patient population, in Hispanics this ill, elderly, and poorly educated, a different approach may be needed.",16624687,"Frequent monitoring and patient management using a telemedicine system may help to reduce hospitalizations, hospital days, and emergency department visits.",18325458,NotContradiction
as_001252,"In patients with CHF, does care giving or teleguidiance-telecare, compared to usual care, reduce morbidity","Although disease management is effective in the mainstream HF patient population, in Hispanics this ill, elderly, and poorly educated, a different approach may be needed.",16624687,"This study demonstrates that a six-month, multidisciplinary approach to CHF management can improve important clinical outcomes at a similar cost in recently hospitalized high-risk patients with CHF.",11823086,NotContradiction
as_001253,"In patients with CHF, does care giving or teleguidiance-telecare, compared to usual care, reduce morbidity","Although disease management is effective in the mainstream HF patient population, in Hispanics this ill, elderly, and poorly educated, a different approach may be needed.",16624687,"Despite effective implementation of an Internet-based telehealth intervention in an elderly HF population, there was no discernible impact on overall morbidity or mortality.",21504262,Contradiction
as_001254,"In patients with CHF, does care giving or teleguidiance-telecare, compared to usual care, reduce morbidity","Although disease management is effective in the mainstream HF patient population, in Hispanics this ill, elderly, and poorly educated, a different approach may be needed.",16624687,Telemonitoring using mobile phones as patient terminals has the potential to reduce frequency and duration of heart failure hospitalizations.,19687005,NotContradiction
as_001255,"In patients with CHF, does care giving or teleguidiance-telecare, compared to usual care, reduce morbidity","Although disease management is effective in the mainstream HF patient population, in Hispanics this ill, elderly, and poorly educated, a different approach may be needed.",16624687,Home telecare may not offer incremental benefit beyond telephone follow-up and is more expensive.,11606877,Contradiction
as_001256,"In patients with CHF, does care giving or teleguidiance-telecare, compared to usual care, reduce morbidity","Although disease management is effective in the mainstream HF patient population, in Hispanics this ill, elderly, and poorly educated, a different approach may be needed.",16624687,Daily electronic transmission of body weight and monitoring three times a week did not decrease hospitalization or death in HF patients followed up at a HF clinic.,22371525,Contradiction
as_001257,"In patients with CHF, does care giving or teleguidiance-telecare, compared to usual care, reduce morbidity","Although disease management is effective in the mainstream HF patient population, in Hispanics this ill, elderly, and poorly educated, a different approach may be needed.",16624687,"However, telemonitoring tends to reduce heart failure (re)admissions and significantly decreases contacts with specialized nurses.",22588319,NotContradiction
as_001258,"In patients with CHF, does care giving or teleguidiance-telecare, compared to usual care, reduce morbidity","Although disease management is effective in the mainstream HF patient population, in Hispanics this ill, elderly, and poorly educated, a different approach may be needed.",16624687,A formal education and support intervention substantially reduced adverse clinical outcomes and costs for patients with HF.,11755291,NotContradiction
as_001259,"In patients with CHF, does care giving or teleguidiance-telecare, compared to usual care, reduce morbidity","Although disease management is effective in the mainstream HF patient population, in Hispanics this ill, elderly, and poorly educated, a different approach may be needed.",16624687,"Despite no difference in the primary end point of rehospitalization rates, mortality was significantly reduced for patients randomized to the AlereNet system without an increase in utilization, despite specialized and aggressive heart failure care in both groups.",14564327,NotContradiction
as_001260,"In patients with CHF, does care giving or teleguidiance-telecare, compared to usual care, reduce morbidity","Although disease management is effective in the mainstream HF patient population, in Hispanics this ill, elderly, and poorly educated, a different approach may be needed.",16624687,"The results indicate that total treatment costs and mortality rate can be reduced by telemetric monitoring of patients in CHF, especially in men.",17315117,NotContradiction
as_001261,"In patients with CHF, does care giving or teleguidiance-telecare, compared to usual care, reduce morbidity","Although disease management is effective in the mainstream HF patient population, in Hispanics this ill, elderly, and poorly educated, a different approach may be needed.",16624687,"Caregiver mastery, informal social support, and electronic home monitoring were not significant predictors for risk of hospital readmission.",18326990,Contradiction
as_001262,"In patients with CHF, does care giving or teleguidiance-telecare, compared to usual care, reduce morbidity","Although disease management is effective in the mainstream HF patient population, in Hispanics this ill, elderly, and poorly educated, a different approach may be needed.",16624687,Subgroup analysis of patients who lived locally and saw a cardiologist showed a significant decrease in CHF readmissions for the intervention group (P =.03).,12695272,NotContradiction
as_001263,"In patients with CHF, does care giving or teleguidiance-telecare, compared to usual care, reduce morbidity","Although disease management is effective in the mainstream HF patient population, in Hispanics this ill, elderly, and poorly educated, a different approach may be needed.",16624687,No significant difference was found on cardiovascular mortality between groups.,18222552,Contradiction
as_001264,"In patients with CHF, does care giving or teleguidiance-telecare, compared to usual care, reduce morbidity","Although disease management is effective in the mainstream HF patient population, in Hispanics this ill, elderly, and poorly educated, a different approach may be needed.",16624687,"A nurse-administered, telephone-based disease management program delayed subsequent health care encounters, but had minimal impact on other outcomes.",15948086,NotContradiction
as_001265,"In patients with CHF, does care giving or teleguidiance-telecare, compared to usual care, reduce morbidity","Although disease management is effective in the mainstream HF patient population, in Hispanics this ill, elderly, and poorly educated, a different approach may be needed.",16624687,"The reduction in hospitalizations, costs, and other resource use achieved using standardized telephonic case management in the early months after a heart failure admission is greater than that usually achieved with pharmaceutical therapy and comparable with other disease management approaches.",11911726,NotContradiction
as_001266,"In patients with CHF, does care giving or teleguidiance-telecare, compared to usual care, reduce morbidity","Although disease management is effective in the mainstream HF patient population, in Hispanics this ill, elderly, and poorly educated, a different approach may be needed.",16624687,"Our study results suggest that enhanced patient education and follow-up is as successful as a sophisticated home monitoring device with an interactive program in patients with HF who are elderly, women and non-Caucasian males and receive the care from a community-based primary care practitioner.",18995174,NotContradiction
as_001267,"In patients with CHF, does care giving or teleguidiance-telecare, compared to usual care, reduce morbidity","Although disease management is effective in the mainstream HF patient population, in Hispanics this ill, elderly, and poorly educated, a different approach may be needed.",16624687,Telemedicine management may not be appropriate for all HF patients.,21982700,Contradiction
as_001268,"In patients with CHF, does care giving or teleguidiance-telecare, compared to usual care, reduce morbidity","Although disease management is effective in the mainstream HF patient population, in Hispanics this ill, elderly, and poorly educated, a different approach may be needed.",16624687,Telehealth technologies are a viable means of providing home monitoring to patients with heart disease at high risk of hospital readmission to improve their self-care abilities.,18206525,NotContradiction
as_001269,"In patients with CHF, does care giving or teleguidiance-telecare, compared to usual care, reduce morbidity","Although disease management is effective in the mainstream HF patient population, in Hispanics this ill, elderly, and poorly educated, a different approach may be needed.",16624687,"The preliminary results of this ongoing study support the feasibility and appropriateness of new technologies for the management of heart failure, even in elderly patients in whom a limited expertise with these appliances could have been anticipated.",17402355,NotContradiction
as_001270,"In patients with CHF, does care giving or teleguidiance-telecare, compared to usual care, reduce morbidity",Specially trained nurses can improve the outcome of patients admitted to hospital with heart failure.,11576977,Short-term reductions in the heart failure hospitalization rate were associated with the use of automated home monitoring equipment.,20350694,NotContradiction
as_001271,"In patients with CHF, does care giving or teleguidiance-telecare, compared to usual care, reduce morbidity",Specially trained nurses can improve the outcome of patients admitted to hospital with heart failure.,11576977,"Telemonitoring-facilitated collaboration between GPs and a heart failure clinic reduces mortality and number of days lost to hospitalization, death, or dialysis in CHF patients.",22045925,NotContradiction
as_001272,"In patients with CHF, does care giving or teleguidiance-telecare, compared to usual care, reduce morbidity",Specially trained nurses can improve the outcome of patients admitted to hospital with heart failure.,11576977,Tele-guidance may play a role in the management of heart failure patients since it takes over some of the tasks of HF-nurses.,18790668,NotContradiction
as_001273,"In patients with CHF, does care giving or teleguidiance-telecare, compared to usual care, reduce morbidity",Specially trained nurses can improve the outcome of patients admitted to hospital with heart failure.,11576977,"Frequent monitoring and patient management using a telemedicine system may help to reduce hospitalizations, hospital days, and emergency department visits.",18325458,NotContradiction
as_001274,"In patients with CHF, does care giving or teleguidiance-telecare, compared to usual care, reduce morbidity",Specially trained nurses can improve the outcome of patients admitted to hospital with heart failure.,11576977,"This study demonstrates that a six-month, multidisciplinary approach to CHF management can improve important clinical outcomes at a similar cost in recently hospitalized high-risk patients with CHF.",11823086,NotContradiction
as_001275,"In patients with CHF, does care giving or teleguidiance-telecare, compared to usual care, reduce morbidity",Specially trained nurses can improve the outcome of patients admitted to hospital with heart failure.,11576977,"Despite effective implementation of an Internet-based telehealth intervention in an elderly HF population, there was no discernible impact on overall morbidity or mortality.",21504262,Contradiction
as_001276,"In patients with CHF, does care giving or teleguidiance-telecare, compared to usual care, reduce morbidity",Specially trained nurses can improve the outcome of patients admitted to hospital with heart failure.,11576977,Telemonitoring using mobile phones as patient terminals has the potential to reduce frequency and duration of heart failure hospitalizations.,19687005,NotContradiction
as_001277,"In patients with CHF, does care giving or teleguidiance-telecare, compared to usual care, reduce morbidity",Specially trained nurses can improve the outcome of patients admitted to hospital with heart failure.,11576977,Home telecare may not offer incremental benefit beyond telephone follow-up and is more expensive.,11606877,Contradiction
as_001278,"In patients with CHF, does care giving or teleguidiance-telecare, compared to usual care, reduce morbidity",Specially trained nurses can improve the outcome of patients admitted to hospital with heart failure.,11576977,Daily electronic transmission of body weight and monitoring three times a week did not decrease hospitalization or death in HF patients followed up at a HF clinic.,22371525,Contradiction
as_001279,"In patients with CHF, does care giving or teleguidiance-telecare, compared to usual care, reduce morbidity",Specially trained nurses can improve the outcome of patients admitted to hospital with heart failure.,11576977,"However, telemonitoring tends to reduce heart failure (re)admissions and significantly decreases contacts with specialized nurses.",22588319,NotContradiction
as_001280,"In patients with CHF, does care giving or teleguidiance-telecare, compared to usual care, reduce morbidity",Specially trained nurses can improve the outcome of patients admitted to hospital with heart failure.,11576977,A formal education and support intervention substantially reduced adverse clinical outcomes and costs for patients with HF.,11755291,NotContradiction
as_001281,"In patients with CHF, does care giving or teleguidiance-telecare, compared to usual care, reduce morbidity",Specially trained nurses can improve the outcome of patients admitted to hospital with heart failure.,11576977,"Despite no difference in the primary end point of rehospitalization rates, mortality was significantly reduced for patients randomized to the AlereNet system without an increase in utilization, despite specialized and aggressive heart failure care in both groups.",14564327,NotContradiction
as_001282,"In patients with CHF, does care giving or teleguidiance-telecare, compared to usual care, reduce morbidity",Specially trained nurses can improve the outcome of patients admitted to hospital with heart failure.,11576977,"The results indicate that total treatment costs and mortality rate can be reduced by telemetric monitoring of patients in CHF, especially in men.",17315117,NotContradiction
as_001283,"In patients with CHF, does care giving or teleguidiance-telecare, compared to usual care, reduce morbidity",Specially trained nurses can improve the outcome of patients admitted to hospital with heart failure.,11576977,"Caregiver mastery, informal social support, and electronic home monitoring were not significant predictors for risk of hospital readmission.",18326990,Contradiction
as_001284,"In patients with CHF, does care giving or teleguidiance-telecare, compared to usual care, reduce morbidity",Specially trained nurses can improve the outcome of patients admitted to hospital with heart failure.,11576977,Subgroup analysis of patients who lived locally and saw a cardiologist showed a significant decrease in CHF readmissions for the intervention group (P =.03).,12695272,NotContradiction
as_001285,"In patients with CHF, does care giving or teleguidiance-telecare, compared to usual care, reduce morbidity",Specially trained nurses can improve the outcome of patients admitted to hospital with heart failure.,11576977,No significant difference was found on cardiovascular mortality between groups.,18222552,Contradiction
as_001286,"In patients with CHF, does care giving or teleguidiance-telecare, compared to usual care, reduce morbidity",Specially trained nurses can improve the outcome of patients admitted to hospital with heart failure.,11576977,"A nurse-administered, telephone-based disease management program delayed subsequent health care encounters, but had minimal impact on other outcomes.",15948086,NotContradiction
as_001287,"In patients with CHF, does care giving or teleguidiance-telecare, compared to usual care, reduce morbidity",Specially trained nurses can improve the outcome of patients admitted to hospital with heart failure.,11576977,"The reduction in hospitalizations, costs, and other resource use achieved using standardized telephonic case management in the early months after a heart failure admission is greater than that usually achieved with pharmaceutical therapy and comparable with other disease management approaches.",11911726,NotContradiction
as_001288,"In patients with CHF, does care giving or teleguidiance-telecare, compared to usual care, reduce morbidity",Specially trained nurses can improve the outcome of patients admitted to hospital with heart failure.,11576977,"Our study results suggest that enhanced patient education and follow-up is as successful as a sophisticated home monitoring device with an interactive program in patients with HF who are elderly, women and non-Caucasian males and receive the care from a community-based primary care practitioner.",18995174,NotContradiction
as_001289,"In patients with CHF, does care giving or teleguidiance-telecare, compared to usual care, reduce morbidity",Specially trained nurses can improve the outcome of patients admitted to hospital with heart failure.,11576977,Telemedicine management may not be appropriate for all HF patients.,21982700,Contradiction
as_001290,"In patients with CHF, does care giving or teleguidiance-telecare, compared to usual care, reduce morbidity",Specially trained nurses can improve the outcome of patients admitted to hospital with heart failure.,11576977,Telehealth technologies are a viable means of providing home monitoring to patients with heart disease at high risk of hospital readmission to improve their self-care abilities.,18206525,NotContradiction
as_001291,"In patients with CHF, does care giving or teleguidiance-telecare, compared to usual care, reduce morbidity",Specially trained nurses can improve the outcome of patients admitted to hospital with heart failure.,11576977,"The preliminary results of this ongoing study support the feasibility and appropriateness of new technologies for the management of heart failure, even in elderly patients in whom a limited expertise with these appliances could have been anticipated.",17402355,NotContradiction
as_001292,"In patients with CHF, does care giving or teleguidiance-telecare, compared to usual care, reduce morbidity",Short-term reductions in the heart failure hospitalization rate were associated with the use of automated home monitoring equipment.,20350694,"Telemonitoring-facilitated collaboration between GPs and a heart failure clinic reduces mortality and number of days lost to hospitalization, death, or dialysis in CHF patients.",22045925,NotContradiction
as_001293,"In patients with CHF, does care giving or teleguidiance-telecare, compared to usual care, reduce morbidity",Short-term reductions in the heart failure hospitalization rate were associated with the use of automated home monitoring equipment.,20350694,Tele-guidance may play a role in the management of heart failure patients since it takes over some of the tasks of HF-nurses.,18790668,NotContradiction
as_001294,"In patients with CHF, does care giving or teleguidiance-telecare, compared to usual care, reduce morbidity",Short-term reductions in the heart failure hospitalization rate were associated with the use of automated home monitoring equipment.,20350694,"Frequent monitoring and patient management using a telemedicine system may help to reduce hospitalizations, hospital days, and emergency department visits.",18325458,NotContradiction
as_001295,"In patients with CHF, does care giving or teleguidiance-telecare, compared to usual care, reduce morbidity",Short-term reductions in the heart failure hospitalization rate were associated with the use of automated home monitoring equipment.,20350694,"This study demonstrates that a six-month, multidisciplinary approach to CHF management can improve important clinical outcomes at a similar cost in recently hospitalized high-risk patients with CHF.",11823086,NotContradiction
as_001296,"In patients with CHF, does care giving or teleguidiance-telecare, compared to usual care, reduce morbidity",Short-term reductions in the heart failure hospitalization rate were associated with the use of automated home monitoring equipment.,20350694,"Despite effective implementation of an Internet-based telehealth intervention in an elderly HF population, there was no discernible impact on overall morbidity or mortality.",21504262,Contradiction
as_001297,"In patients with CHF, does care giving or teleguidiance-telecare, compared to usual care, reduce morbidity",Short-term reductions in the heart failure hospitalization rate were associated with the use of automated home monitoring equipment.,20350694,Telemonitoring using mobile phones as patient terminals has the potential to reduce frequency and duration of heart failure hospitalizations.,19687005,NotContradiction
as_001298,"In patients with CHF, does care giving or teleguidiance-telecare, compared to usual care, reduce morbidity",Short-term reductions in the heart failure hospitalization rate were associated with the use of automated home monitoring equipment.,20350694,Home telecare may not offer incremental benefit beyond telephone follow-up and is more expensive.,11606877,Contradiction
as_001299,"In patients with CHF, does care giving or teleguidiance-telecare, compared to usual care, reduce morbidity",Short-term reductions in the heart failure hospitalization rate were associated with the use of automated home monitoring equipment.,20350694,Daily electronic transmission of body weight and monitoring three times a week did not decrease hospitalization or death in HF patients followed up at a HF clinic.,22371525,Contradiction
as_001300,"In patients with CHF, does care giving or teleguidiance-telecare, compared to usual care, reduce morbidity",Short-term reductions in the heart failure hospitalization rate were associated with the use of automated home monitoring equipment.,20350694,"However, telemonitoring tends to reduce heart failure (re)admissions and significantly decreases contacts with specialized nurses.",22588319,NotContradiction
as_001301,"In patients with CHF, does care giving or teleguidiance-telecare, compared to usual care, reduce morbidity",Short-term reductions in the heart failure hospitalization rate were associated with the use of automated home monitoring equipment.,20350694,A formal education and support intervention substantially reduced adverse clinical outcomes and costs for patients with HF.,11755291,NotContradiction
as_001302,"In patients with CHF, does care giving or teleguidiance-telecare, compared to usual care, reduce morbidity",Short-term reductions in the heart failure hospitalization rate were associated with the use of automated home monitoring equipment.,20350694,"Despite no difference in the primary end point of rehospitalization rates, mortality was significantly reduced for patients randomized to the AlereNet system without an increase in utilization, despite specialized and aggressive heart failure care in both groups.",14564327,NotContradiction
as_001303,"In patients with CHF, does care giving or teleguidiance-telecare, compared to usual care, reduce morbidity",Short-term reductions in the heart failure hospitalization rate were associated with the use of automated home monitoring equipment.,20350694,"The results indicate that total treatment costs and mortality rate can be reduced by telemetric monitoring of patients in CHF, especially in men.",17315117,NotContradiction
as_001304,"In patients with CHF, does care giving or teleguidiance-telecare, compared to usual care, reduce morbidity",Short-term reductions in the heart failure hospitalization rate were associated with the use of automated home monitoring equipment.,20350694,"Caregiver mastery, informal social support, and electronic home monitoring were not significant predictors for risk of hospital readmission.",18326990,Contradiction
as_001305,"In patients with CHF, does care giving or teleguidiance-telecare, compared to usual care, reduce morbidity",Short-term reductions in the heart failure hospitalization rate were associated with the use of automated home monitoring equipment.,20350694,Subgroup analysis of patients who lived locally and saw a cardiologist showed a significant decrease in CHF readmissions for the intervention group (P =.03).,12695272,NotContradiction
as_001306,"In patients with CHF, does care giving or teleguidiance-telecare, compared to usual care, reduce morbidity",Short-term reductions in the heart failure hospitalization rate were associated with the use of automated home monitoring equipment.,20350694,No significant difference was found on cardiovascular mortality between groups.,18222552,Contradiction
as_001307,"In patients with CHF, does care giving or teleguidiance-telecare, compared to usual care, reduce morbidity",Short-term reductions in the heart failure hospitalization rate were associated with the use of automated home monitoring equipment.,20350694,"A nurse-administered, telephone-based disease management program delayed subsequent health care encounters, but had minimal impact on other outcomes.",15948086,NotContradiction
as_001308,"In patients with CHF, does care giving or teleguidiance-telecare, compared to usual care, reduce morbidity",Short-term reductions in the heart failure hospitalization rate were associated with the use of automated home monitoring equipment.,20350694,"The reduction in hospitalizations, costs, and other resource use achieved using standardized telephonic case management in the early months after a heart failure admission is greater than that usually achieved with pharmaceutical therapy and comparable with other disease management approaches.",11911726,NotContradiction
as_001309,"In patients with CHF, does care giving or teleguidiance-telecare, compared to usual care, reduce morbidity",Short-term reductions in the heart failure hospitalization rate were associated with the use of automated home monitoring equipment.,20350694,"Our study results suggest that enhanced patient education and follow-up is as successful as a sophisticated home monitoring device with an interactive program in patients with HF who are elderly, women and non-Caucasian males and receive the care from a community-based primary care practitioner.",18995174,NotContradiction
as_001310,"In patients with CHF, does care giving or teleguidiance-telecare, compared to usual care, reduce morbidity",Short-term reductions in the heart failure hospitalization rate were associated with the use of automated home monitoring equipment.,20350694,Telemedicine management may not be appropriate for all HF patients.,21982700,Contradiction
as_001311,"In patients with CHF, does care giving or teleguidiance-telecare, compared to usual care, reduce morbidity",Short-term reductions in the heart failure hospitalization rate were associated with the use of automated home monitoring equipment.,20350694,Telehealth technologies are a viable means of providing home monitoring to patients with heart disease at high risk of hospital readmission to improve their self-care abilities.,18206525,NotContradiction
as_001312,"In patients with CHF, does care giving or teleguidiance-telecare, compared to usual care, reduce morbidity",Short-term reductions in the heart failure hospitalization rate were associated with the use of automated home monitoring equipment.,20350694,"The preliminary results of this ongoing study support the feasibility and appropriateness of new technologies for the management of heart failure, even in elderly patients in whom a limited expertise with these appliances could have been anticipated.",17402355,NotContradiction
as_001313,"In patients with CHF, does care giving or teleguidiance-telecare, compared to usual care, reduce morbidity","Telemonitoring-facilitated collaboration between GPs and a heart failure clinic reduces mortality and number of days lost to hospitalization, death, or dialysis in CHF patients.",22045925,Tele-guidance may play a role in the management of heart failure patients since it takes over some of the tasks of HF-nurses.,18790668,NotContradiction
as_001314,"In patients with CHF, does care giving or teleguidiance-telecare, compared to usual care, reduce morbidity","Telemonitoring-facilitated collaboration between GPs and a heart failure clinic reduces mortality and number of days lost to hospitalization, death, or dialysis in CHF patients.",22045925,"Frequent monitoring and patient management using a telemedicine system may help to reduce hospitalizations, hospital days, and emergency department visits.",18325458,NotContradiction
as_001315,"In patients with CHF, does care giving or teleguidiance-telecare, compared to usual care, reduce morbidity","Telemonitoring-facilitated collaboration between GPs and a heart failure clinic reduces mortality and number of days lost to hospitalization, death, or dialysis in CHF patients.",22045925,"This study demonstrates that a six-month, multidisciplinary approach to CHF management can improve important clinical outcomes at a similar cost in recently hospitalized high-risk patients with CHF.",11823086,NotContradiction
as_001316,"In patients with CHF, does care giving or teleguidiance-telecare, compared to usual care, reduce morbidity","Telemonitoring-facilitated collaboration between GPs and a heart failure clinic reduces mortality and number of days lost to hospitalization, death, or dialysis in CHF patients.",22045925,"Despite effective implementation of an Internet-based telehealth intervention in an elderly HF population, there was no discernible impact on overall morbidity or mortality.",21504262,Contradiction
as_001317,"In patients with CHF, does care giving or teleguidiance-telecare, compared to usual care, reduce morbidity","Telemonitoring-facilitated collaboration between GPs and a heart failure clinic reduces mortality and number of days lost to hospitalization, death, or dialysis in CHF patients.",22045925,Telemonitoring using mobile phones as patient terminals has the potential to reduce frequency and duration of heart failure hospitalizations.,19687005,NotContradiction
as_001318,"In patients with CHF, does care giving or teleguidiance-telecare, compared to usual care, reduce morbidity","Telemonitoring-facilitated collaboration between GPs and a heart failure clinic reduces mortality and number of days lost to hospitalization, death, or dialysis in CHF patients.",22045925,Home telecare may not offer incremental benefit beyond telephone follow-up and is more expensive.,11606877,Contradiction
as_001319,"In patients with CHF, does care giving or teleguidiance-telecare, compared to usual care, reduce morbidity","Telemonitoring-facilitated collaboration between GPs and a heart failure clinic reduces mortality and number of days lost to hospitalization, death, or dialysis in CHF patients.",22045925,Daily electronic transmission of body weight and monitoring three times a week did not decrease hospitalization or death in HF patients followed up at a HF clinic.,22371525,Contradiction
as_001320,"In patients with CHF, does care giving or teleguidiance-telecare, compared to usual care, reduce morbidity","Telemonitoring-facilitated collaboration between GPs and a heart failure clinic reduces mortality and number of days lost to hospitalization, death, or dialysis in CHF patients.",22045925,"However, telemonitoring tends to reduce heart failure (re)admissions and significantly decreases contacts with specialized nurses.",22588319,NotContradiction
as_001321,"In patients with CHF, does care giving or teleguidiance-telecare, compared to usual care, reduce morbidity","Telemonitoring-facilitated collaboration between GPs and a heart failure clinic reduces mortality and number of days lost to hospitalization, death, or dialysis in CHF patients.",22045925,A formal education and support intervention substantially reduced adverse clinical outcomes and costs for patients with HF.,11755291,NotContradiction
as_001322,"In patients with CHF, does care giving or teleguidiance-telecare, compared to usual care, reduce morbidity","Telemonitoring-facilitated collaboration between GPs and a heart failure clinic reduces mortality and number of days lost to hospitalization, death, or dialysis in CHF patients.",22045925,"Despite no difference in the primary end point of rehospitalization rates, mortality was significantly reduced for patients randomized to the AlereNet system without an increase in utilization, despite specialized and aggressive heart failure care in both groups.",14564327,NotContradiction
as_001323,"In patients with CHF, does care giving or teleguidiance-telecare, compared to usual care, reduce morbidity","Telemonitoring-facilitated collaboration between GPs and a heart failure clinic reduces mortality and number of days lost to hospitalization, death, or dialysis in CHF patients.",22045925,"The results indicate that total treatment costs and mortality rate can be reduced by telemetric monitoring of patients in CHF, especially in men.",17315117,NotContradiction
as_001324,"In patients with CHF, does care giving or teleguidiance-telecare, compared to usual care, reduce morbidity","Telemonitoring-facilitated collaboration between GPs and a heart failure clinic reduces mortality and number of days lost to hospitalization, death, or dialysis in CHF patients.",22045925,"Caregiver mastery, informal social support, and electronic home monitoring were not significant predictors for risk of hospital readmission.",18326990,Contradiction
as_001325,"In patients with CHF, does care giving or teleguidiance-telecare, compared to usual care, reduce morbidity","Telemonitoring-facilitated collaboration between GPs and a heart failure clinic reduces mortality and number of days lost to hospitalization, death, or dialysis in CHF patients.",22045925,Subgroup analysis of patients who lived locally and saw a cardiologist showed a significant decrease in CHF readmissions for the intervention group (P =.03).,12695272,NotContradiction
as_001326,"In patients with CHF, does care giving or teleguidiance-telecare, compared to usual care, reduce morbidity","Telemonitoring-facilitated collaboration between GPs and a heart failure clinic reduces mortality and number of days lost to hospitalization, death, or dialysis in CHF patients.",22045925,No significant difference was found on cardiovascular mortality between groups.,18222552,Contradiction
as_001327,"In patients with CHF, does care giving or teleguidiance-telecare, compared to usual care, reduce morbidity","Telemonitoring-facilitated collaboration between GPs and a heart failure clinic reduces mortality and number of days lost to hospitalization, death, or dialysis in CHF patients.",22045925,"A nurse-administered, telephone-based disease management program delayed subsequent health care encounters, but had minimal impact on other outcomes.",15948086,NotContradiction
as_001328,"In patients with CHF, does care giving or teleguidiance-telecare, compared to usual care, reduce morbidity","Telemonitoring-facilitated collaboration between GPs and a heart failure clinic reduces mortality and number of days lost to hospitalization, death, or dialysis in CHF patients.",22045925,"The reduction in hospitalizations, costs, and other resource use achieved using standardized telephonic case management in the early months after a heart failure admission is greater than that usually achieved with pharmaceutical therapy and comparable with other disease management approaches.",11911726,NotContradiction
as_001329,"In patients with CHF, does care giving or teleguidiance-telecare, compared to usual care, reduce morbidity","Telemonitoring-facilitated collaboration between GPs and a heart failure clinic reduces mortality and number of days lost to hospitalization, death, or dialysis in CHF patients.",22045925,"Our study results suggest that enhanced patient education and follow-up is as successful as a sophisticated home monitoring device with an interactive program in patients with HF who are elderly, women and non-Caucasian males and receive the care from a community-based primary care practitioner.",18995174,NotContradiction
as_001330,"In patients with CHF, does care giving or teleguidiance-telecare, compared to usual care, reduce morbidity","Telemonitoring-facilitated collaboration between GPs and a heart failure clinic reduces mortality and number of days lost to hospitalization, death, or dialysis in CHF patients.",22045925,Telemedicine management may not be appropriate for all HF patients.,21982700,Contradiction
as_001331,"In patients with CHF, does care giving or teleguidiance-telecare, compared to usual care, reduce morbidity","Telemonitoring-facilitated collaboration between GPs and a heart failure clinic reduces mortality and number of days lost to hospitalization, death, or dialysis in CHF patients.",22045925,Telehealth technologies are a viable means of providing home monitoring to patients with heart disease at high risk of hospital readmission to improve their self-care abilities.,18206525,NotContradiction
as_001332,"In patients with CHF, does care giving or teleguidiance-telecare, compared to usual care, reduce morbidity","Telemonitoring-facilitated collaboration between GPs and a heart failure clinic reduces mortality and number of days lost to hospitalization, death, or dialysis in CHF patients.",22045925,"The preliminary results of this ongoing study support the feasibility and appropriateness of new technologies for the management of heart failure, even in elderly patients in whom a limited expertise with these appliances could have been anticipated.",17402355,NotContradiction
as_001333,"In patients with CHF, does care giving or teleguidiance-telecare, compared to usual care, reduce morbidity",Tele-guidance may play a role in the management of heart failure patients since it takes over some of the tasks of HF-nurses.,18790668,"Frequent monitoring and patient management using a telemedicine system may help to reduce hospitalizations, hospital days, and emergency department visits.",18325458,NotContradiction
as_001334,"In patients with CHF, does care giving or teleguidiance-telecare, compared to usual care, reduce morbidity",Tele-guidance may play a role in the management of heart failure patients since it takes over some of the tasks of HF-nurses.,18790668,"This study demonstrates that a six-month, multidisciplinary approach to CHF management can improve important clinical outcomes at a similar cost in recently hospitalized high-risk patients with CHF.",11823086,NotContradiction
as_001335,"In patients with CHF, does care giving or teleguidiance-telecare, compared to usual care, reduce morbidity",Tele-guidance may play a role in the management of heart failure patients since it takes over some of the tasks of HF-nurses.,18790668,"Despite effective implementation of an Internet-based telehealth intervention in an elderly HF population, there was no discernible impact on overall morbidity or mortality.",21504262,Contradiction
as_001336,"In patients with CHF, does care giving or teleguidiance-telecare, compared to usual care, reduce morbidity",Tele-guidance may play a role in the management of heart failure patients since it takes over some of the tasks of HF-nurses.,18790668,Telemonitoring using mobile phones as patient terminals has the potential to reduce frequency and duration of heart failure hospitalizations.,19687005,NotContradiction
as_001337,"In patients with CHF, does care giving or teleguidiance-telecare, compared to usual care, reduce morbidity",Tele-guidance may play a role in the management of heart failure patients since it takes over some of the tasks of HF-nurses.,18790668,Home telecare may not offer incremental benefit beyond telephone follow-up and is more expensive.,11606877,Contradiction
as_001338,"In patients with CHF, does care giving or teleguidiance-telecare, compared to usual care, reduce morbidity",Tele-guidance may play a role in the management of heart failure patients since it takes over some of the tasks of HF-nurses.,18790668,Daily electronic transmission of body weight and monitoring three times a week did not decrease hospitalization or death in HF patients followed up at a HF clinic.,22371525,Contradiction
as_001339,"In patients with CHF, does care giving or teleguidiance-telecare, compared to usual care, reduce morbidity",Tele-guidance may play a role in the management of heart failure patients since it takes over some of the tasks of HF-nurses.,18790668,"However, telemonitoring tends to reduce heart failure (re)admissions and significantly decreases contacts with specialized nurses.",22588319,NotContradiction
as_001340,"In patients with CHF, does care giving or teleguidiance-telecare, compared to usual care, reduce morbidity",Tele-guidance may play a role in the management of heart failure patients since it takes over some of the tasks of HF-nurses.,18790668,A formal education and support intervention substantially reduced adverse clinical outcomes and costs for patients with HF.,11755291,NotContradiction
as_001341,"In patients with CHF, does care giving or teleguidiance-telecare, compared to usual care, reduce morbidity",Tele-guidance may play a role in the management of heart failure patients since it takes over some of the tasks of HF-nurses.,18790668,"Despite no difference in the primary end point of rehospitalization rates, mortality was significantly reduced for patients randomized to the AlereNet system without an increase in utilization, despite specialized and aggressive heart failure care in both groups.",14564327,NotContradiction
as_001342,"In patients with CHF, does care giving or teleguidiance-telecare, compared to usual care, reduce morbidity",Tele-guidance may play a role in the management of heart failure patients since it takes over some of the tasks of HF-nurses.,18790668,"The results indicate that total treatment costs and mortality rate can be reduced by telemetric monitoring of patients in CHF, especially in men.",17315117,NotContradiction
as_001343,"In patients with CHF, does care giving or teleguidiance-telecare, compared to usual care, reduce morbidity",Tele-guidance may play a role in the management of heart failure patients since it takes over some of the tasks of HF-nurses.,18790668,"Caregiver mastery, informal social support, and electronic home monitoring were not significant predictors for risk of hospital readmission.",18326990,Contradiction
as_001344,"In patients with CHF, does care giving or teleguidiance-telecare, compared to usual care, reduce morbidity",Tele-guidance may play a role in the management of heart failure patients since it takes over some of the tasks of HF-nurses.,18790668,Subgroup analysis of patients who lived locally and saw a cardiologist showed a significant decrease in CHF readmissions for the intervention group (P =.03).,12695272,NotContradiction
as_001345,"In patients with CHF, does care giving or teleguidiance-telecare, compared to usual care, reduce morbidity",Tele-guidance may play a role in the management of heart failure patients since it takes over some of the tasks of HF-nurses.,18790668,No significant difference was found on cardiovascular mortality between groups.,18222552,Contradiction
as_001346,"In patients with CHF, does care giving or teleguidiance-telecare, compared to usual care, reduce morbidity",Tele-guidance may play a role in the management of heart failure patients since it takes over some of the tasks of HF-nurses.,18790668,"A nurse-administered, telephone-based disease management program delayed subsequent health care encounters, but had minimal impact on other outcomes.",15948086,NotContradiction
as_001347,"In patients with CHF, does care giving or teleguidiance-telecare, compared to usual care, reduce morbidity",Tele-guidance may play a role in the management of heart failure patients since it takes over some of the tasks of HF-nurses.,18790668,"The reduction in hospitalizations, costs, and other resource use achieved using standardized telephonic case management in the early months after a heart failure admission is greater than that usually achieved with pharmaceutical therapy and comparable with other disease management approaches.",11911726,NotContradiction
as_001348,"In patients with CHF, does care giving or teleguidiance-telecare, compared to usual care, reduce morbidity",Tele-guidance may play a role in the management of heart failure patients since it takes over some of the tasks of HF-nurses.,18790668,"Our study results suggest that enhanced patient education and follow-up is as successful as a sophisticated home monitoring device with an interactive program in patients with HF who are elderly, women and non-Caucasian males and receive the care from a community-based primary care practitioner.",18995174,NotContradiction
as_001349,"In patients with CHF, does care giving or teleguidiance-telecare, compared to usual care, reduce morbidity",Tele-guidance may play a role in the management of heart failure patients since it takes over some of the tasks of HF-nurses.,18790668,Telemedicine management may not be appropriate for all HF patients.,21982700,Contradiction
as_001350,"In patients with CHF, does care giving or teleguidiance-telecare, compared to usual care, reduce morbidity",Tele-guidance may play a role in the management of heart failure patients since it takes over some of the tasks of HF-nurses.,18790668,Telehealth technologies are a viable means of providing home monitoring to patients with heart disease at high risk of hospital readmission to improve their self-care abilities.,18206525,NotContradiction
as_001351,"In patients with CHF, does care giving or teleguidiance-telecare, compared to usual care, reduce morbidity",Tele-guidance may play a role in the management of heart failure patients since it takes over some of the tasks of HF-nurses.,18790668,"The preliminary results of this ongoing study support the feasibility and appropriateness of new technologies for the management of heart failure, even in elderly patients in whom a limited expertise with these appliances could have been anticipated.",17402355,NotContradiction
as_001352,"In patients with CHF, does care giving or teleguidiance-telecare, compared to usual care, reduce morbidity","Frequent monitoring and patient management using a telemedicine system may help to reduce hospitalizations, hospital days, and emergency department visits.",18325458,"This study demonstrates that a six-month, multidisciplinary approach to CHF management can improve important clinical outcomes at a similar cost in recently hospitalized high-risk patients with CHF.",11823086,NotContradiction
as_001353,"In patients with CHF, does care giving or teleguidiance-telecare, compared to usual care, reduce morbidity","Frequent monitoring and patient management using a telemedicine system may help to reduce hospitalizations, hospital days, and emergency department visits.",18325458,"Despite effective implementation of an Internet-based telehealth intervention in an elderly HF population, there was no discernible impact on overall morbidity or mortality.",21504262,Contradiction
as_001354,"In patients with CHF, does care giving or teleguidiance-telecare, compared to usual care, reduce morbidity","Frequent monitoring and patient management using a telemedicine system may help to reduce hospitalizations, hospital days, and emergency department visits.",18325458,Telemonitoring using mobile phones as patient terminals has the potential to reduce frequency and duration of heart failure hospitalizations.,19687005,NotContradiction
as_001355,"In patients with CHF, does care giving or teleguidiance-telecare, compared to usual care, reduce morbidity","Frequent monitoring and patient management using a telemedicine system may help to reduce hospitalizations, hospital days, and emergency department visits.",18325458,Home telecare may not offer incremental benefit beyond telephone follow-up and is more expensive.,11606877,Contradiction
as_001356,"In patients with CHF, does care giving or teleguidiance-telecare, compared to usual care, reduce morbidity","Frequent monitoring and patient management using a telemedicine system may help to reduce hospitalizations, hospital days, and emergency department visits.",18325458,Daily electronic transmission of body weight and monitoring three times a week did not decrease hospitalization or death in HF patients followed up at a HF clinic.,22371525,Contradiction
as_001357,"In patients with CHF, does care giving or teleguidiance-telecare, compared to usual care, reduce morbidity","Frequent monitoring and patient management using a telemedicine system may help to reduce hospitalizations, hospital days, and emergency department visits.",18325458,"However, telemonitoring tends to reduce heart failure (re)admissions and significantly decreases contacts with specialized nurses.",22588319,NotContradiction
as_001358,"In patients with CHF, does care giving or teleguidiance-telecare, compared to usual care, reduce morbidity","Frequent monitoring and patient management using a telemedicine system may help to reduce hospitalizations, hospital days, and emergency department visits.",18325458,A formal education and support intervention substantially reduced adverse clinical outcomes and costs for patients with HF.,11755291,NotContradiction
as_001359,"In patients with CHF, does care giving or teleguidiance-telecare, compared to usual care, reduce morbidity","Frequent monitoring and patient management using a telemedicine system may help to reduce hospitalizations, hospital days, and emergency department visits.",18325458,"Despite no difference in the primary end point of rehospitalization rates, mortality was significantly reduced for patients randomized to the AlereNet system without an increase in utilization, despite specialized and aggressive heart failure care in both groups.",14564327,NotContradiction
as_001360,"In patients with CHF, does care giving or teleguidiance-telecare, compared to usual care, reduce morbidity","Frequent monitoring and patient management using a telemedicine system may help to reduce hospitalizations, hospital days, and emergency department visits.",18325458,"The results indicate that total treatment costs and mortality rate can be reduced by telemetric monitoring of patients in CHF, especially in men.",17315117,NotContradiction
as_001361,"In patients with CHF, does care giving or teleguidiance-telecare, compared to usual care, reduce morbidity","Frequent monitoring and patient management using a telemedicine system may help to reduce hospitalizations, hospital days, and emergency department visits.",18325458,"Caregiver mastery, informal social support, and electronic home monitoring were not significant predictors for risk of hospital readmission.",18326990,Contradiction
as_001362,"In patients with CHF, does care giving or teleguidiance-telecare, compared to usual care, reduce morbidity","Frequent monitoring and patient management using a telemedicine system may help to reduce hospitalizations, hospital days, and emergency department visits.",18325458,Subgroup analysis of patients who lived locally and saw a cardiologist showed a significant decrease in CHF readmissions for the intervention group (P =.03).,12695272,NotContradiction
as_001363,"In patients with CHF, does care giving or teleguidiance-telecare, compared to usual care, reduce morbidity","Frequent monitoring and patient management using a telemedicine system may help to reduce hospitalizations, hospital days, and emergency department visits.",18325458,No significant difference was found on cardiovascular mortality between groups.,18222552,Contradiction
as_001364,"In patients with CHF, does care giving or teleguidiance-telecare, compared to usual care, reduce morbidity","Frequent monitoring and patient management using a telemedicine system may help to reduce hospitalizations, hospital days, and emergency department visits.",18325458,"A nurse-administered, telephone-based disease management program delayed subsequent health care encounters, but had minimal impact on other outcomes.",15948086,NotContradiction
as_001365,"In patients with CHF, does care giving or teleguidiance-telecare, compared to usual care, reduce morbidity","Frequent monitoring and patient management using a telemedicine system may help to reduce hospitalizations, hospital days, and emergency department visits.",18325458,"The reduction in hospitalizations, costs, and other resource use achieved using standardized telephonic case management in the early months after a heart failure admission is greater than that usually achieved with pharmaceutical therapy and comparable with other disease management approaches.",11911726,NotContradiction
as_001366,"In patients with CHF, does care giving or teleguidiance-telecare, compared to usual care, reduce morbidity","Frequent monitoring and patient management using a telemedicine system may help to reduce hospitalizations, hospital days, and emergency department visits.",18325458,"Our study results suggest that enhanced patient education and follow-up is as successful as a sophisticated home monitoring device with an interactive program in patients with HF who are elderly, women and non-Caucasian males and receive the care from a community-based primary care practitioner.",18995174,NotContradiction
as_001367,"In patients with CHF, does care giving or teleguidiance-telecare, compared to usual care, reduce morbidity","Frequent monitoring and patient management using a telemedicine system may help to reduce hospitalizations, hospital days, and emergency department visits.",18325458,Telemedicine management may not be appropriate for all HF patients.,21982700,Contradiction
as_001368,"In patients with CHF, does care giving or teleguidiance-telecare, compared to usual care, reduce morbidity","Frequent monitoring and patient management using a telemedicine system may help to reduce hospitalizations, hospital days, and emergency department visits.",18325458,Telehealth technologies are a viable means of providing home monitoring to patients with heart disease at high risk of hospital readmission to improve their self-care abilities.,18206525,NotContradiction
as_001369,"In patients with CHF, does care giving or teleguidiance-telecare, compared to usual care, reduce morbidity","Frequent monitoring and patient management using a telemedicine system may help to reduce hospitalizations, hospital days, and emergency department visits.",18325458,"The preliminary results of this ongoing study support the feasibility and appropriateness of new technologies for the management of heart failure, even in elderly patients in whom a limited expertise with these appliances could have been anticipated.",17402355,NotContradiction
as_001370,"In patients with CHF, does care giving or teleguidiance-telecare, compared to usual care, reduce morbidity","This study demonstrates that a six-month, multidisciplinary approach to CHF management can improve important clinical outcomes at a similar cost in recently hospitalized high-risk patients with CHF.",11823086,"Despite effective implementation of an Internet-based telehealth intervention in an elderly HF population, there was no discernible impact on overall morbidity or mortality.",21504262,Contradiction
as_001371,"In patients with CHF, does care giving or teleguidiance-telecare, compared to usual care, reduce morbidity","This study demonstrates that a six-month, multidisciplinary approach to CHF management can improve important clinical outcomes at a similar cost in recently hospitalized high-risk patients with CHF.",11823086,Telemonitoring using mobile phones as patient terminals has the potential to reduce frequency and duration of heart failure hospitalizations.,19687005,NotContradiction
as_001372,"In patients with CHF, does care giving or teleguidiance-telecare, compared to usual care, reduce morbidity","This study demonstrates that a six-month, multidisciplinary approach to CHF management can improve important clinical outcomes at a similar cost in recently hospitalized high-risk patients with CHF.",11823086,Home telecare may not offer incremental benefit beyond telephone follow-up and is more expensive.,11606877,Contradiction
as_001373,"In patients with CHF, does care giving or teleguidiance-telecare, compared to usual care, reduce morbidity","This study demonstrates that a six-month, multidisciplinary approach to CHF management can improve important clinical outcomes at a similar cost in recently hospitalized high-risk patients with CHF.",11823086,Daily electronic transmission of body weight and monitoring three times a week did not decrease hospitalization or death in HF patients followed up at a HF clinic.,22371525,Contradiction
as_001374,"In patients with CHF, does care giving or teleguidiance-telecare, compared to usual care, reduce morbidity","This study demonstrates that a six-month, multidisciplinary approach to CHF management can improve important clinical outcomes at a similar cost in recently hospitalized high-risk patients with CHF.",11823086,"However, telemonitoring tends to reduce heart failure (re)admissions and significantly decreases contacts with specialized nurses.",22588319,NotContradiction
as_001375,"In patients with CHF, does care giving or teleguidiance-telecare, compared to usual care, reduce morbidity","This study demonstrates that a six-month, multidisciplinary approach to CHF management can improve important clinical outcomes at a similar cost in recently hospitalized high-risk patients with CHF.",11823086,A formal education and support intervention substantially reduced adverse clinical outcomes and costs for patients with HF.,11755291,NotContradiction
as_001376,"In patients with CHF, does care giving or teleguidiance-telecare, compared to usual care, reduce morbidity","This study demonstrates that a six-month, multidisciplinary approach to CHF management can improve important clinical outcomes at a similar cost in recently hospitalized high-risk patients with CHF.",11823086,"Despite no difference in the primary end point of rehospitalization rates, mortality was significantly reduced for patients randomized to the AlereNet system without an increase in utilization, despite specialized and aggressive heart failure care in both groups.",14564327,NotContradiction
as_001377,"In patients with CHF, does care giving or teleguidiance-telecare, compared to usual care, reduce morbidity","This study demonstrates that a six-month, multidisciplinary approach to CHF management can improve important clinical outcomes at a similar cost in recently hospitalized high-risk patients with CHF.",11823086,"The results indicate that total treatment costs and mortality rate can be reduced by telemetric monitoring of patients in CHF, especially in men.",17315117,NotContradiction
as_001378,"In patients with CHF, does care giving or teleguidiance-telecare, compared to usual care, reduce morbidity","This study demonstrates that a six-month, multidisciplinary approach to CHF management can improve important clinical outcomes at a similar cost in recently hospitalized high-risk patients with CHF.",11823086,"Caregiver mastery, informal social support, and electronic home monitoring were not significant predictors for risk of hospital readmission.",18326990,Contradiction
as_001379,"In patients with CHF, does care giving or teleguidiance-telecare, compared to usual care, reduce morbidity","This study demonstrates that a six-month, multidisciplinary approach to CHF management can improve important clinical outcomes at a similar cost in recently hospitalized high-risk patients with CHF.",11823086,Subgroup analysis of patients who lived locally and saw a cardiologist showed a significant decrease in CHF readmissions for the intervention group (P =.03).,12695272,NotContradiction
as_001380,"In patients with CHF, does care giving or teleguidiance-telecare, compared to usual care, reduce morbidity","This study demonstrates that a six-month, multidisciplinary approach to CHF management can improve important clinical outcomes at a similar cost in recently hospitalized high-risk patients with CHF.",11823086,No significant difference was found on cardiovascular mortality between groups.,18222552,Contradiction
as_001381,"In patients with CHF, does care giving or teleguidiance-telecare, compared to usual care, reduce morbidity","This study demonstrates that a six-month, multidisciplinary approach to CHF management can improve important clinical outcomes at a similar cost in recently hospitalized high-risk patients with CHF.",11823086,"A nurse-administered, telephone-based disease management program delayed subsequent health care encounters, but had minimal impact on other outcomes.",15948086,NotContradiction
as_001382,"In patients with CHF, does care giving or teleguidiance-telecare, compared to usual care, reduce morbidity","This study demonstrates that a six-month, multidisciplinary approach to CHF management can improve important clinical outcomes at a similar cost in recently hospitalized high-risk patients with CHF.",11823086,"The reduction in hospitalizations, costs, and other resource use achieved using standardized telephonic case management in the early months after a heart failure admission is greater than that usually achieved with pharmaceutical therapy and comparable with other disease management approaches.",11911726,NotContradiction
as_001383,"In patients with CHF, does care giving or teleguidiance-telecare, compared to usual care, reduce morbidity","This study demonstrates that a six-month, multidisciplinary approach to CHF management can improve important clinical outcomes at a similar cost in recently hospitalized high-risk patients with CHF.",11823086,"Our study results suggest that enhanced patient education and follow-up is as successful as a sophisticated home monitoring device with an interactive program in patients with HF who are elderly, women and non-Caucasian males and receive the care from a community-based primary care practitioner.",18995174,NotContradiction
as_001384,"In patients with CHF, does care giving or teleguidiance-telecare, compared to usual care, reduce morbidity","This study demonstrates that a six-month, multidisciplinary approach to CHF management can improve important clinical outcomes at a similar cost in recently hospitalized high-risk patients with CHF.",11823086,Telemedicine management may not be appropriate for all HF patients.,21982700,Contradiction
as_001385,"In patients with CHF, does care giving or teleguidiance-telecare, compared to usual care, reduce morbidity","This study demonstrates that a six-month, multidisciplinary approach to CHF management can improve important clinical outcomes at a similar cost in recently hospitalized high-risk patients with CHF.",11823086,Telehealth technologies are a viable means of providing home monitoring to patients with heart disease at high risk of hospital readmission to improve their self-care abilities.,18206525,NotContradiction
as_001386,"In patients with CHF, does care giving or teleguidiance-telecare, compared to usual care, reduce morbidity","This study demonstrates that a six-month, multidisciplinary approach to CHF management can improve important clinical outcomes at a similar cost in recently hospitalized high-risk patients with CHF.",11823086,"The preliminary results of this ongoing study support the feasibility and appropriateness of new technologies for the management of heart failure, even in elderly patients in whom a limited expertise with these appliances could have been anticipated.",17402355,NotContradiction
as_001387,"In patients with CHF, does care giving or teleguidiance-telecare, compared to usual care, reduce morbidity","Despite effective implementation of an Internet-based telehealth intervention in an elderly HF population, there was no discernible impact on overall morbidity or mortality.",21504262,Telemonitoring using mobile phones as patient terminals has the potential to reduce frequency and duration of heart failure hospitalizations.,19687005,Contradiction
as_001388,"In patients with CHF, does care giving or teleguidiance-telecare, compared to usual care, reduce morbidity","Despite effective implementation of an Internet-based telehealth intervention in an elderly HF population, there was no discernible impact on overall morbidity or mortality.",21504262,Home telecare may not offer incremental benefit beyond telephone follow-up and is more expensive.,11606877,NotContradiction
as_001389,"In patients with CHF, does care giving or teleguidiance-telecare, compared to usual care, reduce morbidity","Despite effective implementation of an Internet-based telehealth intervention in an elderly HF population, there was no discernible impact on overall morbidity or mortality.",21504262,Daily electronic transmission of body weight and monitoring three times a week did not decrease hospitalization or death in HF patients followed up at a HF clinic.,22371525,NotContradiction
as_001390,"In patients with CHF, does care giving or teleguidiance-telecare, compared to usual care, reduce morbidity","Despite effective implementation of an Internet-based telehealth intervention in an elderly HF population, there was no discernible impact on overall morbidity or mortality.",21504262,"However, telemonitoring tends to reduce heart failure (re)admissions and significantly decreases contacts with specialized nurses.",22588319,Contradiction
as_001391,"In patients with CHF, does care giving or teleguidiance-telecare, compared to usual care, reduce morbidity","Despite effective implementation of an Internet-based telehealth intervention in an elderly HF population, there was no discernible impact on overall morbidity or mortality.",21504262,A formal education and support intervention substantially reduced adverse clinical outcomes and costs for patients with HF.,11755291,Contradiction
as_001392,"In patients with CHF, does care giving or teleguidiance-telecare, compared to usual care, reduce morbidity","Despite effective implementation of an Internet-based telehealth intervention in an elderly HF population, there was no discernible impact on overall morbidity or mortality.",21504262,"Despite no difference in the primary end point of rehospitalization rates, mortality was significantly reduced for patients randomized to the AlereNet system without an increase in utilization, despite specialized and aggressive heart failure care in both groups.",14564327,Contradiction
as_001393,"In patients with CHF, does care giving or teleguidiance-telecare, compared to usual care, reduce morbidity","Despite effective implementation of an Internet-based telehealth intervention in an elderly HF population, there was no discernible impact on overall morbidity or mortality.",21504262,"The results indicate that total treatment costs and mortality rate can be reduced by telemetric monitoring of patients in CHF, especially in men.",17315117,Contradiction
as_001394,"In patients with CHF, does care giving or teleguidiance-telecare, compared to usual care, reduce morbidity","Despite effective implementation of an Internet-based telehealth intervention in an elderly HF population, there was no discernible impact on overall morbidity or mortality.",21504262,"Caregiver mastery, informal social support, and electronic home monitoring were not significant predictors for risk of hospital readmission.",18326990,NotContradiction
as_001395,"In patients with CHF, does care giving or teleguidiance-telecare, compared to usual care, reduce morbidity","Despite effective implementation of an Internet-based telehealth intervention in an elderly HF population, there was no discernible impact on overall morbidity or mortality.",21504262,Subgroup analysis of patients who lived locally and saw a cardiologist showed a significant decrease in CHF readmissions for the intervention group (P =.03).,12695272,Contradiction
as_001396,"In patients with CHF, does care giving or teleguidiance-telecare, compared to usual care, reduce morbidity","Despite effective implementation of an Internet-based telehealth intervention in an elderly HF population, there was no discernible impact on overall morbidity or mortality.",21504262,No significant difference was found on cardiovascular mortality between groups.,18222552,NotContradiction
as_001397,"In patients with CHF, does care giving or teleguidiance-telecare, compared to usual care, reduce morbidity","Despite effective implementation of an Internet-based telehealth intervention in an elderly HF population, there was no discernible impact on overall morbidity or mortality.",21504262,"A nurse-administered, telephone-based disease management program delayed subsequent health care encounters, but had minimal impact on other outcomes.",15948086,Contradiction
as_001398,"In patients with CHF, does care giving or teleguidiance-telecare, compared to usual care, reduce morbidity","Despite effective implementation of an Internet-based telehealth intervention in an elderly HF population, there was no discernible impact on overall morbidity or mortality.",21504262,"The reduction in hospitalizations, costs, and other resource use achieved using standardized telephonic case management in the early months after a heart failure admission is greater than that usually achieved with pharmaceutical therapy and comparable with other disease management approaches.",11911726,Contradiction
as_001399,"In patients with CHF, does care giving or teleguidiance-telecare, compared to usual care, reduce morbidity","Despite effective implementation of an Internet-based telehealth intervention in an elderly HF population, there was no discernible impact on overall morbidity or mortality.",21504262,"Our study results suggest that enhanced patient education and follow-up is as successful as a sophisticated home monitoring device with an interactive program in patients with HF who are elderly, women and non-Caucasian males and receive the care from a community-based primary care practitioner.",18995174,Contradiction
as_001400,"In patients with CHF, does care giving or teleguidiance-telecare, compared to usual care, reduce morbidity","Despite effective implementation of an Internet-based telehealth intervention in an elderly HF population, there was no discernible impact on overall morbidity or mortality.",21504262,Telemedicine management may not be appropriate for all HF patients.,21982700,NotContradiction
as_001401,"In patients with CHF, does care giving or teleguidiance-telecare, compared to usual care, reduce morbidity","Despite effective implementation of an Internet-based telehealth intervention in an elderly HF population, there was no discernible impact on overall morbidity or mortality.",21504262,Telehealth technologies are a viable means of providing home monitoring to patients with heart disease at high risk of hospital readmission to improve their self-care abilities.,18206525,Contradiction
as_001402,"In patients with CHF, does care giving or teleguidiance-telecare, compared to usual care, reduce morbidity","Despite effective implementation of an Internet-based telehealth intervention in an elderly HF population, there was no discernible impact on overall morbidity or mortality.",21504262,"The preliminary results of this ongoing study support the feasibility and appropriateness of new technologies for the management of heart failure, even in elderly patients in whom a limited expertise with these appliances could have been anticipated.",17402355,Contradiction
as_001403,"In patients with CHF, does care giving or teleguidiance-telecare, compared to usual care, reduce morbidity",Telemonitoring using mobile phones as patient terminals has the potential to reduce frequency and duration of heart failure hospitalizations.,19687005,Home telecare may not offer incremental benefit beyond telephone follow-up and is more expensive.,11606877,Contradiction
as_001404,"In patients with CHF, does care giving or teleguidiance-telecare, compared to usual care, reduce morbidity",Telemonitoring using mobile phones as patient terminals has the potential to reduce frequency and duration of heart failure hospitalizations.,19687005,Daily electronic transmission of body weight and monitoring three times a week did not decrease hospitalization or death in HF patients followed up at a HF clinic.,22371525,Contradiction
as_001405,"In patients with CHF, does care giving or teleguidiance-telecare, compared to usual care, reduce morbidity",Telemonitoring using mobile phones as patient terminals has the potential to reduce frequency and duration of heart failure hospitalizations.,19687005,"However, telemonitoring tends to reduce heart failure (re)admissions and significantly decreases contacts with specialized nurses.",22588319,NotContradiction
as_001406,"In patients with CHF, does care giving or teleguidiance-telecare, compared to usual care, reduce morbidity",Telemonitoring using mobile phones as patient terminals has the potential to reduce frequency and duration of heart failure hospitalizations.,19687005,A formal education and support intervention substantially reduced adverse clinical outcomes and costs for patients with HF.,11755291,NotContradiction
as_001407,"In patients with CHF, does care giving or teleguidiance-telecare, compared to usual care, reduce morbidity",Telemonitoring using mobile phones as patient terminals has the potential to reduce frequency and duration of heart failure hospitalizations.,19687005,"Despite no difference in the primary end point of rehospitalization rates, mortality was significantly reduced for patients randomized to the AlereNet system without an increase in utilization, despite specialized and aggressive heart failure care in both groups.",14564327,NotContradiction
as_001408,"In patients with CHF, does care giving or teleguidiance-telecare, compared to usual care, reduce morbidity",Telemonitoring using mobile phones as patient terminals has the potential to reduce frequency and duration of heart failure hospitalizations.,19687005,"The results indicate that total treatment costs and mortality rate can be reduced by telemetric monitoring of patients in CHF, especially in men.",17315117,NotContradiction
as_001409,"In patients with CHF, does care giving or teleguidiance-telecare, compared to usual care, reduce morbidity",Telemonitoring using mobile phones as patient terminals has the potential to reduce frequency and duration of heart failure hospitalizations.,19687005,"Caregiver mastery, informal social support, and electronic home monitoring were not significant predictors for risk of hospital readmission.",18326990,Contradiction
as_001410,"In patients with CHF, does care giving or teleguidiance-telecare, compared to usual care, reduce morbidity",Telemonitoring using mobile phones as patient terminals has the potential to reduce frequency and duration of heart failure hospitalizations.,19687005,Subgroup analysis of patients who lived locally and saw a cardiologist showed a significant decrease in CHF readmissions for the intervention group (P =.03).,12695272,NotContradiction
as_001411,"In patients with CHF, does care giving or teleguidiance-telecare, compared to usual care, reduce morbidity",Telemonitoring using mobile phones as patient terminals has the potential to reduce frequency and duration of heart failure hospitalizations.,19687005,No significant difference was found on cardiovascular mortality between groups.,18222552,Contradiction
as_001412,"In patients with CHF, does care giving or teleguidiance-telecare, compared to usual care, reduce morbidity",Telemonitoring using mobile phones as patient terminals has the potential to reduce frequency and duration of heart failure hospitalizations.,19687005,"A nurse-administered, telephone-based disease management program delayed subsequent health care encounters, but had minimal impact on other outcomes.",15948086,NotContradiction
as_001413,"In patients with CHF, does care giving or teleguidiance-telecare, compared to usual care, reduce morbidity",Telemonitoring using mobile phones as patient terminals has the potential to reduce frequency and duration of heart failure hospitalizations.,19687005,"The reduction in hospitalizations, costs, and other resource use achieved using standardized telephonic case management in the early months after a heart failure admission is greater than that usually achieved with pharmaceutical therapy and comparable with other disease management approaches.",11911726,NotContradiction
as_001414,"In patients with CHF, does care giving or teleguidiance-telecare, compared to usual care, reduce morbidity",Telemonitoring using mobile phones as patient terminals has the potential to reduce frequency and duration of heart failure hospitalizations.,19687005,"Our study results suggest that enhanced patient education and follow-up is as successful as a sophisticated home monitoring device with an interactive program in patients with HF who are elderly, women and non-Caucasian males and receive the care from a community-based primary care practitioner.",18995174,NotContradiction
as_001415,"In patients with CHF, does care giving or teleguidiance-telecare, compared to usual care, reduce morbidity",Telemonitoring using mobile phones as patient terminals has the potential to reduce frequency and duration of heart failure hospitalizations.,19687005,Telemedicine management may not be appropriate for all HF patients.,21982700,Contradiction
as_001416,"In patients with CHF, does care giving or teleguidiance-telecare, compared to usual care, reduce morbidity",Telemonitoring using mobile phones as patient terminals has the potential to reduce frequency and duration of heart failure hospitalizations.,19687005,Telehealth technologies are a viable means of providing home monitoring to patients with heart disease at high risk of hospital readmission to improve their self-care abilities.,18206525,NotContradiction
as_001417,"In patients with CHF, does care giving or teleguidiance-telecare, compared to usual care, reduce morbidity",Telemonitoring using mobile phones as patient terminals has the potential to reduce frequency and duration of heart failure hospitalizations.,19687005,"The preliminary results of this ongoing study support the feasibility and appropriateness of new technologies for the management of heart failure, even in elderly patients in whom a limited expertise with these appliances could have been anticipated.",17402355,NotContradiction
as_001418,"In patients with CHF, does care giving or teleguidiance-telecare, compared to usual care, reduce morbidity",Home telecare may not offer incremental benefit beyond telephone follow-up and is more expensive.,11606877,Daily electronic transmission of body weight and monitoring three times a week did not decrease hospitalization or death in HF patients followed up at a HF clinic.,22371525,NotContradiction
as_001419,"In patients with CHF, does care giving or teleguidiance-telecare, compared to usual care, reduce morbidity",Home telecare may not offer incremental benefit beyond telephone follow-up and is more expensive.,11606877,"However, telemonitoring tends to reduce heart failure (re)admissions and significantly decreases contacts with specialized nurses.",22588319,Contradiction
as_001420,"In patients with CHF, does care giving or teleguidiance-telecare, compared to usual care, reduce morbidity",Home telecare may not offer incremental benefit beyond telephone follow-up and is more expensive.,11606877,A formal education and support intervention substantially reduced adverse clinical outcomes and costs for patients with HF.,11755291,Contradiction
as_001421,"In patients with CHF, does care giving or teleguidiance-telecare, compared to usual care, reduce morbidity",Home telecare may not offer incremental benefit beyond telephone follow-up and is more expensive.,11606877,"Despite no difference in the primary end point of rehospitalization rates, mortality was significantly reduced for patients randomized to the AlereNet system without an increase in utilization, despite specialized and aggressive heart failure care in both groups.",14564327,Contradiction
as_001422,"In patients with CHF, does care giving or teleguidiance-telecare, compared to usual care, reduce morbidity",Home telecare may not offer incremental benefit beyond telephone follow-up and is more expensive.,11606877,"The results indicate that total treatment costs and mortality rate can be reduced by telemetric monitoring of patients in CHF, especially in men.",17315117,Contradiction
as_001423,"In patients with CHF, does care giving or teleguidiance-telecare, compared to usual care, reduce morbidity",Home telecare may not offer incremental benefit beyond telephone follow-up and is more expensive.,11606877,"Caregiver mastery, informal social support, and electronic home monitoring were not significant predictors for risk of hospital readmission.",18326990,NotContradiction
as_001424,"In patients with CHF, does care giving or teleguidiance-telecare, compared to usual care, reduce morbidity",Home telecare may not offer incremental benefit beyond telephone follow-up and is more expensive.,11606877,Subgroup analysis of patients who lived locally and saw a cardiologist showed a significant decrease in CHF readmissions for the intervention group (P =.03).,12695272,Contradiction
as_001425,"In patients with CHF, does care giving or teleguidiance-telecare, compared to usual care, reduce morbidity",Home telecare may not offer incremental benefit beyond telephone follow-up and is more expensive.,11606877,No significant difference was found on cardiovascular mortality between groups.,18222552,NotContradiction
as_001426,"In patients with CHF, does care giving or teleguidiance-telecare, compared to usual care, reduce morbidity",Home telecare may not offer incremental benefit beyond telephone follow-up and is more expensive.,11606877,"A nurse-administered, telephone-based disease management program delayed subsequent health care encounters, but had minimal impact on other outcomes.",15948086,Contradiction
as_001427,"In patients with CHF, does care giving or teleguidiance-telecare, compared to usual care, reduce morbidity",Home telecare may not offer incremental benefit beyond telephone follow-up and is more expensive.,11606877,"The reduction in hospitalizations, costs, and other resource use achieved using standardized telephonic case management in the early months after a heart failure admission is greater than that usually achieved with pharmaceutical therapy and comparable with other disease management approaches.",11911726,Contradiction
as_001428,"In patients with CHF, does care giving or teleguidiance-telecare, compared to usual care, reduce morbidity",Home telecare may not offer incremental benefit beyond telephone follow-up and is more expensive.,11606877,"Our study results suggest that enhanced patient education and follow-up is as successful as a sophisticated home monitoring device with an interactive program in patients with HF who are elderly, women and non-Caucasian males and receive the care from a community-based primary care practitioner.",18995174,Contradiction
as_001429,"In patients with CHF, does care giving or teleguidiance-telecare, compared to usual care, reduce morbidity",Home telecare may not offer incremental benefit beyond telephone follow-up and is more expensive.,11606877,Telemedicine management may not be appropriate for all HF patients.,21982700,NotContradiction
as_001430,"In patients with CHF, does care giving or teleguidiance-telecare, compared to usual care, reduce morbidity",Home telecare may not offer incremental benefit beyond telephone follow-up and is more expensive.,11606877,Telehealth technologies are a viable means of providing home monitoring to patients with heart disease at high risk of hospital readmission to improve their self-care abilities.,18206525,Contradiction
as_001431,"In patients with CHF, does care giving or teleguidiance-telecare, compared to usual care, reduce morbidity",Home telecare may not offer incremental benefit beyond telephone follow-up and is more expensive.,11606877,"The preliminary results of this ongoing study support the feasibility and appropriateness of new technologies for the management of heart failure, even in elderly patients in whom a limited expertise with these appliances could have been anticipated.",17402355,Contradiction
as_001432,"In patients with CHF, does care giving or teleguidiance-telecare, compared to usual care, reduce morbidity",Daily electronic transmission of body weight and monitoring three times a week did not decrease hospitalization or death in HF patients followed up at a HF clinic.,22371525,"However, telemonitoring tends to reduce heart failure (re)admissions and significantly decreases contacts with specialized nurses.",22588319,Contradiction
as_001433,"In patients with CHF, does care giving or teleguidiance-telecare, compared to usual care, reduce morbidity",Daily electronic transmission of body weight and monitoring three times a week did not decrease hospitalization or death in HF patients followed up at a HF clinic.,22371525,A formal education and support intervention substantially reduced adverse clinical outcomes and costs for patients with HF.,11755291,Contradiction
as_001434,"In patients with CHF, does care giving or teleguidiance-telecare, compared to usual care, reduce morbidity",Daily electronic transmission of body weight and monitoring three times a week did not decrease hospitalization or death in HF patients followed up at a HF clinic.,22371525,"Despite no difference in the primary end point of rehospitalization rates, mortality was significantly reduced for patients randomized to the AlereNet system without an increase in utilization, despite specialized and aggressive heart failure care in both groups.",14564327,Contradiction
as_001435,"In patients with CHF, does care giving or teleguidiance-telecare, compared to usual care, reduce morbidity",Daily electronic transmission of body weight and monitoring three times a week did not decrease hospitalization or death in HF patients followed up at a HF clinic.,22371525,"The results indicate that total treatment costs and mortality rate can be reduced by telemetric monitoring of patients in CHF, especially in men.",17315117,Contradiction
as_001436,"In patients with CHF, does care giving or teleguidiance-telecare, compared to usual care, reduce morbidity",Daily electronic transmission of body weight and monitoring three times a week did not decrease hospitalization or death in HF patients followed up at a HF clinic.,22371525,"Caregiver mastery, informal social support, and electronic home monitoring were not significant predictors for risk of hospital readmission.",18326990,NotContradiction
as_001437,"In patients with CHF, does care giving or teleguidiance-telecare, compared to usual care, reduce morbidity",Daily electronic transmission of body weight and monitoring three times a week did not decrease hospitalization or death in HF patients followed up at a HF clinic.,22371525,Subgroup analysis of patients who lived locally and saw a cardiologist showed a significant decrease in CHF readmissions for the intervention group (P =.03).,12695272,Contradiction
as_001438,"In patients with CHF, does care giving or teleguidiance-telecare, compared to usual care, reduce morbidity",Daily electronic transmission of body weight and monitoring three times a week did not decrease hospitalization or death in HF patients followed up at a HF clinic.,22371525,No significant difference was found on cardiovascular mortality between groups.,18222552,NotContradiction
as_001439,"In patients with CHF, does care giving or teleguidiance-telecare, compared to usual care, reduce morbidity",Daily electronic transmission of body weight and monitoring three times a week did not decrease hospitalization or death in HF patients followed up at a HF clinic.,22371525,"A nurse-administered, telephone-based disease management program delayed subsequent health care encounters, but had minimal impact on other outcomes.",15948086,Contradiction
as_001440,"In patients with CHF, does care giving or teleguidiance-telecare, compared to usual care, reduce morbidity",Daily electronic transmission of body weight and monitoring three times a week did not decrease hospitalization or death in HF patients followed up at a HF clinic.,22371525,"The reduction in hospitalizations, costs, and other resource use achieved using standardized telephonic case management in the early months after a heart failure admission is greater than that usually achieved with pharmaceutical therapy and comparable with other disease management approaches.",11911726,Contradiction
as_001441,"In patients with CHF, does care giving or teleguidiance-telecare, compared to usual care, reduce morbidity",Daily electronic transmission of body weight and monitoring three times a week did not decrease hospitalization or death in HF patients followed up at a HF clinic.,22371525,"Our study results suggest that enhanced patient education and follow-up is as successful as a sophisticated home monitoring device with an interactive program in patients with HF who are elderly, women and non-Caucasian males and receive the care from a community-based primary care practitioner.",18995174,Contradiction
as_001442,"In patients with CHF, does care giving or teleguidiance-telecare, compared to usual care, reduce morbidity",Daily electronic transmission of body weight and monitoring three times a week did not decrease hospitalization or death in HF patients followed up at a HF clinic.,22371525,Telemedicine management may not be appropriate for all HF patients.,21982700,NotContradiction
as_001443,"In patients with CHF, does care giving or teleguidiance-telecare, compared to usual care, reduce morbidity",Daily electronic transmission of body weight and monitoring three times a week did not decrease hospitalization or death in HF patients followed up at a HF clinic.,22371525,Telehealth technologies are a viable means of providing home monitoring to patients with heart disease at high risk of hospital readmission to improve their self-care abilities.,18206525,Contradiction
as_001444,"In patients with CHF, does care giving or teleguidiance-telecare, compared to usual care, reduce morbidity",Daily electronic transmission of body weight and monitoring three times a week did not decrease hospitalization or death in HF patients followed up at a HF clinic.,22371525,"The preliminary results of this ongoing study support the feasibility and appropriateness of new technologies for the management of heart failure, even in elderly patients in whom a limited expertise with these appliances could have been anticipated.",17402355,Contradiction
as_001445,"In patients with CHF, does care giving or teleguidiance-telecare, compared to usual care, reduce morbidity","However, telemonitoring tends to reduce heart failure (re)admissions and significantly decreases contacts with specialized nurses.",22588319,A formal education and support intervention substantially reduced adverse clinical outcomes and costs for patients with HF.,11755291,NotContradiction
as_001446,"In patients with CHF, does care giving or teleguidiance-telecare, compared to usual care, reduce morbidity","However, telemonitoring tends to reduce heart failure (re)admissions and significantly decreases contacts with specialized nurses.",22588319,"Despite no difference in the primary end point of rehospitalization rates, mortality was significantly reduced for patients randomized to the AlereNet system without an increase in utilization, despite specialized and aggressive heart failure care in both groups.",14564327,NotContradiction
as_001447,"In patients with CHF, does care giving or teleguidiance-telecare, compared to usual care, reduce morbidity","However, telemonitoring tends to reduce heart failure (re)admissions and significantly decreases contacts with specialized nurses.",22588319,"The results indicate that total treatment costs and mortality rate can be reduced by telemetric monitoring of patients in CHF, especially in men.",17315117,NotContradiction
as_001448,"In patients with CHF, does care giving or teleguidiance-telecare, compared to usual care, reduce morbidity","However, telemonitoring tends to reduce heart failure (re)admissions and significantly decreases contacts with specialized nurses.",22588319,"Caregiver mastery, informal social support, and electronic home monitoring were not significant predictors for risk of hospital readmission.",18326990,Contradiction
as_001449,"In patients with CHF, does care giving or teleguidiance-telecare, compared to usual care, reduce morbidity","However, telemonitoring tends to reduce heart failure (re)admissions and significantly decreases contacts with specialized nurses.",22588319,Subgroup analysis of patients who lived locally and saw a cardiologist showed a significant decrease in CHF readmissions for the intervention group (P =.03).,12695272,NotContradiction
as_001450,"In patients with CHF, does care giving or teleguidiance-telecare, compared to usual care, reduce morbidity","However, telemonitoring tends to reduce heart failure (re)admissions and significantly decreases contacts with specialized nurses.",22588319,No significant difference was found on cardiovascular mortality between groups.,18222552,Contradiction
as_001451,"In patients with CHF, does care giving or teleguidiance-telecare, compared to usual care, reduce morbidity","However, telemonitoring tends to reduce heart failure (re)admissions and significantly decreases contacts with specialized nurses.",22588319,"A nurse-administered, telephone-based disease management program delayed subsequent health care encounters, but had minimal impact on other outcomes.",15948086,NotContradiction
as_001452,"In patients with CHF, does care giving or teleguidiance-telecare, compared to usual care, reduce morbidity","However, telemonitoring tends to reduce heart failure (re)admissions and significantly decreases contacts with specialized nurses.",22588319,"The reduction in hospitalizations, costs, and other resource use achieved using standardized telephonic case management in the early months after a heart failure admission is greater than that usually achieved with pharmaceutical therapy and comparable with other disease management approaches.",11911726,NotContradiction
as_001453,"In patients with CHF, does care giving or teleguidiance-telecare, compared to usual care, reduce morbidity","However, telemonitoring tends to reduce heart failure (re)admissions and significantly decreases contacts with specialized nurses.",22588319,"Our study results suggest that enhanced patient education and follow-up is as successful as a sophisticated home monitoring device with an interactive program in patients with HF who are elderly, women and non-Caucasian males and receive the care from a community-based primary care practitioner.",18995174,NotContradiction
as_001454,"In patients with CHF, does care giving or teleguidiance-telecare, compared to usual care, reduce morbidity","However, telemonitoring tends to reduce heart failure (re)admissions and significantly decreases contacts with specialized nurses.",22588319,Telemedicine management may not be appropriate for all HF patients.,21982700,Contradiction
as_001455,"In patients with CHF, does care giving or teleguidiance-telecare, compared to usual care, reduce morbidity","However, telemonitoring tends to reduce heart failure (re)admissions and significantly decreases contacts with specialized nurses.",22588319,Telehealth technologies are a viable means of providing home monitoring to patients with heart disease at high risk of hospital readmission to improve their self-care abilities.,18206525,NotContradiction
as_001456,"In patients with CHF, does care giving or teleguidiance-telecare, compared to usual care, reduce morbidity","However, telemonitoring tends to reduce heart failure (re)admissions and significantly decreases contacts with specialized nurses.",22588319,"The preliminary results of this ongoing study support the feasibility and appropriateness of new technologies for the management of heart failure, even in elderly patients in whom a limited expertise with these appliances could have been anticipated.",17402355,NotContradiction
as_001457,"In patients with CHF, does care giving or teleguidiance-telecare, compared to usual care, reduce morbidity",A formal education and support intervention substantially reduced adverse clinical outcomes and costs for patients with HF.,11755291,"Despite no difference in the primary end point of rehospitalization rates, mortality was significantly reduced for patients randomized to the AlereNet system without an increase in utilization, despite specialized and aggressive heart failure care in both groups.",14564327,NotContradiction
as_001458,"In patients with CHF, does care giving or teleguidiance-telecare, compared to usual care, reduce morbidity",A formal education and support intervention substantially reduced adverse clinical outcomes and costs for patients with HF.,11755291,"The results indicate that total treatment costs and mortality rate can be reduced by telemetric monitoring of patients in CHF, especially in men.",17315117,NotContradiction
as_001459,"In patients with CHF, does care giving or teleguidiance-telecare, compared to usual care, reduce morbidity",A formal education and support intervention substantially reduced adverse clinical outcomes and costs for patients with HF.,11755291,"Caregiver mastery, informal social support, and electronic home monitoring were not significant predictors for risk of hospital readmission.",18326990,Contradiction
as_001460,"In patients with CHF, does care giving or teleguidiance-telecare, compared to usual care, reduce morbidity",A formal education and support intervention substantially reduced adverse clinical outcomes and costs for patients with HF.,11755291,Subgroup analysis of patients who lived locally and saw a cardiologist showed a significant decrease in CHF readmissions for the intervention group (P =.03).,12695272,NotContradiction
as_001461,"In patients with CHF, does care giving or teleguidiance-telecare, compared to usual care, reduce morbidity",A formal education and support intervention substantially reduced adverse clinical outcomes and costs for patients with HF.,11755291,No significant difference was found on cardiovascular mortality between groups.,18222552,Contradiction
as_001462,"In patients with CHF, does care giving or teleguidiance-telecare, compared to usual care, reduce morbidity",A formal education and support intervention substantially reduced adverse clinical outcomes and costs for patients with HF.,11755291,"A nurse-administered, telephone-based disease management program delayed subsequent health care encounters, but had minimal impact on other outcomes.",15948086,NotContradiction
as_001463,"In patients with CHF, does care giving or teleguidiance-telecare, compared to usual care, reduce morbidity",A formal education and support intervention substantially reduced adverse clinical outcomes and costs for patients with HF.,11755291,"The reduction in hospitalizations, costs, and other resource use achieved using standardized telephonic case management in the early months after a heart failure admission is greater than that usually achieved with pharmaceutical therapy and comparable with other disease management approaches.",11911726,NotContradiction
as_001464,"In patients with CHF, does care giving or teleguidiance-telecare, compared to usual care, reduce morbidity",A formal education and support intervention substantially reduced adverse clinical outcomes and costs for patients with HF.,11755291,"Our study results suggest that enhanced patient education and follow-up is as successful as a sophisticated home monitoring device with an interactive program in patients with HF who are elderly, women and non-Caucasian males and receive the care from a community-based primary care practitioner.",18995174,NotContradiction
as_001465,"In patients with CHF, does care giving or teleguidiance-telecare, compared to usual care, reduce morbidity",A formal education and support intervention substantially reduced adverse clinical outcomes and costs for patients with HF.,11755291,Telemedicine management may not be appropriate for all HF patients.,21982700,Contradiction
as_001466,"In patients with CHF, does care giving or teleguidiance-telecare, compared to usual care, reduce morbidity",A formal education and support intervention substantially reduced adverse clinical outcomes and costs for patients with HF.,11755291,Telehealth technologies are a viable means of providing home monitoring to patients with heart disease at high risk of hospital readmission to improve their self-care abilities.,18206525,NotContradiction
as_001467,"In patients with CHF, does care giving or teleguidiance-telecare, compared to usual care, reduce morbidity",A formal education and support intervention substantially reduced adverse clinical outcomes and costs for patients with HF.,11755291,"The preliminary results of this ongoing study support the feasibility and appropriateness of new technologies for the management of heart failure, even in elderly patients in whom a limited expertise with these appliances could have been anticipated.",17402355,NotContradiction
as_001468,"In patients with CHF, does care giving or teleguidiance-telecare, compared to usual care, reduce morbidity","Despite no difference in the primary end point of rehospitalization rates, mortality was significantly reduced for patients randomized to the AlereNet system without an increase in utilization, despite specialized and aggressive heart failure care in both groups.",14564327,"The results indicate that total treatment costs and mortality rate can be reduced by telemetric monitoring of patients in CHF, especially in men.",17315117,NotContradiction
as_001469,"In patients with CHF, does care giving or teleguidiance-telecare, compared to usual care, reduce morbidity","Despite no difference in the primary end point of rehospitalization rates, mortality was significantly reduced for patients randomized to the AlereNet system without an increase in utilization, despite specialized and aggressive heart failure care in both groups.",14564327,"Caregiver mastery, informal social support, and electronic home monitoring were not significant predictors for risk of hospital readmission.",18326990,Contradiction
as_001470,"In patients with CHF, does care giving or teleguidiance-telecare, compared to usual care, reduce morbidity","Despite no difference in the primary end point of rehospitalization rates, mortality was significantly reduced for patients randomized to the AlereNet system without an increase in utilization, despite specialized and aggressive heart failure care in both groups.",14564327,Subgroup analysis of patients who lived locally and saw a cardiologist showed a significant decrease in CHF readmissions for the intervention group (P =.03).,12695272,NotContradiction
as_001471,"In patients with CHF, does care giving or teleguidiance-telecare, compared to usual care, reduce morbidity","Despite no difference in the primary end point of rehospitalization rates, mortality was significantly reduced for patients randomized to the AlereNet system without an increase in utilization, despite specialized and aggressive heart failure care in both groups.",14564327,No significant difference was found on cardiovascular mortality between groups.,18222552,Contradiction
as_001472,"In patients with CHF, does care giving or teleguidiance-telecare, compared to usual care, reduce morbidity","Despite no difference in the primary end point of rehospitalization rates, mortality was significantly reduced for patients randomized to the AlereNet system without an increase in utilization, despite specialized and aggressive heart failure care in both groups.",14564327,"A nurse-administered, telephone-based disease management program delayed subsequent health care encounters, but had minimal impact on other outcomes.",15948086,NotContradiction
as_001473,"In patients with CHF, does care giving or teleguidiance-telecare, compared to usual care, reduce morbidity","Despite no difference in the primary end point of rehospitalization rates, mortality was significantly reduced for patients randomized to the AlereNet system without an increase in utilization, despite specialized and aggressive heart failure care in both groups.",14564327,"The reduction in hospitalizations, costs, and other resource use achieved using standardized telephonic case management in the early months after a heart failure admission is greater than that usually achieved with pharmaceutical therapy and comparable with other disease management approaches.",11911726,NotContradiction
as_001474,"In patients with CHF, does care giving or teleguidiance-telecare, compared to usual care, reduce morbidity","Despite no difference in the primary end point of rehospitalization rates, mortality was significantly reduced for patients randomized to the AlereNet system without an increase in utilization, despite specialized and aggressive heart failure care in both groups.",14564327,"Our study results suggest that enhanced patient education and follow-up is as successful as a sophisticated home monitoring device with an interactive program in patients with HF who are elderly, women and non-Caucasian males and receive the care from a community-based primary care practitioner.",18995174,NotContradiction
as_001475,"In patients with CHF, does care giving or teleguidiance-telecare, compared to usual care, reduce morbidity","Despite no difference in the primary end point of rehospitalization rates, mortality was significantly reduced for patients randomized to the AlereNet system without an increase in utilization, despite specialized and aggressive heart failure care in both groups.",14564327,Telemedicine management may not be appropriate for all HF patients.,21982700,Contradiction
as_001476,"In patients with CHF, does care giving or teleguidiance-telecare, compared to usual care, reduce morbidity","Despite no difference in the primary end point of rehospitalization rates, mortality was significantly reduced for patients randomized to the AlereNet system without an increase in utilization, despite specialized and aggressive heart failure care in both groups.",14564327,Telehealth technologies are a viable means of providing home monitoring to patients with heart disease at high risk of hospital readmission to improve their self-care abilities.,18206525,NotContradiction
as_001477,"In patients with CHF, does care giving or teleguidiance-telecare, compared to usual care, reduce morbidity","Despite no difference in the primary end point of rehospitalization rates, mortality was significantly reduced for patients randomized to the AlereNet system without an increase in utilization, despite specialized and aggressive heart failure care in both groups.",14564327,"The preliminary results of this ongoing study support the feasibility and appropriateness of new technologies for the management of heart failure, even in elderly patients in whom a limited expertise with these appliances could have been anticipated.",17402355,NotContradiction
as_001478,"In patients with CHF, does care giving or teleguidiance-telecare, compared to usual care, reduce morbidity","The results indicate that total treatment costs and mortality rate can be reduced by telemetric monitoring of patients in CHF, especially in men.",17315117,"Caregiver mastery, informal social support, and electronic home monitoring were not significant predictors for risk of hospital readmission.",18326990,Contradiction
as_001479,"In patients with CHF, does care giving or teleguidiance-telecare, compared to usual care, reduce morbidity","The results indicate that total treatment costs and mortality rate can be reduced by telemetric monitoring of patients in CHF, especially in men.",17315117,Subgroup analysis of patients who lived locally and saw a cardiologist showed a significant decrease in CHF readmissions for the intervention group (P =.03).,12695272,NotContradiction
as_001480,"In patients with CHF, does care giving or teleguidiance-telecare, compared to usual care, reduce morbidity","The results indicate that total treatment costs and mortality rate can be reduced by telemetric monitoring of patients in CHF, especially in men.",17315117,No significant difference was found on cardiovascular mortality between groups.,18222552,Contradiction
as_001481,"In patients with CHF, does care giving or teleguidiance-telecare, compared to usual care, reduce morbidity","The results indicate that total treatment costs and mortality rate can be reduced by telemetric monitoring of patients in CHF, especially in men.",17315117,"A nurse-administered, telephone-based disease management program delayed subsequent health care encounters, but had minimal impact on other outcomes.",15948086,NotContradiction
as_001482,"In patients with CHF, does care giving or teleguidiance-telecare, compared to usual care, reduce morbidity","The results indicate that total treatment costs and mortality rate can be reduced by telemetric monitoring of patients in CHF, especially in men.",17315117,"The reduction in hospitalizations, costs, and other resource use achieved using standardized telephonic case management in the early months after a heart failure admission is greater than that usually achieved with pharmaceutical therapy and comparable with other disease management approaches.",11911726,NotContradiction
as_001483,"In patients with CHF, does care giving or teleguidiance-telecare, compared to usual care, reduce morbidity","The results indicate that total treatment costs and mortality rate can be reduced by telemetric monitoring of patients in CHF, especially in men.",17315117,"Our study results suggest that enhanced patient education and follow-up is as successful as a sophisticated home monitoring device with an interactive program in patients with HF who are elderly, women and non-Caucasian males and receive the care from a community-based primary care practitioner.",18995174,NotContradiction
as_001484,"In patients with CHF, does care giving or teleguidiance-telecare, compared to usual care, reduce morbidity","The results indicate that total treatment costs and mortality rate can be reduced by telemetric monitoring of patients in CHF, especially in men.",17315117,Telemedicine management may not be appropriate for all HF patients.,21982700,Contradiction
as_001485,"In patients with CHF, does care giving or teleguidiance-telecare, compared to usual care, reduce morbidity","The results indicate that total treatment costs and mortality rate can be reduced by telemetric monitoring of patients in CHF, especially in men.",17315117,Telehealth technologies are a viable means of providing home monitoring to patients with heart disease at high risk of hospital readmission to improve their self-care abilities.,18206525,NotContradiction
as_001486,"In patients with CHF, does care giving or teleguidiance-telecare, compared to usual care, reduce morbidity","The results indicate that total treatment costs and mortality rate can be reduced by telemetric monitoring of patients in CHF, especially in men.",17315117,"The preliminary results of this ongoing study support the feasibility and appropriateness of new technologies for the management of heart failure, even in elderly patients in whom a limited expertise with these appliances could have been anticipated.",17402355,NotContradiction
as_001487,"In patients with CHF, does care giving or teleguidiance-telecare, compared to usual care, reduce morbidity","Caregiver mastery, informal social support, and electronic home monitoring were not significant predictors for risk of hospital readmission.",18326990,Subgroup analysis of patients who lived locally and saw a cardiologist showed a significant decrease in CHF readmissions for the intervention group (P =.03).,12695272,Contradiction
as_001488,"In patients with CHF, does care giving or teleguidiance-telecare, compared to usual care, reduce morbidity","Caregiver mastery, informal social support, and electronic home monitoring were not significant predictors for risk of hospital readmission.",18326990,No significant difference was found on cardiovascular mortality between groups.,18222552,NotContradiction
as_001489,"In patients with CHF, does care giving or teleguidiance-telecare, compared to usual care, reduce morbidity","Caregiver mastery, informal social support, and electronic home monitoring were not significant predictors for risk of hospital readmission.",18326990,"A nurse-administered, telephone-based disease management program delayed subsequent health care encounters, but had minimal impact on other outcomes.",15948086,Contradiction
as_001490,"In patients with CHF, does care giving or teleguidiance-telecare, compared to usual care, reduce morbidity","Caregiver mastery, informal social support, and electronic home monitoring were not significant predictors for risk of hospital readmission.",18326990,"The reduction in hospitalizations, costs, and other resource use achieved using standardized telephonic case management in the early months after a heart failure admission is greater than that usually achieved with pharmaceutical therapy and comparable with other disease management approaches.",11911726,Contradiction
as_001491,"In patients with CHF, does care giving or teleguidiance-telecare, compared to usual care, reduce morbidity","Caregiver mastery, informal social support, and electronic home monitoring were not significant predictors for risk of hospital readmission.",18326990,"Our study results suggest that enhanced patient education and follow-up is as successful as a sophisticated home monitoring device with an interactive program in patients with HF who are elderly, women and non-Caucasian males and receive the care from a community-based primary care practitioner.",18995174,Contradiction
as_001492,"In patients with CHF, does care giving or teleguidiance-telecare, compared to usual care, reduce morbidity","Caregiver mastery, informal social support, and electronic home monitoring were not significant predictors for risk of hospital readmission.",18326990,Telemedicine management may not be appropriate for all HF patients.,21982700,NotContradiction
as_001493,"In patients with CHF, does care giving or teleguidiance-telecare, compared to usual care, reduce morbidity","Caregiver mastery, informal social support, and electronic home monitoring were not significant predictors for risk of hospital readmission.",18326990,Telehealth technologies are a viable means of providing home monitoring to patients with heart disease at high risk of hospital readmission to improve their self-care abilities.,18206525,Contradiction
as_001494,"In patients with CHF, does care giving or teleguidiance-telecare, compared to usual care, reduce morbidity","Caregiver mastery, informal social support, and electronic home monitoring were not significant predictors for risk of hospital readmission.",18326990,"The preliminary results of this ongoing study support the feasibility and appropriateness of new technologies for the management of heart failure, even in elderly patients in whom a limited expertise with these appliances could have been anticipated.",17402355,Contradiction
as_001495,"In patients with CHF, does care giving or teleguidiance-telecare, compared to usual care, reduce morbidity",Subgroup analysis of patients who lived locally and saw a cardiologist showed a significant decrease in CHF readmissions for the intervention group (P =.03).,12695272,No significant difference was found on cardiovascular mortality between groups.,18222552,Contradiction
as_001496,"In patients with CHF, does care giving or teleguidiance-telecare, compared to usual care, reduce morbidity",Subgroup analysis of patients who lived locally and saw a cardiologist showed a significant decrease in CHF readmissions for the intervention group (P =.03).,12695272,"A nurse-administered, telephone-based disease management program delayed subsequent health care encounters, but had minimal impact on other outcomes.",15948086,NotContradiction
as_001497,"In patients with CHF, does care giving or teleguidiance-telecare, compared to usual care, reduce morbidity",Subgroup analysis of patients who lived locally and saw a cardiologist showed a significant decrease in CHF readmissions for the intervention group (P =.03).,12695272,"The reduction in hospitalizations, costs, and other resource use achieved using standardized telephonic case management in the early months after a heart failure admission is greater than that usually achieved with pharmaceutical therapy and comparable with other disease management approaches.",11911726,NotContradiction
as_001498,"In patients with CHF, does care giving or teleguidiance-telecare, compared to usual care, reduce morbidity",Subgroup analysis of patients who lived locally and saw a cardiologist showed a significant decrease in CHF readmissions for the intervention group (P =.03).,12695272,"Our study results suggest that enhanced patient education and follow-up is as successful as a sophisticated home monitoring device with an interactive program in patients with HF who are elderly, women and non-Caucasian males and receive the care from a community-based primary care practitioner.",18995174,NotContradiction
as_001499,"In patients with CHF, does care giving or teleguidiance-telecare, compared to usual care, reduce morbidity",Subgroup analysis of patients who lived locally and saw a cardiologist showed a significant decrease in CHF readmissions for the intervention group (P =.03).,12695272,Telemedicine management may not be appropriate for all HF patients.,21982700,Contradiction
as_001500,"In patients with CHF, does care giving or teleguidiance-telecare, compared to usual care, reduce morbidity",Subgroup analysis of patients who lived locally and saw a cardiologist showed a significant decrease in CHF readmissions for the intervention group (P =.03).,12695272,Telehealth technologies are a viable means of providing home monitoring to patients with heart disease at high risk of hospital readmission to improve their self-care abilities.,18206525,NotContradiction
as_001501,"In patients with CHF, does care giving or teleguidiance-telecare, compared to usual care, reduce morbidity",Subgroup analysis of patients who lived locally and saw a cardiologist showed a significant decrease in CHF readmissions for the intervention group (P =.03).,12695272,"The preliminary results of this ongoing study support the feasibility and appropriateness of new technologies for the management of heart failure, even in elderly patients in whom a limited expertise with these appliances could have been anticipated.",17402355,NotContradiction
as_001502,"In patients with CHF, does care giving or teleguidiance-telecare, compared to usual care, reduce morbidity",No significant difference was found on cardiovascular mortality between groups.,18222552,"A nurse-administered, telephone-based disease management program delayed subsequent health care encounters, but had minimal impact on other outcomes.",15948086,Contradiction
as_001503,"In patients with CHF, does care giving or teleguidiance-telecare, compared to usual care, reduce morbidity",No significant difference was found on cardiovascular mortality between groups.,18222552,"The reduction in hospitalizations, costs, and other resource use achieved using standardized telephonic case management in the early months after a heart failure admission is greater than that usually achieved with pharmaceutical therapy and comparable with other disease management approaches.",11911726,Contradiction
as_001504,"In patients with CHF, does care giving or teleguidiance-telecare, compared to usual care, reduce morbidity",No significant difference was found on cardiovascular mortality between groups.,18222552,"Our study results suggest that enhanced patient education and follow-up is as successful as a sophisticated home monitoring device with an interactive program in patients with HF who are elderly, women and non-Caucasian males and receive the care from a community-based primary care practitioner.",18995174,Contradiction
as_001505,"In patients with CHF, does care giving or teleguidiance-telecare, compared to usual care, reduce morbidity",No significant difference was found on cardiovascular mortality between groups.,18222552,Telemedicine management may not be appropriate for all HF patients.,21982700,NotContradiction
as_001506,"In patients with CHF, does care giving or teleguidiance-telecare, compared to usual care, reduce morbidity",No significant difference was found on cardiovascular mortality between groups.,18222552,Telehealth technologies are a viable means of providing home monitoring to patients with heart disease at high risk of hospital readmission to improve their self-care abilities.,18206525,Contradiction
as_001507,"In patients with CHF, does care giving or teleguidiance-telecare, compared to usual care, reduce morbidity",No significant difference was found on cardiovascular mortality between groups.,18222552,"The preliminary results of this ongoing study support the feasibility and appropriateness of new technologies for the management of heart failure, even in elderly patients in whom a limited expertise with these appliances could have been anticipated.",17402355,Contradiction
as_001508,"In patients with CHF, does care giving or teleguidiance-telecare, compared to usual care, reduce morbidity","A nurse-administered, telephone-based disease management program delayed subsequent health care encounters, but had minimal impact on other outcomes.",15948086,"The reduction in hospitalizations, costs, and other resource use achieved using standardized telephonic case management in the early months after a heart failure admission is greater than that usually achieved with pharmaceutical therapy and comparable with other disease management approaches.",11911726,NotContradiction
as_001509,"In patients with CHF, does care giving or teleguidiance-telecare, compared to usual care, reduce morbidity","A nurse-administered, telephone-based disease management program delayed subsequent health care encounters, but had minimal impact on other outcomes.",15948086,"Our study results suggest that enhanced patient education and follow-up is as successful as a sophisticated home monitoring device with an interactive program in patients with HF who are elderly, women and non-Caucasian males and receive the care from a community-based primary care practitioner.",18995174,NotContradiction
as_001510,"In patients with CHF, does care giving or teleguidiance-telecare, compared to usual care, reduce morbidity","A nurse-administered, telephone-based disease management program delayed subsequent health care encounters, but had minimal impact on other outcomes.",15948086,Telemedicine management may not be appropriate for all HF patients.,21982700,Contradiction
as_001511,"In patients with CHF, does care giving or teleguidiance-telecare, compared to usual care, reduce morbidity","A nurse-administered, telephone-based disease management program delayed subsequent health care encounters, but had minimal impact on other outcomes.",15948086,Telehealth technologies are a viable means of providing home monitoring to patients with heart disease at high risk of hospital readmission to improve their self-care abilities.,18206525,NotContradiction
as_001512,"In patients with CHF, does care giving or teleguidiance-telecare, compared to usual care, reduce morbidity","A nurse-administered, telephone-based disease management program delayed subsequent health care encounters, but had minimal impact on other outcomes.",15948086,"The preliminary results of this ongoing study support the feasibility and appropriateness of new technologies for the management of heart failure, even in elderly patients in whom a limited expertise with these appliances could have been anticipated.",17402355,NotContradiction
as_001513,"In patients with CHF, does care giving or teleguidiance-telecare, compared to usual care, reduce morbidity","The reduction in hospitalizations, costs, and other resource use achieved using standardized telephonic case management in the early months after a heart failure admission is greater than that usually achieved with pharmaceutical therapy and comparable with other disease management approaches.",11911726,"Our study results suggest that enhanced patient education and follow-up is as successful as a sophisticated home monitoring device with an interactive program in patients with HF who are elderly, women and non-Caucasian males and receive the care from a community-based primary care practitioner.",18995174,NotContradiction
as_001514,"In patients with CHF, does care giving or teleguidiance-telecare, compared to usual care, reduce morbidity","The reduction in hospitalizations, costs, and other resource use achieved using standardized telephonic case management in the early months after a heart failure admission is greater than that usually achieved with pharmaceutical therapy and comparable with other disease management approaches.",11911726,Telemedicine management may not be appropriate for all HF patients.,21982700,Contradiction
as_001515,"In patients with CHF, does care giving or teleguidiance-telecare, compared to usual care, reduce morbidity","The reduction in hospitalizations, costs, and other resource use achieved using standardized telephonic case management in the early months after a heart failure admission is greater than that usually achieved with pharmaceutical therapy and comparable with other disease management approaches.",11911726,Telehealth technologies are a viable means of providing home monitoring to patients with heart disease at high risk of hospital readmission to improve their self-care abilities.,18206525,NotContradiction
as_001516,"In patients with CHF, does care giving or teleguidiance-telecare, compared to usual care, reduce morbidity","The reduction in hospitalizations, costs, and other resource use achieved using standardized telephonic case management in the early months after a heart failure admission is greater than that usually achieved with pharmaceutical therapy and comparable with other disease management approaches.",11911726,"The preliminary results of this ongoing study support the feasibility and appropriateness of new technologies for the management of heart failure, even in elderly patients in whom a limited expertise with these appliances could have been anticipated.",17402355,NotContradiction
as_001517,"In patients with CHF, does care giving or teleguidiance-telecare, compared to usual care, reduce morbidity","Our study results suggest that enhanced patient education and follow-up is as successful as a sophisticated home monitoring device with an interactive program in patients with HF who are elderly, women and non-Caucasian males and receive the care from a community-based primary care practitioner.",18995174,Telemedicine management may not be appropriate for all HF patients.,21982700,Contradiction
as_001518,"In patients with CHF, does care giving or teleguidiance-telecare, compared to usual care, reduce morbidity","Our study results suggest that enhanced patient education and follow-up is as successful as a sophisticated home monitoring device with an interactive program in patients with HF who are elderly, women and non-Caucasian males and receive the care from a community-based primary care practitioner.",18995174,Telehealth technologies are a viable means of providing home monitoring to patients with heart disease at high risk of hospital readmission to improve their self-care abilities.,18206525,NotContradiction
as_001519,"In patients with CHF, does care giving or teleguidiance-telecare, compared to usual care, reduce morbidity","Our study results suggest that enhanced patient education and follow-up is as successful as a sophisticated home monitoring device with an interactive program in patients with HF who are elderly, women and non-Caucasian males and receive the care from a community-based primary care practitioner.",18995174,"The preliminary results of this ongoing study support the feasibility and appropriateness of new technologies for the management of heart failure, even in elderly patients in whom a limited expertise with these appliances could have been anticipated.",17402355,NotContradiction
as_001520,"In patients with CHF, does care giving or teleguidiance-telecare, compared to usual care, reduce morbidity",Telemedicine management may not be appropriate for all HF patients.,21982700,Telehealth technologies are a viable means of providing home monitoring to patients with heart disease at high risk of hospital readmission to improve their self-care abilities.,18206525,Contradiction
as_001521,"In patients with CHF, does care giving or teleguidiance-telecare, compared to usual care, reduce morbidity",Telemedicine management may not be appropriate for all HF patients.,21982700,"The preliminary results of this ongoing study support the feasibility and appropriateness of new technologies for the management of heart failure, even in elderly patients in whom a limited expertise with these appliances could have been anticipated.",17402355,Contradiction
as_001522,"In patients with CHF, does care giving or teleguidiance-telecare, compared to usual care, reduce morbidity",Telehealth technologies are a viable means of providing home monitoring to patients with heart disease at high risk of hospital readmission to improve their self-care abilities.,18206525,"The preliminary results of this ongoing study support the feasibility and appropriateness of new technologies for the management of heart failure, even in elderly patients in whom a limited expertise with these appliances could have been anticipated.",17402355,NotContradiction
as_001523,"In patients with heart failure, do statin drugs treatment, compared to non statin drug treatment, improve cardiac function or prevent cardiac morbidity",Atorvastatin therapy seems to be associated with decreased incidence of SCD in patients with advanced chronic heart failure.,18325461,Initiation and maintenance of treatment with statins is associated with better survival in patients with LVSD.,17383290,NotContradiction
as_001524,"In patients with heart failure, do statin drugs treatment, compared to non statin drug treatment, improve cardiac function or prevent cardiac morbidity",Atorvastatin therapy seems to be associated with decreased incidence of SCD in patients with advanced chronic heart failure.,18325461,"In conclusion, simvastatin therapy improves LV systolic function and decreases mortality, restenosis, and repeat PCI rate in patients with ischemic heart failure who underwent PCI for acute myocardial infarction.",15721103,NotContradiction
as_001525,"In patients with heart failure, do statin drugs treatment, compared to non statin drug treatment, improve cardiac function or prevent cardiac morbidity",Atorvastatin therapy seems to be associated with decreased incidence of SCD in patients with advanced chronic heart failure.,18325461,"Rosuvastatin 10 mg daily did not affect clinical outcomes in patients with chronic heart failure of any cause, in whom the drug was safe.",18757089,Contradiction
as_001526,"In patients with heart failure, do statin drugs treatment, compared to non statin drug treatment, improve cardiac function or prevent cardiac morbidity",Atorvastatin therapy seems to be associated with decreased incidence of SCD in patients with advanced chronic heart failure.,18325461,"In chronic heart failure, treatment with statins is related to lower mortality, independent of cholesterol levels, disease etiology and clinical status.",16846656,NotContradiction
as_001527,"In patients with heart failure, do statin drugs treatment, compared to non statin drug treatment, improve cardiac function or prevent cardiac morbidity",Atorvastatin therapy seems to be associated with decreased incidence of SCD in patients with advanced chronic heart failure.,18325461,"Rosuvastatin did not reduce the primary outcome or the number of deaths from any cause in older patients with systolic heart failure, although the drug did reduce the number of cardiovascular hospitalizations.",17984166,Contradiction
as_001528,"In patients with heart failure, do statin drugs treatment, compared to non statin drug treatment, improve cardiac function or prevent cardiac morbidity",Atorvastatin therapy seems to be associated with decreased incidence of SCD in patients with advanced chronic heart failure.,18325461,"Among adults diagnosed with heart failure who had no prior statin use, incident statin use was independently associated with lower risks of death and hospitalization among patients with or without coronary heart disease.",17077375,NotContradiction
as_001529,"In patients with heart failure, do statin drugs treatment, compared to non statin drug treatment, improve cardiac function or prevent cardiac morbidity",Atorvastatin therapy seems to be associated with decreased incidence of SCD in patients with advanced chronic heart failure.,18325461,"Atorvastatin shortens QTc, QTcd and improves cardiac function, and might thereby be parts of the mechanisms which atorvastatin benefited CHF patients secondary to CAD.",19042044,NotContradiction
as_001530,"In patients with heart failure, do statin drugs treatment, compared to non statin drug treatment, improve cardiac function or prevent cardiac morbidity",Atorvastatin therapy seems to be associated with decreased incidence of SCD in patients with advanced chronic heart failure.,18325461,This study showed that statin therapy may have beneficial effects on mortality and rehospitalization rates among patients with HF and PLVEF.,19157162,NotContradiction
as_001531,"In patients with heart failure, do statin drugs treatment, compared to non statin drug treatment, improve cardiac function or prevent cardiac morbidity",Atorvastatin therapy seems to be associated with decreased incidence of SCD in patients with advanced chronic heart failure.,18325461,The use of statin therapy in this nonrandomized trial was associated with a significant reduction in all-cause mortality and cardiac morbidity.,16230264,NotContradiction
as_001532,"In patients with heart failure, do statin drugs treatment, compared to non statin drug treatment, improve cardiac function or prevent cardiac morbidity",Atorvastatin therapy seems to be associated with decreased incidence of SCD in patients with advanced chronic heart failure.,18325461,Statin therapy may be associated with improved survival in patients with HF and a normal EF.,16009792,NotContradiction
as_001533,"In patients with heart failure, do statin drugs treatment, compared to non statin drug treatment, improve cardiac function or prevent cardiac morbidity",Atorvastatin therapy seems to be associated with decreased incidence of SCD in patients with advanced chronic heart failure.,18325461,The commencement of treatment with statins is associated with a dose-dependent reduction of the mortality and of the morbidity of patients with ndHF (systolic or non-systolic).,19106008,NotContradiction
as_001534,"In patients with heart failure, do statin drugs treatment, compared to non statin drug treatment, improve cardiac function or prevent cardiac morbidity",Atorvastatin therapy seems to be associated with decreased incidence of SCD in patients with advanced chronic heart failure.,18325461,"In patients with heart failure, statin treatment appears to be independently associated with better survival.",19268080,NotContradiction
as_001535,"In patients with heart failure, do statin drugs treatment, compared to non statin drug treatment, improve cardiac function or prevent cardiac morbidity",Atorvastatin therapy seems to be associated with decreased incidence of SCD in patients with advanced chronic heart failure.,18325461,Long-term atorvastatin therapy decreases neurohumoral activation and improves cardiac function in patients with mild to moderate CHF.,17540209,NotContradiction
as_001536,"In patients with heart failure, do statin drugs treatment, compared to non statin drug treatment, improve cardiac function or prevent cardiac morbidity",Atorvastatin therapy seems to be associated with decreased incidence of SCD in patients with advanced chronic heart failure.,18325461,Statin therapy is associated with a reduction in overall mortality in patients with ischemic or nonischemic cardiomyopathy with an ICD implanted for either primary or secondary prevention.,18362016,NotContradiction
as_001537,"In patients with heart failure, do statin drugs treatment, compared to non statin drug treatment, improve cardiac function or prevent cardiac morbidity",Initiation and maintenance of treatment with statins is associated with better survival in patients with LVSD.,17383290,"In conclusion, simvastatin therapy improves LV systolic function and decreases mortality, restenosis, and repeat PCI rate in patients with ischemic heart failure who underwent PCI for acute myocardial infarction.",15721103,NotContradiction
as_001538,"In patients with heart failure, do statin drugs treatment, compared to non statin drug treatment, improve cardiac function or prevent cardiac morbidity",Initiation and maintenance of treatment with statins is associated with better survival in patients with LVSD.,17383290,"Rosuvastatin 10 mg daily did not affect clinical outcomes in patients with chronic heart failure of any cause, in whom the drug was safe.",18757089,Contradiction
as_001539,"In patients with heart failure, do statin drugs treatment, compared to non statin drug treatment, improve cardiac function or prevent cardiac morbidity",Initiation and maintenance of treatment with statins is associated with better survival in patients with LVSD.,17383290,"In chronic heart failure, treatment with statins is related to lower mortality, independent of cholesterol levels, disease etiology and clinical status.",16846656,NotContradiction
as_001540,"In patients with heart failure, do statin drugs treatment, compared to non statin drug treatment, improve cardiac function or prevent cardiac morbidity",Initiation and maintenance of treatment with statins is associated with better survival in patients with LVSD.,17383290,"Rosuvastatin did not reduce the primary outcome or the number of deaths from any cause in older patients with systolic heart failure, although the drug did reduce the number of cardiovascular hospitalizations.",17984166,Contradiction
as_001541,"In patients with heart failure, do statin drugs treatment, compared to non statin drug treatment, improve cardiac function or prevent cardiac morbidity",Initiation and maintenance of treatment with statins is associated with better survival in patients with LVSD.,17383290,"Among adults diagnosed with heart failure who had no prior statin use, incident statin use was independently associated with lower risks of death and hospitalization among patients with or without coronary heart disease.",17077375,NotContradiction
as_001542,"In patients with heart failure, do statin drugs treatment, compared to non statin drug treatment, improve cardiac function or prevent cardiac morbidity",Initiation and maintenance of treatment with statins is associated with better survival in patients with LVSD.,17383290,"Atorvastatin shortens QTc, QTcd and improves cardiac function, and might thereby be parts of the mechanisms which atorvastatin benefited CHF patients secondary to CAD.",19042044,NotContradiction
as_001543,"In patients with heart failure, do statin drugs treatment, compared to non statin drug treatment, improve cardiac function or prevent cardiac morbidity",Initiation and maintenance of treatment with statins is associated with better survival in patients with LVSD.,17383290,This study showed that statin therapy may have beneficial effects on mortality and rehospitalization rates among patients with HF and PLVEF.,19157162,NotContradiction
as_001544,"In patients with heart failure, do statin drugs treatment, compared to non statin drug treatment, improve cardiac function or prevent cardiac morbidity",Initiation and maintenance of treatment with statins is associated with better survival in patients with LVSD.,17383290,The use of statin therapy in this nonrandomized trial was associated with a significant reduction in all-cause mortality and cardiac morbidity.,16230264,NotContradiction
as_001545,"In patients with heart failure, do statin drugs treatment, compared to non statin drug treatment, improve cardiac function or prevent cardiac morbidity",Initiation and maintenance of treatment with statins is associated with better survival in patients with LVSD.,17383290,Statin therapy may be associated with improved survival in patients with HF and a normal EF.,16009792,NotContradiction
as_001546,"In patients with heart failure, do statin drugs treatment, compared to non statin drug treatment, improve cardiac function or prevent cardiac morbidity",Initiation and maintenance of treatment with statins is associated with better survival in patients with LVSD.,17383290,The commencement of treatment with statins is associated with a dose-dependent reduction of the mortality and of the morbidity of patients with ndHF (systolic or non-systolic).,19106008,NotContradiction
as_001547,"In patients with heart failure, do statin drugs treatment, compared to non statin drug treatment, improve cardiac function or prevent cardiac morbidity",Initiation and maintenance of treatment with statins is associated with better survival in patients with LVSD.,17383290,"In patients with heart failure, statin treatment appears to be independently associated with better survival.",19268080,NotContradiction
as_001548,"In patients with heart failure, do statin drugs treatment, compared to non statin drug treatment, improve cardiac function or prevent cardiac morbidity",Initiation and maintenance of treatment with statins is associated with better survival in patients with LVSD.,17383290,Long-term atorvastatin therapy decreases neurohumoral activation and improves cardiac function in patients with mild to moderate CHF.,17540209,NotContradiction
as_001549,"In patients with heart failure, do statin drugs treatment, compared to non statin drug treatment, improve cardiac function or prevent cardiac morbidity",Initiation and maintenance of treatment with statins is associated with better survival in patients with LVSD.,17383290,Statin therapy is associated with a reduction in overall mortality in patients with ischemic or nonischemic cardiomyopathy with an ICD implanted for either primary or secondary prevention.,18362016,NotContradiction
as_001550,"In patients with heart failure, do statin drugs treatment, compared to non statin drug treatment, improve cardiac function or prevent cardiac morbidity","In conclusion, simvastatin therapy improves LV systolic function and decreases mortality, restenosis, and repeat PCI rate in patients with ischemic heart failure who underwent PCI for acute myocardial infarction.",15721103,"Rosuvastatin 10 mg daily did not affect clinical outcomes in patients with chronic heart failure of any cause, in whom the drug was safe.",18757089,Contradiction
as_001551,"In patients with heart failure, do statin drugs treatment, compared to non statin drug treatment, improve cardiac function or prevent cardiac morbidity","In conclusion, simvastatin therapy improves LV systolic function and decreases mortality, restenosis, and repeat PCI rate in patients with ischemic heart failure who underwent PCI for acute myocardial infarction.",15721103,"In chronic heart failure, treatment with statins is related to lower mortality, independent of cholesterol levels, disease etiology and clinical status.",16846656,NotContradiction
as_001552,"In patients with heart failure, do statin drugs treatment, compared to non statin drug treatment, improve cardiac function or prevent cardiac morbidity","In conclusion, simvastatin therapy improves LV systolic function and decreases mortality, restenosis, and repeat PCI rate in patients with ischemic heart failure who underwent PCI for acute myocardial infarction.",15721103,"Rosuvastatin did not reduce the primary outcome or the number of deaths from any cause in older patients with systolic heart failure, although the drug did reduce the number of cardiovascular hospitalizations.",17984166,Contradiction
as_001553,"In patients with heart failure, do statin drugs treatment, compared to non statin drug treatment, improve cardiac function or prevent cardiac morbidity","In conclusion, simvastatin therapy improves LV systolic function and decreases mortality, restenosis, and repeat PCI rate in patients with ischemic heart failure who underwent PCI for acute myocardial infarction.",15721103,"Among adults diagnosed with heart failure who had no prior statin use, incident statin use was independently associated with lower risks of death and hospitalization among patients with or without coronary heart disease.",17077375,NotContradiction
as_001554,"In patients with heart failure, do statin drugs treatment, compared to non statin drug treatment, improve cardiac function or prevent cardiac morbidity","In conclusion, simvastatin therapy improves LV systolic function and decreases mortality, restenosis, and repeat PCI rate in patients with ischemic heart failure who underwent PCI for acute myocardial infarction.",15721103,"Atorvastatin shortens QTc, QTcd and improves cardiac function, and might thereby be parts of the mechanisms which atorvastatin benefited CHF patients secondary to CAD.",19042044,NotContradiction
as_001555,"In patients with heart failure, do statin drugs treatment, compared to non statin drug treatment, improve cardiac function or prevent cardiac morbidity","In conclusion, simvastatin therapy improves LV systolic function and decreases mortality, restenosis, and repeat PCI rate in patients with ischemic heart failure who underwent PCI for acute myocardial infarction.",15721103,This study showed that statin therapy may have beneficial effects on mortality and rehospitalization rates among patients with HF and PLVEF.,19157162,NotContradiction
as_001556,"In patients with heart failure, do statin drugs treatment, compared to non statin drug treatment, improve cardiac function or prevent cardiac morbidity","In conclusion, simvastatin therapy improves LV systolic function and decreases mortality, restenosis, and repeat PCI rate in patients with ischemic heart failure who underwent PCI for acute myocardial infarction.",15721103,The use of statin therapy in this nonrandomized trial was associated with a significant reduction in all-cause mortality and cardiac morbidity.,16230264,NotContradiction
as_001557,"In patients with heart failure, do statin drugs treatment, compared to non statin drug treatment, improve cardiac function or prevent cardiac morbidity","In conclusion, simvastatin therapy improves LV systolic function and decreases mortality, restenosis, and repeat PCI rate in patients with ischemic heart failure who underwent PCI for acute myocardial infarction.",15721103,Statin therapy may be associated with improved survival in patients with HF and a normal EF.,16009792,NotContradiction
as_001558,"In patients with heart failure, do statin drugs treatment, compared to non statin drug treatment, improve cardiac function or prevent cardiac morbidity","In conclusion, simvastatin therapy improves LV systolic function and decreases mortality, restenosis, and repeat PCI rate in patients with ischemic heart failure who underwent PCI for acute myocardial infarction.",15721103,The commencement of treatment with statins is associated with a dose-dependent reduction of the mortality and of the morbidity of patients with ndHF (systolic or non-systolic).,19106008,NotContradiction
as_001559,"In patients with heart failure, do statin drugs treatment, compared to non statin drug treatment, improve cardiac function or prevent cardiac morbidity","In conclusion, simvastatin therapy improves LV systolic function and decreases mortality, restenosis, and repeat PCI rate in patients with ischemic heart failure who underwent PCI for acute myocardial infarction.",15721103,"In patients with heart failure, statin treatment appears to be independently associated with better survival.",19268080,NotContradiction
as_001560,"In patients with heart failure, do statin drugs treatment, compared to non statin drug treatment, improve cardiac function or prevent cardiac morbidity","In conclusion, simvastatin therapy improves LV systolic function and decreases mortality, restenosis, and repeat PCI rate in patients with ischemic heart failure who underwent PCI for acute myocardial infarction.",15721103,Long-term atorvastatin therapy decreases neurohumoral activation and improves cardiac function in patients with mild to moderate CHF.,17540209,NotContradiction
as_001561,"In patients with heart failure, do statin drugs treatment, compared to non statin drug treatment, improve cardiac function or prevent cardiac morbidity","In conclusion, simvastatin therapy improves LV systolic function and decreases mortality, restenosis, and repeat PCI rate in patients with ischemic heart failure who underwent PCI for acute myocardial infarction.",15721103,Statin therapy is associated with a reduction in overall mortality in patients with ischemic or nonischemic cardiomyopathy with an ICD implanted for either primary or secondary prevention.,18362016,NotContradiction
as_001562,"In patients with heart failure, do statin drugs treatment, compared to non statin drug treatment, improve cardiac function or prevent cardiac morbidity","Rosuvastatin 10 mg daily did not affect clinical outcomes in patients with chronic heart failure of any cause, in whom the drug was safe.",18757089,"In chronic heart failure, treatment with statins is related to lower mortality, independent of cholesterol levels, disease etiology and clinical status.",16846656,Contradiction
as_001563,"In patients with heart failure, do statin drugs treatment, compared to non statin drug treatment, improve cardiac function or prevent cardiac morbidity","Rosuvastatin 10 mg daily did not affect clinical outcomes in patients with chronic heart failure of any cause, in whom the drug was safe.",18757089,"Rosuvastatin did not reduce the primary outcome or the number of deaths from any cause in older patients with systolic heart failure, although the drug did reduce the number of cardiovascular hospitalizations.",17984166,NotContradiction
as_001564,"In patients with heart failure, do statin drugs treatment, compared to non statin drug treatment, improve cardiac function or prevent cardiac morbidity","Rosuvastatin 10 mg daily did not affect clinical outcomes in patients with chronic heart failure of any cause, in whom the drug was safe.",18757089,"Among adults diagnosed with heart failure who had no prior statin use, incident statin use was independently associated with lower risks of death and hospitalization among patients with or without coronary heart disease.",17077375,Contradiction
as_001565,"In patients with heart failure, do statin drugs treatment, compared to non statin drug treatment, improve cardiac function or prevent cardiac morbidity","Rosuvastatin 10 mg daily did not affect clinical outcomes in patients with chronic heart failure of any cause, in whom the drug was safe.",18757089,"Atorvastatin shortens QTc, QTcd and improves cardiac function, and might thereby be parts of the mechanisms which atorvastatin benefited CHF patients secondary to CAD.",19042044,Contradiction
as_001566,"In patients with heart failure, do statin drugs treatment, compared to non statin drug treatment, improve cardiac function or prevent cardiac morbidity","Rosuvastatin 10 mg daily did not affect clinical outcomes in patients with chronic heart failure of any cause, in whom the drug was safe.",18757089,This study showed that statin therapy may have beneficial effects on mortality and rehospitalization rates among patients with HF and PLVEF.,19157162,Contradiction
as_001567,"In patients with heart failure, do statin drugs treatment, compared to non statin drug treatment, improve cardiac function or prevent cardiac morbidity","Rosuvastatin 10 mg daily did not affect clinical outcomes in patients with chronic heart failure of any cause, in whom the drug was safe.",18757089,The use of statin therapy in this nonrandomized trial was associated with a significant reduction in all-cause mortality and cardiac morbidity.,16230264,Contradiction
as_001568,"In patients with heart failure, do statin drugs treatment, compared to non statin drug treatment, improve cardiac function or prevent cardiac morbidity","Rosuvastatin 10 mg daily did not affect clinical outcomes in patients with chronic heart failure of any cause, in whom the drug was safe.",18757089,Statin therapy may be associated with improved survival in patients with HF and a normal EF.,16009792,Contradiction
as_001569,"In patients with heart failure, do statin drugs treatment, compared to non statin drug treatment, improve cardiac function or prevent cardiac morbidity","Rosuvastatin 10 mg daily did not affect clinical outcomes in patients with chronic heart failure of any cause, in whom the drug was safe.",18757089,The commencement of treatment with statins is associated with a dose-dependent reduction of the mortality and of the morbidity of patients with ndHF (systolic or non-systolic).,19106008,Contradiction
as_001570,"In patients with heart failure, do statin drugs treatment, compared to non statin drug treatment, improve cardiac function or prevent cardiac morbidity","Rosuvastatin 10 mg daily did not affect clinical outcomes in patients with chronic heart failure of any cause, in whom the drug was safe.",18757089,"In patients with heart failure, statin treatment appears to be independently associated with better survival.",19268080,Contradiction
as_001571,"In patients with heart failure, do statin drugs treatment, compared to non statin drug treatment, improve cardiac function or prevent cardiac morbidity","Rosuvastatin 10 mg daily did not affect clinical outcomes in patients with chronic heart failure of any cause, in whom the drug was safe.",18757089,Long-term atorvastatin therapy decreases neurohumoral activation and improves cardiac function in patients with mild to moderate CHF.,17540209,Contradiction
as_001572,"In patients with heart failure, do statin drugs treatment, compared to non statin drug treatment, improve cardiac function or prevent cardiac morbidity","Rosuvastatin 10 mg daily did not affect clinical outcomes in patients with chronic heart failure of any cause, in whom the drug was safe.",18757089,Statin therapy is associated with a reduction in overall mortality in patients with ischemic or nonischemic cardiomyopathy with an ICD implanted for either primary or secondary prevention.,18362016,Contradiction
as_001573,"In patients with heart failure, do statin drugs treatment, compared to non statin drug treatment, improve cardiac function or prevent cardiac morbidity","In chronic heart failure, treatment with statins is related to lower mortality, independent of cholesterol levels, disease etiology and clinical status.",16846656,"Rosuvastatin did not reduce the primary outcome or the number of deaths from any cause in older patients with systolic heart failure, although the drug did reduce the number of cardiovascular hospitalizations.",17984166,Contradiction
as_001574,"In patients with heart failure, do statin drugs treatment, compared to non statin drug treatment, improve cardiac function or prevent cardiac morbidity","In chronic heart failure, treatment with statins is related to lower mortality, independent of cholesterol levels, disease etiology and clinical status.",16846656,"Among adults diagnosed with heart failure who had no prior statin use, incident statin use was independently associated with lower risks of death and hospitalization among patients with or without coronary heart disease.",17077375,NotContradiction
as_001575,"In patients with heart failure, do statin drugs treatment, compared to non statin drug treatment, improve cardiac function or prevent cardiac morbidity","In chronic heart failure, treatment with statins is related to lower mortality, independent of cholesterol levels, disease etiology and clinical status.",16846656,"Atorvastatin shortens QTc, QTcd and improves cardiac function, and might thereby be parts of the mechanisms which atorvastatin benefited CHF patients secondary to CAD.",19042044,NotContradiction
as_001576,"In patients with heart failure, do statin drugs treatment, compared to non statin drug treatment, improve cardiac function or prevent cardiac morbidity","In chronic heart failure, treatment with statins is related to lower mortality, independent of cholesterol levels, disease etiology and clinical status.",16846656,This study showed that statin therapy may have beneficial effects on mortality and rehospitalization rates among patients with HF and PLVEF.,19157162,NotContradiction
as_001577,"In patients with heart failure, do statin drugs treatment, compared to non statin drug treatment, improve cardiac function or prevent cardiac morbidity","In chronic heart failure, treatment with statins is related to lower mortality, independent of cholesterol levels, disease etiology and clinical status.",16846656,The use of statin therapy in this nonrandomized trial was associated with a significant reduction in all-cause mortality and cardiac morbidity.,16230264,NotContradiction
as_001578,"In patients with heart failure, do statin drugs treatment, compared to non statin drug treatment, improve cardiac function or prevent cardiac morbidity","In chronic heart failure, treatment with statins is related to lower mortality, independent of cholesterol levels, disease etiology and clinical status.",16846656,Statin therapy may be associated with improved survival in patients with HF and a normal EF.,16009792,NotContradiction
as_001579,"In patients with heart failure, do statin drugs treatment, compared to non statin drug treatment, improve cardiac function or prevent cardiac morbidity","In chronic heart failure, treatment with statins is related to lower mortality, independent of cholesterol levels, disease etiology and clinical status.",16846656,The commencement of treatment with statins is associated with a dose-dependent reduction of the mortality and of the morbidity of patients with ndHF (systolic or non-systolic).,19106008,NotContradiction
as_001580,"In patients with heart failure, do statin drugs treatment, compared to non statin drug treatment, improve cardiac function or prevent cardiac morbidity","In chronic heart failure, treatment with statins is related to lower mortality, independent of cholesterol levels, disease etiology and clinical status.",16846656,"In patients with heart failure, statin treatment appears to be independently associated with better survival.",19268080,NotContradiction
as_001581,"In patients with heart failure, do statin drugs treatment, compared to non statin drug treatment, improve cardiac function or prevent cardiac morbidity","In chronic heart failure, treatment with statins is related to lower mortality, independent of cholesterol levels, disease etiology and clinical status.",16846656,Long-term atorvastatin therapy decreases neurohumoral activation and improves cardiac function in patients with mild to moderate CHF.,17540209,NotContradiction
as_001582,"In patients with heart failure, do statin drugs treatment, compared to non statin drug treatment, improve cardiac function or prevent cardiac morbidity","In chronic heart failure, treatment with statins is related to lower mortality, independent of cholesterol levels, disease etiology and clinical status.",16846656,Statin therapy is associated with a reduction in overall mortality in patients with ischemic or nonischemic cardiomyopathy with an ICD implanted for either primary or secondary prevention.,18362016,NotContradiction
as_001583,"In patients with heart failure, do statin drugs treatment, compared to non statin drug treatment, improve cardiac function or prevent cardiac morbidity","Rosuvastatin did not reduce the primary outcome or the number of deaths from any cause in older patients with systolic heart failure, although the drug did reduce the number of cardiovascular hospitalizations.",17984166,"Among adults diagnosed with heart failure who had no prior statin use, incident statin use was independently associated with lower risks of death and hospitalization among patients with or without coronary heart disease.",17077375,Contradiction
as_001584,"In patients with heart failure, do statin drugs treatment, compared to non statin drug treatment, improve cardiac function or prevent cardiac morbidity","Rosuvastatin did not reduce the primary outcome or the number of deaths from any cause in older patients with systolic heart failure, although the drug did reduce the number of cardiovascular hospitalizations.",17984166,"Atorvastatin shortens QTc, QTcd and improves cardiac function, and might thereby be parts of the mechanisms which atorvastatin benefited CHF patients secondary to CAD.",19042044,Contradiction
as_001585,"In patients with heart failure, do statin drugs treatment, compared to non statin drug treatment, improve cardiac function or prevent cardiac morbidity","Rosuvastatin did not reduce the primary outcome or the number of deaths from any cause in older patients with systolic heart failure, although the drug did reduce the number of cardiovascular hospitalizations.",17984166,This study showed that statin therapy may have beneficial effects on mortality and rehospitalization rates among patients with HF and PLVEF.,19157162,Contradiction
as_001586,"In patients with heart failure, do statin drugs treatment, compared to non statin drug treatment, improve cardiac function or prevent cardiac morbidity","Rosuvastatin did not reduce the primary outcome or the number of deaths from any cause in older patients with systolic heart failure, although the drug did reduce the number of cardiovascular hospitalizations.",17984166,The use of statin therapy in this nonrandomized trial was associated with a significant reduction in all-cause mortality and cardiac morbidity.,16230264,Contradiction
as_001587,"In patients with heart failure, do statin drugs treatment, compared to non statin drug treatment, improve cardiac function or prevent cardiac morbidity","Rosuvastatin did not reduce the primary outcome or the number of deaths from any cause in older patients with systolic heart failure, although the drug did reduce the number of cardiovascular hospitalizations.",17984166,Statin therapy may be associated with improved survival in patients with HF and a normal EF.,16009792,Contradiction
as_001588,"In patients with heart failure, do statin drugs treatment, compared to non statin drug treatment, improve cardiac function or prevent cardiac morbidity","Rosuvastatin did not reduce the primary outcome or the number of deaths from any cause in older patients with systolic heart failure, although the drug did reduce the number of cardiovascular hospitalizations.",17984166,The commencement of treatment with statins is associated with a dose-dependent reduction of the mortality and of the morbidity of patients with ndHF (systolic or non-systolic).,19106008,Contradiction
as_001589,"In patients with heart failure, do statin drugs treatment, compared to non statin drug treatment, improve cardiac function or prevent cardiac morbidity","Rosuvastatin did not reduce the primary outcome or the number of deaths from any cause in older patients with systolic heart failure, although the drug did reduce the number of cardiovascular hospitalizations.",17984166,"In patients with heart failure, statin treatment appears to be independently associated with better survival.",19268080,Contradiction
as_001590,"In patients with heart failure, do statin drugs treatment, compared to non statin drug treatment, improve cardiac function or prevent cardiac morbidity","Rosuvastatin did not reduce the primary outcome or the number of deaths from any cause in older patients with systolic heart failure, although the drug did reduce the number of cardiovascular hospitalizations.",17984166,Long-term atorvastatin therapy decreases neurohumoral activation and improves cardiac function in patients with mild to moderate CHF.,17540209,Contradiction
as_001591,"In patients with heart failure, do statin drugs treatment, compared to non statin drug treatment, improve cardiac function or prevent cardiac morbidity","Rosuvastatin did not reduce the primary outcome or the number of deaths from any cause in older patients with systolic heart failure, although the drug did reduce the number of cardiovascular hospitalizations.",17984166,Statin therapy is associated with a reduction in overall mortality in patients with ischemic or nonischemic cardiomyopathy with an ICD implanted for either primary or secondary prevention.,18362016,Contradiction
as_001592,"In patients with heart failure, do statin drugs treatment, compared to non statin drug treatment, improve cardiac function or prevent cardiac morbidity","Among adults diagnosed with heart failure who had no prior statin use, incident statin use was independently associated with lower risks of death and hospitalization among patients with or without coronary heart disease.",17077375,"Atorvastatin shortens QTc, QTcd and improves cardiac function, and might thereby be parts of the mechanisms which atorvastatin benefited CHF patients secondary to CAD.",19042044,NotContradiction
as_001593,"In patients with heart failure, do statin drugs treatment, compared to non statin drug treatment, improve cardiac function or prevent cardiac morbidity","Among adults diagnosed with heart failure who had no prior statin use, incident statin use was independently associated with lower risks of death and hospitalization among patients with or without coronary heart disease.",17077375,This study showed that statin therapy may have beneficial effects on mortality and rehospitalization rates among patients with HF and PLVEF.,19157162,NotContradiction
as_001594,"In patients with heart failure, do statin drugs treatment, compared to non statin drug treatment, improve cardiac function or prevent cardiac morbidity","Among adults diagnosed with heart failure who had no prior statin use, incident statin use was independently associated with lower risks of death and hospitalization among patients with or without coronary heart disease.",17077375,The use of statin therapy in this nonrandomized trial was associated with a significant reduction in all-cause mortality and cardiac morbidity.,16230264,NotContradiction
as_001595,"In patients with heart failure, do statin drugs treatment, compared to non statin drug treatment, improve cardiac function or prevent cardiac morbidity","Among adults diagnosed with heart failure who had no prior statin use, incident statin use was independently associated with lower risks of death and hospitalization among patients with or without coronary heart disease.",17077375,Statin therapy may be associated with improved survival in patients with HF and a normal EF.,16009792,NotContradiction
as_001596,"In patients with heart failure, do statin drugs treatment, compared to non statin drug treatment, improve cardiac function or prevent cardiac morbidity","Among adults diagnosed with heart failure who had no prior statin use, incident statin use was independently associated with lower risks of death and hospitalization among patients with or without coronary heart disease.",17077375,The commencement of treatment with statins is associated with a dose-dependent reduction of the mortality and of the morbidity of patients with ndHF (systolic or non-systolic).,19106008,NotContradiction
as_001597,"In patients with heart failure, do statin drugs treatment, compared to non statin drug treatment, improve cardiac function or prevent cardiac morbidity","Among adults diagnosed with heart failure who had no prior statin use, incident statin use was independently associated with lower risks of death and hospitalization among patients with or without coronary heart disease.",17077375,"In patients with heart failure, statin treatment appears to be independently associated with better survival.",19268080,NotContradiction
as_001598,"In patients with heart failure, do statin drugs treatment, compared to non statin drug treatment, improve cardiac function or prevent cardiac morbidity","Among adults diagnosed with heart failure who had no prior statin use, incident statin use was independently associated with lower risks of death and hospitalization among patients with or without coronary heart disease.",17077375,Long-term atorvastatin therapy decreases neurohumoral activation and improves cardiac function in patients with mild to moderate CHF.,17540209,NotContradiction
as_001599,"In patients with heart failure, do statin drugs treatment, compared to non statin drug treatment, improve cardiac function or prevent cardiac morbidity","Among adults diagnosed with heart failure who had no prior statin use, incident statin use was independently associated with lower risks of death and hospitalization among patients with or without coronary heart disease.",17077375,Statin therapy is associated with a reduction in overall mortality in patients with ischemic or nonischemic cardiomyopathy with an ICD implanted for either primary or secondary prevention.,18362016,NotContradiction
as_001600,"In patients with heart failure, do statin drugs treatment, compared to non statin drug treatment, improve cardiac function or prevent cardiac morbidity","Atorvastatin shortens QTc, QTcd and improves cardiac function, and might thereby be parts of the mechanisms which atorvastatin benefited CHF patients secondary to CAD.",19042044,This study showed that statin therapy may have beneficial effects on mortality and rehospitalization rates among patients with HF and PLVEF.,19157162,NotContradiction
as_001601,"In patients with heart failure, do statin drugs treatment, compared to non statin drug treatment, improve cardiac function or prevent cardiac morbidity","Atorvastatin shortens QTc, QTcd and improves cardiac function, and might thereby be parts of the mechanisms which atorvastatin benefited CHF patients secondary to CAD.",19042044,The use of statin therapy in this nonrandomized trial was associated with a significant reduction in all-cause mortality and cardiac morbidity.,16230264,NotContradiction
as_001602,"In patients with heart failure, do statin drugs treatment, compared to non statin drug treatment, improve cardiac function or prevent cardiac morbidity","Atorvastatin shortens QTc, QTcd and improves cardiac function, and might thereby be parts of the mechanisms which atorvastatin benefited CHF patients secondary to CAD.",19042044,Statin therapy may be associated with improved survival in patients with HF and a normal EF.,16009792,NotContradiction
as_001603,"In patients with heart failure, do statin drugs treatment, compared to non statin drug treatment, improve cardiac function or prevent cardiac morbidity","Atorvastatin shortens QTc, QTcd and improves cardiac function, and might thereby be parts of the mechanisms which atorvastatin benefited CHF patients secondary to CAD.",19042044,The commencement of treatment with statins is associated with a dose-dependent reduction of the mortality and of the morbidity of patients with ndHF (systolic or non-systolic).,19106008,NotContradiction
as_001604,"In patients with heart failure, do statin drugs treatment, compared to non statin drug treatment, improve cardiac function or prevent cardiac morbidity","Atorvastatin shortens QTc, QTcd and improves cardiac function, and might thereby be parts of the mechanisms which atorvastatin benefited CHF patients secondary to CAD.",19042044,"In patients with heart failure, statin treatment appears to be independently associated with better survival.",19268080,NotContradiction
as_001605,"In patients with heart failure, do statin drugs treatment, compared to non statin drug treatment, improve cardiac function or prevent cardiac morbidity","Atorvastatin shortens QTc, QTcd and improves cardiac function, and might thereby be parts of the mechanisms which atorvastatin benefited CHF patients secondary to CAD.",19042044,Long-term atorvastatin therapy decreases neurohumoral activation and improves cardiac function in patients with mild to moderate CHF.,17540209,NotContradiction
as_001606,"In patients with heart failure, do statin drugs treatment, compared to non statin drug treatment, improve cardiac function or prevent cardiac morbidity","Atorvastatin shortens QTc, QTcd and improves cardiac function, and might thereby be parts of the mechanisms which atorvastatin benefited CHF patients secondary to CAD.",19042044,Statin therapy is associated with a reduction in overall mortality in patients with ischemic or nonischemic cardiomyopathy with an ICD implanted for either primary or secondary prevention.,18362016,NotContradiction
as_001607,"In patients with heart failure, do statin drugs treatment, compared to non statin drug treatment, improve cardiac function or prevent cardiac morbidity",This study showed that statin therapy may have beneficial effects on mortality and rehospitalization rates among patients with HF and PLVEF.,19157162,The use of statin therapy in this nonrandomized trial was associated with a significant reduction in all-cause mortality and cardiac morbidity.,16230264,NotContradiction
as_001608,"In patients with heart failure, do statin drugs treatment, compared to non statin drug treatment, improve cardiac function or prevent cardiac morbidity",This study showed that statin therapy may have beneficial effects on mortality and rehospitalization rates among patients with HF and PLVEF.,19157162,Statin therapy may be associated with improved survival in patients with HF and a normal EF.,16009792,NotContradiction
as_001609,"In patients with heart failure, do statin drugs treatment, compared to non statin drug treatment, improve cardiac function or prevent cardiac morbidity",This study showed that statin therapy may have beneficial effects on mortality and rehospitalization rates among patients with HF and PLVEF.,19157162,The commencement of treatment with statins is associated with a dose-dependent reduction of the mortality and of the morbidity of patients with ndHF (systolic or non-systolic).,19106008,NotContradiction
as_001610,"In patients with heart failure, do statin drugs treatment, compared to non statin drug treatment, improve cardiac function or prevent cardiac morbidity",This study showed that statin therapy may have beneficial effects on mortality and rehospitalization rates among patients with HF and PLVEF.,19157162,"In patients with heart failure, statin treatment appears to be independently associated with better survival.",19268080,NotContradiction
as_001611,"In patients with heart failure, do statin drugs treatment, compared to non statin drug treatment, improve cardiac function or prevent cardiac morbidity",This study showed that statin therapy may have beneficial effects on mortality and rehospitalization rates among patients with HF and PLVEF.,19157162,Long-term atorvastatin therapy decreases neurohumoral activation and improves cardiac function in patients with mild to moderate CHF.,17540209,NotContradiction
as_001612,"In patients with heart failure, do statin drugs treatment, compared to non statin drug treatment, improve cardiac function or prevent cardiac morbidity",This study showed that statin therapy may have beneficial effects on mortality and rehospitalization rates among patients with HF and PLVEF.,19157162,Statin therapy is associated with a reduction in overall mortality in patients with ischemic or nonischemic cardiomyopathy with an ICD implanted for either primary or secondary prevention.,18362016,NotContradiction
as_001613,"In patients with heart failure, do statin drugs treatment, compared to non statin drug treatment, improve cardiac function or prevent cardiac morbidity",The use of statin therapy in this nonrandomized trial was associated with a significant reduction in all-cause mortality and cardiac morbidity.,16230264,Statin therapy may be associated with improved survival in patients with HF and a normal EF.,16009792,NotContradiction
as_001614,"In patients with heart failure, do statin drugs treatment, compared to non statin drug treatment, improve cardiac function or prevent cardiac morbidity",The use of statin therapy in this nonrandomized trial was associated with a significant reduction in all-cause mortality and cardiac morbidity.,16230264,The commencement of treatment with statins is associated with a dose-dependent reduction of the mortality and of the morbidity of patients with ndHF (systolic or non-systolic).,19106008,NotContradiction
as_001615,"In patients with heart failure, do statin drugs treatment, compared to non statin drug treatment, improve cardiac function or prevent cardiac morbidity",The use of statin therapy in this nonrandomized trial was associated with a significant reduction in all-cause mortality and cardiac morbidity.,16230264,"In patients with heart failure, statin treatment appears to be independently associated with better survival.",19268080,NotContradiction
as_001616,"In patients with heart failure, do statin drugs treatment, compared to non statin drug treatment, improve cardiac function or prevent cardiac morbidity",The use of statin therapy in this nonrandomized trial was associated with a significant reduction in all-cause mortality and cardiac morbidity.,16230264,Long-term atorvastatin therapy decreases neurohumoral activation and improves cardiac function in patients with mild to moderate CHF.,17540209,NotContradiction
as_001617,"In patients with heart failure, do statin drugs treatment, compared to non statin drug treatment, improve cardiac function or prevent cardiac morbidity",The use of statin therapy in this nonrandomized trial was associated with a significant reduction in all-cause mortality and cardiac morbidity.,16230264,Statin therapy is associated with a reduction in overall mortality in patients with ischemic or nonischemic cardiomyopathy with an ICD implanted for either primary or secondary prevention.,18362016,NotContradiction
as_001618,"In patients with heart failure, do statin drugs treatment, compared to non statin drug treatment, improve cardiac function or prevent cardiac morbidity",Statin therapy may be associated with improved survival in patients with HF and a normal EF.,16009792,The commencement of treatment with statins is associated with a dose-dependent reduction of the mortality and of the morbidity of patients with ndHF (systolic or non-systolic).,19106008,NotContradiction
as_001619,"In patients with heart failure, do statin drugs treatment, compared to non statin drug treatment, improve cardiac function or prevent cardiac morbidity",Statin therapy may be associated with improved survival in patients with HF and a normal EF.,16009792,"In patients with heart failure, statin treatment appears to be independently associated with better survival.",19268080,NotContradiction
as_001620,"In patients with heart failure, do statin drugs treatment, compared to non statin drug treatment, improve cardiac function or prevent cardiac morbidity",Statin therapy may be associated with improved survival in patients with HF and a normal EF.,16009792,Long-term atorvastatin therapy decreases neurohumoral activation and improves cardiac function in patients with mild to moderate CHF.,17540209,NotContradiction
as_001621,"In patients with heart failure, do statin drugs treatment, compared to non statin drug treatment, improve cardiac function or prevent cardiac morbidity",Statin therapy may be associated with improved survival in patients with HF and a normal EF.,16009792,Statin therapy is associated with a reduction in overall mortality in patients with ischemic or nonischemic cardiomyopathy with an ICD implanted for either primary or secondary prevention.,18362016,NotContradiction
as_001622,"In patients with heart failure, do statin drugs treatment, compared to non statin drug treatment, improve cardiac function or prevent cardiac morbidity",The commencement of treatment with statins is associated with a dose-dependent reduction of the mortality and of the morbidity of patients with ndHF (systolic or non-systolic).,19106008,"In patients with heart failure, statin treatment appears to be independently associated with better survival.",19268080,NotContradiction
as_001623,"In patients with heart failure, do statin drugs treatment, compared to non statin drug treatment, improve cardiac function or prevent cardiac morbidity",The commencement of treatment with statins is associated with a dose-dependent reduction of the mortality and of the morbidity of patients with ndHF (systolic or non-systolic).,19106008,Long-term atorvastatin therapy decreases neurohumoral activation and improves cardiac function in patients with mild to moderate CHF.,17540209,NotContradiction
as_001624,"In patients with heart failure, do statin drugs treatment, compared to non statin drug treatment, improve cardiac function or prevent cardiac morbidity",The commencement of treatment with statins is associated with a dose-dependent reduction of the mortality and of the morbidity of patients with ndHF (systolic or non-systolic).,19106008,Statin therapy is associated with a reduction in overall mortality in patients with ischemic or nonischemic cardiomyopathy with an ICD implanted for either primary or secondary prevention.,18362016,NotContradiction
as_001625,"In patients with heart failure, do statin drugs treatment, compared to non statin drug treatment, improve cardiac function or prevent cardiac morbidity","In patients with heart failure, statin treatment appears to be independently associated with better survival.",19268080,Long-term atorvastatin therapy decreases neurohumoral activation and improves cardiac function in patients with mild to moderate CHF.,17540209,NotContradiction
as_001626,"In patients with heart failure, do statin drugs treatment, compared to non statin drug treatment, improve cardiac function or prevent cardiac morbidity","In patients with heart failure, statin treatment appears to be independently associated with better survival.",19268080,Statin therapy is associated with a reduction in overall mortality in patients with ischemic or nonischemic cardiomyopathy with an ICD implanted for either primary or secondary prevention.,18362016,NotContradiction
as_001627,"In patients with heart failure, do statin drugs treatment, compared to non statin drug treatment, improve cardiac function or prevent cardiac morbidity",Long-term atorvastatin therapy decreases neurohumoral activation and improves cardiac function in patients with mild to moderate CHF.,17540209,Statin therapy is associated with a reduction in overall mortality in patients with ischemic or nonischemic cardiomyopathy with an ICD implanted for either primary or secondary prevention.,18362016,NotContradiction
as_001628,"In patients with chronic heart disease, does Bone marrow Stem cell transplantation or injection, compared to none, improve cardiac function","Among patients with chronic ischemic heart failure, transendocardial injection of autologous BMCs compared with placebo did not improve LVESV, maximal oxygen consumption, or reversibility on SPECT.",22447880,"Thus, the present study demonstrates the relative safety of intramyocardial injections of bone marrow-derived stem cells in humans with severe heart failure and the potential for improving myocardial blood flow with associated enhancement of regional and global left ventricular function.",12707230,Contradiction
as_001629,"In patients with chronic heart disease, does Bone marrow Stem cell transplantation or injection, compared to none, improve cardiac function","Among patients with chronic ischemic heart failure, transendocardial injection of autologous BMCs compared with placebo did not improve LVESV, maximal oxygen consumption, or reversibility on SPECT.",22447880,"Intramyocardial delivery of purified bone marrow stem cells together with CABG surgery is safe and provides beneficial effects, though it remains to be seen whether thewe effects produce a lasting clinical advantage.",17320570,Contradiction
as_001630,"In patients with chronic heart disease, does Bone marrow Stem cell transplantation or injection, compared to none, improve cardiac function","Among patients with chronic ischemic heart failure, transendocardial injection of autologous BMCs compared with placebo did not improve LVESV, maximal oxygen consumption, or reversibility on SPECT.",22447880,"Injection of autologous BMCs directly into the scar or into the artery supplying the scar is safe but does not improve contractility of nonviable scarred myocardium, reduce scar size, or improve left ventricular function more than CABG alone.",18711405,NotContradiction
as_001631,"In patients with chronic heart disease, does Bone marrow Stem cell transplantation or injection, compared to none, improve cardiac function","Among patients with chronic ischemic heart failure, transendocardial injection of autologous BMCs compared with placebo did not improve LVESV, maximal oxygen consumption, or reversibility on SPECT.",22447880,"In summary, patients with a previous MI and chronic heart failure could potentially benefit from isolated CABG (i.e., those who received CABG only) combined with BMMNCs delivered through a graft vessel.",21658561,Contradiction
as_001632,"In patients with chronic heart disease, does Bone marrow Stem cell transplantation or injection, compared to none, improve cardiac function","Among patients with chronic ischemic heart failure, transendocardial injection of autologous BMCs compared with placebo did not improve LVESV, maximal oxygen consumption, or reversibility on SPECT.",22447880,"Intramyocardial bone marrow cell transplantation to patients with ischemic heart failure is safe and improved survival, clinical symptoms, and has beneficial effect on LV function.",20560030,Contradiction
as_001633,"In patients with chronic heart disease, does Bone marrow Stem cell transplantation or injection, compared to none, improve cardiac function","Among patients with chronic ischemic heart failure, transendocardial injection of autologous BMCs compared with placebo did not improve LVESV, maximal oxygen consumption, or reversibility on SPECT.",22447880,MN-BMC transplantation improves cardiac function and regional perfusion in ischemic heart failure patients during CABG.,19021989,Contradiction
as_001634,"In patients with chronic heart disease, does Bone marrow Stem cell transplantation or injection, compared to none, improve cardiac function","Among patients with chronic ischemic heart failure, transendocardial injection of autologous BMCs compared with placebo did not improve LVESV, maximal oxygen consumption, or reversibility on SPECT.",22447880,Autologous stem cell transplantation led to significant improvement in cardiac function in patients undergoing off-pump coronary artery bypass grafting for ischemic cardiomyopathy.,16308009,Contradiction
as_001635,"In patients with chronic heart disease, does Bone marrow Stem cell transplantation or injection, compared to none, improve cardiac function","Among patients with chronic ischemic heart failure, transendocardial injection of autologous BMCs compared with placebo did not improve LVESV, maximal oxygen consumption, or reversibility on SPECT.",22447880,Transplantation of BMC is associated with moderate but significant improvement in the left ventricular ejection fraction after 3 months.,16990385,Contradiction
as_001636,"In patients with chronic heart disease, does Bone marrow Stem cell transplantation or injection, compared to none, improve cardiac function","Thus, the present study demonstrates the relative safety of intramyocardial injections of bone marrow-derived stem cells in humans with severe heart failure and the potential for improving myocardial blood flow with associated enhancement of regional and global left ventricular function.",12707230,"Intramyocardial delivery of purified bone marrow stem cells together with CABG surgery is safe and provides beneficial effects, though it remains to be seen whether thewe effects produce a lasting clinical advantage.",17320570,NotContradiction
as_001637,"In patients with chronic heart disease, does Bone marrow Stem cell transplantation or injection, compared to none, improve cardiac function","Thus, the present study demonstrates the relative safety of intramyocardial injections of bone marrow-derived stem cells in humans with severe heart failure and the potential for improving myocardial blood flow with associated enhancement of regional and global left ventricular function.",12707230,"Injection of autologous BMCs directly into the scar or into the artery supplying the scar is safe but does not improve contractility of nonviable scarred myocardium, reduce scar size, or improve left ventricular function more than CABG alone.",18711405,Contradiction
as_001638,"In patients with chronic heart disease, does Bone marrow Stem cell transplantation or injection, compared to none, improve cardiac function","Thus, the present study demonstrates the relative safety of intramyocardial injections of bone marrow-derived stem cells in humans with severe heart failure and the potential for improving myocardial blood flow with associated enhancement of regional and global left ventricular function.",12707230,"In summary, patients with a previous MI and chronic heart failure could potentially benefit from isolated CABG (i.e., those who received CABG only) combined with BMMNCs delivered through a graft vessel.",21658561,NotContradiction
as_001639,"In patients with chronic heart disease, does Bone marrow Stem cell transplantation or injection, compared to none, improve cardiac function","Thus, the present study demonstrates the relative safety of intramyocardial injections of bone marrow-derived stem cells in humans with severe heart failure and the potential for improving myocardial blood flow with associated enhancement of regional and global left ventricular function.",12707230,"Intramyocardial bone marrow cell transplantation to patients with ischemic heart failure is safe and improved survival, clinical symptoms, and has beneficial effect on LV function.",20560030,NotContradiction
as_001640,"In patients with chronic heart disease, does Bone marrow Stem cell transplantation or injection, compared to none, improve cardiac function","Thus, the present study demonstrates the relative safety of intramyocardial injections of bone marrow-derived stem cells in humans with severe heart failure and the potential for improving myocardial blood flow with associated enhancement of regional and global left ventricular function.",12707230,MN-BMC transplantation improves cardiac function and regional perfusion in ischemic heart failure patients during CABG.,19021989,NotContradiction
as_001641,"In patients with chronic heart disease, does Bone marrow Stem cell transplantation or injection, compared to none, improve cardiac function","Thus, the present study demonstrates the relative safety of intramyocardial injections of bone marrow-derived stem cells in humans with severe heart failure and the potential for improving myocardial blood flow with associated enhancement of regional and global left ventricular function.",12707230,Autologous stem cell transplantation led to significant improvement in cardiac function in patients undergoing off-pump coronary artery bypass grafting for ischemic cardiomyopathy.,16308009,NotContradiction
as_001642,"In patients with chronic heart disease, does Bone marrow Stem cell transplantation or injection, compared to none, improve cardiac function","Thus, the present study demonstrates the relative safety of intramyocardial injections of bone marrow-derived stem cells in humans with severe heart failure and the potential for improving myocardial blood flow with associated enhancement of regional and global left ventricular function.",12707230,Transplantation of BMC is associated with moderate but significant improvement in the left ventricular ejection fraction after 3 months.,16990385,NotContradiction
as_001643,"In patients with chronic heart disease, does Bone marrow Stem cell transplantation or injection, compared to none, improve cardiac function","Intramyocardial delivery of purified bone marrow stem cells together with CABG surgery is safe and provides beneficial effects, though it remains to be seen whether thewe effects produce a lasting clinical advantage.",17320570,"Injection of autologous BMCs directly into the scar or into the artery supplying the scar is safe but does not improve contractility of nonviable scarred myocardium, reduce scar size, or improve left ventricular function more than CABG alone.",18711405,Contradiction
as_001644,"In patients with chronic heart disease, does Bone marrow Stem cell transplantation or injection, compared to none, improve cardiac function","Intramyocardial delivery of purified bone marrow stem cells together with CABG surgery is safe and provides beneficial effects, though it remains to be seen whether thewe effects produce a lasting clinical advantage.",17320570,"In summary, patients with a previous MI and chronic heart failure could potentially benefit from isolated CABG (i.e., those who received CABG only) combined with BMMNCs delivered through a graft vessel.",21658561,NotContradiction
as_001645,"In patients with chronic heart disease, does Bone marrow Stem cell transplantation or injection, compared to none, improve cardiac function","Intramyocardial delivery of purified bone marrow stem cells together with CABG surgery is safe and provides beneficial effects, though it remains to be seen whether thewe effects produce a lasting clinical advantage.",17320570,"Intramyocardial bone marrow cell transplantation to patients with ischemic heart failure is safe and improved survival, clinical symptoms, and has beneficial effect on LV function.",20560030,NotContradiction
as_001646,"In patients with chronic heart disease, does Bone marrow Stem cell transplantation or injection, compared to none, improve cardiac function","Intramyocardial delivery of purified bone marrow stem cells together with CABG surgery is safe and provides beneficial effects, though it remains to be seen whether thewe effects produce a lasting clinical advantage.",17320570,MN-BMC transplantation improves cardiac function and regional perfusion in ischemic heart failure patients during CABG.,19021989,NotContradiction
as_001647,"In patients with chronic heart disease, does Bone marrow Stem cell transplantation or injection, compared to none, improve cardiac function","Intramyocardial delivery of purified bone marrow stem cells together with CABG surgery is safe and provides beneficial effects, though it remains to be seen whether thewe effects produce a lasting clinical advantage.",17320570,Autologous stem cell transplantation led to significant improvement in cardiac function in patients undergoing off-pump coronary artery bypass grafting for ischemic cardiomyopathy.,16308009,NotContradiction
as_001648,"In patients with chronic heart disease, does Bone marrow Stem cell transplantation or injection, compared to none, improve cardiac function","Intramyocardial delivery of purified bone marrow stem cells together with CABG surgery is safe and provides beneficial effects, though it remains to be seen whether thewe effects produce a lasting clinical advantage.",17320570,Transplantation of BMC is associated with moderate but significant improvement in the left ventricular ejection fraction after 3 months.,16990385,NotContradiction
as_001649,"In patients with chronic heart disease, does Bone marrow Stem cell transplantation or injection, compared to none, improve cardiac function","Injection of autologous BMCs directly into the scar or into the artery supplying the scar is safe but does not improve contractility of nonviable scarred myocardium, reduce scar size, or improve left ventricular function more than CABG alone.",18711405,"In summary, patients with a previous MI and chronic heart failure could potentially benefit from isolated CABG (i.e., those who received CABG only) combined with BMMNCs delivered through a graft vessel.",21658561,Contradiction
as_001650,"In patients with chronic heart disease, does Bone marrow Stem cell transplantation or injection, compared to none, improve cardiac function","Injection of autologous BMCs directly into the scar or into the artery supplying the scar is safe but does not improve contractility of nonviable scarred myocardium, reduce scar size, or improve left ventricular function more than CABG alone.",18711405,"Intramyocardial bone marrow cell transplantation to patients with ischemic heart failure is safe and improved survival, clinical symptoms, and has beneficial effect on LV function.",20560030,Contradiction
as_001651,"In patients with chronic heart disease, does Bone marrow Stem cell transplantation or injection, compared to none, improve cardiac function","Injection of autologous BMCs directly into the scar or into the artery supplying the scar is safe but does not improve contractility of nonviable scarred myocardium, reduce scar size, or improve left ventricular function more than CABG alone.",18711405,MN-BMC transplantation improves cardiac function and regional perfusion in ischemic heart failure patients during CABG.,19021989,Contradiction
as_001652,"In patients with chronic heart disease, does Bone marrow Stem cell transplantation or injection, compared to none, improve cardiac function","Injection of autologous BMCs directly into the scar or into the artery supplying the scar is safe but does not improve contractility of nonviable scarred myocardium, reduce scar size, or improve left ventricular function more than CABG alone.",18711405,Autologous stem cell transplantation led to significant improvement in cardiac function in patients undergoing off-pump coronary artery bypass grafting for ischemic cardiomyopathy.,16308009,Contradiction
as_001653,"In patients with chronic heart disease, does Bone marrow Stem cell transplantation or injection, compared to none, improve cardiac function","Injection of autologous BMCs directly into the scar or into the artery supplying the scar is safe but does not improve contractility of nonviable scarred myocardium, reduce scar size, or improve left ventricular function more than CABG alone.",18711405,Transplantation of BMC is associated with moderate but significant improvement in the left ventricular ejection fraction after 3 months.,16990385,Contradiction
as_001654,"In patients with chronic heart disease, does Bone marrow Stem cell transplantation or injection, compared to none, improve cardiac function","In summary, patients with a previous MI and chronic heart failure could potentially benefit from isolated CABG (i.e., those who received CABG only) combined with BMMNCs delivered through a graft vessel.",21658561,"Intramyocardial bone marrow cell transplantation to patients with ischemic heart failure is safe and improved survival, clinical symptoms, and has beneficial effect on LV function.",20560030,NotContradiction
as_001655,"In patients with chronic heart disease, does Bone marrow Stem cell transplantation or injection, compared to none, improve cardiac function","In summary, patients with a previous MI and chronic heart failure could potentially benefit from isolated CABG (i.e., those who received CABG only) combined with BMMNCs delivered through a graft vessel.",21658561,MN-BMC transplantation improves cardiac function and regional perfusion in ischemic heart failure patients during CABG.,19021989,NotContradiction
as_001656,"In patients with chronic heart disease, does Bone marrow Stem cell transplantation or injection, compared to none, improve cardiac function","In summary, patients with a previous MI and chronic heart failure could potentially benefit from isolated CABG (i.e., those who received CABG only) combined with BMMNCs delivered through a graft vessel.",21658561,Autologous stem cell transplantation led to significant improvement in cardiac function in patients undergoing off-pump coronary artery bypass grafting for ischemic cardiomyopathy.,16308009,NotContradiction
as_001657,"In patients with chronic heart disease, does Bone marrow Stem cell transplantation or injection, compared to none, improve cardiac function","In summary, patients with a previous MI and chronic heart failure could potentially benefit from isolated CABG (i.e., those who received CABG only) combined with BMMNCs delivered through a graft vessel.",21658561,Transplantation of BMC is associated with moderate but significant improvement in the left ventricular ejection fraction after 3 months.,16990385,NotContradiction
as_001658,"In patients with chronic heart disease, does Bone marrow Stem cell transplantation or injection, compared to none, improve cardiac function","Intramyocardial bone marrow cell transplantation to patients with ischemic heart failure is safe and improved survival, clinical symptoms, and has beneficial effect on LV function.",20560030,MN-BMC transplantation improves cardiac function and regional perfusion in ischemic heart failure patients during CABG.,19021989,NotContradiction
as_001659,"In patients with chronic heart disease, does Bone marrow Stem cell transplantation or injection, compared to none, improve cardiac function","Intramyocardial bone marrow cell transplantation to patients with ischemic heart failure is safe and improved survival, clinical symptoms, and has beneficial effect on LV function.",20560030,Autologous stem cell transplantation led to significant improvement in cardiac function in patients undergoing off-pump coronary artery bypass grafting for ischemic cardiomyopathy.,16308009,NotContradiction
as_001660,"In patients with chronic heart disease, does Bone marrow Stem cell transplantation or injection, compared to none, improve cardiac function","Intramyocardial bone marrow cell transplantation to patients with ischemic heart failure is safe and improved survival, clinical symptoms, and has beneficial effect on LV function.",20560030,Transplantation of BMC is associated with moderate but significant improvement in the left ventricular ejection fraction after 3 months.,16990385,NotContradiction
as_001661,"In patients with chronic heart disease, does Bone marrow Stem cell transplantation or injection, compared to none, improve cardiac function",MN-BMC transplantation improves cardiac function and regional perfusion in ischemic heart failure patients during CABG.,19021989,Autologous stem cell transplantation led to significant improvement in cardiac function in patients undergoing off-pump coronary artery bypass grafting for ischemic cardiomyopathy.,16308009,NotContradiction
as_001662,"In patients with chronic heart disease, does Bone marrow Stem cell transplantation or injection, compared to none, improve cardiac function",MN-BMC transplantation improves cardiac function and regional perfusion in ischemic heart failure patients during CABG.,19021989,Transplantation of BMC is associated with moderate but significant improvement in the left ventricular ejection fraction after 3 months.,16990385,NotContradiction
as_001663,"In patients with chronic heart disease, does Bone marrow Stem cell transplantation or injection, compared to none, improve cardiac function",Autologous stem cell transplantation led to significant improvement in cardiac function in patients undergoing off-pump coronary artery bypass grafting for ischemic cardiomyopathy.,16308009,Transplantation of BMC is associated with moderate but significant improvement in the left ventricular ejection fraction after 3 months.,16990385,NotContradiction
as_001664,"In patients with HCM, does using imaging technique, compared to conventional techniques, serve as a predictor for adverse prognosis","Among our population of largely low or asymptomatic HCM patients, the presence of scar indicated by CMR is a good independent predictor of all-cause and cardiac mortality.",20667520,"In patients with HCM, myocardial fibrosis as measured by late gadolinium enhancement cardiovascular magnetic resonance is an independent predictor of adverse outcome.",20688032,NotContradiction
as_001665,"In patients with HCM, does using imaging technique, compared to conventional techniques, serve as a predictor for adverse prognosis","Among our population of largely low or asymptomatic HCM patients, the presence of scar indicated by CMR is a good independent predictor of all-cause and cardiac mortality.",20667520,These data suggest an important role for myocardial fibrosis in the clinical course of HCM patients but are not sufficient at this time to consider DE as an independent risk factor for adverse prognosis.,19808288,Contradiction
as_001666,"In patients with HCM, does using imaging technique, compared to conventional techniques, serve as a predictor for adverse prognosis","Among our population of largely low or asymptomatic HCM patients, the presence of scar indicated by CMR is a good independent predictor of all-cause and cardiac mortality.",20667520,"If replicated, LGE may be considered an important risk factor for sudden death in patients with HCM.",19850699,NotContradiction
as_001667,"In patients with HCM, does using imaging technique, compared to conventional techniques, serve as a predictor for adverse prognosis","In patients with HCM, myocardial fibrosis as measured by late gadolinium enhancement cardiovascular magnetic resonance is an independent predictor of adverse outcome.",20688032,These data suggest an important role for myocardial fibrosis in the clinical course of HCM patients but are not sufficient at this time to consider DE as an independent risk factor for adverse prognosis.,19808288,Contradiction
as_001668,"In patients with HCM, does using imaging technique, compared to conventional techniques, serve as a predictor for adverse prognosis","In patients with HCM, myocardial fibrosis as measured by late gadolinium enhancement cardiovascular magnetic resonance is an independent predictor of adverse outcome.",20688032,"If replicated, LGE may be considered an important risk factor for sudden death in patients with HCM.",19850699,NotContradiction
as_001669,"In patients with HCM, does using imaging technique, compared to conventional techniques, serve as a predictor for adverse prognosis",These data suggest an important role for myocardial fibrosis in the clinical course of HCM patients but are not sufficient at this time to consider DE as an independent risk factor for adverse prognosis.,19808288,"If replicated, LGE may be considered an important risk factor for sudden death in patients with HCM.",19850699,Contradiction
as_001670,"In patients with dilated cardiomyopathy, are HLA genes associated with development of Dilated Cardiomyopathy","Disease susceptibility to DCM in the Japanese population, thus, may be controlled in part by a gene (or genes) in close linkage disequilibrium with DRB1*1401-DQB1*0503, DRB1*1101-DQB1*0301, and DQB1*0604-DPB1*0401 haplotypes, while the resistance to DCM may be associated with the DRB1*0901-DQB1*0303 haplotype.",8576952,The lack of any HLA antigen association in Omanis would argue against the proposed HLA-linked autoimmune pathology of idiopathic dilated cardiomyopathy.,8839807,Contradiction
as_001671,"In patients with dilated cardiomyopathy, are HLA genes associated with development of Dilated Cardiomyopathy","Disease susceptibility to DCM in the Japanese population, thus, may be controlled in part by a gene (or genes) in close linkage disequilibrium with DRB1*1401-DQB1*0503, DRB1*1101-DQB1*0301, and DQB1*0604-DPB1*0401 haplotypes, while the resistance to DCM may be associated with the DRB1*0901-DQB1*0303 haplotype.",8576952,"This study provides some support for the concept of the risk of developing end-stage heart failure due to dilated cardiomyopathy being associated with possession of HLA DR1 and DR5, but no such evidence in ischaemic heart disease.",10077398,NotContradiction
as_001672,"In patients with dilated cardiomyopathy, are HLA genes associated with development of Dilated Cardiomyopathy","Disease susceptibility to DCM in the Japanese population, thus, may be controlled in part by a gene (or genes) in close linkage disequilibrium with DRB1*1401-DQB1*0503, DRB1*1101-DQB1*0301, and DQB1*0604-DPB1*0401 haplotypes, while the resistance to DCM may be associated with the DRB1*0901-DQB1*0303 haplotype.",8576952,"In conclusion, our data suggest that the variation in class II HLA alleles could be a genetic factor involved in the susceptibility to primary DCM in the Tunisian population.",20136773,NotContradiction
as_001673,"In patients with dilated cardiomyopathy, are HLA genes associated with development of Dilated Cardiomyopathy","Disease susceptibility to DCM in the Japanese population, thus, may be controlled in part by a gene (or genes) in close linkage disequilibrium with DRB1*1401-DQB1*0503, DRB1*1101-DQB1*0301, and DQB1*0604-DPB1*0401 haplotypes, while the resistance to DCM may be associated with the DRB1*0901-DQB1*0303 haplotype.",8576952,"In the Spanish Mediterranean area, the presence of antigens B-15 and DQ3 would be associated with advanced DCM.",10198739,NotContradiction
as_001674,"In patients with dilated cardiomyopathy, are HLA genes associated with development of Dilated Cardiomyopathy","Disease susceptibility to DCM in the Japanese population, thus, may be controlled in part by a gene (or genes) in close linkage disequilibrium with DRB1*1401-DQB1*0503, DRB1*1101-DQB1*0301, and DQB1*0604-DPB1*0401 haplotypes, while the resistance to DCM may be associated with the DRB1*0901-DQB1*0303 haplotype.",8576952,"We conclude that HLA-DR4, -DR15, -DPB1*0601 alleles confers susceptibility to, while DPB1*0101 allele confers protection from IDC among individuals of northern Chinese Han nationality.",17060025,NotContradiction
as_001675,"In patients with dilated cardiomyopathy, are HLA genes associated with development of Dilated Cardiomyopathy","Disease susceptibility to DCM in the Japanese population, thus, may be controlled in part by a gene (or genes) in close linkage disequilibrium with DRB1*1401-DQB1*0503, DRB1*1101-DQB1*0301, and DQB1*0604-DPB1*0401 haplotypes, while the resistance to DCM may be associated with the DRB1*0901-DQB1*0303 haplotype.",8576952,"DR4 and DR5 antigens were significantly more frequent in DC patients than in a normal population control (400 blood donors), while DR3 was less frequent.",2510489,NotContradiction
as_001676,"In patients with dilated cardiomyopathy, are HLA genes associated with development of Dilated Cardiomyopathy","Disease susceptibility to DCM in the Japanese population, thus, may be controlled in part by a gene (or genes) in close linkage disequilibrium with DRB1*1401-DQB1*0503, DRB1*1101-DQB1*0301, and DQB1*0604-DPB1*0401 haplotypes, while the resistance to DCM may be associated with the DRB1*0901-DQB1*0303 haplotype.",8576952,"However, they suggest that genetically determined immune response factors associated with HLA loci may play a role in pathogenesis in certain patients with IDC.",6585136,NotContradiction
as_001677,"In patients with dilated cardiomyopathy, are HLA genes associated with development of Dilated Cardiomyopathy","Disease susceptibility to DCM in the Japanese population, thus, may be controlled in part by a gene (or genes) in close linkage disequilibrium with DRB1*1401-DQB1*0503, DRB1*1101-DQB1*0301, and DQB1*0604-DPB1*0401 haplotypes, while the resistance to DCM may be associated with the DRB1*0901-DQB1*0303 haplotype.",8576952,"The results suggest that genetic factors play a role in the pathogenesis of dilated cardiomyopathy, and that since DR4 is frequently associated with auto-immune manifestations, a modified immune response is possible in dilated cardiomyopathy.",3120659,NotContradiction
as_001678,"In patients with dilated cardiomyopathy, are HLA genes associated with development of Dilated Cardiomyopathy","Disease susceptibility to DCM in the Japanese population, thus, may be controlled in part by a gene (or genes) in close linkage disequilibrium with DRB1*1401-DQB1*0503, DRB1*1101-DQB1*0301, and DQB1*0604-DPB1*0401 haplotypes, while the resistance to DCM may be associated with the DRB1*0901-DQB1*0303 haplotype.",8576952,These results suggest that there is no HLA association with idiopathic dilated cardiomyopathy or ischaemic heart disease.,8297701,Contradiction
as_001679,"In patients with dilated cardiomyopathy, are HLA genes associated with development of Dilated Cardiomyopathy","Disease susceptibility to DCM in the Japanese population, thus, may be controlled in part by a gene (or genes) in close linkage disequilibrium with DRB1*1401-DQB1*0503, DRB1*1101-DQB1*0301, and DQB1*0604-DPB1*0401 haplotypes, while the resistance to DCM may be associated with the DRB1*0901-DQB1*0303 haplotype.",8576952,These findings further demonstrated that immunogenetics might play a predominant pathogenetic role in partial DCM patients.,12845730,NotContradiction
as_001680,"In patients with dilated cardiomyopathy, are HLA genes associated with development of Dilated Cardiomyopathy","Disease susceptibility to DCM in the Japanese population, thus, may be controlled in part by a gene (or genes) in close linkage disequilibrium with DRB1*1401-DQB1*0503, DRB1*1101-DQB1*0301, and DQB1*0604-DPB1*0401 haplotypes, while the resistance to DCM may be associated with the DRB1*0901-DQB1*0303 haplotype.",8576952,These results suggest that HLA-DR4 antigen may be a genetic marker for susceptibility to dilated cardiomyopathy.,2590590,NotContradiction
as_001681,"In patients with dilated cardiomyopathy, are HLA genes associated with development of Dilated Cardiomyopathy","Disease susceptibility to DCM in the Japanese population, thus, may be controlled in part by a gene (or genes) in close linkage disequilibrium with DRB1*1401-DQB1*0503, DRB1*1101-DQB1*0301, and DQB1*0604-DPB1*0401 haplotypes, while the resistance to DCM may be associated with the DRB1*0901-DQB1*0303 haplotype.",8576952,"However, this and other studies continue to implicate genes within the class II region in determining the risk for IDC.",7977121,NotContradiction
as_001682,"In patients with dilated cardiomyopathy, are HLA genes associated with development of Dilated Cardiomyopathy","Disease susceptibility to DCM in the Japanese population, thus, may be controlled in part by a gene (or genes) in close linkage disequilibrium with DRB1*1401-DQB1*0503, DRB1*1101-DQB1*0301, and DQB1*0604-DPB1*0401 haplotypes, while the resistance to DCM may be associated with the DRB1*0901-DQB1*0303 haplotype.",8576952,"In the IDC group, the frequency of human leukocyte antigen DR4 was similar to that reported in the normal population.",9220309,Contradiction
as_001683,"In patients with dilated cardiomyopathy, are HLA genes associated with development of Dilated Cardiomyopathy","Disease susceptibility to DCM in the Japanese population, thus, may be controlled in part by a gene (or genes) in close linkage disequilibrium with DRB1*1401-DQB1*0503, DRB1*1101-DQB1*0301, and DQB1*0604-DPB1*0401 haplotypes, while the resistance to DCM may be associated with the DRB1*0901-DQB1*0303 haplotype.",8576952,These data suggest that variation in class II HLA alleles could be a genetic factor involved in the susceptibility to IDC of the Mexican Mestizo population.,17126830,NotContradiction
as_001684,"In patients with dilated cardiomyopathy, are HLA genes associated with development of Dilated Cardiomyopathy",The lack of any HLA antigen association in Omanis would argue against the proposed HLA-linked autoimmune pathology of idiopathic dilated cardiomyopathy.,8839807,"This study provides some support for the concept of the risk of developing end-stage heart failure due to dilated cardiomyopathy being associated with possession of HLA DR1 and DR5, but no such evidence in ischaemic heart disease.",10077398,Contradiction
as_001685,"In patients with dilated cardiomyopathy, are HLA genes associated with development of Dilated Cardiomyopathy",The lack of any HLA antigen association in Omanis would argue against the proposed HLA-linked autoimmune pathology of idiopathic dilated cardiomyopathy.,8839807,"In conclusion, our data suggest that the variation in class II HLA alleles could be a genetic factor involved in the susceptibility to primary DCM in the Tunisian population.",20136773,Contradiction
as_001686,"In patients with dilated cardiomyopathy, are HLA genes associated with development of Dilated Cardiomyopathy",The lack of any HLA antigen association in Omanis would argue against the proposed HLA-linked autoimmune pathology of idiopathic dilated cardiomyopathy.,8839807,"In the Spanish Mediterranean area, the presence of antigens B-15 and DQ3 would be associated with advanced DCM.",10198739,Contradiction
as_001687,"In patients with dilated cardiomyopathy, are HLA genes associated with development of Dilated Cardiomyopathy",The lack of any HLA antigen association in Omanis would argue against the proposed HLA-linked autoimmune pathology of idiopathic dilated cardiomyopathy.,8839807,"We conclude that HLA-DR4, -DR15, -DPB1*0601 alleles confers susceptibility to, while DPB1*0101 allele confers protection from IDC among individuals of northern Chinese Han nationality.",17060025,Contradiction
as_001688,"In patients with dilated cardiomyopathy, are HLA genes associated with development of Dilated Cardiomyopathy",The lack of any HLA antigen association in Omanis would argue against the proposed HLA-linked autoimmune pathology of idiopathic dilated cardiomyopathy.,8839807,"DR4 and DR5 antigens were significantly more frequent in DC patients than in a normal population control (400 blood donors), while DR3 was less frequent.",2510489,Contradiction
as_001689,"In patients with dilated cardiomyopathy, are HLA genes associated with development of Dilated Cardiomyopathy",The lack of any HLA antigen association in Omanis would argue against the proposed HLA-linked autoimmune pathology of idiopathic dilated cardiomyopathy.,8839807,"However, they suggest that genetically determined immune response factors associated with HLA loci may play a role in pathogenesis in certain patients with IDC.",6585136,Contradiction
as_001690,"In patients with dilated cardiomyopathy, are HLA genes associated with development of Dilated Cardiomyopathy",The lack of any HLA antigen association in Omanis would argue against the proposed HLA-linked autoimmune pathology of idiopathic dilated cardiomyopathy.,8839807,"The results suggest that genetic factors play a role in the pathogenesis of dilated cardiomyopathy, and that since DR4 is frequently associated with auto-immune manifestations, a modified immune response is possible in dilated cardiomyopathy.",3120659,Contradiction
as_001691,"In patients with dilated cardiomyopathy, are HLA genes associated with development of Dilated Cardiomyopathy",The lack of any HLA antigen association in Omanis would argue against the proposed HLA-linked autoimmune pathology of idiopathic dilated cardiomyopathy.,8839807,These results suggest that there is no HLA association with idiopathic dilated cardiomyopathy or ischaemic heart disease.,8297701,NotContradiction
as_001692,"In patients with dilated cardiomyopathy, are HLA genes associated with development of Dilated Cardiomyopathy",The lack of any HLA antigen association in Omanis would argue against the proposed HLA-linked autoimmune pathology of idiopathic dilated cardiomyopathy.,8839807,These findings further demonstrated that immunogenetics might play a predominant pathogenetic role in partial DCM patients.,12845730,Contradiction
as_001693,"In patients with dilated cardiomyopathy, are HLA genes associated with development of Dilated Cardiomyopathy",The lack of any HLA antigen association in Omanis would argue against the proposed HLA-linked autoimmune pathology of idiopathic dilated cardiomyopathy.,8839807,These results suggest that HLA-DR4 antigen may be a genetic marker for susceptibility to dilated cardiomyopathy.,2590590,Contradiction
as_001694,"In patients with dilated cardiomyopathy, are HLA genes associated with development of Dilated Cardiomyopathy",The lack of any HLA antigen association in Omanis would argue against the proposed HLA-linked autoimmune pathology of idiopathic dilated cardiomyopathy.,8839807,"However, this and other studies continue to implicate genes within the class II region in determining the risk for IDC.",7977121,Contradiction
as_001695,"In patients with dilated cardiomyopathy, are HLA genes associated with development of Dilated Cardiomyopathy",The lack of any HLA antigen association in Omanis would argue against the proposed HLA-linked autoimmune pathology of idiopathic dilated cardiomyopathy.,8839807,"In the IDC group, the frequency of human leukocyte antigen DR4 was similar to that reported in the normal population.",9220309,NotContradiction
as_001696,"In patients with dilated cardiomyopathy, are HLA genes associated with development of Dilated Cardiomyopathy",The lack of any HLA antigen association in Omanis would argue against the proposed HLA-linked autoimmune pathology of idiopathic dilated cardiomyopathy.,8839807,These data suggest that variation in class II HLA alleles could be a genetic factor involved in the susceptibility to IDC of the Mexican Mestizo population.,17126830,Contradiction
as_001697,"In patients with dilated cardiomyopathy, are HLA genes associated with development of Dilated Cardiomyopathy","This study provides some support for the concept of the risk of developing end-stage heart failure due to dilated cardiomyopathy being associated with possession of HLA DR1 and DR5, but no such evidence in ischaemic heart disease.",10077398,"In conclusion, our data suggest that the variation in class II HLA alleles could be a genetic factor involved in the susceptibility to primary DCM in the Tunisian population.",20136773,NotContradiction
as_001698,"In patients with dilated cardiomyopathy, are HLA genes associated with development of Dilated Cardiomyopathy","This study provides some support for the concept of the risk of developing end-stage heart failure due to dilated cardiomyopathy being associated with possession of HLA DR1 and DR5, but no such evidence in ischaemic heart disease.",10077398,"In the Spanish Mediterranean area, the presence of antigens B-15 and DQ3 would be associated with advanced DCM.",10198739,NotContradiction
as_001699,"In patients with dilated cardiomyopathy, are HLA genes associated with development of Dilated Cardiomyopathy","This study provides some support for the concept of the risk of developing end-stage heart failure due to dilated cardiomyopathy being associated with possession of HLA DR1 and DR5, but no such evidence in ischaemic heart disease.",10077398,"We conclude that HLA-DR4, -DR15, -DPB1*0601 alleles confers susceptibility to, while DPB1*0101 allele confers protection from IDC among individuals of northern Chinese Han nationality.",17060025,NotContradiction
as_001700,"In patients with dilated cardiomyopathy, are HLA genes associated with development of Dilated Cardiomyopathy","This study provides some support for the concept of the risk of developing end-stage heart failure due to dilated cardiomyopathy being associated with possession of HLA DR1 and DR5, but no such evidence in ischaemic heart disease.",10077398,"DR4 and DR5 antigens were significantly more frequent in DC patients than in a normal population control (400 blood donors), while DR3 was less frequent.",2510489,NotContradiction
as_001701,"In patients with dilated cardiomyopathy, are HLA genes associated with development of Dilated Cardiomyopathy","This study provides some support for the concept of the risk of developing end-stage heart failure due to dilated cardiomyopathy being associated with possession of HLA DR1 and DR5, but no such evidence in ischaemic heart disease.",10077398,"However, they suggest that genetically determined immune response factors associated with HLA loci may play a role in pathogenesis in certain patients with IDC.",6585136,NotContradiction
as_001702,"In patients with dilated cardiomyopathy, are HLA genes associated with development of Dilated Cardiomyopathy","This study provides some support for the concept of the risk of developing end-stage heart failure due to dilated cardiomyopathy being associated with possession of HLA DR1 and DR5, but no such evidence in ischaemic heart disease.",10077398,"The results suggest that genetic factors play a role in the pathogenesis of dilated cardiomyopathy, and that since DR4 is frequently associated with auto-immune manifestations, a modified immune response is possible in dilated cardiomyopathy.",3120659,NotContradiction
as_001703,"In patients with dilated cardiomyopathy, are HLA genes associated with development of Dilated Cardiomyopathy","This study provides some support for the concept of the risk of developing end-stage heart failure due to dilated cardiomyopathy being associated with possession of HLA DR1 and DR5, but no such evidence in ischaemic heart disease.",10077398,These results suggest that there is no HLA association with idiopathic dilated cardiomyopathy or ischaemic heart disease.,8297701,Contradiction
as_001704,"In patients with dilated cardiomyopathy, are HLA genes associated with development of Dilated Cardiomyopathy","This study provides some support for the concept of the risk of developing end-stage heart failure due to dilated cardiomyopathy being associated with possession of HLA DR1 and DR5, but no such evidence in ischaemic heart disease.",10077398,These findings further demonstrated that immunogenetics might play a predominant pathogenetic role in partial DCM patients.,12845730,NotContradiction
as_001705,"In patients with dilated cardiomyopathy, are HLA genes associated with development of Dilated Cardiomyopathy","This study provides some support for the concept of the risk of developing end-stage heart failure due to dilated cardiomyopathy being associated with possession of HLA DR1 and DR5, but no such evidence in ischaemic heart disease.",10077398,These results suggest that HLA-DR4 antigen may be a genetic marker for susceptibility to dilated cardiomyopathy.,2590590,NotContradiction
as_001706,"In patients with dilated cardiomyopathy, are HLA genes associated with development of Dilated Cardiomyopathy","This study provides some support for the concept of the risk of developing end-stage heart failure due to dilated cardiomyopathy being associated with possession of HLA DR1 and DR5, but no such evidence in ischaemic heart disease.",10077398,"However, this and other studies continue to implicate genes within the class II region in determining the risk for IDC.",7977121,NotContradiction
as_001707,"In patients with dilated cardiomyopathy, are HLA genes associated with development of Dilated Cardiomyopathy","This study provides some support for the concept of the risk of developing end-stage heart failure due to dilated cardiomyopathy being associated with possession of HLA DR1 and DR5, but no such evidence in ischaemic heart disease.",10077398,"In the IDC group, the frequency of human leukocyte antigen DR4 was similar to that reported in the normal population.",9220309,Contradiction
as_001708,"In patients with dilated cardiomyopathy, are HLA genes associated with development of Dilated Cardiomyopathy","This study provides some support for the concept of the risk of developing end-stage heart failure due to dilated cardiomyopathy being associated with possession of HLA DR1 and DR5, but no such evidence in ischaemic heart disease.",10077398,These data suggest that variation in class II HLA alleles could be a genetic factor involved in the susceptibility to IDC of the Mexican Mestizo population.,17126830,NotContradiction
as_001709,"In patients with dilated cardiomyopathy, are HLA genes associated with development of Dilated Cardiomyopathy","In conclusion, our data suggest that the variation in class II HLA alleles could be a genetic factor involved in the susceptibility to primary DCM in the Tunisian population.",20136773,"In the Spanish Mediterranean area, the presence of antigens B-15 and DQ3 would be associated with advanced DCM.",10198739,NotContradiction
as_001710,"In patients with dilated cardiomyopathy, are HLA genes associated with development of Dilated Cardiomyopathy","In conclusion, our data suggest that the variation in class II HLA alleles could be a genetic factor involved in the susceptibility to primary DCM in the Tunisian population.",20136773,"We conclude that HLA-DR4, -DR15, -DPB1*0601 alleles confers susceptibility to, while DPB1*0101 allele confers protection from IDC among individuals of northern Chinese Han nationality.",17060025,NotContradiction
as_001711,"In patients with dilated cardiomyopathy, are HLA genes associated with development of Dilated Cardiomyopathy","In conclusion, our data suggest that the variation in class II HLA alleles could be a genetic factor involved in the susceptibility to primary DCM in the Tunisian population.",20136773,"DR4 and DR5 antigens were significantly more frequent in DC patients than in a normal population control (400 blood donors), while DR3 was less frequent.",2510489,NotContradiction
as_001712,"In patients with dilated cardiomyopathy, are HLA genes associated with development of Dilated Cardiomyopathy","In conclusion, our data suggest that the variation in class II HLA alleles could be a genetic factor involved in the susceptibility to primary DCM in the Tunisian population.",20136773,"However, they suggest that genetically determined immune response factors associated with HLA loci may play a role in pathogenesis in certain patients with IDC.",6585136,NotContradiction
as_001713,"In patients with dilated cardiomyopathy, are HLA genes associated with development of Dilated Cardiomyopathy","In conclusion, our data suggest that the variation in class II HLA alleles could be a genetic factor involved in the susceptibility to primary DCM in the Tunisian population.",20136773,"The results suggest that genetic factors play a role in the pathogenesis of dilated cardiomyopathy, and that since DR4 is frequently associated with auto-immune manifestations, a modified immune response is possible in dilated cardiomyopathy.",3120659,NotContradiction
as_001714,"In patients with dilated cardiomyopathy, are HLA genes associated with development of Dilated Cardiomyopathy","In conclusion, our data suggest that the variation in class II HLA alleles could be a genetic factor involved in the susceptibility to primary DCM in the Tunisian population.",20136773,These results suggest that there is no HLA association with idiopathic dilated cardiomyopathy or ischaemic heart disease.,8297701,Contradiction
as_001715,"In patients with dilated cardiomyopathy, are HLA genes associated with development of Dilated Cardiomyopathy","In conclusion, our data suggest that the variation in class II HLA alleles could be a genetic factor involved in the susceptibility to primary DCM in the Tunisian population.",20136773,These findings further demonstrated that immunogenetics might play a predominant pathogenetic role in partial DCM patients.,12845730,NotContradiction
as_001716,"In patients with dilated cardiomyopathy, are HLA genes associated with development of Dilated Cardiomyopathy","In conclusion, our data suggest that the variation in class II HLA alleles could be a genetic factor involved in the susceptibility to primary DCM in the Tunisian population.",20136773,These results suggest that HLA-DR4 antigen may be a genetic marker for susceptibility to dilated cardiomyopathy.,2590590,NotContradiction
as_001717,"In patients with dilated cardiomyopathy, are HLA genes associated with development of Dilated Cardiomyopathy","In conclusion, our data suggest that the variation in class II HLA alleles could be a genetic factor involved in the susceptibility to primary DCM in the Tunisian population.",20136773,"However, this and other studies continue to implicate genes within the class II region in determining the risk for IDC.",7977121,NotContradiction
as_001718,"In patients with dilated cardiomyopathy, are HLA genes associated with development of Dilated Cardiomyopathy","In conclusion, our data suggest that the variation in class II HLA alleles could be a genetic factor involved in the susceptibility to primary DCM in the Tunisian population.",20136773,"In the IDC group, the frequency of human leukocyte antigen DR4 was similar to that reported in the normal population.",9220309,Contradiction
as_001719,"In patients with dilated cardiomyopathy, are HLA genes associated with development of Dilated Cardiomyopathy","In conclusion, our data suggest that the variation in class II HLA alleles could be a genetic factor involved in the susceptibility to primary DCM in the Tunisian population.",20136773,These data suggest that variation in class II HLA alleles could be a genetic factor involved in the susceptibility to IDC of the Mexican Mestizo population.,17126830,NotContradiction
as_001720,"In patients with dilated cardiomyopathy, are HLA genes associated with development of Dilated Cardiomyopathy","In the Spanish Mediterranean area, the presence of antigens B-15 and DQ3 would be associated with advanced DCM.",10198739,"We conclude that HLA-DR4, -DR15, -DPB1*0601 alleles confers susceptibility to, while DPB1*0101 allele confers protection from IDC among individuals of northern Chinese Han nationality.",17060025,NotContradiction
as_001721,"In patients with dilated cardiomyopathy, are HLA genes associated with development of Dilated Cardiomyopathy","In the Spanish Mediterranean area, the presence of antigens B-15 and DQ3 would be associated with advanced DCM.",10198739,"DR4 and DR5 antigens were significantly more frequent in DC patients than in a normal population control (400 blood donors), while DR3 was less frequent.",2510489,NotContradiction
as_001722,"In patients with dilated cardiomyopathy, are HLA genes associated with development of Dilated Cardiomyopathy","In the Spanish Mediterranean area, the presence of antigens B-15 and DQ3 would be associated with advanced DCM.",10198739,"However, they suggest that genetically determined immune response factors associated with HLA loci may play a role in pathogenesis in certain patients with IDC.",6585136,NotContradiction
as_001723,"In patients with dilated cardiomyopathy, are HLA genes associated with development of Dilated Cardiomyopathy","In the Spanish Mediterranean area, the presence of antigens B-15 and DQ3 would be associated with advanced DCM.",10198739,"The results suggest that genetic factors play a role in the pathogenesis of dilated cardiomyopathy, and that since DR4 is frequently associated with auto-immune manifestations, a modified immune response is possible in dilated cardiomyopathy.",3120659,NotContradiction
as_001724,"In patients with dilated cardiomyopathy, are HLA genes associated with development of Dilated Cardiomyopathy","In the Spanish Mediterranean area, the presence of antigens B-15 and DQ3 would be associated with advanced DCM.",10198739,These results suggest that there is no HLA association with idiopathic dilated cardiomyopathy or ischaemic heart disease.,8297701,Contradiction
as_001725,"In patients with dilated cardiomyopathy, are HLA genes associated with development of Dilated Cardiomyopathy","In the Spanish Mediterranean area, the presence of antigens B-15 and DQ3 would be associated with advanced DCM.",10198739,These findings further demonstrated that immunogenetics might play a predominant pathogenetic role in partial DCM patients.,12845730,NotContradiction
as_001726,"In patients with dilated cardiomyopathy, are HLA genes associated with development of Dilated Cardiomyopathy","In the Spanish Mediterranean area, the presence of antigens B-15 and DQ3 would be associated with advanced DCM.",10198739,These results suggest that HLA-DR4 antigen may be a genetic marker for susceptibility to dilated cardiomyopathy.,2590590,NotContradiction
as_001727,"In patients with dilated cardiomyopathy, are HLA genes associated with development of Dilated Cardiomyopathy","In the Spanish Mediterranean area, the presence of antigens B-15 and DQ3 would be associated with advanced DCM.",10198739,"However, this and other studies continue to implicate genes within the class II region in determining the risk for IDC.",7977121,NotContradiction
as_001728,"In patients with dilated cardiomyopathy, are HLA genes associated with development of Dilated Cardiomyopathy","In the Spanish Mediterranean area, the presence of antigens B-15 and DQ3 would be associated with advanced DCM.",10198739,"In the IDC group, the frequency of human leukocyte antigen DR4 was similar to that reported in the normal population.",9220309,Contradiction
as_001729,"In patients with dilated cardiomyopathy, are HLA genes associated with development of Dilated Cardiomyopathy","In the Spanish Mediterranean area, the presence of antigens B-15 and DQ3 would be associated with advanced DCM.",10198739,These data suggest that variation in class II HLA alleles could be a genetic factor involved in the susceptibility to IDC of the Mexican Mestizo population.,17126830,NotContradiction
as_001730,"In patients with dilated cardiomyopathy, are HLA genes associated with development of Dilated Cardiomyopathy","We conclude that HLA-DR4, -DR15, -DPB1*0601 alleles confers susceptibility to, while DPB1*0101 allele confers protection from IDC among individuals of northern Chinese Han nationality.",17060025,"DR4 and DR5 antigens were significantly more frequent in DC patients than in a normal population control (400 blood donors), while DR3 was less frequent.",2510489,NotContradiction
as_001731,"In patients with dilated cardiomyopathy, are HLA genes associated with development of Dilated Cardiomyopathy","We conclude that HLA-DR4, -DR15, -DPB1*0601 alleles confers susceptibility to, while DPB1*0101 allele confers protection from IDC among individuals of northern Chinese Han nationality.",17060025,"However, they suggest that genetically determined immune response factors associated with HLA loci may play a role in pathogenesis in certain patients with IDC.",6585136,NotContradiction
as_001732,"In patients with dilated cardiomyopathy, are HLA genes associated with development of Dilated Cardiomyopathy","We conclude that HLA-DR4, -DR15, -DPB1*0601 alleles confers susceptibility to, while DPB1*0101 allele confers protection from IDC among individuals of northern Chinese Han nationality.",17060025,"The results suggest that genetic factors play a role in the pathogenesis of dilated cardiomyopathy, and that since DR4 is frequently associated with auto-immune manifestations, a modified immune response is possible in dilated cardiomyopathy.",3120659,NotContradiction
as_001733,"In patients with dilated cardiomyopathy, are HLA genes associated with development of Dilated Cardiomyopathy","We conclude that HLA-DR4, -DR15, -DPB1*0601 alleles confers susceptibility to, while DPB1*0101 allele confers protection from IDC among individuals of northern Chinese Han nationality.",17060025,These results suggest that there is no HLA association with idiopathic dilated cardiomyopathy or ischaemic heart disease.,8297701,Contradiction
as_001734,"In patients with dilated cardiomyopathy, are HLA genes associated with development of Dilated Cardiomyopathy","We conclude that HLA-DR4, -DR15, -DPB1*0601 alleles confers susceptibility to, while DPB1*0101 allele confers protection from IDC among individuals of northern Chinese Han nationality.",17060025,These findings further demonstrated that immunogenetics might play a predominant pathogenetic role in partial DCM patients.,12845730,NotContradiction
as_001735,"In patients with dilated cardiomyopathy, are HLA genes associated with development of Dilated Cardiomyopathy","We conclude that HLA-DR4, -DR15, -DPB1*0601 alleles confers susceptibility to, while DPB1*0101 allele confers protection from IDC among individuals of northern Chinese Han nationality.",17060025,These results suggest that HLA-DR4 antigen may be a genetic marker for susceptibility to dilated cardiomyopathy.,2590590,NotContradiction
as_001736,"In patients with dilated cardiomyopathy, are HLA genes associated with development of Dilated Cardiomyopathy","We conclude that HLA-DR4, -DR15, -DPB1*0601 alleles confers susceptibility to, while DPB1*0101 allele confers protection from IDC among individuals of northern Chinese Han nationality.",17060025,"However, this and other studies continue to implicate genes within the class II region in determining the risk for IDC.",7977121,NotContradiction
as_001737,"In patients with dilated cardiomyopathy, are HLA genes associated with development of Dilated Cardiomyopathy","We conclude that HLA-DR4, -DR15, -DPB1*0601 alleles confers susceptibility to, while DPB1*0101 allele confers protection from IDC among individuals of northern Chinese Han nationality.",17060025,"In the IDC group, the frequency of human leukocyte antigen DR4 was similar to that reported in the normal population.",9220309,Contradiction
as_001738,"In patients with dilated cardiomyopathy, are HLA genes associated with development of Dilated Cardiomyopathy","We conclude that HLA-DR4, -DR15, -DPB1*0601 alleles confers susceptibility to, while DPB1*0101 allele confers protection from IDC among individuals of northern Chinese Han nationality.",17060025,These data suggest that variation in class II HLA alleles could be a genetic factor involved in the susceptibility to IDC of the Mexican Mestizo population.,17126830,NotContradiction
as_001739,"In patients with dilated cardiomyopathy, are HLA genes associated with development of Dilated Cardiomyopathy","DR4 and DR5 antigens were significantly more frequent in DC patients than in a normal population control (400 blood donors), while DR3 was less frequent.",2510489,"However, they suggest that genetically determined immune response factors associated with HLA loci may play a role in pathogenesis in certain patients with IDC.",6585136,NotContradiction
as_001740,"In patients with dilated cardiomyopathy, are HLA genes associated with development of Dilated Cardiomyopathy","DR4 and DR5 antigens were significantly more frequent in DC patients than in a normal population control (400 blood donors), while DR3 was less frequent.",2510489,"The results suggest that genetic factors play a role in the pathogenesis of dilated cardiomyopathy, and that since DR4 is frequently associated with auto-immune manifestations, a modified immune response is possible in dilated cardiomyopathy.",3120659,NotContradiction
as_001741,"In patients with dilated cardiomyopathy, are HLA genes associated with development of Dilated Cardiomyopathy","DR4 and DR5 antigens were significantly more frequent in DC patients than in a normal population control (400 blood donors), while DR3 was less frequent.",2510489,These results suggest that there is no HLA association with idiopathic dilated cardiomyopathy or ischaemic heart disease.,8297701,Contradiction
as_001742,"In patients with dilated cardiomyopathy, are HLA genes associated with development of Dilated Cardiomyopathy","DR4 and DR5 antigens were significantly more frequent in DC patients than in a normal population control (400 blood donors), while DR3 was less frequent.",2510489,These findings further demonstrated that immunogenetics might play a predominant pathogenetic role in partial DCM patients.,12845730,NotContradiction
as_001743,"In patients with dilated cardiomyopathy, are HLA genes associated with development of Dilated Cardiomyopathy","DR4 and DR5 antigens were significantly more frequent in DC patients than in a normal population control (400 blood donors), while DR3 was less frequent.",2510489,These results suggest that HLA-DR4 antigen may be a genetic marker for susceptibility to dilated cardiomyopathy.,2590590,NotContradiction
as_001744,"In patients with dilated cardiomyopathy, are HLA genes associated with development of Dilated Cardiomyopathy","DR4 and DR5 antigens were significantly more frequent in DC patients than in a normal population control (400 blood donors), while DR3 was less frequent.",2510489,"However, this and other studies continue to implicate genes within the class II region in determining the risk for IDC.",7977121,NotContradiction
as_001745,"In patients with dilated cardiomyopathy, are HLA genes associated with development of Dilated Cardiomyopathy","DR4 and DR5 antigens were significantly more frequent in DC patients than in a normal population control (400 blood donors), while DR3 was less frequent.",2510489,"In the IDC group, the frequency of human leukocyte antigen DR4 was similar to that reported in the normal population.",9220309,Contradiction
as_001746,"In patients with dilated cardiomyopathy, are HLA genes associated with development of Dilated Cardiomyopathy","DR4 and DR5 antigens were significantly more frequent in DC patients than in a normal population control (400 blood donors), while DR3 was less frequent.",2510489,These data suggest that variation in class II HLA alleles could be a genetic factor involved in the susceptibility to IDC of the Mexican Mestizo population.,17126830,NotContradiction
as_001747,"In patients with dilated cardiomyopathy, are HLA genes associated with development of Dilated Cardiomyopathy","However, they suggest that genetically determined immune response factors associated with HLA loci may play a role in pathogenesis in certain patients with IDC.",6585136,"The results suggest that genetic factors play a role in the pathogenesis of dilated cardiomyopathy, and that since DR4 is frequently associated with auto-immune manifestations, a modified immune response is possible in dilated cardiomyopathy.",3120659,NotContradiction
as_001748,"In patients with dilated cardiomyopathy, are HLA genes associated with development of Dilated Cardiomyopathy","However, they suggest that genetically determined immune response factors associated with HLA loci may play a role in pathogenesis in certain patients with IDC.",6585136,These results suggest that there is no HLA association with idiopathic dilated cardiomyopathy or ischaemic heart disease.,8297701,Contradiction
as_001749,"In patients with dilated cardiomyopathy, are HLA genes associated with development of Dilated Cardiomyopathy","However, they suggest that genetically determined immune response factors associated with HLA loci may play a role in pathogenesis in certain patients with IDC.",6585136,These findings further demonstrated that immunogenetics might play a predominant pathogenetic role in partial DCM patients.,12845730,NotContradiction
as_001750,"In patients with dilated cardiomyopathy, are HLA genes associated with development of Dilated Cardiomyopathy","However, they suggest that genetically determined immune response factors associated with HLA loci may play a role in pathogenesis in certain patients with IDC.",6585136,These results suggest that HLA-DR4 antigen may be a genetic marker for susceptibility to dilated cardiomyopathy.,2590590,NotContradiction
as_001751,"In patients with dilated cardiomyopathy, are HLA genes associated with development of Dilated Cardiomyopathy","However, they suggest that genetically determined immune response factors associated with HLA loci may play a role in pathogenesis in certain patients with IDC.",6585136,"However, this and other studies continue to implicate genes within the class II region in determining the risk for IDC.",7977121,NotContradiction
as_001752,"In patients with dilated cardiomyopathy, are HLA genes associated with development of Dilated Cardiomyopathy","However, they suggest that genetically determined immune response factors associated with HLA loci may play a role in pathogenesis in certain patients with IDC.",6585136,"In the IDC group, the frequency of human leukocyte antigen DR4 was similar to that reported in the normal population.",9220309,Contradiction
as_001753,"In patients with dilated cardiomyopathy, are HLA genes associated with development of Dilated Cardiomyopathy","However, they suggest that genetically determined immune response factors associated with HLA loci may play a role in pathogenesis in certain patients with IDC.",6585136,These data suggest that variation in class II HLA alleles could be a genetic factor involved in the susceptibility to IDC of the Mexican Mestizo population.,17126830,NotContradiction
as_001754,"In patients with dilated cardiomyopathy, are HLA genes associated with development of Dilated Cardiomyopathy","The results suggest that genetic factors play a role in the pathogenesis of dilated cardiomyopathy, and that since DR4 is frequently associated with auto-immune manifestations, a modified immune response is possible in dilated cardiomyopathy.",3120659,These results suggest that there is no HLA association with idiopathic dilated cardiomyopathy or ischaemic heart disease.,8297701,Contradiction
as_001755,"In patients with dilated cardiomyopathy, are HLA genes associated with development of Dilated Cardiomyopathy","The results suggest that genetic factors play a role in the pathogenesis of dilated cardiomyopathy, and that since DR4 is frequently associated with auto-immune manifestations, a modified immune response is possible in dilated cardiomyopathy.",3120659,These findings further demonstrated that immunogenetics might play a predominant pathogenetic role in partial DCM patients.,12845730,NotContradiction
as_001756,"In patients with dilated cardiomyopathy, are HLA genes associated with development of Dilated Cardiomyopathy","The results suggest that genetic factors play a role in the pathogenesis of dilated cardiomyopathy, and that since DR4 is frequently associated with auto-immune manifestations, a modified immune response is possible in dilated cardiomyopathy.",3120659,These results suggest that HLA-DR4 antigen may be a genetic marker for susceptibility to dilated cardiomyopathy.,2590590,NotContradiction
as_001757,"In patients with dilated cardiomyopathy, are HLA genes associated with development of Dilated Cardiomyopathy","The results suggest that genetic factors play a role in the pathogenesis of dilated cardiomyopathy, and that since DR4 is frequently associated with auto-immune manifestations, a modified immune response is possible in dilated cardiomyopathy.",3120659,"However, this and other studies continue to implicate genes within the class II region in determining the risk for IDC.",7977121,NotContradiction
as_001758,"In patients with dilated cardiomyopathy, are HLA genes associated with development of Dilated Cardiomyopathy","The results suggest that genetic factors play a role in the pathogenesis of dilated cardiomyopathy, and that since DR4 is frequently associated with auto-immune manifestations, a modified immune response is possible in dilated cardiomyopathy.",3120659,"In the IDC group, the frequency of human leukocyte antigen DR4 was similar to that reported in the normal population.",9220309,Contradiction
as_001759,"In patients with dilated cardiomyopathy, are HLA genes associated with development of Dilated Cardiomyopathy","The results suggest that genetic factors play a role in the pathogenesis of dilated cardiomyopathy, and that since DR4 is frequently associated with auto-immune manifestations, a modified immune response is possible in dilated cardiomyopathy.",3120659,These data suggest that variation in class II HLA alleles could be a genetic factor involved in the susceptibility to IDC of the Mexican Mestizo population.,17126830,NotContradiction
as_001760,"In patients with dilated cardiomyopathy, are HLA genes associated with development of Dilated Cardiomyopathy",These results suggest that there is no HLA association with idiopathic dilated cardiomyopathy or ischaemic heart disease.,8297701,These findings further demonstrated that immunogenetics might play a predominant pathogenetic role in partial DCM patients.,12845730,Contradiction
as_001761,"In patients with dilated cardiomyopathy, are HLA genes associated with development of Dilated Cardiomyopathy",These results suggest that there is no HLA association with idiopathic dilated cardiomyopathy or ischaemic heart disease.,8297701,These results suggest that HLA-DR4 antigen may be a genetic marker for susceptibility to dilated cardiomyopathy.,2590590,Contradiction
as_001762,"In patients with dilated cardiomyopathy, are HLA genes associated with development of Dilated Cardiomyopathy",These results suggest that there is no HLA association with idiopathic dilated cardiomyopathy or ischaemic heart disease.,8297701,"However, this and other studies continue to implicate genes within the class II region in determining the risk for IDC.",7977121,Contradiction
as_001763,"In patients with dilated cardiomyopathy, are HLA genes associated with development of Dilated Cardiomyopathy",These results suggest that there is no HLA association with idiopathic dilated cardiomyopathy or ischaemic heart disease.,8297701,"In the IDC group, the frequency of human leukocyte antigen DR4 was similar to that reported in the normal population.",9220309,NotContradiction
as_001764,"In patients with dilated cardiomyopathy, are HLA genes associated with development of Dilated Cardiomyopathy",These results suggest that there is no HLA association with idiopathic dilated cardiomyopathy or ischaemic heart disease.,8297701,These data suggest that variation in class II HLA alleles could be a genetic factor involved in the susceptibility to IDC of the Mexican Mestizo population.,17126830,Contradiction
as_001765,"In patients with dilated cardiomyopathy, are HLA genes associated with development of Dilated Cardiomyopathy",These findings further demonstrated that immunogenetics might play a predominant pathogenetic role in partial DCM patients.,12845730,These results suggest that HLA-DR4 antigen may be a genetic marker for susceptibility to dilated cardiomyopathy.,2590590,NotContradiction
as_001766,"In patients with dilated cardiomyopathy, are HLA genes associated with development of Dilated Cardiomyopathy",These findings further demonstrated that immunogenetics might play a predominant pathogenetic role in partial DCM patients.,12845730,"However, this and other studies continue to implicate genes within the class II region in determining the risk for IDC.",7977121,NotContradiction
as_001767,"In patients with dilated cardiomyopathy, are HLA genes associated with development of Dilated Cardiomyopathy",These findings further demonstrated that immunogenetics might play a predominant pathogenetic role in partial DCM patients.,12845730,"In the IDC group, the frequency of human leukocyte antigen DR4 was similar to that reported in the normal population.",9220309,Contradiction
as_001768,"In patients with dilated cardiomyopathy, are HLA genes associated with development of Dilated Cardiomyopathy",These findings further demonstrated that immunogenetics might play a predominant pathogenetic role in partial DCM patients.,12845730,These data suggest that variation in class II HLA alleles could be a genetic factor involved in the susceptibility to IDC of the Mexican Mestizo population.,17126830,NotContradiction
as_001769,"In patients with dilated cardiomyopathy, are HLA genes associated with development of Dilated Cardiomyopathy",These results suggest that HLA-DR4 antigen may be a genetic marker for susceptibility to dilated cardiomyopathy.,2590590,"However, this and other studies continue to implicate genes within the class II region in determining the risk for IDC.",7977121,NotContradiction
as_001770,"In patients with dilated cardiomyopathy, are HLA genes associated with development of Dilated Cardiomyopathy",These results suggest that HLA-DR4 antigen may be a genetic marker for susceptibility to dilated cardiomyopathy.,2590590,"In the IDC group, the frequency of human leukocyte antigen DR4 was similar to that reported in the normal population.",9220309,Contradiction
as_001771,"In patients with dilated cardiomyopathy, are HLA genes associated with development of Dilated Cardiomyopathy",These results suggest that HLA-DR4 antigen may be a genetic marker for susceptibility to dilated cardiomyopathy.,2590590,These data suggest that variation in class II HLA alleles could be a genetic factor involved in the susceptibility to IDC of the Mexican Mestizo population.,17126830,NotContradiction
as_001772,"In patients with dilated cardiomyopathy, are HLA genes associated with development of Dilated Cardiomyopathy","However, this and other studies continue to implicate genes within the class II region in determining the risk for IDC.",7977121,"In the IDC group, the frequency of human leukocyte antigen DR4 was similar to that reported in the normal population.",9220309,Contradiction
as_001773,"In patients with dilated cardiomyopathy, are HLA genes associated with development of Dilated Cardiomyopathy","However, this and other studies continue to implicate genes within the class II region in determining the risk for IDC.",7977121,These data suggest that variation in class II HLA alleles could be a genetic factor involved in the susceptibility to IDC of the Mexican Mestizo population.,17126830,NotContradiction
as_001774,"In patients with dilated cardiomyopathy, are HLA genes associated with development of Dilated Cardiomyopathy","In the IDC group, the frequency of human leukocyte antigen DR4 was similar to that reported in the normal population.",9220309,These data suggest that variation in class II HLA alleles could be a genetic factor involved in the susceptibility to IDC of the Mexican Mestizo population.,17126830,Contradiction
