file,sentence,cited_keys,survey_arxiv_id,survey_title,sentence_id,drop_reason
2_bibliography_research.tex,"\begin{examps} \item $X$ wrote $Y$.\label{pattern1} \item $Y$ was written by $X$.\label{pattern2} \item $X$ is the writer of $Y$.\label{pattern3} \end{examps} Textual entailment methods, on the other hand, recognize, generate, or extract pairs $\left<T, H\right>$ of natural language expressions, such that a human who reads (and trusts) $T$ would infer that $H$ is most likely also true \cite{Dagan2006}.",Dagan2006,0912.3747,A Survey of Paraphrasing and Textual Entailment Methods,s0000,single_cite_key
robots.tex,"RHINO, on the other hand \cite{Rhino}, could respond to tour-start commands, but then, again, just offered a pre-programmed tour with fixed programmer-defined verbal descriptions.",Rhino,1401.4994,A Review of Verbal and Non-Verbal Human-Robot Interactive Communication,s0001,single_cite_key
robots.tex,"On the other hand, consider a dialogue such as (from the robot BIRON at Bielefeld, dialogue in \cite{wrede2006analyses}), which is an example of a dialogue with limited mixed initiative: R: ``Hello Human!'' H: ``Hello!",wrede2006analyses,1401.4994,A Review of Verbal and Non-Verbal Human-Robot Interactive Communication,s0002,single_cite_key
methods.tex,"On the other hand, more recently the agency of speakers is playing a more central role as well in variationist sociolinguistics \cite{eckert2012three}.",eckert2012three,1508.07544,Computational Sociolinguistics: A Survey,s0005,single_cite_key
main.tex,"On the other hand, \citeN{15} present a balanced dataset of 15k tweets.",15,1602.03426,Automatic Sarcasm Detection: A Survey,s0006,single_cite_key
article_main.tex,"On the other hand, a considerable amount of literature has been published on the techniques used to identify spam and spammers as well as different type of analysis on this topic \cite{Heydari2015, Crawford2015}.","Heydari2015, Crawford2015",1703.03609,NetSpam: a Network-based Spam Detection Framework for Reviews in Online Social Media,s0007,all_keys_unresolved
evaluation.tex,"On the other hand, in the evaluation of {\sc bt-nurse}, a successor to {\sc bt-45} which summarised patient data collected over a twelve-hour shift \cite{Hunter2012}, the system was evaluated on-ward using live patient data, but ethical considerations precluded a task-based evaluation.",Hunter2012,1703.09902,"Survey of the State of the Art in Natural Language Generation: Core tasks, applications and evaluation",s0008,single_cite_key
relatedwork.tex,On the other hand in \cite{Galvis} authors devised the same topic modeling using LDA to identify requirements that can be used by engineers to revise the app for subsequent releases.,Galvis,1708.04968,Fault in your stars: An Analysis of Android App Reviews,s0010,single_cite_key
review-comp-opin.tex,"On the other hand, Liu et al.~\cite{Liu5} studied analysing and comparing competing products based on opinions rather than on comparative sentences as a whole.",Liu5,1712.08941,Comparative Opinion Mining: A Review,s0011,single_cite_key
review-comp-opin.tex,"On the other hand, Ganapathibhotla \& Jindal~\cite{Ganapathibhotla8} worked on opinion in comparative sentences in which they made use of opinionated comparative words, context and application domain in detecting opinion in comparative sentences.",Ganapathibhotla8,1712.08941,Comparative Opinion Mining: A Review,s0012,single_cite_key
main.tex,"On the other hand, the softmax probability of word generation is computed based on decoder's hidden state at time $h_t$, the input context vector $c^e_t$, and decoder context vector $c_t^d$: %$$p(y_t|s_t=0) = \text{softmax}f(h_t,c^e_t, c_t^d).$$The final probably distribution for words at time step $t$ is then the same as in \cite{abs4_SeeLM17}.",abs4_SeeLM17,1804.04589,A Survey on Neural Network-Based Summarization Methods,s0013,single_cite_key
ShortSurvey.tex,"Conversely \cite{jauhiainen6} found that, for the same method, the best results for the evaluation set were attained with 20,000 features per language.",jauhiainen6,1804.08186,Automatic Language Identification in Texts: A Survey,s0015,single_cite_key
arXiv-tem.tex,~\cite{risch2016detecting} on the other hand studied and used LDA for detecting Twitter topics.,risch2016detecting,1804.08234,PeRView: A Framework for Personalized Review Selection Using Micro-Reviews,s0016,single_cite_key
arXiv-tem.tex,Liu~{et~al.}~\cite{LiuMSZ10a}[27] on the other hand used feature selection approach used in data mining and its utility in reducing complexity in data mining procedures.,LiuMSZ10a,1804.08234,PeRView: A Framework for Personalized Review Selection Using Micro-Reviews,s0017,single_cite_key
misinfo-survey-clean.tex,"Conversely, disinformation is spread \emph{with} the intent to deceive~\cite{pomerantsev2014menace}.",pomerantsev2014menace,1804.08559,False Information on Web and Social Media: A Survey,s0018,single_cite_key
anaphora-and-coreference-resolution.tex,"Lappin and Leass~\citep{lappin1994algorithm} algorithm, on the other hand, can be seen as a hybrid since it was both syntax- and discourse-based.",lappin1994algorithm,1805.11824,Anaphora and Coreference Resolution: A Review,s0020,single_cite_key
coling2018.tex,"On the other hand, the model centric category focuses on NMT models that are specialized for domain adaptation, which can be either the training objective \cite{luong2015stanford,sennrich-haddow-birch:2016:P16-11,domspec,domfast,iwnmt,costweighting,varga:2017,dakw:17fine,chu:2017:ACL,micelibarone-EtAl:2017:EMNLP2017}, the NMT architecture \cite{domcont,DBLP:journals/corr/GulcehreFXCBLBS15,britz-le-pryzant:2017:WMT} or the decoding algorithm \cite{DBLP:journals/corr/GulcehreFXCBLBS15,dakw:17fine,","luong2015stanford,sennrich-haddow-birch:2016:P16-11,domspec,domfast,iwnmt,costweighting,varga:2017,dakw:17fine,chu:2017:ACL,micelibarone-EtAl:2017:EMNLP2017;domcont,DBLP:journals/corr/GulcehreFXCBLBS15,britz-le-pryzant:2017:WMT;DBLP:journals/corr/GulcehreFXCBLBS15,dakw:17fine,khayrallah-EtAl:2017:I17-2",1806.00258,A Survey of Domain Adaptation for Neural Machine Translation,s0021,likely_latex_artifact
main.tex,"On the other hand, hybrid approaches \cite{yang2013joint} combine the robustness and the high accuracy of Machine Learning (ML) algorithms with the fine-grained modeling of linguistic rules.",yang2013joint,1806.07787,Opinion Dynamics Modeling for Movie Review Transcripts Classification with Hidden Conditional Random Fields,s0022,single_cite_key
2_typology.tex,"%Example for phonemic: consonant phoneme inventory \cite{lindblom1988phonetic} On the other hand, \textit{semantic} typology studies languages at the semantic and pragmatic levels.",lindblom1988phonetic,1807.00914,Modeling Language Variation and Universals: A Survey on Typological Linguistics for Natural Language Processing,s0023,single_cite_key
samplebody-conf-v1.tex,"On the other hand, \cite{knijnenburg2012explaining} indicates users' subjective reviews of their interaction influence others experience, but they have not gain observable attention.",knijnenburg2012explaining,1807.06978,Improving Explainable Recommendations with Synthetic Reviews,s0025,single_cite_key
samplebody-conf-v1.tex,"On the other hand, deep learning techniques have improved the machine generated text, especially recurrent neural networks (RNNs) \cite{sutskever2011generating}.",sutskever2011generating,1807.06978,Improving Explainable Recommendations with Synthetic Reviews,s0026,single_cite_key
samplebody-conf-v1.tex,"On the other hand, neural network has recently shown improvements in natural language processing (NLP) domain, such as text classification \cite{hughes2017medical}, sentiment analysis \cite{wang2018sentiment}, and text generation \cite{DBLP:conf/iui/CostaODL18, sutskever2011generating}.","hughes2017medical;wang2018sentiment;DBLP:conf/iui/CostaODL18, sutskever2011generating",1807.06978,Improving Explainable Recommendations with Synthetic Reviews,s0027,all_keys_unresolved
samplebody-conf-v1.tex,"On the other hand, neural network also performed marvelous performance in natural language process (NLP) domain recently, such as text classification \cite{hughes2017medical}, sentiment analysis \cite{wang2018sentiment}, and text generation \cite{DBLP:conf/iui/CostaODL18, sutskever2011generating}.","hughes2017medical;wang2018sentiment;DBLP:conf/iui/CostaODL18, sutskever2011generating",1807.06978,Improving Explainable Recommendations with Synthetic Reviews,s0028,all_keys_unresolved
samplebody-conf-v1.tex,"On the other hand, we use DeepCoNN \cite{zheng2017joint} to analyze our generated reviews on recommendation task.",zheng2017joint,1807.06978,Improving Explainable Recommendations with Synthetic Reviews,s0029,single_cite_key
samplebody-conf-v1.tex,"On the other hand, we use DeepCoNN \cite{zheng2017joint}, a novel deep learning recommender system making use of reviews for rating prediction, to analyze our generated reviews on recommendation point.",zheng2017joint,1807.06978,Improving Explainable Recommendations with Synthetic Reviews,s0030,single_cite_key
samplebody-conf-v2.tex,"On the other hand, neural networks have recently shown improvements in the natural language processing (NLP) domain, such as text classification \cite{hughes2017medical}, sentiment analysis \cite{wang2018sentiment}, and text generation \cite{DBLP:conf/iui/CostaODL18, sutskever2011generating}.","hughes2017medical;wang2018sentiment;DBLP:conf/iui/CostaODL18, sutskever2011generating",1807.06978,Improving Explainable Recommendations with Synthetic Reviews,s0031,all_keys_unresolved
main1.tex,"%On the other hand, the authors in \cite{c8} used the ML approach, they developed a framework that analyze Arabic tweets and comments and then classify them to positive, negative, or neutral sentiment.",c8,1809.02782,Sentiment analysis for Arabic language: A brief survey of approaches and techniques,s0033,single_cite_key
discussion.tex,"On the other hand, the existing HIPAA Safe Harbor standard may already limit researchers’ ability to perform various studies by masking relevant information, such as restricting location to three-digit zip codes (applicable to many social and public health studies), which may limit accuracy in health research (\cite{benitez2010beyond}).",benitez2010beyond,1810.06765,A survey of automatic de-identification of longitudinal clinical narratives,s0034,single_cite_key
icis.tex,"On the other hand, the results of, for example, \citet{Mudambi.2010} indicate the greater helpfulness of positive reviews.",Mudambi.2010,1810.10942,Understanding the Role of Two-Sided Argumentation in Online Consumer Reviews: A Language-Based Perspective,s0035,single_cite_key
samplebody-journals.tex,"On the other hand, these (discriminative) attributes identified can be used to automatically detect fake news using its writing style, where a typical study using supervised learning can be seen in \cite{zhou2019content}; we will provide further details in Section \ref{sec::style}.",zhou2019content,1812.00315,"A Survey of Fake News: Fundamental Theories, Detection Methods, and Opportunities",s0036,single_cite_key
samplebody-journals.tex,"On the other hand, to be further processed by neural networks such as VGG-16/19~\cite{simonyan2014very} to obtain a latent representation, each image is often embedded as a pixel matrix or tensor with size $width\times height\times \#channel(s)$, where channels can be the gray value (\#channels=1) or RGB data (\#channels=3).",simonyan2014very,1812.00315,"A Survey of Fake News: Fundamental Theories, Detection Methods, and Opportunities",s0037,single_cite_key
early_attempts.tex,"On the other hand, \citet{zelle1996learning} build a framework which converts the natural language sentence to a database query, facilitating straightforward evaluation: by implementing the query on the database, one can check if the answer returned is satisfactory.",zelle1996learning,1812.00978,A Survey on Semantic Parsing,s0038,single_cite_key
from_denotations.tex,"On the other hand, unstructured QA \cite{das2017question,chen2017reading,wang2018r3,sun2018open} mainly focuses on the retrieval task of matching queries to documents and then obtaining the answer using some local context such as the paragraph or sentence that is retrieved.","das2017question,chen2017reading,wang2018r3,sun2018open",1812.00978,A Survey on Semantic Parsing,s0040,all_keys_unresolved
aistats2019.tex,"%Inspired by variational auto-encoders (VAE) \cite{kingma2013auto, rezende2014stochastic}, %Probabilistic approaches on the other hand, allows for designing the structure corresponding to data, as well as tendency to learn interpretable topics therefore learning representation that potentially can be used for various tasks, inference quickly becomes a difficult task as the model becomes more complicated due to replying on conjugacy.","kingma2013auto, rezende2014stochastic",1812.05035,Structured Neural Topic Models for Reviews,s0041,all_keys_unresolved
SurveyFinal.tex,"On the other hand, Transformer encoder is faster than recursive layers when the length of the sequence $n$ is smaller than the dimensionality of the representation $d$ (complexities: self-attention $\mathcal{O} (n^2 \cdot d)$ and recurrent $\mathcal{O} (n\cdot d^2)$) \cite{vaswani2017attention}.",vaswani2017attention,1812.09449,A Survey on Deep Learning for Named Entity Recognition,s0042,single_cite_key
discourse-nmt-eval.tex,"Conversely, non-WSD errors are equated to cohesion errors, although the authors concede that ``these types are not mutually exclusive and the distinction is not always so clear.'' While cohesion errors \emph{per se} can in principle be counted automatically \citep{D12-1097}, WSD errors, as well as non-WSD errors not related to cohesion (e.g.\ due to collocations or terminology) are more difficult to spot without human intervention.",D12-1097,1901.09115,Context in Neural Machine Translation: A Review of Models and Evaluations,s0044,single_cite_key
Towards_a_Robust_Deep_Neural_Network_in_Texts_A_Survey.tex,"On the other hand, enhancing the transferability is meaningful in more practical black-box attacks, and the combination of optimization-based and transferability-based methods is another viable way like the work in \cite{fsjcdeyt2020}.",fsjcdeyt2020,1902.07285,Towards a Robust Deep Neural Network in Texts: A Survey,s0045,single_cite_key
content.tex,"On the other hand, \cite{shao2017efficient} use co-mentions in tweets to create a social network of users.",shao2017efficient,1903.05801,Survey of Text-based Epidemic Intelligence: A Computational Linguistic Perspective,s0046,single_cite_key
main.tex,"On the other hand, consumers tend to research on consumer electronics products because these products change very frequently, with new products and updates of existing ones~\cite{chakraborty2018effects}.",chakraborty2018effects,1903.12452,A framework for fake review detection in online consumer electronics retailers,s0047,single_cite_key
2-benchmarks.tex,"On the other hand, since the linguistic structures which refer to specific events are much more flexible than those for entities \cite{chenGraphbasedEventCoreference2009}, disambiguating event references may be more challenging than the existing benchmarks for entity reference resolution.",chenGraphbasedEventCoreference2009,1904.01172,"Recent Advances in Natural Language Inference: A Survey of Benchmarks, Resources, and Approaches",s0048,single_cite_key
3-resources.tex,"Information for using Wikidata can be found at \url{https://www.wikidata.org/}.} \subsubsection{Commonsense Knowledge Resources}\label{representation commonsense} Commonsense knowledge, on the other hand, is considered obvious to most humans, and not likely to be explicitly stated \cite{cambriaIsanetteCommonCommon2011a}.",cambriaIsanetteCommonCommon2011a,1904.01172,"Recent Advances in Natural Language Inference: A Survey of Benchmarks, Resources, and Approaches",s0051,single_cite_key
information-479316.tex,"Accuracy and error~($\frac{FP+FN}{TP+TN+FP+FN}=1-\text{accuracy}$), on the other hand, are not widely used for text classification applications because they are insensitive to variations in the number of correct decisions due to the large value of the denominator~($TP+TN$)~\cite{yang1999evaluation}.",yang1999evaluation,1904.08067,Text Classification Algorithms: A Survey,s0053,single_cite_key
main.tex,"Supervised methods on the other hand, have more powerful modeling capabilities and typically achieve higher accuracy than the unsupervised ones according to previous studies \citep{DBLP:journals/lre/KimMKB13, caragea2014citation, meng2017deep}.","DBLP:journals/lre/KimMKB13, caragea2014citation, meng2017deep",1905.05044,A Review of Keyphrase Extraction,s0054,all_keys_unresolved
transfer_learning.tex,"On the other hand, \citet{nguyen17} utilized the lexical similarity between related source languages using a small subword vocabulary.",nguyen17,1905.05395,A Brief Survey of Multilingual Neural Machine Translation,s0055,single_cite_key
auxiliary.tex,"On the other hand, \citet{C18-1263} propose a simple modification to \citet{johnson17} by augmenting the model input.",C18-1263;johnson17,1905.05395,A Brief Survey of Multilingual Neural Machine Translation,s0056,insufficient_resolved_lt_2
auxiliary.tex,"On the other hand, \citet{D18-1039} improved upon \citet{C18-1263} to generate parameters on the fly for different language pairs.",D18-1039;C18-1263,1905.05395,A Brief Survey of Multilingual Neural Machine Translation,s0057,all_keys_unresolved
multiway.tex,"On the other hand, \citet{firat16} proposed a model comprised of separate embeddings, encoders and decoders for each language.",firat16,1905.05395,A Brief Survey of Multilingual Neural Machine Translation,s0058,single_cite_key
main.tex,"Humans, on the other hand, need twenty minutes~\cite{maldonado2015detecting} to assess if those 100 comments a for ``self-admitted technical debt'' (defined later in this paper).",maldonado2015detecting,1905.08297,Better Technical Debt Detection via SURVEYing,s0060,single_cite_key
03_Sinhala.tex,"On the other hand, the most prolific single project of Sinhala NLP we have observed so far is an attempt to create an end-to-end Sinhala-to-English translator~\cite{hettige2006morphological,hettige2006parser,hettige2006first,hettige2007developing,hettige2007transliteration,hettige2007using,hettige2008web,hettige2008web1,hettige2009theoretical,hettige2010evaluation,hettige2010varanageema,hettige2011computational,hettige2013selected,hettige2012multi,hettige2013masmt,hettige2014sinhala,hettige2016m","hettige2006morphological,hettige2006parser,hettige2006first,hettige2007developing,hettige2007transliteration,hettige2007using,hettige2008web,hettige2008web1,hettige2009theoretical,hettige2010evaluation,hettige2010varanageema,hettige2011computational,hettige2013selected,hettige2012multi,hettige2013masmt,hettige2014sinhala,hettige2016multi,hettige2017phrase,hettige2021masmt4",1906.02358,Survey on Publicly Available Sinhala Natural Language Processing Tools and Research,s0063,likely_latex_artifact
03_Sinhala.tex,% \citet{sen2019parallel} on the other hand attempted to improve the quality of the Sinhala-English parallel corpora using fuzzy string matching where they tried to match the English translation of the given Sinhala sentence to the English sentence in the dataset pair.,sen2019parallel,1906.02358,Survey on Publicly Available Sinhala Natural Language Processing Tools and Research,s0065,single_cite_key
03_Sinhala.tex,\citet{thennakon2025real} on the other hand reports 96\% accuracy in recognising real-time Sinhala Sign Language signs.,thennakon2025real,1906.02358,Survey on Publicly Available Sinhala Natural Language Processing Tools and Research,s0066,single_cite_key
stance_and_fakenews.tex,"The same goes for \textit{veracity classification} which, on the other hand, is the task of resolving some claim by analysing crowd reactions\cite{derczynski17}.",derczynski17,1907.00181,Fake News Detection using Stance Classification: A Survey,s0067,single_cite_key
stance_and_fakenews.tex,"""Denmark is the most environmentally-friendly country in the world"" on the other hand could be considered fake news, as Denmark ranks 3 by EPI\footnote{see https://epi.envirocenter.yale.edu/epi-topline} and since the intention could be to lead people to buy specific environmentally-friendly products \texttt{PHEME} is a project dealing with the fake news detection problem described above, focusing on veracity of data in social media and on the web\cite{pheme}.",pheme,1907.00181,Fake News Detection using Stance Classification: A Survey,s0068,single_cite_key
charnets_long.tex,"With character graphs in particular, on the one hand too large windows will miss many details, as relationships in works of fiction can evolve quickly, and on the other hand too small windows will result in very unstable networks, which may hide relevant information~\cite{Oelke2013}.",Oelke2013,1907.02704,Extraction and Analysis of Fictional Character Networks: A Survey,s0069,single_cite_key
XAISurvey.tex,"On the other hand, the exposition \cite{pmid30790315} argues that a certain degree of opaqueness is acceptable, i.e.",pmid30790315,1907.07374,A Survey on Explainable Artificial Intelligence (XAI): Towards Medical XAI,s0070,single_cite_key
coling2020.tex,"The second best approach \cite{spmmmp}, with macro F$_1$ $75.52\%$, on the other hand, employed an ensemble of CNNs whose outputs were fed to a meta classifier for final prediction.",spmmmp,1908.06024,Tackling Online Abuse: A Survey of Automated Abuse Detection Methods,s0071,single_cite_key
coling2020.tex,"On the other hand, automated systems can invalidate abusive experiences, particularly for victims whose experiences may not lie in the realm of \textit{typical} ones \cite{blackwell2017classification}.",blackwell2017classification,1908.06024,Tackling Online Abuse: A Survey of Automated Abuse Detection Methods,s0072,single_cite_key
acl2019.tex,"On the other hand, the injection of fine-grained polarity information has been shown to be a key ingredient to build competitive sentiment predictors by \citet{socher2013recursive}.",socher2013recursive,1908.11216,From the Token to the Review: A Hierarchical Multimodal approach to Opinion Mining,s0073,single_cite_key
emnlp2016.tex,"On the other hand, the system by \cite{hhu:16} was the best performing at both tweet and token level for the MSA-DA data set.",hhu:16,1909.13016,Overview for the Second Shared Task on Language Identification in Code-Switched Data,s0074,single_cite_key
fruct.tex,"Authors of \cite{Villmow2018}, on the other hand, utilized a more complex neural network structure based on LSTMs (Long Short-Term Memory) to build an end-to-end keyphrase extraction system that eliminates the need for manual engineering of statistical features.",Villmow2018,1910.05059,Keyphrase Generation: A Multi-Aspect Survey,s0075,single_cite_key
fruct.tex,"TS studies, on the other hand, have been mostly based on news articles (e.g., \cite{McKeown1995}, \cite{Kaikhah2004} or \cite{Harabagiu2005}).",McKeown1995;Kaikhah2004;Harabagiu2005,1910.05059,Keyphrase Generation: A Multi-Aspect Survey,s0076,all_keys_unresolved
main.tex,"On the other hand, Obj-GAN~\citep{DBLP:journals/corr/abs-1902-10740} focuses on object centered text-to-image synthesis.",DBLP:journals/corr/abs-1902-10740,1910.09399,A Survey and Taxonomy of Adversarial Neural Networks for Text-to-Image Synthesis,s0077,single_cite_key
Applications.tex,"%} On the other hand, DKRL~\cite{xie2016representation} has been evaluated on all kinds of link prediction tasks: head, tail, and relation predictions.",xie2016representation,1910.12507,A Survey on Knowledge Graph Embeddings with Literals: Which model links better Literal-ly?,s0078,single_cite_key
sec2-background.tex,"Beam search \cite{Graves:12}, on the other hand, keeps a fixed number (\textit{b}) of translation hypotheses with the highest log-probability at each timestep.",Graves:12,1912.08494,A Survey on Document-level Neural Machine Translation: Methods and Evaluation,s0080,single_cite_key
main.tex,"I.e., the label distribution of a predictive model reflects a human attribute in a way that diverges from a theoretically defined ``ideal distribution.'' For example, a Part Of Speech (POS) tagger reflecting how an older generation uses words \cite{hovy2015tagging} diverges from the population as a whole.",hovy2015tagging,1912.11078,Predictive Biases in Natural Language Processing Models: A Conceptual Framework and Overview,s0081,single_cite_key
transfer_learning.tex,"Could you point out some limitations you can think of and some potential point of future focus?} %On the other hand, \citet{kocmi-bojar:2018:WMT} showed that transfer learning improves low-resource language translation, even when neither the source nor the target languages are shared between the resource-rich and poor language pairs.",kocmi-bojar:2018:WMT,2001.01115,A Comprehensive Survey of Multilingual Neural Machine Translation,s0082,single_cite_key
domain_adaptation.tex,"On the other hand, data selection approaches in domain adaptation that select out-of-domain sentences which are similar to in-domain sentences \cite{wang-EtAl:2017:Short3} have not been applied to MNMT.",wang-EtAl:2017:Short3,2001.01115,A Comprehensive Survey of Multilingual Neural Machine Translation,s0083,single_cite_key
auxiliary.tex,"On the other hand, \citet{C18-1263} propose a simple modification to \citet{johnson17} by augmenting the model input.",C18-1263;johnson17,2001.01115,A Comprehensive Survey of Multilingual Neural Machine Translation,s0084,all_keys_unresolved
auxiliary.tex,"On the other hand, \citet{D18-1039} improved upon \citet{C18-1263} to generate parameters on the fly for different language pairs.",D18-1039;C18-1263,2001.01115,A Comprehensive Survey of Multilingual Neural Machine Translation,s0085,all_keys_unresolved
multisource.tex,"On the other hand, \citet{Dabre-MTS2017} have shown that it is possible to perform naive ensembling\footnote{This means uniform avergaging of softmaxes of different models as opposed to weighted averaging.} and still get reasonable improvements in translation quality.",Dabre-MTS2017,2001.01115,A Comprehensive Survey of Multilingual Neural Machine Translation,s0086,single_cite_key
multiway.tex,"On the other hand, \citet{platanios18} learned the degree of parameter sharing from the training data.",platanios18,2001.01115,A Comprehensive Survey of Multilingual Neural Machine Translation,s0087,single_cite_key
multiway.tex,"On the other hand, \citet{kiperwasser-ballesteros-2018-scheduled} proposed a multi-task learning model for learning syntax and translation where they showed different effects of their model for high-resource and low resource language pairs.",kiperwasser-ballesteros-2018-scheduled,2001.01115,A Comprehensive Survey of Multilingual Neural Machine Translation,s0088,single_cite_key
multiway.tex,"On the other hand, \citet{platanios18} improved upon \citet{blackwood18} to generate parameters on the fly for different language pairs.",platanios18;blackwood18,2001.01115,A Comprehensive Survey of Multilingual Neural Machine Translation,s0089,all_keys_unresolved
Section1.tex,"On the other hand, some researchers limited their survey work on a special part related to NMT — the Attention Mechanism, but both of them have a general scope that oriented to all kinds of AI tasks with Attention \cite{Chaudhari2019}\cite{Galassi2019}.",Chaudhari2019;Galassi2019,2002.07526,A Survey of Deep Learning Techniques for Neural Machine Translation,s0090,all_keys_unresolved
Section2.tex,"While further research of the aforementioned LM with statistical method has become almost stagnant, Neural Language Model (NLM)\cite{Bengio2003}, on the other hand, uses a neural network to build a language model that models text data directly.",Bengio2003,2002.07526,A Survey of Deep Learning Techniques for Neural Machine Translation,s0091,single_cite_key
2_spatial.tex,"On the other hand, if the order number is large, GNNs may average all node representations, causing an over-smoothing issue and losing its focus on the local neighborhood~\cite{li2018deeper}.",li2018deeper,2002.11867,Bridging the Gap between Spatial and Spectral Domains: A Survey on Graph Neural Networks,s0093,single_cite_key
main.tex,"On the other hand, in abstractive summarization, it was ~\cite{rush2015neural} which, for the first time, used attention over a sequence-to-sequence (seq2seq) model for the problem of headline generation.",rush2015neural,2003.01200,Natural Language Processing Advancements By Deep Learning: A Survey,s0094,single_cite_key
survey.tex,The benefit of pre-trained network for transfer learning decrease as the target task diverges from the original task of the pre-trained network~\cite{yosinskiHowTransferableAre2014}.,yosinskiHowTransferableAre2014,2003.04241,Deep Neural Networks for Automatic Speech Processing: A Survey from Large Corpora to Limited Data,s0095,single_cite_key
main.tex,"The work presented in \cite{Yu:2019:VDA:3292500.3330991}, on the other hand, supports a hybrid visual/natural language interaction mechanism, where recommendations are displayed visually, and users can provide feedback to certain features in a critiquing-like form in natural language.",Yu:2019:VDA:3292500.3330991,2004.00646,A Survey on Conversational Recommender Systems,s0097,single_cite_key
template.tex,"On the other hand, based upon pre-trained deep models, meta-learning adapts task-specific learners to unseen tasks rapidly without precision loss \cite{Munkhdalai2018}.",Munkhdalai2018,2004.11149,A Comprehensive Overview and Survey of Recent Advances in Meta-Learning,s0098,single_cite_key
template.tex,"On the other hand, unsupervised learning allows parameter adaptation in the inner loop to be independent of data labels \cite{Metz2019}.",Metz2019,2004.11149,A Comprehensive Overview and Survey of Recent Advances in Meta-Learning,s0099,single_cite_key
sample-acmsmall.tex,"\cite{HadjTaieb2019}, on the other hand, describe various semantic relatedness methods and Berna Altınel et al.",HadjTaieb2019,2004.13820,Evolution of Semantic Similarity -- A Survey,s0100,single_cite_key
approaches.tex,"On the other hand, for applications that need specific invertible features, still the framework in \cite{PLC2016} will be useful.",PLC2016,2005.07794,On Deep Speech Packet Loss Concealment: A Mini-Survey,s0101,single_cite_key
elsarticle-template.tex,"In terms of dividing the products into two parts, search goods, and experience goods,\ \cite{mudambi2010makes} demonstrated that the extreme reviews are less helpful than moderate reviews for the former products; on the contrary, extreme reviews are more helpful for the latter.\ \cite{willemsen2011highly} found negative information in reviews are more paramount in making purchase decision, while only for experience products rather than search products, comparing to positive information; converse",mudambi2010makes;willemsen2011highly;huang2017social,2005.09837,Positive emotions help rank negative reviews in e-commerce,s0102,all_keys_unresolved
main.tex,"On the other hand, \citet{severyn_opinion_2014} proposed a systematic approach to mine user comments that relies on tree kernel models.",severyn_opinion_2014,2005.13362,A Multi-modal Approach to Fine-grained Opinion Mining on Video Reviews,s0103,single_cite_key
main.tex,On the other hand \citet{pham_seq2seq2sentiment:_2018} introduced multi-modal sequence-to-sequence models which perform specially well in bi-modal settings.,pham_seq2seq2sentiment:_2018,2005.13362,A Multi-modal Approach to Fine-grained Opinion Mining on Video Reviews,s0104,single_cite_key
main.tex,"On the other hand, in this work we model video feature extraction using I3D \cite{carreira2017quo}.",carreira2017quo,2005.13362,A Multi-modal Approach to Fine-grained Opinion Mining on Video Reviews,s0105,single_cite_key
coling2020.tex,"On the other hand, HAM \cite{ham} ignores the history questions and uses the current question as a query with positional History Answer Embeddings (section \ref{history_modelling}), thus generating one output sequence per conversation turn.",ham,2006.00671,Conversational Machine Comprehension: a Literature Review,s0108,single_cite_key
000_all.tex,"The \textsc{masi} metric \citep{gatt-etal-2008-tuna}, on the other hand, adapts the Jaccard coefficient, which biases it in favour of similarity when a set of attributes is a subset of the other attribute set.",gatt-etal-2008-tuna,2006.14799,Evaluation of Text Generation: A Survey,s0111,single_cite_key
000_all.tex,"On the other hand, \textbf{\textsc{quick-thought}} \citep{logeswaran2018an} is based on an unsupervised model of universal sentence embeddings trained on consecutive sentences.",logeswaran2018an,2006.14799,Evaluation of Text Generation: A Survey,s0112,single_cite_key
000_all.tex,"\cite{Joty2017}, on the other hand, compare the source and target documents based on the similarity of their discourse trees.",Joty2017,2006.14799,Evaluation of Text Generation: A Survey,s0113,single_cite_key
survey.tex,"Conversely, \cite{LocalScaleInvariance} process multiple scaled versions of the same input obtained using bi-linear interpolation at each convolutional layer.",LocalScaleInvariance,2006.16867,Boosting Deep Neural Networks with Geometrical Prior Knowledge: A Survey,s0114,single_cite_key
main2.tex,"On the other hand, \citet{wei2019novel}, which also utilizes BERT, achieved best results on the distantly supervised NYT dataset.",wei2019novel,2007.04247,Neural relation extraction: a survey,s0115,single_cite_key
main.tex,"On the other hand, CBMT \citewpar{dauphin-lux-1996-corpus,carl-2000-model} depends on a large number of aligned sentences such as Statistical Machine Translation (SMT) \citewpar{kondrak-etal-2003-cognates,setiawan-etal-2005-phrase,Koehn:2005,koehn2007moses, green-etal-2014-empirical,junczys-dowmunt-grundkiewicz-2016-phrase} and Neural Machine Translation (NMT) \citewpar{Sutskever:2014:SSL:2969033.2969173, cho2014learning, Bahdanau2016, zhang-etal-2017-incorporating}.","dauphin-lux-1996-corpus,carl-2000-model;kondrak-etal-2003-cognates,setiawan-etal-2005-phrase,Koehn:2005,koehn2007moses, green-etal-2014-empirical,junczys-dowmunt-grundkiewicz-2016-phrase;Sutskever:2014:SSL:2969033.2969173, cho2014learning, Bahdanau2016, zhang-etal-2017-incorporating",2008.01391,A Survey of Orthographic Information in Machine Translation,s0116,likely_latex_artifact
LML.tex,"On the other hand, although the accuracy of anchor graphs is lightly worse than sparse graphs \cite{liu2010large}, they are more potent on handling very large datasets.",liu2010large,2008.03911,A Survey on Large-scale Machine Learning,s0118,single_cite_key
LML.tex,"On the other hand, local histogram aggregation resulted in smaller numbers of iterations than the global one by refining the histogram strategy \cite{chen2016xgboost}.",chen2016xgboost,2008.03911,A Survey on Large-scale Machine Learning,s0119,single_cite_key
LML.tex,"On the other hand, Gauss-Southwell (GS) rules propose to take advantage of gradient information for the selection, which can be regarded as performing the steepest descent \cite{shi2016primer}.",shi2016primer,2008.03911,A Survey on Large-scale Machine Learning,s0121,single_cite_key
LML.tex,"On the other hand, for solving lasso, APG only required 20\% time of the basic proximal gradient, and ADMM further saved 50\% time costs \cite{parikh2014proximal}.",parikh2014proximal,2008.03911,A Survey on Large-scale Machine Learning,s0122,single_cite_key
main.tex,"On the other hand, the Quaternion Transformer~\citep{tay2019lightweight} proposes a weight sharing scheme inspired by Hamilton products that locally shares the components in the linear transformation layers.",tay2019lightweight,2009.06732,Efficient Transformers: A Survey,s0128,single_cite_key
main.tex,"On the other hand, \citet{lagunas2021block} proposes a ``block'' pruning approach which can make a Transformer 2.4x faster with little loss in predictive performance on language tasks.",lagunas2021block,2009.06732,Efficient Transformers: A Survey,s0129,single_cite_key
template.tex,"& Scoring & \begin{tabular}[c]{@{}l@{}}Gaussian Mixture\\ Fully Convolutional\\ Variational Autoencoders\end{tabular} \\ \hline \end{tabular} \end{table} On the other hand, \cite{narasimhan_2018_sparse_denoising_ae} proposed a method that makes use of local and global descriptors whose aim is utilize both spatial and temporal domains.",narasimhan_2018_sparse_denoising_ae,2009.14146,A Survey on Deep Learning Techniques for Video Anomaly Detection,s0132,single_cite_key
main.tex,"On the other hand, the goal of explainability is the design of \emph{inherently interpretable} models, capable of performing transparent inference through the generation of an \emph{explanation} for the final prediction \cite{miller2019explanation}.",miller2019explanation,2010.00389,A Survey on Explainability in Machine Reading Comprehension,s0133,single_cite_key
main.tex,"On the other hand, \cite{jansen2018worldtree} observe that complete explanations for science questions require an average of 6 facts classified in three main explanatory roles: \emph{grounding facts} and \emph{lexical glues} have the function of connecting the specific concepts in the question with abstract conceptual categories, while \emph{central facts} refer to high-level explanatory knowledge.",jansen2018worldtree,2010.00389,A Survey on Explainability in Machine Reading Comprehension,s0134,single_cite_key
how-well.tex,"%On the other hand, \cite{ling-etal-2017-program} produces explanations that contain, in addition to the mathematical formulas, text describing \textit{the thought process} behind the derived solution, thus covering a bigger part of the prediction process.",ling-etal-2017-program,2010.00711,A Survey of the State of Explainable AI for Natural Language Processing,s0135,single_cite_key
how-well.tex,"On the other hand, the explanations produced by \cite{ling-etal-2017-program} augment the mathematical formulas with text describing \textit{the thought process} behind the derived solution, thus covering a bigger part of the prediction process.",ling-etal-2017-program,2010.00711,A Survey of the State of Explainable AI for Natural Language Processing,s0136,single_cite_key
paper_final.tex,"On the other hand, in the work of~\citet{liu:20} (see~\tabref{tab:pointwise_pairwise}), we observe that there is variation between the two losses on the dev and on the test set.",liu:20,2010.03001,A Review on Fact Extraction and Verification,s0137,single_cite_key
paper_final.tex,"\revisedgiannis{Note that this gap can become larger in other datasets (see \eg the performance of the model of~\citet{liu:20,liu-etal-2020-adapting-open} on SCIFACT~\cite{wadden:20}).} On the other hand, the use of pre-trained BERT in the FEVER task~\cite{soleimani:20} gave a significant boost over the ESIM models.","liu:20,liu-etal-2020-adapting-open;wadden:20;soleimani:20",2010.03001,A Review on Fact Extraction and Verification,s0138,all_keys_unresolved
dilemma.tex,"Pre-processing methods, which modify the training data, are at odds with policies like \gdpr 's right to an explanation, and can introduce new subjectivity biases \cite{veale2017}.",veale2017,2010.04053,Fairness in Machine Learning: A Survey,s0141,single_cite_key
main.tex,"On the other hand, the indication may contain additional information not present in the image, such as a patient's previous condition, which in some cases may be essential to address the task \cite{maksoud2019coral8}.",maksoud2019coral8,2010.10563,A Survey on Deep Learning and Explainability for Automatic Report Generation from Medical Images,s0143,single_cite_key
survey.tex,"Ditto \cite{Li2020-jp}, on the other hand, explicitly incorporate attribute name sub-word tokens in the input sequence, which gives more information to the Transformer network to perform schema matching.",Li2020-jp,2010.11075,Neural Networks for Entity Matching: A Survey,s0144,single_cite_key
main.tex,"%$KL(P_{\phi'} \Vert Q_{\psi'}) - KL(P_{\phi} \Vert Q_{\psi})$ On the other hand, in TSCL~\cite{matiisen2019teacher}, the authors set the reward as the absolute value of the slope of the learning curve (the absolute difference between the performance scores of two successive epochs) %\footnote{It means the absolute difference value between the performance scores of two successive epochs.} on a specific task.",matiisen2019teacher,2010.13166,A Survey on Curriculum Learning,s0146,single_cite_key
Multi-doc_survey.tex,"Conversely, MDS generates more comprehensive and accurate summaries from documents written at different times, covering different perspectives, but is accordingly more complicated as it tries to resolve potentially diverse and redundant information \cite{tas2007survey}.",tas2007survey,2011.04843,Multi-document Summarization via Deep Learning Techniques: A Survey,s0148,single_cite_key
access.tex,"Semantics, on the other hand, can play a vital role in identifying correct aspects employing objective metric~\cite{kastrati2015semcon}.",kastrati2015semcon,2011.05806,The Potential of Machine Learning and NLP for Handling Students' Feedback (A Short Survey),s0149,single_cite_key
survey2.0.tex,"On the other hand, machine learning-based approaches, such as statistical parametric methods \cite{271}, are much less rigid and do allow for things such as combining data from multiple speakers, model adaptation using small amounts of training data, joint modeling of timbre and expression, etc.",271,2011.06801,"A Comprehensive Survey on Deep Music Generation: Multi-level Representations, Algorithms, Evaluations, and Future Directions",s0150,single_cite_key
arxiv_2020_6_som-recent-work.tex,"On the other hand, Kumar and Garg \cite{Kumar2019} propose a multi-modal sentiment analysis model for Twitter, where the sentiment polarity and strength is extracted from tweets based on their text and images (typographic and/or infographic).",Kumar2019,2012.03091,Over a Decade of Social Opinion Mining: A Systematic Review,s0152,single_cite_key
arxiv_2020_6_som-recent-work.tex,"On the other hand, in \cite{Mishev2020} Mishev et al.",Mishev2020,2012.03091,Over a Decade of Social Opinion Mining: A Systematic Review,s0153,single_cite_key
arxiv_2020_1_introduction.tex,"On the other hand, Liu discusses that ``opinions are usually subjective expressions that describe people's sentiments, appraisals or feelings toward entities, events and their properties"" \cite{Liu2010}.",Liu2010,2012.03091,Over a Decade of Social Opinion Mining: A Systematic Review,s0154,single_cite_key
related.tex,"Its reasonableness is confirmed on the one hand by relatively high agreement among reviewers, and on the other hand by the model performance on texts from heterogeneous sources, see e.g.~\cite{DBLP:conf/webi/FrommF019}.",DBLP:conf/webi/FrommF019,2012.07743,Argument Mining Driven Analysis of Peer-Reviews,s0156,single_cite_key
main.tex,"On the other hand, NMT often leads to over-translation and under-translation~\cite{tu2016modeling}, which raises the need for adding prior knowledge to NMT.",tu2016modeling,2012.15515,"Neural Machine Translation: A Review of Methods, Resources, and Tools",s0157,single_cite_key
access.tex,"GraphVAE \cite{simonovsky2018graphvae}, on the other hand, proposes another VAE-based generative model that learns from a dataset of graphs.",simonovsky2018graphvae,2012.15544,Deep Graph Generators: A Survey,s0158,single_cite_key
access.tex,"The decoder, on the other hand, takes a scaffold $S$ as input and extends it by making sequential decisions of node and edge additions in the same way as DeepGMG\cite{li2018learning}, except that it also incorporates the latent vector $\textbf{z}$ in the graph propagation process so that updating node and edge features during the generation is directly affected by $\textbf{z}$.",li2018learning,2012.15544,Deep Graph Generators: A Survey,s0159,single_cite_key
Main.tex,"On the other hand, with a wide range of (health and wellbeing) situations in mind, affective computing focuses on the elementary sensing of affects using often primitive and generalistic (continuous) emotional dimensions, making it very broadly applicable~\cite{luneski2010affective}.",luneski2010affective,2101.06053,"The Multimodal Sentiment Analysis in Car Reviews (MuSe-CaR) Dataset: Collection, Insights and Improvements",s0163,single_cite_key
NLU-Survey2020.tex,"On the other hand, \cite{daha2019deep} use only character embedding.",daha2019deep,2101.08091,A survey of joint intent detection and slot-filling models in natural language understanding,s0165,single_cite_key
main_arxiv.tex,"On the other hand, while there are several pioneering studies~\cite{Araki18}, it is unclear what the best strategies are for consolidating multiple asynchronous audio streams and to what extent they work for natural meetings in online and offline setups.",Araki18,2101.09624,A Review of Speaker Diarization: Recent Advances with Deep Learning,s0168,single_cite_key
manuscript.tex,"\textit{\textbf{MEDIQA-AnS}} \citep{savery2020question}, on the other hand, is a summarization dataset.",savery2020question,2102.05281,Biomedical Question Answering: A Survey of Approaches and Challenges,s0169,single_cite_key
neurips_2021.tex,"% %Conversely, \citet{carton-etal-2020-evaluating} deem \textsc{\small FEVER} highlights non-comprehensive by design.",carton-etal-2020-evaluating,2102.12060,Teach Me to Explain: A Review of Datasets for Explainable Natural Language Processing,s0171,single_cite_key
content.tex,"\methodHL{GraphSAGE} \cite{hamilton2017inductive}, on the other hand, extends aforementioned two methods to attributed graphs, and proposes a novel GNN to calculate node embedding in an inductive manner, which applies RW as its internal sampling strategy as well.",hamilton2017inductive,2103.00111,Graph Self-Supervised Learning: A Survey,s0173,single_cite_key
content.tex,"% On the other hand, \methodHL{HeCo} \cite{wang2021self} is contrasting on heterogeneous graphs, where two contrastive views are generated from two perspectives, i.e., network schema and meta-path, while the encoder is trained by maximizing the MI between the embeddings of the same node in two views.",wang2021self,2103.00111,Graph Self-Supervised Learning: A Survey,s0174,single_cite_key
content.tex,"\methodHL{MERIT} \cite{Jin2021MultiScaleCS}, on the other hand, proposes to combine the advantages of Siamese knowledge distillation and conventional graph contrastive learning.",Jin2021MultiScaleCS,2103.00111,Graph Self-Supervised Learning: A Survey,s0175,single_cite_key
content.tex,"\methodHL{SUBG-CON} \cite{jiao2020sub}, on the other hand, inherits the objective of MVGRL while it adopts different graph augmentations.",jiao2020sub,2103.00111,Graph Self-Supervised Learning: A Survey,s0177,single_cite_key
main.tex,"On the other hand, adversarial machine learning against watermarking has also been explored in \cite{quiring2018adversarial}, adopting a neural network to detect and remove the watermark.",quiring2018adversarial,2103.01607,A Brief Survey on Deep Learning Based Data Hiding,s0179,single_cite_key
arxiv.tex,"On the other hand, \citet{li2018auto-tuning,choi2018deep,cohen2020lightweight} introduce lossy compression techniques to intermediate stages in DNN models, which may affect the final prediction results.","li2018auto-tuning,choi2018deep,cohen2020lightweight",2103.04505,Split Computing and Early Exiting for Deep Learning Applications: Survey and Research Challenges,s0181,all_keys_unresolved
arxiv.tex,"Conversely, it was shown in~\cite{matsubara2019distilled} how challenging it is to inject bottlenecks when considering complex vision tasks such as classification on the ImageNet dataset~\cite{russakovsky2015imagenet}.",matsubara2019distilled;russakovsky2015imagenet,2103.04505,Split Computing and Early Exiting for Deep Learning Applications: Survey and Research Challenges,s0182,all_keys_unresolved
main.tex,"On the other hand, attention mechanisms are also at the heart of transformers \cite{vaswani2017attention}, which can detect globally important variables for the prediction problem, persistent temporal patterns, and significant events that lead to significant changes in temporal dynamics \cite{lim2019temporal}.",vaswani2017attention;lim2019temporal,2104.00950,Explainable Artificial Intelligence (XAI) on TimeSeries Data: A Survey,s0192,all_keys_unresolved
01-intro.tex,"On the other hand, schemas are ``ontological commitments''~\cite{davis-etal-1993-what-is} that limit flexibility in how knowledge is stored, expressed, and accessed.",davis-etal-1993-what-is,2104.05837,Relational World Knowledge Representation in Contextual Language Models: A Review,s0194,single_cite_key
04-entity.tex,"Such approaches rely heavily on the quality of the externally-learned embeddings, which is both a strength and a drawback: Such embeddings may contain useful implicit structural information about the \kb{}, but on the other hand may propagate errors into the \lm~\cite{shen-etal-2020-exploiting}.",shen-etal-2020-exploiting,2104.05837,Relational World Knowledge Representation in Contextual Language Models: A Review,s0195,single_cite_key
introduction.tex,"Abstractive summarization, on the other hand, is a technique in which the summary is generated by generating novel sentences by either rephrasing or using the new words, instead of simply extracting the important sentences \cite{GUPTA201949}.",GUPTA201949,2104.14839,The Factual Inconsistency Problem in Abstractive Text Summarization: A Survey,s0197,single_cite_key
main-3207-Lertvittayakumjorn.tex,"Conversely, \citet{yao2021refining} compared the time humans need to do \EBHD versus instance labelling in order to achieve the equivalent degree of correctness improvement (step 2).",yao2021refining,2104.15135,Explanation-Based Human Debugging of NLP Models: A Survey,s0199,single_cite_key
methodology.tex,"% On the other hand,~\cite{liang2018dynamic} integrates a Kalman filter (as a prior for the time evolution of user and word embedding) into \texttt{Skip-gram} model to generate dynamic embeddings for user profiling in Twitter.",liang2018dynamic,2105.07996,Learning User Embeddings from Temporal Social Media Data: A Survey,s0201,single_cite_key
intro.tex,"Current observation: for pre-trained models, directly sentence-level fine-tuning gets the best result.} On the other hand, although distant supervision generates huge amount of labeled data without human efforts, the sample efficiency and quality of DS-RE data are far worse than supervised ones~\cite{yao2019docred}.",yao2019docred,2105.09543,Manual Evaluation Matters: Reviewing Test Protocols of Distantly Supervised Relation Extraction,s0202,single_cite_key
ontology.tex,"% %On the other hand, \FT{Alternatively, relations may amount to} \emph{taxonomies} (e.g., \FT{as in} Graph2Taxo % \footnote{https://github.com/IBM/gnn-taxo-construction} \cite{RefWorks:doc:5f380b18e4b0f05471536f61}) %represent \FT{amounting to} \textit{is a} relations where a node's children are more specialised forms of that node (e.g., the parent may be \textit{camera} and one of its children may be \textit{digital camera}).",RefWorks:doc:5f380b18e4b0f05471536f61,2105.10966,Automatic Product Ontology Extraction from Textual Reviews,s0203,single_cite_key
main.tex,"On the other hand, the work by \citeauthor{Poletto} is mainly focused on HS datasets corpora.",Poletto,2106.00742,A systematic review of Hate Speech automatic detection using Natural Language Processing,s0204,single_cite_key
springer.tex,"Graph Flow \cite{DBLP:conf/ijcai/0022WZ20}, on the other hand, constructs a dynamic context graph encoding not only the passage itself but also the question as well as the conversation history.",DBLP:conf/ijcai/0022WZ20,2106.00874,Conversational Question Answering: A Survey,s0205,single_cite_key
sample.tex,"On the other hand, speech2vec \cite{chung2018speech2vec} employs a training methodology borrowed directly from the word2vec framework using the skipgram objective.",chung2018speech2vec,2106.04897,Unsupervised Automatic Speech Recognition: A Review,s0206,single_cite_key
sample.tex,"Operating at the word level, on the other hand, would make it possible to align speech with raw text; however, such models rely on the lexical segmentation accuracy and may require acoustic word embeddings that encode semantic features such as speech2vec (see, for example, \citet{chung2018unsupervised}).",chung2018unsupervised,2106.04897,Unsupervised Automatic Speech Recognition: A Review,s0207,single_cite_key
graph4nlp.tex,"% Others~\citet{wu-etal-2020-knowledge,ye2019vectorized,bansal2019a2n,yang2019aligning,gupta-etal-2019-care,malaviya2020commonsense,xu2020coordinated,wang2018cross,xu-etal-2019-cross-lingual,xu2019dynamically,shang2019end,jin-etal-2019-fine,saxena-etal-2020-improving,Wang_Kapanipathi_Musa_Yu_Talamadupula_Abdelaziz_Chang_Fokoue_Makni_Mattei_Witbrock_2019,wang-etal-2019-incorporating,teru2020inductive,Kapanipathi2020InfusingKI,wu2019jointly,lin-etal-2019-kagnet,ghosal-etal-2020-kingdom,sun2020know","wu-etal-2020-knowledge,ye2019vectorized,bansal2019a2n,yang2019aligning,gupta-etal-2019-care,malaviya2020commonsense,xu2020coordinated,wang2018cross,xu-etal-2019-cross-lingual,xu2019dynamically,shang2019end,jin-etal-2019-fine,saxena-etal-2020-improving,Wang_Kapanipathi_Musa_Yu_Talamadupula_Abdelaziz_Chang_Fokoue_Makni_Mattei_Witbrock_2019,wang-etal-2019-incorporating,teru2020inductive,Kapanipathi2020InfusingKI,wu2019jointly,lin-etal-2019-kagnet,ghosal-etal-2020-kingdom,sun2020knowledge,wang-etal-2020-knowledge-graph,zhao-etal-2020-knowledge,nathani-etal-2019-learning,wang2019logic,zhang-etal-2019-long,schlichtkrull2018modeling,sorokin2018modeling,cao2019multi,han-etal-2020-open,sun-etal-2018-open,sun-etal-2019-pullnet,xie2020reinceptione,wu2019relation,zhang2020relational,wang2019robust,feng2020scalable;wu-etal-2020-knowledge,ye2019vectorized,bansal2019a2n,yang2019aligning;suchanek2008yago;speer2017conceptnet;zhao-etal-2020-knowledge",2106.06090,Graph Neural Networks for Natural Language Processing: A Survey,s0208,likely_latex_artifact
main.tex,"mainly to demonstrate that the system safely performs the intended function, the key role of robustness is twofold: on one hand and according to ED-12C/DO-178C, it is \emph{the extent to which software can continue to operate correctly despite abnormal inputs and conditions.} On the other hand and more specifically to ML application, \citet{roadmapEASA2020} states that ML system is robust when it \emph{produces the same outputs for an input varying in a region of the state space}.",roadmapEASA2020,2106.07221,Certification of embedded systems based on Machine Learning: A survey,s0209,single_cite_key
3_1_published_research.tex,"%On the other hand, in S1 \cite{Bavaresco2020-md} they report daily life conversational agents as a residual domain.",Bavaresco2020-md,2106.10901,"Software-Based Dialogue Systems: Survey, Taxonomy and Challenges",s0211,single_cite_key
3_4_training_testing_eval.tex,"On the other hand, \textit{user satisfaction questionnaires} cover the topics related to the \textit{usability} quality characteristics reported in Figure \ref{fig:f9-2-sum}, including examples like emotional awareness, learning and relevancy of content \cite{Fitzpatrick2017-dv}.",Fitzpatrick2017-dv,2106.10901,"Software-Based Dialogue Systems: Survey, Taxonomy and Challenges",s0213,single_cite_key
3_4_training_testing_eval.tex,"On the other hand, qualitative analysis evaluation is predominantly oriented towards quality characteristics focused on the capacity of conversational agents to accurately match and suit the specific goals and needs of their users \add{\cite{Kocaballi2019-my}}.",Kocaballi2019-my,2106.10901,"Software-Based Dialogue Systems: Survey, Taxonomy and Challenges",s0214,single_cite_key
emnlp2021.tex,IndicBERT \cite{kakwani2020indicnlpsuite} on the other hand is trained on custom crawled data in Indian languages.,kakwani2020indicnlpsuite,2107.00676,A Primer on Pretrained Multilingual Language Models,s0219,single_cite_key
emnlp2021.tex,"On the other hand, there exist symmetries in the representations of multiple languages as evidenced by isomorphic embedding spaces \cite{conneau-etal-2020-emerging}.",conneau-etal-2020-emerging,2107.00676,A Primer on Pretrained Multilingual Language Models,s0220,single_cite_key
5-future-direction.tex,"On the other hand, thanks to the scale of massive group data and the variety in patterns that individuals exhibit when they gather into groups, Crowd Sensing organizers could discover much collective knowledge by considering the characteristics such as behavioral patterns, pathological symptoms, age groups, or other settings, of unique groups of people \cite{guo2015building}.",guo2015building,2107.00948,From Personalized Medicine to Population Health: A Survey of mHealth Sensing Techniques,s0221,single_cite_key
main.tex,"On the other hand, users have to grant explicitly dangerous permissions because such permissions request to access users' sensitive data such as contact lists, call logs or certain system features such as camera, microphone \citep{permOverview}.",permOverview,2107.03072,Android Security using NLP Techniques: A Review,s0222,single_cite_key
cas-dc-template.tex,"On the other hand, full code prediction is associated with a five characters (numeric or alphanumeric) code where, the first three characters specify the disease category, while the latter two characters provide a more meticulous division of the disease \cite{Donglin2020}.",Donglin2020,2107.10652,A Systematic Literature Review of Automated ICD Coding and Classification Systems using Discharge Summaries,s0225,single_cite_key
Evaluation-NLPCC.tex,"On the other hand, Plato\footnote{https://github.com/uber-research/plato-research-dialogue-system} is a abstraction level platform, which is well-designed for easy of understanding and debugging for conversational agents~\cite{papangelis2020plato}.",papangelis2020plato,2108.01369,How to Evaluate Your Dialogue Models: A Review of Approaches,s0227,single_cite_key
sec-con.tex,"% ~\glcomment{To modify} % On the other hand, with the new world knowledge generating, they fail to answer questions from before-unseen domains~\cite{Abujabal-WWW-2018} and they are limited to the understanding ability learned at training time.",Abujabal-WWW-2018,2108.06688,Complex Knowledge Base Question Answering: A Survey,s0228,single_cite_key
sec-ir.tex,"On the other hand, to explain how they make the reasoning interpretable, I described how they predicted $\Tilde{\mathcal{A}}^{(t)}$ for each step.} % \begin{align*} % \hat{\mathcal{A}}^t_q = Softmax_{e \in \mathcal{N}_{e_q}}(\bm{e}^\intercal (\bm{i}^t + \bm{i}^{t-1})) % \end{align*} %\citeauthor{Xu-NAACL-2019}~(\citeyear{Xu-NAACL-2019}) developed a model based on memory network, which could output answers for each hop.",Xu-NAACL-2019;Xu-NAACL-2019,2108.06688,Complex Knowledge Base Question Answering: A Survey,s0229,single_cite_key
Main.tex,\citeauthor{dazeley2021levels} \cite{dazeley2021levels} on the other hand refers to this same concept as disposition --- referring to an agent's internal disposition.,dazeley2021levels;dazeley2021levels,2108.09003,Explainable Reinforcement Learning for Broad-XAI: A Conceptual Framework and Survey,s0230,single_cite_key
definition.tex,"Conversely, claims \textit{originating from} marginalised groups may be subject to greater scrutiny than claims originating from the majority; for example, journalists have been shown to assign greater trust and therefore lower need for verification to stories produced by male sources % compared to other genders ~\citep{Barnoy2019}.",Barnoy2019,2108.11896,A Survey on Automated Fact-Checking,s0232,single_cite_key
approach.tex,"On the other hand, the Gumbel-Softmax trick \citep{jang2016categorical}, in its standard form, would require encoding and backpropagating through all possible review subsets, making it computationally infeasible.",jang2016categorical,2109.04325,Learning Opinion Summarizers by Selecting Informative Reviews,s0233,single_cite_key
01-Introduction.tex,"Formative assessment, on the other hand, occurs when teachers give students feedback in ways that help them learn more effectively, or when students can engage in a comparable, self-reflective process \cite{SA_FA_definition}.",SA_FA_definition,2109.07904,A literature survey on student feedback assessment tools and their usage in sentiment analysis,s0238,single_cite_key
main.tex,"On the other hand, the study of online language highlights the differences between various age groups - younger people use chat-specific e-language and refer to themselves more frequently, while older people use more complex sentences and include more links and hashtags~\cite{nguyen2013old}.",nguyen2013old,2109.15144,A Review of Text Style Transfer using Deep Learning,s0240,single_cite_key
main.tex,"Conversely, the inclusion of an adversarial loss often leads to a more successful generation of stylistic properties in the output sentence~\cite{logeswaran2018content}.",logeswaran2018content,2109.15144,A Review of Text Style Transfer using Deep Learning,s0242,single_cite_key
survey.tex,"On the other hand, symbolic knowledge improves interpretability of knowledge usage in downstream tasks \cite{new32amizadeh2020neuro}.",new32amizadeh2020neuro,2110.00269,A Survey of Knowledge Enhanced Pre-trained Models,s0243,single_cite_key
survey.tex,"\ref{survey1}.} \textcolor{black}{ Conversely, models such as ERNIE 1.0 \cite{174sun2019ernie} leverage entity boundary information to determine the masked span, thereby orienting the PLMs toward entity prediction during the pre-training phase.",174sun2019ernie,2110.00269,A Survey of Knowledge Enhanced Pre-trained Models,s0244,single_cite_key
main.tex,"On the other hand, in the proposed model, increasing the probability of the sentence ""the cat is walking in the bedroom"" will increase the probability of all the sentences below and help us generalize better: \begin{verbatim} ""a dog was running in a room"" ""the cat is running in a room"" ""a dog is walking in a bedroom"" \end{verbatim} %%%%%%%%%%%%%%%%%%%%%%%%%%%%%%%%%%%%%%%%%%%%%%%%%%%%%%%%%%%%%%%%%%%%%%%%%%%%%%%%%% %%%%%%%%%%%%%%%%%%%%%%%%%%%%%%%%%%%%%%%%%%%%%%%%%%%%%%%%%%%%%%%%%%%%%%%%%%%%%%%%%% ",Bengio2003,2110.01804,A Survey On Neural Word Embeddings,s0245,single_cite_key
main.tex,"On the other hand, they also create word embeddings by using the Skip-gram method \cite{mikolov2013b}.",mikolov2013b,2110.01804,A Survey On Neural Word Embeddings,s0246,single_cite_key
main.tex,"On the other hand, \citet{cotterell2016} use a Gaussian graphical model where word embeddings are represented as the sum of their morphemes.",cotterell2016,2110.01804,A Survey On Neural Word Embeddings,s0247,single_cite_key
ms.tex,"They show that with fine-tuned hyperparameters, mBert has an excellent performance in the mentioned tasks.\\ On the other hand, some studies have shown the inefficiency of multilingual models in some applications \citep{Ronnqvist2019}.",Ronnqvist2019,2110.02052,Transfer Learning for Multi-lingual Tasks -- a Survey,s0248,single_cite_key
main.tex,"On the other hand, lacking an effective evaluation criterion is one of the bottlenecks of text generation \cite{celikyilmaz2020evaluation}.",celikyilmaz2020evaluation,2110.05006,Pre-trained Language Models in Biomedical Domain: A Systematic Survey,s0250,single_cite_key
acl2021.tex,"% On the other hand, CTRLsum uses the fairseq translation model \cite{ott2019fairseq} , which may be more suitable for abstractive text generations.",ott2019fairseq,2110.07474,MReD: A Meta-Review Dataset for Structure-Controllable Text Generation,s0253,single_cite_key
Survey.tex,"On the other hand, mono-style corpora that are representative of the attributes of concern might be accessible (e.g., datasets of texts written for children and datasets of scholarly papers), but they might have little content overlap -- thus making the learning of content preservation particularly challenging \citep{romanov-etal-2019-adversarial}.",romanov-etal-2019-adversarial,2110.15871,From Theories on Styles to their Transfer in Text: Bridging the Gap with a Hierarchical Survey,s0254,single_cite_key
acl2021.tex,"On the other hand, it requires the storage of all the parameters, with makes it less applicable to small datasets \cite{liu2021pretrain}.",liu2021pretrain,2111.01243,Recent Advances in Natural Language Processing via Large Pre-Trained Language Models: A Survey,s0255,single_cite_key
acl2021.tex,"On the other hand, \citet{schick-schutze-2021-exploiting} introduced PET, a semi-supervised training procedure that reformulates input examples as cloze-style phrases.",schick-schutze-2021-exploiting,2111.01243,Recent Advances in Natural Language Processing via Large Pre-Trained Language Models: A Survey,s0256,single_cite_key
acl2021.tex,"On the other hand, \citet{zhang-etal-2021-need}, using the pre-train then fine-tune paradigm for NLU tasks, found that millions of words are not sufficient for key NLU skills, which instead may require billions of words and continue improvements with additional pre-training data.",zhang-etal-2021-need,2111.01243,Recent Advances in Natural Language Processing via Large Pre-Trained Language Models: A Survey,s0258,single_cite_key
main.tex,"% (adopted from~\cite{GAO2021100309}) On the other hand, the generalization error is a standard metric to quantify the effectiveness of decisions made by supervised learning models.",GAO2021100309,2111.01968,A Survey on Epistemic (Model) Uncertainty in Supervised Learning: Recent Advances and Applications,s0259,single_cite_key
sample-manuscript.tex,"On the other hand, the effectiveness of disentangled representation learning has also been demonstrated even when the sensitive attributes are unobserved in the training data~\cite{locatello2019fairness}.",locatello2019fairness,2111.03015,Modeling Techniques for Machine Learning Fairness: A Survey,s0261,single_cite_key
04-inference.tex,~\citet{DBLP:journals/spic/ZhouLLCZ19} conversely used neural networks to learn an appropriate CP rank for tensor decomposition.,DBLP:journals/spic/ZhouLLCZ19,2111.05193,A Survey on Green Deep Learning,s0262,single_cite_key
main.tex,"On the other hand, to test the VQA methods' ability to retrieve relevant facts without a structured knowledge base, \citeauthor{marino2019ok} proposed the OK-VQA dataset, including only questions that require external knowledge resources.",marino2019ok,2111.10056,Medical Visual Question Answering: A Survey,s0263,single_cite_key
main.tex,"Conversely, in a discriminator, the first and last layers of network extract low-level and high-level features, respectively \cite{krizhevsky2012imagenet}.",krizhevsky2012imagenet,2111.13282,Generative Adversarial Networks and Adversarial Autoencoders: Tutorial and Survey,s0264,single_cite_key
main.tex,"On the other hand, \citet{wang2020word} showed another approach by limiting the input space of the characters so that the models will be likely to perceive data typos and misspellings.",wang2020word,2112.08313,Measure and Improve Robustness in NLP Models: A Survey,s0267,single_cite_key
performance_TODS.tex,"Conversely, ‘911bot’ \cite{911bot} is a chatbot that allows a user to describe an emergency situation, and because of this context, any artificial delays would not be appropriate.",911bot,2112.11176,"Task-oriented Dialogue Systems: performance vs. quality-optima, a review",s0269,single_cite_key
performance_TODS.tex,"On the other hand, automatic evaluation metrics have proven their utility with their efficiency and undemanding approach to dialogue assessment, but are still considered less reliable in comparison to human judgement \cite{wen2016multi}.",wen2016multi,2112.11176,"Task-oriented Dialogue Systems: performance vs. quality-optima, a review",s0270,single_cite_key
03_gender.tex,"On the other hand, as \citet{corbett_1991} highlights, all grammatical gender assignment systems have a semantic core, which usually entails lexicalizing different nouns for male and female referents, and assigning them to a matching grammatical gender (e.g.",corbett_1991,2112.14168,A Survey on Gender Bias in Natural Language Processing,s0273,single_cite_key
08_mitigation.tex,"On the other hand, \citet{saunders-byrne-2020-reducing} consider gender bias in machine translation as a domain adaptation task and use a handcrafted gender-balanced dataset % (\textit{i.e.} with the same number of instances for male and female genders) together with a lattice re-scoring module to mitigate the consequences of initial training on unbalanced data.",saunders-byrne-2020-reducing,2112.14168,A Survey on Gender Bias in Natural Language Processing,s0274,single_cite_key
08_analysis.tex,"On the other hand, \citet{shi-etal-2018-tree} noted that trivial trees (i.e., balanced or linear trees) achieve performance similar to or better than latently induced trees or external parse trees on a variety of classification and generation tasks, casting doubt on the real source of performance improvement.",shi-etal-2018-tree,2201.00490,Learning with Latent Structures in Natural Language Processing: A Survey,s0278,single_cite_key
sample-sigconf.tex,"On the other hand, Long Short-Term Memory (LSTM) architecture \cite{hochreiter1997long} is shown to be an effective solution for tackling this problem.",hochreiter1997long,2201.10978,Machine Learning for Food Review and Recommendation,s0280,single_cite_key
survey_arxiv.tex,"On the other hand, \citet{b-etal-2021-overview} largely classified the biases as related to either data source, label/annotation, and embedding representation.",b-etal-2021-overview,2202.00126,Handling Bias in Toxic Speech Detection: A Survey,s0281,single_cite_key
LLM.tex,"Conversely, \citet{AlpaGasus2023} point out that widely used fine-tuning datasets e.g.",AlpaGasus2023,2202.03629,Survey of Hallucination in Natural Language Generation,s0284,single_cite_key
main.tex,"On the other hand, \citet{balakrishnan-etal-2019-constrained} introduce a novel metric called the tree accuracy, which determines whether the prediction's tree structure is identical to that of the input meaning representations.",balakrishnan-etal-2019-constrained,2202.03629,Survey of Hallucination in Natural Language Generation,s0287,single_cite_key
main.tex,"Conversely, under-translation is skipping the words that need to be translated~\cite{tu2016modeling}.",tu2016modeling,2202.03629,Survey of Hallucination in Natural Language Generation,s0288,single_cite_key
main.tex,The mean entropy returned by hallucinatory models diverges from the mean of the models that do not produce hallucinations spontaneously~\cite{lee2018hallucinations}.,lee2018hallucinations,2202.03629,Survey of Hallucination in Natural Language Generation,s0289,single_cite_key
8gda-sl.tex,"% On the other hand, ifMixup~\cite{guo2021intrusion} directly applies Mixup on the graph data instead of the latent space.",guo2021intrusion,2202.08871,Graph Data Augmentation for Graph Machine Learning: A Survey,s0291,single_cite_key
3simple-aug.tex,"On the other hand, \citet{you2020graph} focused on self-supervised graph representation learning with contrastive targets.",you2020graph,2202.08871,Graph Data Augmentation for Graph Machine Learning: A Survey,s0292,single_cite_key
3simple-aug.tex,"On the other hand, GraphCrop~\cite{wang2020graphcrop} crops a contiguous subgraph from each of the given graph object.",wang2020graphcrop,2202.08871,Graph Data Augmentation for Graph Machine Learning: A Survey,s0293,single_cite_key
3simple-aug.tex,"On the other hand, ifMixup~\cite{guo2021intrusion} directly applies Mixup on the graph data instead of the latent space for graph-level tasks.",guo2021intrusion,2202.08871,Graph Data Augmentation for Graph Machine Learning: A Survey,s0294,single_cite_key
4learned-aug.tex,"%In addition, an adversarial training strategy designed for network embedding is proposed in~\cite{dai} On the other hand, there are some works focusing on perturbing the input features to serve as adversarial examples.",dai,2202.08871,Graph Data Augmentation for Graph Machine Learning: A Survey,s0295,single_cite_key
main.tex,"Conversely, a single paradigm can be deployed to multiple tasks with a compatible format~\cite{DBLP:journals/ijautcomp/SunLQH22}.",DBLP:journals/ijautcomp/SunLQH22,2202.10587,Knowledge-informed Molecular Learning: A Survey on Paradigm Transfer,s0296,single_cite_key
main.tex,"On the other hand, G2G~\cite{DBLP:conf/icml/ShiXG0T20} completes the second step via a series of graph transformations, where a synthon can be translated into a reactant by sampling action sequences from the distribution.",DBLP:conf/icml/ShiXG0T20,2202.10587,Knowledge-informed Molecular Learning: A Survey on Paradigm Transfer,s0297,single_cite_key
SPECOM2022.tex,"On the other hand, using denoising techniques such as GAN \cite{Latif:2018} to eliminate the adversarial perturbation is also an encouraging method to prevent the adversarial examples.",Latif:2018,2202.10594,Adversarial Attacks on Speech Recognition Systems for Mission-Critical Applications: A Survey,s0299,single_cite_key
NeSy_for_NLP_Review.tex,"On the other hand, \cite{Zhang_Wang_Yu_Wang_Wang_Jiang_Lim_2021} generate a novel interpretable reasoning graph as the output of their model.} \label{fig:implicit_explicit-kr-goals} \end{figure} \subsubsection{Linguistic and Relational Structure} % \cite{HEIDL} Each Semantic Linguistic Structure (SLS) refers to the shallow semantic representations corresponding to each sentence and generated automatically with natural language processing techniques such as semantic role labeling and syntactic pa",Zhang_Wang_Yu_Wang_Wang_Jiang_Lim_2021;HEIDL,2202.12205,Is Neuro-Symbolic AI Meeting its Promise in Natural Language Processing? A Structured Review,s0301,insufficient_resolved_lt_2
discussion.tex,"On the other hand, the best model from the `2020 Semeval Multilingual Offensive Language Identification in Social Media task' achieved a $F1_1$ score of 92.04\%~\cite{zampieri2020semeval}.",zampieri2020semeval,2202.13056,Automated Identification of Toxic Code Reviews Using ToxiCR,s0302,single_cite_key
background.tex,"On the other hand, the Pew Research Center marks a text as toxic if it contains threat, offensive call, or sexually expletive words \cite{duggan2017online}.",duggan2017online,2202.13056,Automated Identification of Toxic Code Reviews Using ToxiCR,s0303,single_cite_key
main.tex,"On the other hand, TOWE aims to extract the corresponding opinion terms given a specific aspect term within the text \citep{naacl19-towe}.",naacl19-towe,2203.01054,"A Survey on Aspect-Based Sentiment Analysis: Tasks, Methods, and Challenges",s0305,single_cite_key
audiosslsurvey.tex,"On the other hand, according to the theoretical analysis in \cite{saunshi2019theoretical}, a too large number of negative samples may not be profitable for training contrastive SSL models.",saunshi2019theoretical,2203.01205,Audio Self-supervised Learning: A Survey,s0306,single_cite_key
introduction.tex,"% \iffalse % On the other hand, the development of science is also highly related to the successful combinations between different domains of scientific discoveries and inventions~\cite{foster2015tradition}.",foster2015tradition,2203.10922,Who Should Review Your Proposal? Interdisciplinary Topic Path Detection for Research Proposals,s0311,single_cite_key
main-4017-Wang.tex,"For instance, on the manually translated DUC 2001 dataset, PBCS~\cite{yao-etal-2015-phrase}, as a Trans-Sum method, outperforms its Sum-Trans baseline by 8\%/8.4\%/10.4\% in terms of ROUGE-1/2/L.} % On the other hand, the Trans-Sum methods are less efficient since they need to translate the whole documents rather than a few summaries.",yao-etal-2015-phrase,2203.12515,A Survey on Cross-Lingual Summarization,s0313,single_cite_key
manuscript.tex,"Sentence-level ABSA approaches, on the other hand, attempt to identify all aspects for each sentence individually, determine the sentiment associated with these aspects, and possibly aggregate sentiment at the review-level \cite{pontiki2016semeval}.",pontiki2016semeval,2203.14266,A Survey on Aspect-Based Sentiment Classification,s0314,single_cite_key
manuscript.tex,Sarcasm is the act of deliberately ridiculing or questioning subjects by using language that is counter to its meaning \cite{joshi2018investigations}.,joshi2018investigations,2203.14266,A Survey on Aspect-Based Sentiment Classification,s0315,single_cite_key
ijcai22-multiauthor.tex,"In \cite{langlet2015improving}, on the other hand, the coding scheme relies on a smaller and turn-based unit, the adjacency pair, for annotation of shared likes and dislikes of the interaction partners.",langlet2015improving,2203.16891,A survey of neural models for the automatic analysis of conversation: Towards a better integration of the social sciences,s0317,single_cite_key
naacl2021.tex,on the other hand \citep{Serrano2019IsAI} had found that alternative weights did not necessarily resulted in outcome change.,Serrano2019IsAI,2203.17081,Interpretation of Black Box NLP Models: A Survey,s0318,single_cite_key
main.tex,"On the other hand, it was demonstrated that well hand-engineered features that capture complex properties of the text based on prior knowledge can be beneficial for the overall system performance: knowledge extracted from the text by embedding-based representations is complementary to that of previously proposed syntactical, semantic, and lexical features~\cite{Roy2016AnIT}.",Roy2016AnIT,2204.03503,Survey on Automated Short Answer Grading with Deep Learning: from Word Embeddings to Transformers,s0321,single_cite_key
survey.tex,"\citet{zeyrek2018,zeyrek2020}, on the other hand, focus on annotating discourse markers in the transcripts of TED talks in six languages (i.e., English, German, Polish, European Portuguese, Russian and Turkish).","zeyrek2018,zeyrek2020",2204.05042,Resources for Turkish Natural Language Processing: A critical survey,s0322,all_keys_unresolved
5_consistency.tex,"On the other hand, \citet{kassner_beliefbank_2021} use a feedback mechanism that issues relevant information from a symbolic memory of beliefs as input to the system during test-time in order to improve consistency under entailment.",kassner_beliefbank_2021,2204.06031,A Review on Language Models as Knowledge Bases,s0323,single_cite_key
2_preliminaries.tex,"On the other hand, interpretability, while not latent in KBs, is still an important aspect to apply to LMs \cite{Lipton2018TheMO} that we also focus on for the purposes of the survey.",Lipton2018TheMO,2204.06031,A Review on Language Models as Knowledge Bases,s0325,single_cite_key
3_access.tex,"On the other hand, \citet{Liu2021PretrainPA} has recently shown that prompting shows promise as an effective method to directly access this knowledge without any additional finetuning.",Liu2021PretrainPA,2204.06031,A Review on Language Models as Knowledge Bases,s0327,single_cite_key
3_access.tex,"On the other hand, prompting has emerged as an alternative method to extract the wanted knowledge directly from a LM \cite{qin2021learning}.",qin2021learning,2204.06031,A Review on Language Models as Knowledge Bases,s0328,single_cite_key
3_access.tex,"On the other hand, \citet{LoganIV2021CuttingDO} takes a more manual approach to crafting prompts with comparable accuracy to manual prompts by creating \textit{null prompts}, those of which are task-agnostic and are a simple concatenation of the input and a \texttt{[MASK]} token.",LoganIV2021CuttingDO,2204.06031,A Review on Language Models as Knowledge Bases,s0329,single_cite_key
a_models.tex,"On the other hand, in TOME \cite{dejong2021mention}, they employ attention over an entire VKB within a transformer model to retrieve the relevant pieces of knowledge.",dejong2021mention,2204.06031,A Review on Language Models as Knowledge Bases,s0330,single_cite_key
methods.tex,"On the other hand, hard attention \cite{show_attend} attends to important regions or tokens only and disregards others.",show_attend,2204.07756,Visual Attention Methods in Deep Learning: An In-Depth Survey,s0332,single_cite_key
background.tex,"On the other hand, oppositely to this generalized use of RNN-based architectures, in~\cite{ping2017deep}, the authors proposed a fully-convolutional network (FCN) with an attention block that uses the dot-product operation trained to generate text from speech.",ping2017deep,2204.12406,A survey on attention mechanisms for medical applications: are we moving towards better algorithms?,s0335,single_cite_key
background.tex,"On the other hand, opposite to the trend on the increase of model complexity, Merity~\cite{merity2019single} revisited the fundamentals of LSTMs and proposed a~\textit{single-head attention} that could represent an alternative to the use of Transformer-based architectures.",merity2019single,2204.12406,A survey on attention mechanisms for medical applications: are we moving towards better algorithms?,s0336,single_cite_key
sota.tex,"On the other hand, Chen et al.~\cite{chen2020generating} proposed to generate radiology reports with a memory-driven Transformer, where a relational memory is designed to record key information of the generation process and a memory-driven conditional layer normalisation is applied to incorporate the memory into the decoder of Transformer.",chen2020generating,2204.12406,A survey on attention mechanisms for medical applications: are we moving towards better algorithms?,s0337,single_cite_key
eacl2021.tex,"\textcolor{black}{ Domain adaptation in Section~\ref{sec:cross-domain} uses little domain-specific data to adapt the model\footnote{The domain-specific data are usually labelled, but unlabelled domain-specific data can be leveraged as well~\cite{UnsuperviedDomainSurvey}, which is out of scope here.}.} On the other hand, \textit{domain generalization} techniques attempt to alleviate the domain mismatch issue by producing models that generalize well to novel testing domains.",UnsuperviedDomainSurvey,2205.01500,Meta Learning for Natural Language Processing: A Survey,s0339,single_cite_key
main.tex,"On the other hand, we recall that all BERT-based methods evaluated herein can only be used in combination with the WordPiece Tokenizer \cite{Wu2016-en} based on a subword segmentation algorithm, because it is required by the current BERT implementations.",Wu2016-en,2205.08740,A reproducible experimental survey on biomedical sentence similarity: a string-based method sets the state of the art,s0340,single_cite_key
06_conclusions.tex,"But we have not been aware of any publication in this direction when writing this paper.} On the other hand, non-streaming architectures in models such as the bidirectional Transformer have hindered the representation model used in streaming scenarios, leading to studies that address these problems~\cite{StreamingW2v}.",StreamingW2v,2205.10643,Self-Supervised Speech Representation Learning: A Review,s0341,single_cite_key
SCCL.tex,"On the one hand, the compilation volume of the sentiment lexicon was reduced through LSTM, and on the other hand, the model performance was improved compared with standard LSTM and BERT\cite{tol2}.",tol2,2206.02160,Sentiment Analysis of Online Travel Reviews Based on Capsule Network and Sentiment Lexicon,s0344,single_cite_key
8_generative.tex,"On the other hand, in the work presented in~\cite{edraki2020subspace}, a new CapsNet model (Figure~\ref{fig:subspace}) was proposed, called Subspace Capsule Network (SCN), which are built upon the idea of modeling the properties of an entity through a group of capsule subspaces instead of simply grouping neurons to create capsules.",edraki2020subspace,2206.02664,Learning with Capsules: A Survey,s0346,single_cite_key
rl.tex,"However, despite conceptual similarities, the two fields have mainly focused on different goals: on the one hand, the RL community has focused on building algorithms to \emph{maximize rewards}; on the other hand, the focus in the causality literature has been on the \emph{identifiability and} inferences of or based on given causal structure \cite{learning_by_doing}.",learning_by_doing,2206.15475,Causal Machine Learning: A Survey and Open Problems,s0347,single_cite_key
8.Limitations.tex,"On the other hand, \citet{manakul2021longspan} have found that extending window size of efficient Transformers to increase number of attended tokens per token do not affect the average distance of attended neighbor, suggesting that local attention to neighboring tokens will be sufficient for the long document summarization task.",manakul2021longspan,2207.00939,"An Empirical Survey on Long Document Summarization: Datasets, Models and Metrics",s0348,single_cite_key
8.Limitations.tex,"LoBART \cite{manakul2021longspan}, on the other hand, did not design the content selection and abstractive summarizer in an end-to-end manner.",manakul2021longspan,2207.00939,"An Empirical Survey on Long Document Summarization: Datasets, Models and Metrics",s0349,single_cite_key
4.Model.tex,"On the other hand, mimicking how humans write summaries, the abstractive summarization approach presents a blue-sky potential of generating summaries that are fluent, concise and relevant to the source document \cite{see2017get}.",see2017get,2207.00939,"An Empirical Survey on Long Document Summarization: Datasets, Models and Metrics",s0350,single_cite_key
sample-manuscript.tex,"%Conversely, according to \citep{gazpne2}, over half of informative tweets during emergencies contain at least one location reference, which refer to admin units, such as states and cities, and finer and more precise locations, such as streets, intersections, churches, schools, and home addresses.",gazpne2,2207.01683,Location reference recognition from texts: A survey and comparison,s0353,single_cite_key
templateArxiv.tex,"Conversely, bilinear pooling needs the decomposition of weight tensors to permit the related model to be trained appropriately and effectively due to its enormous dimensionality (usually on the scale of hundreds of thousands to millions of dimensions) \cite{Ye2019}.",Ye2019,2207.02160,A Comprehensive Review of Visual-Textual Sentiment Analysis from Social Media Networks,s0354,single_cite_key
main.tex,"On the other hand, most industrial applications deal with imbalanced data \cite{8892480}, and similarly, FL data is often imbalanced among parties that does not comply with this assumption.",8892480,2207.02337,Federated and Transfer Learning: A Survey on Adversaries and Defense Mechanisms,s0357,single_cite_key
evaluation.tex,"al.} \cite{howcroft:20}, on the other hand, note that the definitions of \textit{fluency} and \textit{accuracy} for which these scales are employed lack consistency among the papers investigated.",howcroft:20,2207.12571,Innovations in Neural Data-to-text Generation: A Survey,s0358,single_cite_key
encoders.tex,"al.} \cite{iso:20}, on the other hand, avoid precomputing content plans $z$ by dynamically choosing data records during decoding - an additional memory state $h^{ent}$ remembers mentioned entities and updates the language model state $h^{lm}$ accordingly.",iso:20,2207.12571,Innovations in Neural Data-to-text Generation: A Survey,s0359,single_cite_key
PLMs.tex,"On the other hand, inspired by \textit{task-adaptive} pretraining strategies for text classification \cite{gururangan:20}, Ribeiro \textit{et.",gururangan:20,2207.12571,Innovations in Neural Data-to-text Generation: A Survey,s0360,single_cite_key
pretraining.tex,"al.} \cite{ke:21} propose three graph-specific pretraining strategies based on the KGTEXT dataset - reconstructing masked narratives based on the input graph, conversely, reconstructing masked graph entities based on the narrative, and matching the graph and narrative embeddings with optimal transport.",ke:21,2207.12571,Innovations in Neural Data-to-text Generation: A Survey,s0361,single_cite_key
main_arXiv.tex,"On the other hand, high-level semantic features have the property of being robust to spatial transformation (like random crop) and style change (like color jittering)~\cite{misra2020self}, and thus joint embedding approaches adopt a global loss on the features after global average pooling to encourage the learned representation to be augmentation-invariant.",misra2020self,2208.00173,A Survey on Masked Autoencoder for Self-supervised Learning in Vision and Beyond,s0363,single_cite_key
conference_101719.tex,"Semantic networks, on the other hand, can be studied using network analysis methodologies to gain quantitative and qualitative insights \cite{b5}.",b5,2208.00479,The impact of Twitter on political influence on the choice of a running mate: Social Network Analysis and Semantic Analysis -- A Review,s0364,single_cite_key
NLG-Jones-et-al.tex,"On the other hand, \emph{sBLEU} and \emph{Cosine Similarity} are the mostly used for non-parallel settings~\citep{HLAZ2020}.",HLAZ2020,2208.05757,A Comprehensive Survey of Natural Language Generation Advances from the Perspective of Digital Deception,s0366,single_cite_key
main.tex,"On the other hand, it could simply mean that many reported findings are of little importance or are not robust, which would arguably not make NLP unique among sciences~\citep{ioannidis2005why}.",ioannidis2005why,2208.12852,What Do NLP Researchers Believe? Results of the NLP Community Metasurvey,s0367,single_cite_key
08_evaluation.tex,"Conversely, unstructured sparsity techniques can significantly minimize the overall number of FLOPs, yet in practice, it introduces low-level operations that can lead to far higher memory requirements to store the indices that indicate what part of the matrix is sparse~\citep{qu_dota_2022}.",qu_dota_2022,2209.00099,Efficient Methods for Natural Language Processing: A Survey,s0368,single_cite_key
combinations.tex,"On the other hand, Autoregressive conditional score models (AR-CSM) \cite{meng2020autoregressive} proposes a score matching method to model the conditional distribution of autoregressive model.",meng2020autoregressive,2209.00796,Diffusion Models: A Comprehensive Survey of Methods and Applications,s0370,single_cite_key
applications.tex,"% On the other hand, unCLIP (DALLE-2) \cite{ramesh2022hierarchical} proposes a two-stage approach, a prior model that can generate a CLIP-based image embedding conditioned on a text caption, and a diffusion-based decoder that can generate an image conditioned on the image embedding.",ramesh2022hierarchical,2209.00796,Diffusion Models: A Comprehensive Survey of Methods and Applications,s0371,single_cite_key
sn-article.tex,"\cite{ghosh2018sarcasm}, on the other hand, chose LSTM and conditional LSTM networks for verifying the effectiveness of conversational context in identifying sarcasm.",ghosh2018sarcasm,2209.06170,Computational Sarcasm Analysis on Social Media: A Systematic Review,s0376,single_cite_key
sn-article.tex,"On the other hand, the recent diffusion of e-health and m-health systems offers increasing opportunities for remote health monitoring and decision making that heavily rely on the analysis of Multivariate Time Series (MTS) \cite{kok2022explainable}.",kok2022explainable,2209.06528,Explainable AI for clinical and remote health applications: a survey on tabular and time series data,s0377,single_cite_key
2.5-self-explanatory_models.tex,"On the other hand, \citet{ye_unreliability_2022} find that such few-shot model-generated explanations are often non-factual (i.e., not correctly grounded in the input) and inconsistent (i.e., not entailing the prediction).",ye_unreliability_2022,2209.11326,Towards Faithful Model Explanation in NLP: A Survey,s0378,single_cite_key
bias_kg_survey.tex,"Predictive parity is given, on the other hand, if the probability of true positive predictions (\textit{positive predictive value} or \textit{precision}) is equal between groups \citep{chouldechova2017fair}.",chouldechova2017fair,2210.03353,"The Lifecycle of ""Facts"": A Survey of Social Bias in Knowledge Graphs",s0379,single_cite_key
sec4.tex,"\citet{zheng-etal-2019-doc2edag}, on the other hand, proposed an end-to-end model named Doc2EDAG.",zheng-etal-2019-doc2edag,2210.03419,Event Extraction: A Survey,s0380,single_cite_key
sec3.tex,"Edge-Enhanced Graph Convolution Network (EE-GCN), on the other hand, simultaneously exploited syntactic structure and typed dependency label information \cite{cui-etal-2020-edge}.",cui-etal-2020-edge,2210.03419,Event Extraction: A Survey,s0381,single_cite_key
sec3.tex,"\citet{huang-etal-2020-biomedical}, on the other hand, argues that the word embedding does not provide adequate clues for event extraction in extreme cases such as non-indicative trigger words and nested structures.",huang-etal-2020-biomedical,2210.03419,Event Extraction: A Survey,s0382,single_cite_key
sec3.tex,"\citet{huang-etal-2016-liberal}, on the other hand, employs a word-sense disambiguation model to predict the word-sense label for unlabeled text.",huang-etal-2016-liberal,2210.03419,Event Extraction: A Survey,s0383,single_cite_key
sec5.tex,"\citet{lyu-etal-2021-zero}, on the other hand, explore the Textual Entailment (TE) task and/or Question Answering (QA) task for zero-shot event extraction.",lyu-etal-2021-zero,2210.03419,Event Extraction: A Survey,s0384,single_cite_key
sec5.tex,"\cite{deng2020meta}, on the other hand, proposed a Dynamic-Memory-Based Prototypical Network (DMB-PN).",deng2020meta,2210.03419,Event Extraction: A Survey,s0385,single_cite_key
eacl2023_camera_ready.tex,"On the other hand, a counseling session between a therapist and a patient is asymmetric, where the therapist attempts to emotionally support the patient by employing social influence skills~\cite{althoff2016large}.",althoff2016large,2210.05664,Social Influence Dialogue Systems: A Survey of Datasets and Models For Social Influence Tasks,s0386,single_cite_key
main.tex,"In computer science, on the other hand, ontologies are defined as a formal and explicit specification of a shared conceptualization~\cite{Studer1998Knowledge}.",Studer1998Knowledge,2210.08119,A Survey on Knowledge Graph-based Methods for Automated Driving,s0388,single_cite_key
main.tex,"Conversely, DensePhrases \cite{lee-etal-2021-learning-dense} omits the sparse representations of phrases, and only leverages the dense ones.",lee-etal-2021-learning-dense,2211.07886,A Survey for Efficient Open Domain Question Answering,s0394,single_cite_key
sn-article.tex,"On the other hand, VRE (as an extension of purely linguistic referring expressions \cite{survey3}) involves generating or retrieving textual descriptions that refer to specific visual elements or regions within an image, aiming to describe and identify those elements in natural language.",survey3,2211.12328,A survey on knowledge-enhanced multimodal learning,s0397,single_cite_key
conference_101719.tex,"can help humans interpret the content and concept that they represent.``Explainability"", on the other hand, has been put forth as ``the collection of features of the interpretable domain that contribute to a certain decision"" \cite{montavon2018methods}.",montavon2018methods,2211.15351,Testing the effectiveness of saliency-based explainability in NLP using randomized survey-based experiments,s0399,single_cite_key
DG_Learning_Scenarios.tex,"On the other hand, in non-contrastive methods, there are no negative pairs, and self-supervised learning is performed only within positive pairs \cite{Tian2021UnderstandingSL}.",Tian2021UnderstandingSL,2212.03176,Domain Adaptation and Generalization on Functional Medical Images: A Systematic Survey,s0402,single_cite_key
doc-ranking-qe-based.tex,"% Multiplex, on the other hand, attempted to explain three NRMs (DRMM, monoBERT and DPR~\cite{dpr}) using a combination of three simple rankers: i) term matching (BM25), ii) position aware, and iii) semantic similarity.",dpr,2212.07126,Explainability of Text Processing and Retrieval Methods: A Survey,s0403,single_cite_key
acl_latex.tex,"On the other hand, for grammatically distinct languages, \citet{winata2019code,tan-joty-2021-code} treat parallel sentences as linear structure and only allow switching on non-crossing alignments.","winata2019code,tan-joty-2021-code",2212.09660,The Decades Progress on Code-Switching Research in NLP: A Systematic Survey on Trends and Challenges,s0406,insufficient_resolved_lt_2
acl_latex.tex,"On the other hand, catastrophic forgetting is observed in pre-trained models \cite{shah2020learning}, and human speakers \cite[known as language attrition]{hirvonen2000code,du2009language} in a CSW environment.",shah2020learning,2212.09660,The Decades Progress on Code-Switching Research in NLP: A Systematic Survey on Trends and Challenges,s0407,single_cite_key
body_v2_acl.tex,"On the other hand, \citet{lewkowycz2022solving} did not find evidence of memorization in complex outputs, yet their training set and model are not available for inspection.",lewkowycz2022solving,2212.10535,A Survey of Deep Learning for Mathematical Reasoning,s0409,single_cite_key
1_Introduction.tex,"On the other hand, Cutmix~\cite{yun2019cutmix} cuts a patch from one image (source image) and then pastes it onto the corresponding region of another image (target image) from a \textit{locality} point of view.",yun2019cutmix,2212.10888,"A Survey of Mix-based Data Augmentation: Taxonomy, Methods, Applications, and Explainability",s0410,single_cite_key
analysis.tex,"On the other hand, Rizzo and Van~\cite{Rizzo:20} proposed an extension of the standard SeqGAN by employing context adaptation of global word embeddings and a self-attention discriminator.",Rizzo:20,2212.11119,A survey on text generation using generative adversarial networks,s0411,single_cite_key
analysis.tex,"On the other hand, Zhang et al.~\cite{CZhang:19} improved the standard actor-critic methodology by proposing a transformer-based architecture for the generator, denoted as Transformer Generative Adversarial Network (TranGAN).",CZhang:19,2212.11119,A survey on text generation using generative adversarial networks,s0412,single_cite_key
main.tex,"On the other hand, prompt-tuning proposed in GPT3~\cite{brown2020language} as an arising methodology has been used for tasks like relation extraction names, entity recognition, etc.",brown2020language,2301.01172,A Survey On Few-shot Knowledge Graph Completion with Structural and Commonsense Knowledge,s0415,single_cite_key
04-method.tex,"On the other hand, \rebuttal{\citet{hansen2021stabilizing} find ViT-based architecture is prone to overfitting and address the promblem with data-augmentation.",hansen2021stabilizing,2301.03044,A Survey on Transformers in Reinforcement Learning,s0418,single_cite_key
main.tex,"On the other hand, generative methods are more adept at handling low-data scenarios and can even achieve notable performance improvements when data is extremely scarce, such as with only 10 images \cite{kong2023understanding}.",kong2023understanding,2301.05712,"A Survey on Self-supervised Learning: Algorithms, Applications, and Future Trends",s0419,single_cite_key
main.tex,"On the other hand, RVSA~\cite{wang2022advancing} introduces a novel rotated varied-size window attention mechanism that advances the plain vision transformer to serve as a fundamental model for various remote sensing tasks.",wang2022advancing,2301.05712,"A Survey on Self-supervised Learning: Algorithms, Applications, and Future Trends",s0421,single_cite_key
sec_Causality4DGMs.tex,"% However, CGN diverges from CausalGAN in its primary objective: it aims to develop more robust and interpretable classifiers while mitigating the tendency of classifiers to learn shortcuts \cite{Geirhos2020ShortcutLI}.",Geirhos2020ShortcutLI,2301.12351,Emerging Synergies in Causality and Deep Generative Models: A Survey,s0423,single_cite_key
sec_DGMs4Causality.tex,"Conversely, \cite{von2023nonparametric} identifies bi-variate latent variables across different datasets without requiring the causal graph, emphasizing the removal of parental influences through perfect interventions.",von2023nonparametric,2301.12351,Emerging Synergies in Causality and Deep Generative Models: A Survey,s0424,single_cite_key
future.tex,"On the other hand, future CIL methods are also encouraged to handle specific learning scenarios, \eg, \cite{wang2022sparcl} addresses training CIL systems under resource-limited scenarios.",wang2022sparcl,2302.03648,Class-Incremental Learning: A Survey,s0425,single_cite_key
future.tex,"On the other hand, pre-trained language-vision models~\cite{radford2021learning} have shown powerful generalizability in recent years, and exploring the ensemble of various pre-trained models is also an exciting topic.",radford2021learning,2302.03648,Class-Incremental Learning: A Survey,s0426,single_cite_key
categorize_algorithm.tex,"On the other hand, IL2M~\cite{belouadah2019il2m} suggests re-scaling the outputs with historical statistics.",belouadah2019il2m,2302.03648,Class-Incremental Learning: A Survey,s0427,single_cite_key
intro.tex,"On the other hand, DIL concentrates on the scenario with concept drift or distribution change~\cite{lu2018learning}, where new tasks contain instances from different domains but with the same label space.",lu2018learning,2302.03648,Class-Incremental Learning: A Survey,s0428,single_cite_key
intro.tex,"On the other hand, with the prosperity of Vision Transformer (ViT)~\cite{dosovitskiy2020image} and pre-trained models, a heated discussion about ViT in CIL is attracting the attention of the community.",dosovitskiy2020image,2302.03648,Class-Incremental Learning: A Survey,s0429,single_cite_key
categorize_model.tex,"On the other hand, the importance matrix may conflict at different incremental stages~\cite{zhou2021co}, making it hard to optimize the model and achieve poor performance on new tasks.",zhou2021co,2302.03648,Class-Incremental Learning: A Survey,s0431,single_cite_key
TAI_template.tex,"Conversely, graph embedding refers to the techniques that transform a graph into a lower dimensional representation while preserving the original graph’s topology~\cite{interdonato2020multilayer}.",interdonato2020multilayer,2302.06114,A Comprehensive Survey on Graph Summarization with Graph Neural Networks,s0433,single_cite_key
main.tex,"\citet{yang2022seqzero}, on the other hand, decomposes using rule-based principles and slot-filling prompting to translate questions into a series of SQL operations.",yang2022seqzero,2302.07842,Augmented Language Models: a Survey,s0434,single_cite_key
main.tex,"On the other hand, the ability to perform reasoning with chain-of-thoughts from a few in-context examples only emerges as models reach a certain size \citep{wei2022emergent,chung2022scaling}, and performance depends heavily on the format in which examples are presented \citep{jiang-etal-2020-know,min2022rethinking}, the choice of few-shot examples, and the order in which they are presented \citep{kumar-talukdar-2021-reordering,lu-etal-2022-fantastically,zhou2022least}.","wei2022emergent,chung2022scaling;jiang-etal-2020-know,min2022rethinking;kumar-talukdar-2021-reordering,lu-etal-2022-fantastically,zhou2022least",2302.07842,Augmented Language Models: a Survey,s0435,likely_latex_artifact
main.tex,"On the other hand, new data collection and filtering methods are developed to reduce bias in downstream learning tasks \cite{jo2020lessons}.",jo2020lessons,2302.08406,Entity Aware Modelling: A Survey,s0436,single_cite_key
aimlaiws.tex,"On the other hand, explainability directs the focus back to human understanding by examining the relationship between input features and model predictions in a human-understandable format \cite{e23010018}.",e23010018,2302.09304,Interpretability in Activation Space Analysis of Transformers: A Focused Survey,s0438,single_cite_key
taxonomy.tex,"On the other hand, the dual perspective frames the objective as maximizing PI coverage probability subject to a fixed global budget constraint on average PI width in a batch setting \cite{rosenfeld2018discriminative}.",rosenfeld2018discriminative,2302.13425,A Survey on Uncertainty Quantification Methods for Deep Learning,s0440,single_cite_key
taxonomy.tex,"On the other hand, evidential deep learning aims to predict the \textit{evidence} for each class $\boldsymbol{\alpha} = \{\alpha_1,\alpha_2, \alpha_3 \}$ with the constraint $\boldsymbol{\alpha} > 0 $, which can be considered as the parameters of Dirichlet distribution \cite{sensoy2018evidential}.",sensoy2018evidential,2302.13425,A Survey on Uncertainty Quantification Methods for Deep Learning,s0441,single_cite_key
paper.tex,"On the other hand, \textit{informal} reasoning is mostly based on a generic experience and intuition of the world, thus being prone to errors, while however being more flexible \cite{reasoning}.",reasoning,2303.02411,The Contribution of Knowledge in Visiolinguistic Learning: A Survey on Tasks and Challenges,s0444,single_cite_key
paper.tex,"Therefore, if the golden prompt \cite{cot} \textit{let's think step by step} has been defined via extended experimentation, there is no guarantee regarding its optimality and reliability; on the other hand, if there is a certain methodology behind, it seems that it has not been fully unlocked (or at least released to the public).",cot,2303.02411,The Contribution of Knowledge in Visiolinguistic Learning: A Survey on Tasks and Challenges,s0445,single_cite_key
intro.tex,"On the other hand, methods to generate subword vocabularies based on characters, like the currently popular byte pair encoding (BPE) approach \cite{Sennrich+:2015}, might be seen as secondary approaches outside the \EtoE\ objective.",Sennrich+:2015,2303.03329,End-to-End Speech Recognition: A Survey,s0448,single_cite_key
main_survey.tex,"The target word ""\emph{Milwaukee}"", on the other hand, is a word on the decision boundary, meaning that it can be either labeled as non-complex or complex by a CWI classifier even though its typography may be evidently complex to those whom are unfamiliar with North American loanwords or proper nouns \footnote{It is important to mention that \citet{maddela2018word} may have attempted to avoid such neutral labeling by recruiting an uneven number of annotators, being 11 in total.",maddela2018word,2303.04851,Lexical Complexity Prediction: An Overview,s0449,single_cite_key
2022000149.tex,"On the other hand, the paper by~\cite{hargreaves2023words} addresses the ethical use of AI language models like ChatGPT in law school assessments, proposing ways to teach students appropriate and ethical AI usage.",hargreaves2023words,2303.09136,A Short Survey of Viewing Large Language Models in Legal Aspect,s0452,single_cite_key
main__2_.tex,"Conversely, transformers for speech take a sequence of acoustic features as input and output a sequence of phonemes or words that represent the speech content \cite{subakan2022using,kim2022squeezeformer}.","subakan2022using,kim2022squeezeformer",2303.11607,Transformers in Speech Processing: A Survey,s0454,all_keys_unresolved
main__2_.tex,"On the other hand, inspired by the success of BERT, different modalities can integrate as early as at the input stage \cite{sun2019videobert,li2019visualbert,chen2020uniter,li2020unicoder,li2020oscar,huang2020pixel,zhu2020actbert,qi2020imagebert,nagrani2021attention,zhuge2021kaleidobert}.","sun2019videobert,li2019visualbert,chen2020uniter,li2020unicoder,li2020oscar,huang2020pixel,zhu2020actbert,qi2020imagebert,nagrani2021attention,zhuge2021kaleidobert",2303.11607,Transformers in Speech Processing: A Survey,s0455,likely_latex_artifact
main_AIGC_text.tex,"DALL-E 2~\cite{ramesh2022hierarchical}, on the other hand, used approximately 650M images.",ramesh2022hierarchical,2303.11717,A Complete Survey on Generative AI (AIGC): Is ChatGPT from GPT-4 to GPT-5 All You Need?,s0456,single_cite_key
main_AIGC_text.tex,"On the other hand, end-to-end models directly predict the transcriptions from the audio input~\cite{hori2018end,li2019jasper, nakatani2019improving, wang2019semantic, li2020comparison}.","hori2018end,li2019jasper, nakatani2019improving, wang2019semantic, li2020comparison",2303.11717,A Complete Survey on Generative AI (AIGC): Is ChatGPT from GPT-4 to GPT-5 All You Need?,s0457,all_keys_unresolved
main_AIGC_text.tex,"On the other hand, DiffEdit~\cite{couairon2022diffedit} proposes to predict the mask automatically that indicates which part to be edited.",couairon2022diffedit,2303.11717,A Complete Survey on Generative AI (AIGC): Is ChatGPT from GPT-4 to GPT-5 All You Need?,s0458,single_cite_key
main_AIGC_text.tex,"On the other hand,~\cite{shi2021learning, xie2021crystal, anand2022protein, zaman2022particlegrid} concentrate on goal-directed graph generation, which generates graphs that optimizes given objects, like molecular and material generation.","shi2021learning, xie2021crystal, anand2022protein, zaman2022particlegrid",2303.11717,A Complete Survey on Generative AI (AIGC): Is ChatGPT from GPT-4 to GPT-5 All You Need?,s0459,all_keys_unresolved
main_text.tex,"On the other hand, different from prior models that the initial and target sampling rates are fixed, NU-Wave 2~\cite{han2022nu} defines a new task \textit{general neural audio upsampling} that the inputs can be any sampling rate for a single model.",han2022nu,2303.13336,A Survey on Audio Diffusion Models: Text To Speech Synthesis and Enhancement in Generative AI,s0460,single_cite_key
2_background.tex,"On the other hand, \citet{wollny2021we} have systematically reviewed areas of education where chatbots have already been applied.",wollny2021we,2303.13379,Practical and Ethical Challenges of Large Language Models in Education: A Systematic Scoping Review,s0461,single_cite_key
2_background.tex,"On the other hand, \citet{sallam2023utility} systematically reviewed the implications and limitations of ChatGPT in healthcare education and identified potential utility around personalisation and automation.",sallam2023utility,2303.13379,Practical and Ethical Challenges of Large Language Models in Education: A Systematic Scoping Review,s0462,single_cite_key
application.tex,"%\textcolor{blue} {When high-quality reference texts are available during evaluation, LLMs can be instructed to score texts under the guidance provided by references~\cite{Zheng-2023-arxiv-Judging,Wang-arxiv-2023-SciBench,Sawada-arxiv-2023-ARB}.} On the other hand, language-based evaluation focuses on generating critiques and suggestions, offering qualitative explanation beyond simple quantitative scoring~\cite{Bai-arXiv-2022-Constitutional,Lee-23-arxiv-RLAIF,Wang-23-arxiv-Shepherd,Cui-23-arxiv-","Zheng-2023-arxiv-Judging,Wang-arxiv-2023-SciBench,Sawada-arxiv-2023-ARB;Bai-arXiv-2022-Constitutional,Lee-23-arxiv-RLAIF,Wang-23-arxiv-Shepherd,Cui-23-arxiv-UltraFeedback",2303.18223,A Survey of Large Language Models,s0465,likely_latex_artifact
quantization.tex,"The black-box approach~\cite{Hsieh-ACL-2023-distilling}, on the other hand, can only make use of the textual response of the teacher model for training the student model.",Hsieh-ACL-2023-distilling,2303.18223,A Survey of Large Language Models,s0466,single_cite_key
sn-article.tex,"On the other hand, \citep{puflovic2016supervised} created a model based on character and word n-grams.",puflovic2016supervised,2304.05468,A Survey of Resources and Methods for Natural Language Processing of Serbian Language,s0468,single_cite_key
main.tex,"On the other hand, most popular fine-tuned models can obtain much better performance~\cite{duchene2023benchmark}.",duchene2023benchmark,2304.13712,Harnessing the Power of LLMs in Practice: A Survey on ChatGPT and Beyond,s0469,single_cite_key
main.tex,"On the other hand, the upper limit of capabilities of fine-tuned models is not reached, and some methods like FLAN-tuning~\cite{longpre2023flan} can further boost the performance on NLU tasks.",longpre2023flan,2304.13712,Harnessing the Power of LLMs in Practice: A Survey on ChatGPT and Beyond,s0470,single_cite_key
optimizingover.tex,"On the other hand, strategies such as ExactReach~\citep{xiang2017reachable} exploit polyhedral theory to compute reachable sets: given an input set to a ReLU function defined as a union of polytopes, the output reachable set is also a union of polytopes.",xiang2017reachable,2305.00241,When Deep Learning Meets Polyhedral Theory: A Survey,s0472,single_cite_key
optimizingover.tex,"On the other hand, robust optimization can be employed to find $p$-norm adversarial regions (rather than verifying robustness), as opposed to a single point adversary \citep{maragno2023finding}.",maragno2023finding,2305.00241,When Deep Learning Meets Polyhedral Theory: A Survey,s0473,single_cite_key
template.tex,"On the other hand, this may heavily depend on the quality of annotations on explicit labelling tasks, as implicit feedback has been found to be superior in an online setting for product translations \cite{kreutzer-etal-2018-neural}.",kreutzer-etal-2018-neural,2305.00955,Bridging the Gap: A Survey on Integrating (Human) Feedback for Natural Language Generation,s0475,single_cite_key
600_collecting_feedback.tex,"On the other hand, this may heavily depend on the quality of annotations on explicit labelling tasks, as implicit feedback has been found to be superior in an online setting for product translations \citet{kreutzer-etal-2018-neural}.",kreutzer-etal-2018-neural,2305.00955,Bridging the Gap: A Survey on Integrating (Human) Feedback for Natural Language Generation,s0476,single_cite_key
main.tex,"On the one hand, speech modality can extract text features, and on the other hand, speech tone can be recognized to reveal the state of text at each time point\cite{favaro2023multi}.",favaro2023multi,2305.07611,Multimodal Sentiment Analysis: A Survey,s0477,single_cite_key
main.tex,"{Testing} methods, on the other hand, generate a set of test cases and use the generated test cases to evaluate the reliability (or other properties) of deep learning \cite{DBLP:journals/corr/abs-1803-04792}.",DBLP:journals/corr/abs-1803-04792,2305.11391,A Survey of Safety and Trustworthiness of Large Language Models through the Lens of Verification and Validation,s0479,single_cite_key
acl2023.tex,"On the other hand, dialogue turns can be used as semantically related pairs of text for learning sentence representations \cite{zhou-etal-2022-learning}.",zhou-etal-2022-learning,2305.12641,A Comprehensive Survey of Sentence Representations: From the BERT Epoch to the ChatGPT Era and Beyond,s0481,single_cite_key
emnlp2023.tex,\citet{GueraD18} on the other hand include so-called ``deepfake'' videos scraped from video-hosting websites and unmanipulated videos from the HOHA dataset \todo{cite} in their manipulation dataset.,GueraD18,2305.13507,,s0483,single_cite_key
emnlp2023.tex,% \citet{GueraD18} on the other hand include so-called ``deepfake'' videos scraped from video-hosting websites and unmanipulated videos from the HOHA dataset \todo{cite} in their manipulation dataset.,GueraD18,2305.13507,,s0484,single_cite_key
main.tex,"Conversely,~\citet{scan} argue that an end-to-end approach with online training may lead to various problems and propose an approach called \texttt{SCAN} that replaces the use of K-Means for the purpose of clustering with the use of an advanced neighbor search.",scan,2305.13689,Know Your Self-supervised Learning: A Survey on Image-based Generative and Discriminative Training,s0487,single_cite_key
500evaluation.tex,"On the other hand, G-EVAL~\cite{DBLP:journals/corr/abs-2303-16634} assesses the quality of NLG outputs by utilizing chain-of-thought (CoT) and a form-filling paradigm.",DBLP:journals/corr/abs-2303-16634,2305.14647,"Scientific Opinion Summarization: Paper Meta-review Generation Dataset, Methods, and Evaluation",s0489,single_cite_key
02-framework.tex,"On the other hand, for social chatbots, instead of completing a particular task, their primary function is offering users an emotional connection and companionship while mimicking human conversations~\cite{gao2019neural}.",gao2019neural,2305.15933,,s0491,single_cite_key
manuscript.tex,"On the other hand, an RNN is theoretically much more computationally powerful than an MLP: while the latter has the property of universal function approximation, the RNN is a Universal Turing Machine and is able to simulate any algorithm \cite{siegelman}.",siegelman,2305.16259,Neural Natural Language Processing for Long Texts: A Survey on Classification and Summarization,s0493,single_cite_key
manuscript.tex,"On the other hand, RNNs/LSTMs struggle to conserve information and identify long-term dependencies over huge spans of text \cite{worsham_book}.",worsham_book,2305.16259,Neural Natural Language Processing for Long Texts: A Survey on Classification and Summarization,s0494,single_cite_key
manuscript.tex,"On the other hand, the book genre recognizer of \cite{worsham} employs only minimal preprocessing, just enough to allow the DNN to run relatively efficiently.",worsham,2305.16259,Neural Natural Language Processing for Long Texts: A Survey on Classification and Summarization,s0495,single_cite_key
acl2023.tex,"\citet{wu_beto_2019}, on the other hand, derived a correlation between transfer performance and lexical overlap from results on more tasks but fewer languages.",wu_beto_2019,2305.16768,Towards a Common Understanding of Contributing Factors for Cross-Lingual Transfer in Multilingual Language Models: A Review,s0497,single_cite_key
acl2023.tex,"On the other hand, the authors referred to the ""curse of multilinguality"" \citep{conneau_unsupervised_2020} which states that, for a fixed model size, the number of languages a model can cover until its overall performance starts to decrease is limited.",conneau_unsupervised_2020,2305.16768,Towards a Common Understanding of Contributing Factors for Cross-Lingual Transfer in Multilingual Language Models: A Review,s0498,single_cite_key
acl_latex.tex,"Conversely, dense retrieval deploys dense vector representations of queries, which consider the semantic meaning of the query and can catch synonyms and related concepts \citep{karpukhin-etal-2020-dense}.",karpukhin-etal-2020-dense,2305.16859,Scientific Fact-Checking: A Survey of Resources and Approaches,s0499,single_cite_key
acl_latex.tex,"On the other hand, ParagraphJoint and ARSJoint used the dense vector representation BioSentVec \citep{Chen_2019}, which was trained from 30 million biomedical publications and clinical notes.",Chen_2019,2305.16859,Scientific Fact-Checking: A Survey of Resources and Approaches,s0500,single_cite_key
GPTsurvey.tex,"On the other hand, the NLP capabilities of AIGC models facilitate high levels of anthropomorphism, resulting in unreasonable expectations and excessive reliance on AIGC services \cite{weidinger2021ethical}.",weidinger2021ethical,2305.18339,"A Survey on ChatGPT: AI-Generated Contents, Challenges, and Solutions",s0501,single_cite_key
application.tex,"On the other hand, LLM updates can lead to producing inconsistent code for the same prompt \cite{fakhoury2023towards}.",fakhoury2023towards,2305.18703,Domain Specialization as the Key to Make Large Language Models Disruptive: A Comprehensive Survey,s0502,single_cite_key
4_2_others.tex,"On the other hand, GNNInterpreter \cite{gnninterpreter} is a generative global explainer that maximizes the likelihood of explanation graph being predicted as target class by the model.",gnninterpreter,2306.01958,A Survey on Explainability of Graph Neural Networks,s0504,single_cite_key
4_1_applications.tex,"On the other hand, \textbf{GCAN} \cite{GCAN} uses sequence models.",GCAN,2306.01958,A Survey on Explainability of Graph Neural Networks,s0505,single_cite_key
acl2023.tex,"% On the other hand, tasks such as paraphrase generation, summarization, and natural language inference led to better encoding performance for the \citet{narratives} data (audio).",narratives,2306.05126,Mapping Brains with Language Models: A Survey,s0509,single_cite_key
introduction.tex,"As a result, these systems might lack recommendation explainability~\cite{gao2023chat,chen2023survey}, and cannot deal with conversational requirements from users~\cite{friedman2023leveraging,wang2022recindial,wang2022barcor}.} On the other hand, in the field of natural language processing (NLP), large language model (LLM) has shown impressive emergent abilities (\eg, logical reasoning~\cite{huang2022towards}, in-context few-shot learning~\cite{brown2020language}), as well as the vast reservoir ","gao2023chat,chen2023survey;friedman2023leveraging,wang2022recindial,wang2022barcor;huang2022towards;brown2020language;zhao2023survey",2306.05817,How Can Recommender Systems Benefit from Large Language Models: A Survey,s0512,likely_latex_artifact
iclr2021_conference.tex,"On the other hand, another survey worked on applying a bidirectional transformer encoder (BERT) in multi-layer as a word-embedding tool \citep{bert_survey_word_embedding}.",bert_survey_word_embedding,2306.07303,A Comprehensive Survey on Applications of Transformers for Deep Learning Tasks,s0513,single_cite_key
iclr2021_conference.tex,"On the other hand, the supervised method has further improved the translation tasks \citep{XLM}.",XLM,2306.07303,A Comprehensive Survey on Applications of Transformers for Deep Learning Tasks,s0514,single_cite_key
iclr2021_conference.tex,"VLBERT, on the other hand, is a single-stream model that is pre-trained and takes both the image and text embedding features as input, making this model simple yet powerful \citep{VL-BERT}.",VL-BERT,2306.07303,A Comprehensive Survey on Applications of Transformers for Deep Learning Tasks,s0515,single_cite_key
03_methodology.tex,"% Implicit bias, on the other hand, refers to bias that is present in the model or data, but is not explicitly reflected in the model's parameters or features \cite{lauscher_general_2020}.",lauscher_general_2020,2306.08158,Sociodemographic Bias in Language Models: A Survey and Forward Path,s0516,single_cite_key
main_bkp.tex,"On the other hand, due to the small number of documents used in this study \cite{li2018automated}, it is noticeable that the F-measure was not exceptionally high.",li2018automated,2306.12834,Natural Language Processing in Electronic Health Records in Relation to Healthcare Decision-making: A Systematic Review,s0518,single_cite_key
main_bkp.tex,"On the other hand, the fundamental concept behind LSTM was to implement ""gates"" to regulate the data flow to RNN units~\cite{haque2018image}.",haque2018image,2306.12834,Natural Language Processing in Electronic Health Records in Relation to Healthcare Decision-making: A Systematic Review,s0519,single_cite_key
041_extensions.tex,"On the other hand, MLLMs are also extended to generate responses of more modalities, such as image~\cite{emu,zhan2024anygpt,wu2023next,aiello2023jointly}, audio~\cite{zhang2023speechgpt,rubenstein2023audiopalm,zhan2024anygpt,wu2023next}, and video~\cite{wu2023next,wang2024modaverse}.","emu,zhan2024anygpt,wu2023next,aiello2023jointly;zhang2023speechgpt,rubenstein2023audiopalm,zhan2024anygpt,wu2023next;wu2023next,wang2024modaverse",2306.13549,A Survey on Multimodal Large Language Models,s0520,likely_latex_artifact
arXiv_version.tex,"Prefix tuning, on the other hand, adds a task-specific prefix to the input sequence, which can modify the model's behavior in a more flexible way than LoRA or Adapters \cite{gui2023g}.",gui2023g,2306.14905,PRISMA-DFLLM: An Extension of PRISMA for Systematic Literature Reviews using Domain-specific Finetuned Large Language Models,s0521,single_cite_key
sec_background.tex,"% % % On the other hand, Tiny machine learning (TinyML) DNN models \cite{Warden2019} have been investigated to run on small, battery-operated devices like microcontrollers, trading off prediction accuracy with respect to low-latency, low-power and low-bandwidth model inference of sensor data on edge devices.",Warden2019,2306.15552,A Survey on Deep Learning Hardware Accelerators for Heterogeneous HPC Platforms,s0522,single_cite_key
sec_Body_Appendix_TECH.tex,"% On the other hand, Tiny machine learning (TinyML) DNN models \cite{Warden2019} have been investigated to run on small, battery-operated devices like microcontrollers, trading off prediction accuracy with respect to low-latency, low-power, and low-bandwidth model inference of sensor data on edge devices.",Warden2019,2306.15552,A Survey on Deep Learning Hardware Accelerators for Heterogeneous HPC Platforms,s0523,single_cite_key
sec_Body_Appendix_TECH.tex,"%%%%Stef %%%%%%Stef Conversely, Goya \cite{medina2019hotchips} relies on PCIe 4.0 to interface to a host processor and exploits a design that uses a heterogenous approach comprising of a large General Matrix Multiply (GMM) engine, TPUs, and a large shared DDR4 memory pool.",medina2019hotchips,2306.15552,A Survey on Deep Learning Hardware Accelerators for Heterogeneous HPC Platforms,s0524,single_cite_key
sec_Body_Appendix_TECH.tex,"On the other hand, SODA and ScaleHLS use a compiler infrastructure (MLIR, the Multi-Level Intermediate Representation from the LLVM project \cite{lattner2021mlir}) to progressively translate the input model through representations at different levels of abstraction, until they can be passed to the HLS tool as a C++ representation or an LLVM IR.",lattner2021mlir,2306.15552,A Survey on Deep Learning Hardware Accelerators for Heterogeneous HPC Platforms,s0525,single_cite_key
main.tex,"On the other hand, explicit feedback involves actively requesting users to provide ratings or comments on the recommendations they have received \cite{ref1}.",ref1,2307.01221,Filter Bubbles in Recommender Systems: Fact or Fallacy -- A Systematic Review,s0527,single_cite_key
main.tex,"On the other hand, diversity modeling approaches, as suggested by \cite{ref18}, \cite{ref25}, and \cite{ref34}, involve modifying the core algorithm itself to make it more diversity-aware.",ref18;ref25;ref34,2307.01221,Filter Bubbles in Recommender Systems: Fact or Fallacy -- A Systematic Review,s0528,all_keys_unresolved
main.tex,"On the other hand, diversity modeling techniques modify the core algorithm to incorporate diversity-awareness (\cite{ref18,ref25,ref34}).","ref18,ref25,ref34",2307.01221,Filter Bubbles in Recommender Systems: Fact or Fallacy -- A Systematic Review,s0529,all_keys_unresolved
main.tex,"\citet{bennettOffpolicyEvaluationInfiniteHorizon2021a}, on the other hand, proposed a new estimator for OPE in infinite-horizon RL.",bennettOffpolicyEvaluationInfiniteHorizon2021a,2307.01452,Causal Reinforcement Learning: A Survey,s0530,single_cite_key
main.tex,"\citet{wangProvablyEfficientCausal2021a}, on the other hand, studied how confounded observational data can facilitate exploration during online learning.",wangProvablyEfficientCausal2021a,2307.01452,Causal Reinforcement Learning: A Survey,s0531,single_cite_key
main.tex,"\citet{wangCausalDynamicsLearning2022a}, on the other hand, studied task-independent state abstraction which only omits action-irrelevant variables that neither change with actions nor influence actions' results, identified through independence tests based on conditional mutual information.",wangCausalDynamicsLearning2022a,2307.01452,Causal Reinforcement Learning: A Survey,s0532,single_cite_key
main.tex,"On the other hand, \citet{sontakkeCausalCuriosityRL2021a} introduced a method to learn self-supervised experiments based on the principle of independent causal mechanisms.",sontakkeCausalCuriosityRL2021a,2307.01452,Causal Reinforcement Learning: A Survey,s0533,single_cite_key
main.tex,"On the other hand, intrinsic explanations can be achieved using interpretable algorithms, such as linear regression or decision trees, but the limited modeling capacity of these algorithms may prove insufficient in explaining complex behaviors~\citep{puiuttaExplainableReinforcementLearning2020}.",puiuttaExplainableReinforcementLearning2020,2307.01452,Causal Reinforcement Learning: A Survey,s0534,single_cite_key
main.tex,"\citet{mesnardCounterfactualCreditAssignment2021a}, on the other hand, studied the temporal credit assignment problem, i.e., measuring an action’s influence on future rewards.",mesnardCounterfactualCreditAssignment2021a,2307.01452,Causal Reinforcement Learning: A Survey,s0535,single_cite_key
main.tex,"On the other hand, \citet{everittRewardTamperingProblems2021a} studied a critical concern known as reward tampering, which refers to the potential for RL agents to manipulate their reward signals.",everittRewardTamperingProblems2021a,2307.01452,Causal Reinforcement Learning: A Survey,s0536,single_cite_key
main.tex,"On the other hand, \citet{bilodeauAdaptivelyExploitingDSeparators2022a} studied the adaptivity issue concerning the d-separator, i.e., whether an algorithm can perform nearly as well as an algorithm with oracle knowledge of the presence or absence of a d-separator.",bilodeauAdaptivelyExploitingDSeparators2022a,2307.01452,Causal Reinforcement Learning: A Survey,s0538,single_cite_key
sec-benchmark-dataset.tex,"On the other hand, SOCKET \citep{choi2023llms} serves as an NLP benchmark designed to evaluate the performance of \llms in learning and recognizing social knowledge concepts.",choi2023llms,2307.03109,A Survey on Evaluation of Large Language Models,s0539,single_cite_key
sec-what-to-eval.tex,"On the other hand, \llms exhibit competence in handling decimal numbers, negative numbers, and irrational numbers \citep{yuan2023well}.",yuan2023well,2307.03109,A Survey on Evaluation of Large Language Models,s0540,single_cite_key
graph_gen.tex,"On the other hand, the method requires that the Laplacian of the anonymized graph $G'$ is approximated to the original graph $G$ (i.e., see Eq.1 in~\cite{DBLP:conf/nips/AroraU19}).",DBLP:conf/nips/AroraU19,2307.04338,Privacy-Preserving Graph Machine Learning from Data to Computation: A Survey,s0541,single_cite_key
review.tex,"On the other hand, chain-of-hindsight (CoH)~\cite{CoH} provides feedback to the model in language rather than reward, to learn good versus bad responses.\\ ~\emph{\textbf{Aligning with Synthetic Feedback:}} Aligning LLMs with human feedback is slow and costly.",CoH,2307.06435,A Comprehensive Overview of Large Language Models,s0543,single_cite_key
10_Pruning.tex,"On the other hand, other methods, such as VTP \cite{zhu2021vision}, comes with a drop in accuracy.",zhu2021vision,2307.07982,A Survey of Techniques for Optimizing Transformer Inference,s0546,single_cite_key
quals.tex,"Chatbots, on the other hand, engage users in open-ended conversations without specific goals, making them non-collaborative as well \cite{huang2020challenges}.",huang2020challenges,2307.09021,Towards a Neural Era in Dialogue Management for Collaboration: A Literature Survey,s0547,single_cite_key
training.tex,"Chain of Hindsight (CoH)~\cite{liu2023languages}, on the other hand, directly incorporates human preference as a pair of parallel responses discriminated as low-quality or high-quality using natural language prefixes.",liu2023languages,2307.12966,Aligning Large Language Models with Human: A Survey,s0548,single_cite_key
instruction_collection.tex,"The experiments show the superior performance of LLMs trained on the resulting instructions.~\citet{chen2023alpagasus}, on the other hand, propose to leverage ChatGPT to directly evaluate the instruction quality by assigning scores.",chen2023alpagasus,2307.12966,Aligning Large Language Models with Human: A Survey,s0549,single_cite_key
3.pedagogy.tex,"Conversely, the advent of tools like ~\cite{putra-etal-2020-tiara} has given rise to tree-based feedback.",putra-etal-2020-tiara,2307.15341,Teach Me How to Improve My Argumentation Skills: A Survey on Feedback in Argumentation,s0550,single_cite_key
2-privacy.tex,"Conversely, FHE exhibits a high level of computational complexity that can render it infeasible for certain applications \cite{ogburn2013homomorphic}.",ogburn2013homomorphic,2307.15838,Holistic Survey of Privacy and Fairness in Machine Learning,s0551,single_cite_key
sample.tex,"On the other hand, it shows its effectiveness and accuracy-preserving~\cite{zhang2020mix} with highly competitive predictive and calibration performance.",zhang2020mix,2308.01222,Calibration in Deep Learning: A Survey of the State-of-the-Art,s0553,single_cite_key
content.tex,"On the other hand, semantic constraints (G) are implemented on a visual ground and capture how much of the message is based on the original semantic content~\citep{KielaCJN17}.",KielaCJN17,2308.02541,Towards More Human-like AI Communication: A Review of Emergent Communication Research,s0555,single_cite_key
acl2023.tex,"MOH-X \cite{Shutova_Kiela_Maillard_2016}, on the other hand, is a subset of the MOH dataset, excluding instances with pronouns and subordinate subjects or objects, and contains 647 verb samples.",Shutova_Kiela_Maillard_2016,2308.04306,Deep Learning-Based Knowledge Injection for Metaphor Detection: A Comprehensive Review,s0557,single_cite_key
main.tex,"On the other hand, Xiang et al.~\cite{xiang2022temporal} argued that extracting financial knowledge directly from stock prices can be more efficient and less noisy than acquiring it from textual sources.",xiang2022temporal,2308.04947,Methods for Acquiring and Incorporating Knowledge into Stock Price Prediction: A Survey,s0558,single_cite_key
main.tex,"On the other hand, the SMI is used to process social media knowledge, where it generates sentence-level tweet embeddings using universal sentence encoders (USE)~\cite{cer2018universal}.",cer2018universal,2308.04947,Methods for Acquiring and Incorporating Knowledge into Stock Price Prediction: A Survey,s0559,single_cite_key
main.tex,"On the other hand, for graphs with heterogeneous entities, some researchers~\cite{li2019individualized} predefine the meta-path across different types of nodes and then use random walk-based methods to preserve related information for the stock nodes.",li2019individualized,2308.04947,Methods for Acquiring and Incorporating Knowledge into Stock Price Prediction: A Survey,s0560,single_cite_key
robust.tex,"On the other hand, adversarial prompt engineering, if used properly, can serve the purpose of red teaming and provide the LLMs with a high-quality set of examples for alignment \cite{ganguli2022red}.",ganguli2022red,2308.05374,Trustworthy LLMs: a Survey and Guideline for Evaluating Large Language Models' Alignment,s0561,single_cite_key
nationality_detection_paper.tex,"Test data, on the other hand, was taken from an open-source German review dataset \cite{Guhr.2020.Sentiment}, crawled from \url{holidaycheck.de} and consisting of more than $3.6 \text{M}$ anonymous reviews.\ The data was pre-processed and filtered identically, and $75$ sentences were randomly sampled with and without nationality terms.\ Three external annotators were provided with a definition of guest nationality reference and some examples (e.g., the Italian restaurant sentence as a negative e",Guhr.2020.Sentiment,2308.06175,Assessing Guest Nationality Composition from Hotel Reviews,s0562,single_cite_key
A_survey_on_pruning.tex,"On the other hand, \citet{li2017pruning} observe that training a subnetwork from scratch performs worse than fine-tuning it.",li2017pruning,2308.06767,"A Survey on Deep Neural Network Pruning-Taxonomy, Comparison, Analysis, and Recommendations",s0564,single_cite_key
S1-introduction.tex,"On the other hand, the larger LLMs have shown impressive emergent abilities when dealing with complex tasks~\cite{emergent_ability}, such as generalization and reasoning skills.",emergent_ability,2308.07107,Large Language Models for Information Retrieval: A Survey,s0565,single_cite_key
S3-query-rewriter.tex,"On the other hand, in clinical terminology normalization, recent study~\cite{fan-etal-2024-rrnorm} also leverage large language models to decompose and reconstruct complex diagnostic mentions, improving the mapping to standard terms through a ""retrieve-and-rank"" framework to enhance overall performance.",fan-etal-2024-rrnorm,2308.07107,Large Language Models for Information Retrieval: A Survey,s0566,single_cite_key
template.tex,"CoFrNets, on the other hand, rely on the mathematics of continued fractions (CFs), typically represented as a ladder-like sequence: $a_0+\frac{b_1}{a_1+\frac{b_2}{a_2+\cdots}}$ which can represent any real number and any analytic function \cite{churchill2014ebook}.",churchill2014ebook,2308.08407,"Explainable AI for clinical risk prediction: a survey of concepts, methods, and modalities",s0568,single_cite_key
template.tex,"An advantage of perturbation-based methods, on the other hand, is their ability to query models repeatedly and their model-agnostic nature \cite{ivanovs2021perturbation}.",ivanovs2021perturbation,2308.08407,"Explainable AI for clinical risk prediction: a survey of concepts, methods, and modalities",s0569,single_cite_key
rq2.tex,"On the other hand, some papers focus on exploring how existing LLMs (e.g., ChatGPT) are used in SE tasks~\cite{white2023chatgpt} and do not specify the dataset used for model training, as these LLMs like ChatGPT often do not require users to prepare training data themselves for general usage scenarios.",white2023chatgpt,2308.10620,Large Language Models for Software Engineering: A Systematic Literature Review,s0570,single_cite_key
main.tex,"Conversely, the GSM8K \cite{cobbe2021training} dataset contains 8,500 high-quality elementary school math problems, aimed at testing the basic mathematical reasoning abilities of models.",cobbe2021training,2308.10792,Instruction Tuning for Large Language Models: A Survey,s0571,single_cite_key
main.tex,"On the other hand, ~\cite{yang2023harnessing} primarily focus on the applications of LLMs in various downstream tasks and the challenges associated with their deployment.",yang2023harnessing,2308.11432,A Survey on Large Language Model based Autonomous Agents,s0573,single_cite_key
main.tex,"On the other hand, GLIGEN~\cite{Li_2023_GLIGEN} adopts common fine-tuning method from natural language processing (NLP), incorporating an adaptor layer between the self-attention and cross-attention layers.",Li_2023_GLIGEN,2308.13142,A Survey of Diffusion Based Image Generation Models: Issues and Their Solutions,s0577,single_cite_key
main.tex,"On the other hand, SpaText~\cite{Avrahami_2023_SpaText} employs a specifically designed encoding mechanism to effectively capture and represent segmentation information.",Avrahami_2023_SpaText,2308.13142,A Survey of Diffusion Based Image Generation Models: Issues and Their Solutions,s0578,single_cite_key
main.tex,"On the other hand, Re-imagen~\cite{chen2022reimagen} takes a different approach by conditioning its generation on both retrieved texts and images.",chen2022reimagen,2308.13142,A Survey of Diffusion Based Image Generation Models: Issues and Their Solutions,s0579,single_cite_key
main.tex,"On the other hand, eDiff-i~\cite{balaji2022eDiff-I} calculated thresholds to separate the entire process into three stages.",balaji2022eDiff-I,2308.13142,A Survey of Diffusion Based Image Generation Models: Issues and Their Solutions,s0580,single_cite_key
main.tex,"On the other hand, since attention may be one of the primary ways that bias is encoded in LLMs~\citep{jeoung2022changed}, attention-based loss function modifications may be more effective.",jeoung2022changed,2309.00770,Bias and Fairness in Large Language Models: A Survey,s0581,single_cite_key
main.tex,"In fact, overly general evaluation tools may be completely at odds with the normative, subjective, and contextual nature of bias, and ""universal"" benchmarks often express the perspectives of dominant groups in the name of objectivity and neutrality and thus perpetuate further harm against marginalized groups~\citep{denton2020bringing}.",denton2020bringing,2309.00770,Bias and Fairness in Large Language Models: A Survey,s0582,single_cite_key
experiments.tex,"Diffusion model, on the other hand, have demonstrated their capacity to achieve commendable synthetic outcomes even with moderate model parameters, as evident in the case of LDM \cite{stable_diffusion}.",stable_diffusion,2309.00810,RenAIssance: A Survey into AI Text-to-Image Generation in the Era of Large Model,s0583,single_cite_key
6-mitigation.tex,"\citet{varshney2023stitch}, on the other hand, uses the logit-based method to detect false concepts in LLMs' responses with high uncertainty.",varshney2023stitch,2309.01219,Siren's Song in the AI Ocean: A Survey on Hallucination in Large Language Models,s0586,single_cite_key
backup.tex,% %On the other hand traditional physics based approaches needs customized engineering and domain knowledge \cite{reichstein2019deep} for effective problem solving besides also being time consuming.,reichstein2019deep,2309.01909,A Survey on Physics Informed Reinforcement Learning: Review and Open Problems,s0587,single_cite_key
main.tex,"Spanish, on the other hand, belongs to the small set of very resource-rich languages~\cite{joshi2020state}, which is good for this competition as there are many tools for Spanish that could be leveraged to see how well they work in this context.",joshi2020state,2309.06163,Overview of GUA-SPA at IberLEF 2023: Guarani-Spanish Code Switching Analysis,s0588,single_cite_key
main.tex,"In traditional NLP tasks \citep{DBLP:conf/acl/MaynezNBM20}, hallucinations are often synonymous with \textit{faithfulness}: conflicting information leads to \textit{Intrinsic Hallucination}, i.e., LMs conflict with the input information when generating a response; Conversely, generating ambiguous supplementary information may leads to \textit{Extrinsic Hallucination}, i.e., LMs produce personal names, historical events, or technical documents that is challenging to verify.",DBLP:conf/acl/MaynezNBM20,2309.06794,Cognitive Mirage: A Review of Hallucinations in Large Language Models,s0589,single_cite_key
main.tex,"On the other hand, chatbots are not as neutral as expected, raising ethical concerns among the general public \cite{paul2023chatgpt}.",paul2023chatgpt,2309.08836,Bias and Fairness in Chatbots: An Overview,s0592,single_cite_key
main.tex,"On the other hand, some robots, such as those designed for stereotypically male tasks that need to show strength and leadership, use male personas \cite{costa2019ai}.",costa2019ai,2309.08836,Bias and Fairness in Chatbots: An Overview,s0594,single_cite_key
introduction.tex,"On the other hand, citations also create meaningful and thoughtful links between citing and cited scientific documents, establishing valuable and rich ``web'' of knowledge~\cite{judge2007causes}.",judge2007causes,2309.09727,When Large Language Models Meet Citation: A Survey,s0595,single_cite_key
main.tex,"On the other hand, RotL \cite{wang2021hyperbolic} investigates the necessity of introducing hyperbolic geometry in learning KGE and proposes two more efficient Euclidean space KGE while retaining the advantage of flexible normalization.",wang2021hyperbolic,2309.12501,Knowledge Graph Embedding: An Overview,s0598,single_cite_key
main.tex,"CNNs{\cite{chiu2016named}}, on the other hand, can effectively capture local patterns and are particularly useful for character-level representations.",chiu2016named,2309.14084,"Comprehensive Overview of Named Entity Recognition: Models, Domain-Specific Applications and Challenges",s0599,single_cite_key
lrec-coling2024-example.tex,"On the other hand, the emergent abilities of Large Language Models~\cite{wei2022emergent} shows that LLMs are also good at reasoning which can help them learn from fault behavior.",wei2022emergent,2309.14365,An In-depth Survey of Large Language Model-based Artificial Intelligence Agents,s0600,single_cite_key
main.tex,"On the other hand, \citet{zhao2017men} observe that gender biases exist in visual semantic role labeling due to imbalanced ratios of a specific gender towards stereotypical human activities, e.g., shopping for females and shooting for males.",zhao2017men,2309.14381,Survey of Social Bias in Vision-Language Models,s0601,single_cite_key
main.tex,"On the other hand, LLMs, as rapidly-developing language models, not only extend the frontiers of AI alignment research or even reframe the alignment landscape \citep{lesswrongAgentizedLLMs}, but also might provide tools to AI alignment.",lesswrongAgentizedLLMs,2309.15025,Large Language Model Alignment: A Survey,s0604,single_cite_key
main.tex,"On the other hand, \citet{liang2023encouraging} leverage multi-agent debate to address degeneration-of-thought (DoT) problem, where LLMs fail to generate new insights once they are confident in their answers.",liang2023encouraging,2309.15025,Large Language Model Alignment: A Survey,s0605,single_cite_key
main.tex,The evaluation methodology employed in Social Chemistry 101 \citep{forbes2020social} diverges from traditional QA-based approaches.,forbes2020social,2309.15025,Large Language Model Alignment: A Survey,s0606,single_cite_key
main.tex,"On the other hand, DynaHate \citep{DBLP:conf/acl/VidgenTWK20} introduces a unique research methodology that leverages both humans and models to dynamically generate and annotate data, rather than collecting the data from real-world social media contexts.",DBLP:conf/acl/VidgenTWK20,2309.15025,Large Language Model Alignment: A Survey,s0607,single_cite_key
main.tex,"On the other hand, MTbench \citep{zheng2023judging} measures LLM's ability to follow instructions in multi-round conversations based on human preferences and contains 80 high-quality multi-round questions covering eight common scenarios, including writing, role-playing, extraction, reasoning, math, and coding.",zheng2023judging,2309.15025,Large Language Model Alignment: A Survey,s0608,single_cite_key
bare_jrnl.tex,"On the other hand, the extensive tool-uses make LLM-powered AutoAgents possible to command a wide range of physical beings, such as reading geographical maps~\cite{li2023autonomous}, generating policies to instruct robotics~\cite{singh2023progprompt,huang2023instruct2act}, overseeing PID controllers for moving vehicles~\cite{de2023llm}, generating the layout of objects for grounded planning~\cite{song2022llm,lin2023grounded}, or generating program codes to command Programmable Logic Controller (","li2023autonomous;singh2023progprompt,huang2023instruct2act;de2023llm;song2022llm,lin2023grounded;koziolek2023chatgpt;liang2023code",2309.15074,Natural Language based Context Modeling and Reasoning for Ubiquitous Computing with Large Language Models: A Tutorial,s0609,likely_latex_artifact
bare_jrnl.tex,"Furthermore, P-tuning, on the other hand, usually inserts additional learnable layers into the LLM and tunes continuous prompts with the model remaining frozen, aiming to reduce the memory usage during training~\cite{liu2022p}.",liu2022p,2309.15074,Natural Language based Context Modeling and Reasoning for Ubiquitous Computing with Large Language Models: A Tutorial,s0611,single_cite_key
main.tex,"%On the other hand, the extensive tool-uses make LLM-powered AutoAgents possible to command a wide range of physical beings, such as reading geographical maps~\cite{li2023autonomous}, generating policies to instruct robotics~\cite{singh2023progprompt,huang2023instruct2act}, overseeing PID controllers for moving vehicles~\cite{de2023llm}, generating the layout of objects for grounded planning~\cite{song2022llm,lin2023grounded}, or generating program codes to command Programmable Logic Controller ","li2023autonomous;singh2023progprompt,huang2023instruct2act;de2023llm;song2022llm,lin2023grounded;koziolek2023chatgpt;liang2023code",2309.15074,Natural Language based Context Modeling and Reasoning for Ubiquitous Computing with Large Language Models: A Tutorial,s0612,likely_latex_artifact
main.tex,"On the other hand, \emph{Bubeck et al.}~\cite{bubeck2023sparks} provides an technical review on the capacity of LLMs for AGI.",bubeck2023sparks,2309.15074,Natural Language based Context Modeling and Reasoning for Ubiquitous Computing with Large Language Models: A Tutorial,s0613,single_cite_key
4-Average.tex,"Conversely, points in narrow regions are easily accessible to energy-barriers, resulting in increased losses \cite{neyshabur2020being}.",neyshabur2020being,2309.15698,Deep Model Fusion: A Survey,s0614,single_cite_key
3_Offensive_Approaches.tex,"On the other hand, ~\cite{staab2023beyond} proposes the threat model of using available data online authored by users, such as posts on online social forums.",staab2023beyond,2310.01424,Identifying and Mitigating Privacy Risks Stemming from Language Models: A Survey,s0617,single_cite_key
sec3.1_NER_RE.tex,"Conversely, Tazvan et al.~\cite{RE_kernelbased} propose a kernel-based approach utilizing three distinct subsequence patterns.",RE_kernelbased,2310.04835,On the Evolution of Knowledge Graphs: A Survey and Perspective,s0618,single_cite_key
emnlp2023.tex,"Conversely, \citet{zhong2023mquake} decompose complex questions and ask the base model to generate a temporary answer.",zhong2023mquake,2310.07343,How Do Large Language Models Capture the Ever-changing World Knowledge? A Review of Recent Advances,s0619,single_cite_key
Domain-LLMs.tex,"% Conversely, \citet{mahjour2023designing} use ChatGPT to automatically generate reaction arrays for common chemical synthesis reactions, with successful experimental results.",mahjour2023designing,2310.07521,"Survey on Factuality in Large Language Models: Knowledge, Retrieval and Domain-Specificity",s0623,single_cite_key
4_model_based.tex,"Few-shot learning \cite{wang2020generalizing}, on the other hand, involves fine-tuning with a very limited amount of task-specific data, often through techniques like meta-learning or transfer learning from similar tasks.",wang2020generalizing,2310.08459,A Recent Survey of Heterogeneous Transfer Learning,s0625,single_cite_key
main.tex,"On the other hand, deep learning can also learn representations of language data end-to-end \cite{sutskever2014sequence}, without relying on hand-engineered features or rules.",sutskever2014sequence,2310.09411,Surveying the Landscape of Text Summarization with Deep Learning: A Comprehensive Review,s0627,single_cite_key
main.tex,"On the other hand, Maximal Marginal Relevance (MMR) \cite{carbonell1998use} addresses the problem of redundancy of extractive summaries by selecting sentences that are both relevant to the query and diverse from the already-selected sentences in the summary.",carbonell1998use,2310.09411,Surveying the Landscape of Text Summarization with Deep Learning: A Comprehensive Review,s0628,single_cite_key
main.tex,"On the other hand, Paragraph Vector \cite{hill-etal-2016-learning} learns fixed-length distributed representations of variable-length pieces of text by jointly predicting the words in the text and a separate paragraph-specific vector.",hill-etal-2016-learning,2310.09411,Surveying the Landscape of Text Summarization with Deep Learning: A Comprehensive Review,s0630,single_cite_key
main.tex,"% \citet{gooch2016effects} defined intelligibility in terms of accuracy\footnote{Accuracy refers to the level to which the learner pronounces each phoneme, or word in the utterance correctly.} of segmental units like consonant \textbf{Comprehensibility}, on the other hand, is defined based on the perceived ease or difficulty that listeners experience when understanding L2 speech.",gooch2016effects,2310.13974,Automatic Pronunciation Assessment -- A Review,s0636,single_cite_key
4_data.tex,"On the other hand, we hope to draw researchers' attention to the latest benchmarks, which have been fully designed to verify the latest issues for the task, with great potential.} \paragraph{TuringBench} The TuringBench dataset \cite{uchendu2021turingbench} is an initiative designed to explore the challenges of the ``Turing test'' in the context of neural text generation techniques.",uchendu2021turingbench,2310.14724,"A Survey on LLM-Generated Text Detection: Necessity, Methods, and Future Directions",s0637,single_cite_key
02definition.tex,"On the other hand, many detectors did not fully disclose their training data, especially commercial tools like GPTZero \citep{GPTZero}.",GPTZero,2310.15654,A Survey on Detection of LLMs-Generated Content,s0638,single_cite_key
arxiv_v2.tex,"On the other hand, external memorization KME methods share similarities with RAG (retrieval-augmented generation)~\cite{gao2023retrieval}, where a large repository of documents is stored and retrieved as needed to provide contextually relevant information for generating responses.",gao2023retrieval,2310.16218,Knowledge Editing for Large Language Models: A Survey,s0640,single_cite_key
arxiv_v2.tex,"On the other hand, global optimization is advantageous when practitioners focus more on the generality of edited knowledge, as the optimization can promote the learning of relevant knowledge~\cite{aghajanyan-etal-2021-intrinsic}.",aghajanyan-etal-2021-intrinsic,2310.16218,Knowledge Editing for Large Language Models: A Survey,s0641,single_cite_key
main.tex,"Conversely, \textbf{\emph{ncNet}}~\cite{DBLP:journals/tvcg/LuoTLTCQ22} transitions to a Transformer-based model.",DBLP:journals/tvcg/LuoTLTCQ22,2310.17894,Natural Language Interfaces for Tabular Data Querying and Visualization: A Survey,s0643,single_cite_key
main.tex,"Conversely, \textbf{\emph{ncNet}}~\cite{DBLP:journals/tvcg/LuoTLTCQ22} employs a Transformer-based encoder-decoder approach.",DBLP:journals/tvcg/LuoTLTCQ22,2310.17894,Natural Language Interfaces for Tabular Data Querying and Visualization: A Survey,s0644,single_cite_key
backup.tex,"On the other hand, most of the defense mechanisms proposed to protect DNNs from adversarial sample attacks are ineffective\cite{wang_adversarial_2019}, as pointed out by Zhao et al.\cite{zhao_attack_2021}, adaptive attacks can easily bypass many defense mechanisms.",wang_adversarial_2019;zhao_attack_2021,2310.17903,Pitfalls in Language Models for Code Intelligence: A Taxonomy and Survey,s0645,all_keys_unresolved
main.tex,"On the other hand,~\citet{lin2011sentence} argued that LDA likely discovers topics based on semantic similarities, instead of sentiment.",lin2011sentence,2310.18345,A Survey on Semantic Processing Techniques,s0649,single_cite_key
main.tex,"On the other hand,~\citet{wan2016modeling} leveraged subjective features from reviews to provide users with a list of relevance-ranked reviews, which improved the performance of answering binary questions from categories with abundant data.",wan2016modeling,2310.18345,A Survey on Semantic Processing Techniques,s0650,single_cite_key
main.tex,"On the other hand,~\citet{mao2023gpteval} have reported that ChatGPT demonstrates satisfactory performance in general scientific knowledge and can effectively address questions necessitating open-ended responses.",mao2023gpteval,2310.18345,A Survey on Semantic Processing Techniques,s0652,single_cite_key
graph_emb.tex,"Conversely, NSEmbed employs random walks and CBOW~\cite{mikolov2013efficient} to predict central nodes, enabling the modeling of higher-order neighbor relationships among users or items.",mikolov2013efficient,2310.18608,Embedding in Recommender Systems: A Survey,s0653,single_cite_key
Application.tex,"Facebook \cite{he2014FacebookGBDTLR}, on the other hand, employs a logistic regression model, with its input encoded via embeddings generated from a gradient-boosting decision tree, to accomplish ad click predictions.",he2014FacebookGBDTLR,2310.18608,Embedding in Recommender Systems: A Survey,s0654,single_cite_key
emnlp2023.tex,"On the other hand, the TellMeWhy~\cite{lal-etal-2021-tellmewhy} dataset combined the commonsense knowledge and the characters' motivations in short narratives when designing the questions, presenting a new challenge for answering why-questions in narratives.",lal-etal-2021-tellmewhy,2310.18783,Are NLP Models Good at Tracing Thoughts: An Overview of Narrative Understanding,s0655,single_cite_key
sample-authordraft.tex,"On the other hand, the work in \citep{yu2020named} defined the NER task as the detection of the indexes of entity heads and entity tails in a sentence.",yu2020named,2310.19055,A Few-Shot Learning Focused Survey on Recent Named Entity Recognition and Relation Classification Methods,s0656,single_cite_key
main.tex,"%MMCU On the other hand, MMCU \citep{DBLP:journals/corr/abs-2304-12986}, the Chinese counterpart to MMLU, sources its datasets from Chinese Gaokao, university-level medical examinations, China's Unified Qualification Exam for Legal Professionals, and psychological counselor exams.",DBLP:journals/corr/abs-2304-12986,2310.19736,Evaluating Large Language Models: A Comprehensive Survey,s0657,single_cite_key
0-results.tex,"On the other hand, \citet{hahn-2020-theoretical} shows that \soft{} attention transformers cannot generate \parity{} or \dyck-2 under the following two conditions: \begin{compactenum} \item\label{item:lipschitz} all position-wise functions are Lipschitz-continuous, and \item\label{item:entropy} generation is defined using the KL divergence criterion in \cref{eq:optimal_crossentropy}.",hahn-2020-theoretical,2311.00208,What Formal Languages Can Transformers Express? A Survey,s0659,single_cite_key
Background.tex,"On the other hand, a DSL has modeling concepts tailored to a specific domain or context, like SysML for embedded systems, HTML for web page development, and SQL for database queries~\cite{brambilla2017model}.",brambilla2017model,2311.00284,Model-driven Engineering for Machine Learning Components: A Systematic Literature Review,s0661,single_cite_key
main.tex,"Glove~\cite{pennington2014glove}, on the other hand, constructed a word-word co-occurrence matrix and performed matrix factorization to generate word embeddings that captured linear relationships based on co-occurrence probabilities.",pennington2014glove,2311.00447,On the Opportunities of Green Computing: A Survey,s0662,single_cite_key
main.tex,"EfficientNetV2~\cite{tan2021efficientnetv2}, on the other hand, combines training-aware neural architecture search and scaling techniques to optimize both training speed and parameter efficiency.",tan2021efficientnetv2,2311.00447,On the Opportunities of Green Computing: A Survey,s0663,single_cite_key
main.tex,"AdapterFusion~\cite{PfeifferKRCG21Adapterfusion}, on the other hand, introduces the vector representation of pre-trained task-specific adapters, and thus increases the transfer of knowledge across tasks.",PfeifferKRCG21Adapterfusion,2311.00447,On the Opportunities of Green Computing: A Survey,s0664,single_cite_key
kars-recsys23.tex,"Conversely, we define and annotate an aspect as atypical if it is not related to the core business of {\sc restaurants}, yet it belongs to or is a feature of {\it the restaurant} ({\sc restaurants} refers generically \cite{carlson_generic_1995} to the restaurant category, whereas {\it the restaurant} refers to a specific restaurant).",carlson_generic_1995,2311.02702,Extraction of Atypical Aspects from Customer Reviews: Datasets and Experiments with Language Models,s0667,single_cite_key
acl_latex.tex,"On the other hand, interpretability is a broader concept encompassing the understanding of how a model processes input data to arrive at a particular output~\cite{DBLP:journals/corr/abs-2202-01875}, making the inner workings of the model transparent and comprehensible to users.",DBLP:journals/corr/abs-2202-01875,2311.03731,A Survey of Large Language Models Attribution,s0668,single_cite_key
elsarticle-template-num.tex,"On the other hand, in machine learning (ML), anomaly detection (AD) is the branch that builds models capable of differentiating between normal and abnormal data \cite{chandola}.",chandola,2311.04948,Explained anomaly detection in text reviews: Can subjective scenarios be correctly evaluated?,s0669,single_cite_key
3_Causes.tex,"On the other hand, it becomes problematic in the context of misinformation and biases present within pre-training data and may inadvertently be amplified, manifesting as \textit{imitative falsehood} \citep{DBLP:conf/acl/LinHE22} and the reinforcement of societal biases.",DBLP:conf/acl/LinHE22,2311.05232,"A Survey on Hallucination in Large Language Models: Principles, Taxonomy, Challenges, and Open Questions",s0670,single_cite_key
LLM4Robotics.tex,"DyNaVLM \citep{ji2025dynavlm} is an end-to-end visual language navigation system that enables dynamic selection of navigation target perspectives, offering a flexible and adaptive approach that diverges from traditional fixed-step strategies.",ji2025dynavlm,2311.07226,Large Language Models for Robotics: A Survey,s0671,single_cite_key
survey.tex,"COGVLM \cite{CogVLM} diverges from the conventional approach by independently processing text and image inputs without enforcing direct alignment, employing a new query, key, and value matrix and MLP layer with the text features.",CogVLM,2311.07594,How to Bridge the Gap between Modalities: Survey on Multimodal Large Language Model,s0672,single_cite_key
survey.tex,"Conversely, LLaVA \cite{llava} constructs high-quality instruction-following datasets by replacing images with detailed textual descriptions, relying solely on GPT-4 text understanding.",llava,2311.07594,How to Bridge the Gap between Modalities: Survey on Multimodal Large Language Model,s0673,single_cite_key
sec_special-lm.tex,"\citet{2020CodeBERT}, on the other hand, train CodeBERT with MLM and ELECTRA's RTD on CodeSearchNet.",2020CodeBERT,2311.07989,Unifying the Perspectives of NLP and Software Engineering: A Survey on Language Models for Code,s0676,single_cite_key
sec_special-lm.tex,"NatGen~\citep{2022NatGen}, on the other hand, is pretrained with a ""naturalization"" objective similar to deobfuscation: semantically equivalent but unnatural code is generated by predefined operations such as loop transformation, dead code injection, and variable renaming, and the model is pretrained to translate \input{tables/specialized-model-performance} these unnatural code back to its original form.",2022NatGen,2311.07989,Unifying the Perspectives of NLP and Software Engineering: A Survey on Language Models for Code,s0677,single_cite_key
sec_special-lm.tex,"OctoCoder~\citep{2023OctoPack}, on the other hand, takes a different path and uses Git commit histories as instruction data to finetune StarCoder and CodeGeeX2.",2023OctoPack,2311.07989,Unifying the Perspectives of NLP and Software Engineering: A Survey on Language Models for Code,s0678,single_cite_key
sec_evaluation.tex,"\citet{2023MultiPL-T}, on the other hand, propose MutiPL-T, an approach for translating high-resource training data into low-resource languages for fine-tuning.",2023MultiPL-T,2311.07989,Unifying the Perspectives of NLP and Software Engineering: A Survey on Language Models for Code,s0679,single_cite_key
Manuscript.tex,"On the other hand, Reinforcement Learning from Human Feedback (RLHF) \cite{ouyang2022training} has been widely applied in training models for text generation aligned with human preference and achieved great success, e.g.",ouyang2022training,2311.09680,Trustworthy Large Models in Vision: A Survey,s0680,single_cite_key
sample-sigplan.tex,"(3) Instruct-FinGPT\cite{zhang2023instructfingpt}, on the other hand, fine-tunes LLaMA on 10k instruction samples derived from two Financial Sentiment Analysis Datasets and also solely evaluates performance on finance classification tasks.",zhang2023instructfingpt,2311.10723,Large Language Models in Finance: A Survey,s0682,single_cite_key
5_predictor.tex,"\cite{huang2023can}, on the other hand, does not use the word ``cite'' to represent edges but instead describes the relationships via enumerating randomly selected $k$-hop neighbors of the current node.",huang2023can,2311.12399,A Survey of Graph Meets Large Language Model: Progress and Future Directions,s0687,single_cite_key
llm_ds.tex,"On the other hand, another line of work tries to compress the lengthy dialogue context while keeping important semantic information, particularly in dialogue summarization tasks \citep{qin2023chatgpt}.",qin2023chatgpt,2311.16789,"A Survey of the Evolution of Language Model-Based Dialogue Systems: Data, Task and Models",s0693,single_cite_key
05-train-tuning.tex,"$\bullet$ Pipeline Parallelism~\cite{jia2019beyond,huang2019gpipe,narayanan2019pipedream,narayanan2021memory,narayanan2021efficient,yang2021pipemare,kosson2021pipelined,kim2023bpipe}, on the other hand, is a form of \emph{inter-layer} model parallelism.","jia2019beyond,huang2019gpipe,narayanan2019pipedream,narayanan2021memory,narayanan2021efficient,yang2021pipemare,kosson2021pipelined,kim2023bpipe",2312.00678,The Efficiency Spectrum of Large Language Models: An Algorithmic Survey,s0695,likely_latex_artifact
05-train-tuning.tex,"On the other hand, instead of sending full-precision gradients between devices, 1-bit Adam \cite{tang20211} compresses the gradients into just their sign with error correction, thereby using only 1 bit per gradient, which significantly reduces the volume of data communicated.",tang20211,2312.00678,The Efficiency Spectrum of Large Language Models: An Algorithmic Survey,s0696,single_cite_key
04-arch.tex,"FIRE~\cite{li2023functional}, on the other hand, employs progressive interpolation with a normalized position index by dividing the index difference between tokens by the smaller of the two indices.",li2023functional,2312.00678,The Efficiency Spectrum of Large Language Models: An Algorithmic Survey,s0697,single_cite_key
04-arch.tex,"On the other hand, NoPE~\cite{kazemnejad2023impact} omits the positional encoder used in the self-attention mechanism and demonstrates that model self-attention can effectively learn the RPE across tokens in a sentence.",kazemnejad2023impact,2312.00678,The Efficiency Spectrum of Large Language Models: An Algorithmic Survey,s0698,single_cite_key
04-arch.tex,"On the other hand, Sparsefinder~\cite{treviso2021predicting} takes a different approach by focusing on uncovering sparsity within the attention mechanism itself.",treviso2021predicting,2312.00678,The Efficiency Spectrum of Large Language Models: An Algorithmic Survey,s0699,single_cite_key
4.basic.tex,"On the other hand, LLMs demonstrate excellent emergent reasoning ability~\cite{weiemergent, kojimalarge, wei2022chain} recently.","weiemergent, kojimalarge, wei2022chain",2312.02783,Large Language Models on Graphs: A Comprehensive Survey,s0704,all_keys_unresolved
sample-acmsmall-submission-newversion.tex,"\citet{agarwal2022temporal}, on the other hand, evaluated the temporal effects on pre-trained language models.",agarwal2022temporal,2312.02901,Concept Drift Adaptation in Text Stream Mining Settings: A Systematic Review,s0706,single_cite_key
bare_adv.tex,"On the other hand, \textsc{ClimaX}~\cite{nguyen2023climax} introduces the concept of fundamental modeling to weather prediction with its fully supervised pre-training based on the Transformer.",nguyen2023climax,2312.03014,Foundation Models for Weather and Climate Data Understanding: A Comprehensive Survey,s0708,single_cite_key
bare_adv.tex,"\textsc{Graphcast}~\cite{lam2022graphcast}, on the other hand, also utilizes a GNN-based framework for weather prediction, albeit with a much higher resolution and flexibility.",lam2022graphcast,2312.03014,Foundation Models for Weather and Climate Data Understanding: A Comprehensive Survey,s0709,single_cite_key
3_Model.tex,"% Sheared LLaMA~\citep{Xia2023ShearedLA}, on the other hand, proposes two techniques to improve the performance of LLM-Pruner.",Xia2023ShearedLA,2312.03863,Efficient Large Language Models: A Survey,s0711,single_cite_key
3_Model.tex,"% \citet{liu2023sophia}, on the other hand, propose Sophia as a lightweight second-order optimizer that outpaces Adam with doubling the pre-training speed.",liu2023sophia,2312.03863,Efficient Large Language Models: A Survey,s0712,single_cite_key
3_Model.tex,"% LongLoRA~\citep{Chen2023LongLoRAEF}, on the other hand, extends LoRA to the long-context fine-tuning scenario.",Chen2023LongLoRAEF,2312.03863,Efficient Large Language Models: A Survey,s0713,single_cite_key
main.tex,"Conversely, Thirunavukarasu et al.~\cite{thirunavukarasu2023large} point out a conflict: while privacy protection is critical, limiting patient identifiable data in model prompts could hamper deployment opportunities.",thirunavukarasu2023large,2312.04578,Towards a Psychological Generalist AI: A Survey of Current Applications of Large Language Models and Future Prospects,s0716,single_cite_key
templatePrime.tex,"On the other hand, human-written reference summaries have been found to exhibit high word overlap with the source sentence, even preserving word order to a large extent~\cite{Schumann2020DiscreteExtraction}.",Schumann2020DiscreteExtraction,2312.05172,From Lengthy to Lucid: A Systematic Literature Review on NLP Techniques for Taming Long Sentences,s0717,single_cite_key
templatePrime.tex,"On the other hand, for the BNC dataset, an unsupervised Transformer-based method~\cite{Ghalandari2022EfficientLearning} that employs RL achieves the highest F1 score of all the ILP methods.",Ghalandari2022EfficientLearning,2312.05172,From Lengthy to Lucid: A Systematic Literature Review on NLP Techniques for Taming Long Sentences,s0719,single_cite_key
templatePrime.tex,"On the other hand, the Transformer memory-based model of~\cite{fan2020memory} achieves the best results in terms of BLEU score and the closest $\#S/C$ and $\#T/C$ ratios to the reference ones.",fan2020memory,2312.05172,From Lengthy to Lucid: A Systematic Literature Review on NLP Techniques for Taming Long Sentences,s0722,single_cite_key
04LLMs.tex,"Chameleon \cite{lu2023chameleon}, on the other hand, enhances LLMs with plug-and-play modules designed for compositional reasoning.",lu2023chameleon,2312.07622,Mathematical Language Models: A Survey,s0724,single_cite_key
04LLMs.tex,"On the other hand, LATS \cite{zhou2023language} employs LLMs as agents, value functions, and optimizers, repurposing their inherent strengths to enhance decision-making.",zhou2023language,2312.07622,Mathematical Language Models: A Survey,s0725,single_cite_key
preliminaries.tex,"Conversely, \texttt{GIT}~\cite{wang2022git} employs a large contrastively pre-trained image encoder, accompanied by a relatively small text decoder.",wang2022git,2312.08782,Toward General-Purpose Robots via Foundation Models: A Survey and Meta-Analysis,s0726,single_cite_key
paper-arXiv.tex,"Federated RS, on the other hand, adopts a decentralized architecture where data remains distributed across various local sources or entities while still enabling collaborative recommendation \cite{liu2022federated}.",liu2022federated,2312.10073,Data Scarcity in Recommendation Systems: A Survey,s0728,single_cite_key
Prospects.tex,"Conversely, the expansion of context provides new opportunities for the development of RAG, enabling it to address more complex problems and integrative or summary questions that require reading a large amount of material to answer~\cite{RA-Long-Form}.",RA-Long-Form,2312.10997,Retrieval-Augmented Generation for Large Language Models: A Survey,s0729,single_cite_key
4-techniques.tex,"Conversely, RedCaps~\citep{desai2021redcaps} is a substantial dataset encompassing 12 million image-text pairs, sourced from Reddit.",desai2021redcaps,2312.11562,A Survey of Reasoning with Foundation Models,s0730,single_cite_key
4-techniques.tex,"Conversely, BART~\citep{lewis-etal-2020-bart} incorporates a conventional Transformer-based architecture for neural machine translation.",lewis-etal-2020-bart,2312.11562,A Survey of Reasoning with Foundation Models,s0731,single_cite_key
4-techniques.tex,"On the other hand, AdaMix~\citep{wang2022adamix} fine-tunes a mixture of adaptation modules in each transformer layer while keeping the majority of PLM weights frozen.",wang2022adamix,2312.11562,A Survey of Reasoning with Foundation Models,s0732,single_cite_key
4-techniques.tex,"On the other hand, P-tuning~\citep{liu2023gpt} leverages trainable continuous prompt embeddings alongside discrete prompts, demonstrating effectiveness across both pre-trained and fine-tuned language models, whether in fully supervised or few-shot settings.",liu2023gpt,2312.11562,A Survey of Reasoning with Foundation Models,s0733,single_cite_key
4-techniques.tex,"DiffFit~\citep{xie2023difffit}, on the other hand, presents a parameter-efficient fine-tuning strategy tailored for large pre-trained diffusion models.",xie2023difffit,2312.11562,A Survey of Reasoning with Foundation Models,s0734,single_cite_key
1-introduction.tex,"On the other hand, natural language reasoning enables more intuitive human-computer interactions and supports tasks like question answering~\citep{shao2023prompting,jiang2021can}, information retrieval~\citep{zhu2023large,ai2023information}, text summarization~\citep{liu2023learning}, and sentiment analysis~\citep{yu2023natural,araci2019finbert,barbieri2021xlm}.","shao2023prompting,jiang2021can;zhu2023large,ai2023information;liu2023learning;yu2023natural,araci2019finbert,barbieri2021xlm",2312.11562,A Survey of Reasoning with Foundation Models,s0735,likely_latex_artifact
3.4-tasks_causal.tex,"In contrast, actual causality~\citep{halpern2016actual} diverges from causal discovery by shifting the focus from variables and their interrelationships to individual events, with the goal of uncovering their specific causes.",halpern2016actual,2312.11562,A Survey of Reasoning with Foundation Models,s0736,single_cite_key
3.4-tasks_causal.tex,"On the other hand, \citet{zhang2023understanding} believe that current LLMs can address causal questions by leveraging existing causal knowledge, akin to combined domain experts.",zhang2023understanding,2312.11562,A Survey of Reasoning with Foundation Models,s0737,single_cite_key
3.5-tasks_visual.tex,"On the other hand, 3D-VisTa~\citep{3dvista} is a pre-trained Transformer model specifically developed for aligning 3D vision and text.",3dvista,2312.11562,A Survey of Reasoning with Foundation Models,s0738,single_cite_key
3.9-benchmarks.tex,"Geometry3K~\citep{lu2021inter}, on the other hand, consists of 3,002 multiple-choice geometry problems with dense annotations in formal language.",lu2021inter,2312.11562,A Survey of Reasoning with Foundation Models,s0739,single_cite_key
3.9-benchmarks.tex,"On the other hand, MathQA-Python~\citep{austin2021program} contains more intricate natural language descriptions, offering a higher level of complexity in the problem statements.",austin2021program,2312.11562,A Survey of Reasoning with Foundation Models,s0740,single_cite_key
2-background.tex,"On the other hand, an inductive argument is characterized by the premise providing only partial support for the conclusion~\citep{salmon1989scientific}.",salmon1989scientific,2312.11562,A Survey of Reasoning with Foundation Models,s0741,single_cite_key
6.discussions.tex,"MLAgentBench, on the other hand, designs a suite of ML tasks for benchmarking LLM-driven AI research agents, including tasks like image classification and sentiment classification~\cite{huang2023benchmarking}.",huang2023benchmarking,2312.11970,Large Language Models Empowered Agent-based Modeling and Simulation: A Survey and Perspectives,s0742,single_cite_key
3.motivation.tex,"On the other hand, the interface between the agent and environment can be operated via texts~\cite{xagent2023}, which leads to indirect interaction.",xagent2023,2312.11970,Large Language Models Empowered Agent-based Modeling and Simulation: A Survey and Perspectives,s0743,single_cite_key
_main.tex,"\textit{Apache Qpid}~\cite{ApacheQpid}, on the other hand, provides cloud-based messaging capabilities and supports queuing for structured message exchange, making it essential for distributed applications.",ApacheQpid,2312.14647,"Towards Message Brokers for Generative AI: Survey, Challenges, and Opportunities",s0744,single_cite_key
main.tex,"On the other hand, \citet{yuan2024unirlhf} also include an offline \gls{RLHF} benchmark and have a stronger focus on the reward learning aspect, focusing on the entire learning pipeline.",yuan2024unirlhf,2312.14925,A Survey of Reinforcement Learning from Human Feedback,s0745,single_cite_key
TEMP.tex,"% \newline \textbf{YaRN} \cite{peng2023yarn} diverges from Linear and NTK interpolation by implementing a ramp function, which varies the combination of Linear and NTK interpolation across different dimensions.",peng2023yarn,2312.17044,Length Extrapolation of Transformers: A Survey from the Perspective of Positional Encoding,s0747,single_cite_key
TEMP.tex,"Conversely, an alternative strategy involves the utilization of adaptable absolute position encoding \cite{gehring2017convolutional, devlin2018bert, lan2019albert, clark2020electra, radford2019language}.","gehring2017convolutional, devlin2018bert, lan2019albert, clark2020electra, radford2019language",2312.17044,Length Extrapolation of Transformers: A Survey from the Perspective of Positional Encoding,s0748,insufficient_resolved_lt_2
TEMP.tex,"Conversely, shift short attention \cite{chen2023longlora} divides input tokens into clusters and exclusively calculates the attention within each cluster independently.",chen2023longlora,2312.17044,Length Extrapolation of Transformers: A Survey from the Perspective of Positional Encoding,s0749,single_cite_key
TEMP.tex,"On the other hand, some works \cite{chen2023extending, ntkaware2023, peng2023yarn, chen2023longlora} have focused on fine-tuning LLMs with a longer context window.","chen2023extending, ntkaware2023, peng2023yarn, chen2023longlora",2312.17044,Length Extrapolation of Transformers: A Survey from the Perspective of Positional Encoding,s0750,all_keys_unresolved
01_intro.tex,"% On the other hand, recent works have shown the outstanding generalization of LLMs to not only learn from IE training data through fine-tuning \cite{paolini2021structured,yan2021unified,tempgen,rebel,paolini2021structured}, but also extract information in few-shot and even zero-shot scenarios relying solely on in-context examples or instructions \cite{chatie,code4struct,gpt-ner,promptner,xu2023unleash}.","paolini2021structured,yan2021unified,tempgen,rebel,paolini2021structured;chatie,code4struct,gpt-ner,promptner,xu2023unleash",2312.17617,Large Language Models for Generative Information Extraction: A Survey,s0751,likely_latex_artifact
04_paradigms.tex,"On the other hand, designing effective prompts remains a significant challenge for leveraging LLMs like GPT-4~\cite{gpt4}.",gpt4,2312.17617,Large Language Models for Generative Information Extraction: A Survey,s0754,single_cite_key
03_tasks.tex,"\noindent \textbf{Code-LLMs.} On the other hand, code-based methods unify IE tasks by generating code with a universal programming schema \cite{code4struct}.",code4struct,2312.17617,Large Language Models for Generative Information Extraction: A Survey,s0755,single_cite_key
main.tex,"On the other hand, their reliability and the need for careful validation, as noted by \cite{Reiss_2023}, indicate that while GPT models can be a valuable asset in social research, they should be used with caution.",Reiss_2023,2401.00284,Evaluation is all you need. Prompting Generative Large Language Models for Annotation Tasks in the Social Sciences. A Primer using Open Models,s0756,single_cite_key
03-architecture.tex,"On the other hand, \cite{malach2023auto} explores the potential of Multi-Layer Perceptrons trained with the same next-token prediction to achieve non-trivial performance on text generation and arithmetic tasks.",malach2023auto,2401.00625,Beyond Efficiency: A Systematic Survey of Resource-Efficient Large Language Models,s0757,single_cite_key
acl_latex.tex,"Conversely, distilroberta-base \cite{sanh2019distilbert} exhibits superior performance in replacing high entropy words, leading to a reduction in hallucinations.",sanh2019distilbert,2401.01313,A Comprehensive Survey of Hallucination Mitigation Techniques in Large Language Models,s0759,single_cite_key
LLM_train_inference.tex,"On the other hand, LLaMA 2 models \cite{touvron2023llama2} represent a notable exception.",touvron2023llama2,2401.02038,Understanding LLMs: A Comprehensive Overview from Training to Inference,s0760,single_cite_key
main.tex,"On the other hand, SmartMoE\cite{smartmoe} system provides comprehensive support for distributed training strategies.",smartmoe,2401.02643,Training and Serving System of Foundation Models: A Comprehensive Survey,s0761,single_cite_key
chatbotsurvey.tex,"On the other hand, the SPA conversational agent introduced in \cite{rosenfeld2016strategical} outplayed the baseline chatbot (which harnessed a different, heuristic, strategy) when tested in its persuasion task, thus proving capable of delivering human-like level conversations.",rosenfeld2016strategical,2401.03454,Computational Argumentation-based Chatbots: a Survey,s0763,single_cite_key
Reliability.tex,"On the other hand, \citet{ConstrainedGenerationModification} introduces a method that suggests a candidate modification at each iteration and verifies if the modified sentence satisfies the given constraints to generate constrained sentences.",ConstrainedGenerationModification,2401.05459,"Personal LLM Agents: Insights and Survey about the Capability, Efficiency and Security",s0765,single_cite_key
acl_latex.tex,"Conversely, gradient-based methods, exemplified by techniques such as SmoothGrad \cite{Smilkov2017SmoothGradRN} and Integrated Gradients, focus on computing the gradients of the model with respect to its input features.",Smilkov2017SmoothGradRN,2401.06792,LightHouse: A Survey of AGI Hallucination,s0767,single_cite_key
1_introduction.tex,"On the other hand,~\cite{kaplan_siri_2019} defines AI as \textit{a system's ability to correctly interpret external data, to learn from such data, and to use those learnings to achieve specific goals and tasks through flexible adaptation}, potentially narrowing AI to the realm of machine learning.",kaplan_siri_2019,2401.07744,Combining Machine Learning and Ontology: A Systematic Literature Review,s0770,single_cite_key
1_introduction.tex,"Deductive reasoning, on the other hand, permits the application of pre-existing general knowledge to specific instances~\citep{rafanelli_position_2022}.",rafanelli_position_2022,2401.07744,Combining Machine Learning and Ontology: A Systematic Literature Review,s0771,single_cite_key
7_challenges.tex,"The Neuro\_\{Symbolic\} architecture, on the other hand, is more complex: it facilitates the conversion of symbolic rules into neural network models (\emph{Ontology-based algorithm design} or \emph{Ontology-based algorithm design}), as illustrated by the logical tensor networks~\citep{serafini_learning_2017} discussed in this systematic literature review.",serafini_learning_2017,2401.07744,Combining Machine Learning and Ontology: A Systematic Literature Review,s0773,single_cite_key
acl_latex.tex,"% \newline \textbf{YaRN} \cite{peng2023yarn} diverges from Linear and NTK interpolation by implementing a ramp function, which varies the combination of Linear and NTK interpolation across different dimensions.",peng2023yarn,2401.07872,"The What, Why, and How of Context Length Extension Techniques in Large Language Models -- A Detailed Survey",s0774,single_cite_key
acl_latex.tex,"Conversely, shift short attention \cite{chen2023longlora} divides input tokens into clusters and exclusively calculates the attention within each cluster independently.",chen2023longlora,2401.07872,"The What, Why, and How of Context Length Extension Techniques in Large Language Models -- A Detailed Survey",s0776,single_cite_key
sec-systems-training.tex,"On the other hand, Gemini~\cite{wang2023gemini} expedites failure recovery through in-memory checkpoints.",wang2023gemini,2401.08092,A Survey of Resource-efficient LLM and Multimodal Foundation Models,s0778,single_cite_key
sec-systems-training.tex,"FlashNeuron~\cite{bae2021flashneuron}, on the other hand, offloads selective data to the SSD for higher throughput.",bae2021flashneuron,2401.08092,A Survey of Resource-efficient LLM and Multimodal Foundation Models,s0779,single_cite_key
sec-algorithms-finetuning.tex,"On the other hand, PiSSA~\cite{meng_pissa_2024} identifies an issue where LoRA initializes low-rank matrices with Gaussian random values and zeros, resulting in very small initial gradient values and slow convergence.",meng_pissa_2024,2401.08092,A Survey of Resource-efficient LLM and Multimodal Foundation Models,s0781,single_cite_key
main_revised_v2.tex,"Conversely, relying solely on zero-shot transfer does not work well, as it leads to significant drops in performance for typologically distant or culturally distinct languages~\cite{pelicon2021investigating}.",pelicon2021investigating,2401.09244,"Cross-lingual Offensive Language Detection: A Systematic Review of Datasets, Transfer Approaches and Challenges",s0782,single_cite_key
approaches.tex,"In a multi-task setup, on the other hand, related tasks like activity and subject recognition \cite{metier_chen_2020} are simultaneously performed, using shared features.",metier_chen_2020,2401.10185,Transfer Learning in Human Activity Recognition: A Survey,s0784,single_cite_key
main.tex,"GloVe, on the other hand, uses matrix factorization of the word co-occurrence matrix, capturing the corpus's general statistics for efficient, high-performance embeddings \citep{pennington2014glove}.",pennington2014glove,2401.10825,Recent Advances in Named Entity Recognition: A Comprehensive Survey and Comparative Study,s0786,single_cite_key
04_source_of_incontext.tex,"% On the other hand, ~\citet{li2023mot} selects high-quality answers by using self-consistency (majority-generated answer).",li2023mot,2401.11624,In-context Learning with Retrieved Demonstrations for Language Models: A Survey,s0787,single_cite_key
main.tex,"On the other hand, symbolic methods have shown poor learning skills compared to machine learning approaches, especially in handling dynamic data and generalizing the knowledge beyond training data \citep{pan2023unifying}.",pan2023unifying,2401.11972,Synergizing Machine Learning & Symbolic Methods: A Survey on Hybrid Approaches to Natural Language Processing,s0789,single_cite_key
3-text.tex,"On the other hand, ChemDFM~\cite{zhao2024chemdfm}, built on the LLaMa-13B model, focuses on training with chemical literature to assist in molecular recognition, property prediction, reaction analysis, and support research through free-form dialogues.",zhao2024chemdfm,2401.14656,Scientific Large Language Models: A Survey on Biological & Chemical Domains,s0790,single_cite_key
7-multimodal.tex,"On the other hand, given a protein or genomic dataset, a multimodal model such as ProtST-ESM-1b~\cite{xu2023protst} can be used to retrieve textual descriptions that provide information about the properties, functions, or interactions of the proteins or genes in the dataset.",xu2023protst,2401.14656,Scientific Large Language Models: A Survey on Biological & Chemical Domains,s0791,single_cite_key
020prelim.tex,"% On the other hand, decoder-only Transformers (b)~\cite{gpt3,opt,llama,bloom} autoregressively predict output tokens via (unidirectional) masked self-attention which attends only current and previous tokens.","gpt3,opt,llama,bloom",2401.15347,A Comprehensive Survey of Compression Algorithms for Language Models,s0792,all_keys_unresolved
043strategy.tex,"% Static quantization~\cite{URPTQ, USmoothQuant}, on the other hand, precomputes scaling factors and integer offsets of activations before inference.","URPTQ, USmoothQuant",2401.15347,A Comprehensive Survey of Compression Algorithms for Language Models,s0793,all_keys_unresolved
054arch.tex,"On the other hand, MobileBERT~\cite{mobilebert} reduces the computational cost of Transformer by adopting an efficient bottleneck structure of MobileNet~\cite{mobilenet}, and Funnel-Transformer~\cite{funneltransformer} introduces pooling layers that reduce the sequence length of intermediate representations to reduce the computational cost of Transformer.",mobilebert;mobilenet;funneltransformer,2401.15347,A Comprehensive Survey of Compression Algorithms for Language Models,s0794,all_keys_unresolved
02-relatedwork.tex,"GPT-4~\cite{gpt4}, on the other hand, is a multimodal large model that is capable of generating text outputs based on image or text inputs.",gpt4,2401.15641,PRE: A Peer Review Based Large Language Model Evaluator,s0795,single_cite_key
arxiv.tex,"On the other hand, CA-RANSAC~\cite{cavalli2023consensus} evolves the RANSAC framework by incorporating an adaptive consensus mechanism through a novel attention layer.",cavalli2023consensus,2401.17592,Local Feature Matching Using Deep Learning: A Survey,s0796,single_cite_key
main.tex,"On the other hand, various models without the NSP objective include BERT-XML~\cite{zhang2020bertxml}, ouBioBERT~\cite{2005.07202}, UTH-BERT~\cite{aclinical_kawazoe}, PathologyBERT~\cite{santos2022pathologybert}, UCSF-BERT~\cite{sushil2022developing}, PubMedBERT~\cite{10.1145/3458754}, and Bioformer~\cite{fang2023bioformer}, where UTH-BERT is for Japanese, and PubMedBERT uses Whole-Word Masking.",zhang2020bertxml;2005.07202;aclinical_kawazoe;santos2022pathologybert;sushil2022developing;10.1145/3458754;fang2023bioformer,2401.17824,A Survey of Pre-trained Language Models for Processing Scientific Text,s0797,likely_latex_artifact
main.tex,"Med-BERT~\cite{Rasmy2020MedBERTPC}, on the other hand, incorporates a domain-specific pretraining task to predict the prolonged length of stay in hospitals (Prolonged LOS).",Rasmy2020MedBERTPC,2401.17824,A Survey of Pre-trained Language Models for Processing Scientific Text,s0798,single_cite_key
main.tex,"BioMegatron~\cite{shin-etal-2020-biomegatron}, on the other hand, implements a simple and efficient intra-layer model parallel approach that enables training transformer models with billions of parameters.",shin-etal-2020-biomegatron,2401.17824,A Survey of Pre-trained Language Models for Processing Scientific Text,s0799,single_cite_key
main.tex,"On the other hand, ProtST~\cite{xu2023protst} is a framework built upon the BERT architecture for multi-modality learning of protein sequences and biomedical texts.",xu2023protst,2401.17824,A Survey of Pre-trained Language Models for Processing Scientific Text,s0803,single_cite_key
main.tex,"DisorBERT~\cite{aragon-etal-2023-disorbert}, on the other hand, explores lexical knowledge to continually pretrain the BERT model to pay more attention to words related to mental disorders.",aragon-etal-2023-disorbert,2401.17824,A Survey of Pre-trained Language Models for Processing Scientific Text,s0804,single_cite_key
main.tex,"On the other hand, DVF~\cite{song2024learning} provides a broader testing ground for general-purpose video detection.",song2024learning,2402.00045,Detecting Multimedia Generated by Large AI Models: A Survey,s0805,single_cite_key
main.tex,"Physiologically-based methods, on the other hand, investigate the semantic aspects of human faces~\cite{ciftci2020fakecatcher}, including cues such as symmetry, iris color, pupil shapes, skin, etc., see Fig.~\ref{fig:image_pure_detection_overview} b).",ciftci2020fakecatcher,2402.00045,Detecting Multimedia Generated by Large AI Models: A Survey,s0807,single_cite_key
main.tex,"Conversely, text detection is starting to use “world knowledge” (via models) to ask if a stated fact is real or a hallucination (which could hint at AI generation)~\cite{zhang2024knowhalu}.",zhang2024knowhalu,2402.00045,Detecting Multimedia Generated by Large AI Models: A Survey,s0808,single_cite_key
main.tex,"Social media texts are often short, filled with slang, emojis, or hashtags, and span many languages, which diverges from the more formal or long-form data that many detection models are trained on~\cite{macko2024multisocial}.",macko2024multisocial,2402.00045,Detecting Multimedia Generated by Large AI Models: A Survey,s0809,single_cite_key
arxiv_checked.tex,"On the other hand, the efficient integration of UAVs in SAGIN architectures requires addressing several challenges, such as UAV positioning and deployment, trajectory optimization, channel estimation, autonomous navigation, scheduling and resource management, and interference management~\cite{mozaffari2019}.",mozaffari2019,2402.00881,On the Interplay of Artificial Intelligence and Space-Air-Ground Integrated Networks: A Survey,s0811,single_cite_key
main.tex,"On the other hand, PREMIA \cite{feng2024exposing} was evaluated on open-source LLMs, and its performance may not be consistent on closed-source models such as GPT-3.",feng2024exposing,2402.00888,Security and Privacy Challenges of Large Language Models: A Survey,s0813,single_cite_key
main.tex,"On the other hand, advanced attacks, such as NightShade \cite{bowman2023eight}}, need advanced defense methods.",bowman2023eight,2402.00888,Security and Privacy Challenges of Large Language Models: A Survey,s0815,single_cite_key
main.tex,"On the other hand, DP-SGD~\cite{abadi2016deep} is a widely adopted technique to defend against gradient leakage attacks, MIAs, and PII leakage attacks.",abadi2016deep,2402.00888,Security and Privacy Challenges of Large Language Models: A Survey,s0816,single_cite_key
Taxonomy.tex,"% Conversely, T5Chem \cite{lu_unified_2022} integrates sequential molecular data with text tokens that define the target task.",lu_unified_2022,2402.01439,From Words to Molecules: A Survey of Large Language Models in Chemistry,s0819,single_cite_key
Applications.tex,"On the other hand, the C-N Coupling dataset \cite{ahneman_predicting_2018} is a preferred choice for benchmarking yield prediction tasks.",ahneman_predicting_2018,2402.01439,From Words to Molecules: A Survey of Large Language Models in Chemistry,s0820,single_cite_key
main.tex,"On the other hand, Cao \cite{Cao2021Self-AttentionAssessment} predicted the funniness of an edited news headline on a scale of 0 to 3 and got RMSE scores of 0.528 and 0.516 for BERT and RoBERTa, respectively.",Cao2021Self-AttentionAssessment,2402.01759,Systematic Literature Review: Computational Approaches for Humour Style Classification,s0821,single_cite_key
acl_latex.tex,"% and effective On the other hand, there has been a notable emphasis on utilizing Large Language Models (LLMs) for tasks related to information retrieval and ranking ~\cite{zhu2023large}.",zhu2023large,2402.01788,LitLLM: A Toolkit for Scientific Literature Review,s0822,single_cite_key
compression-overview.tex,"On the other hand, Post Training Quantization (PTQ) \cite{banner2019posttraining} finds out the optimal clipping range and channel-bit-width settings for weights and activations.",banner2019posttraining,2402.01799,Faster and Lighter LLMs: A Survey on Current Challenges and Way Forward,s0823,single_cite_key
iclr2025_conference.tex,"The HELM\citep{liang2022holistic} benchmark diverges from task-specific assessments, offering a holistic evaluation of LLMs across dimensions such as language understanding, generation, coherence, context sensitivity, common sense reasoning, and domain-specific knowledge.",liang2022holistic,2402.01830,PiCO: Peer Review in LLMs based on the Consistency Optimization,s0825,single_cite_key
4_RL4LLM.tex,"On the other hand, RLPROMPT by \textbf{\citet{deng2022rlprompt} }is an optimization approach where a policy network is trained to generate desired prompts.",deng2022rlprompt,2402.01874,The RL/LLM Taxonomy Tree: Reviewing Synergies Between Reinforcement Learning and Large Language Models,s0826,single_cite_key
5_discussion.tex,"On the other hand, ``offline'' RL \citep{levine2020offline} is a framework to train a policy from a fixed amount of pre-collected data, potentially solving the fundamental issues regarding safety or risk.",levine2020offline,2402.02025,A Survey of Constraint Formulations in Safe Reinforcement Learning,s0827,single_cite_key
4_enhancement.tex,"On the other hand, BeInfo~\cite{razu2023beinfo} improve factual alignment through the form of behavioral fine-tuning.",razu2023beinfo,2402.02420,Factuality of Large Language Models: A Survey,s0828,single_cite_key
main.tex,"On the other hand, Matching Networks \citep{vinyals2016matching} employ different CNN embedding networks for support and query sets.",vinyals2016matching,2402.03017,"A Complete Survey on Contemporary Methods, Emerging Paradigms and Hybrid Approaches for Few-Shot Learning",s0829,single_cite_key
main.tex,"On the other hand, in \cite{wang2016learning}, a similar approach based on RL is applied for structured task distributions.",wang2016learning,2402.03017,"A Complete Survey on Contemporary Methods, Emerging Paradigms and Hybrid Approaches for Few-Shot Learning",s0830,single_cite_key
main.tex,"On the other hand, GPs can quickly infer new functions at test time, but they are computationally expensive and sensitive to the selection of priors \citep{garnelo2018conditional}.",garnelo2018conditional,2402.03017,"A Complete Survey on Contemporary Methods, Emerging Paradigms and Hybrid Approaches for Few-Shot Learning",s0832,single_cite_key
main.tex,"On the other hand, in \cite{shysheya2022fit}, FiLM modules are introduced to modulate the backbone network without retraining all of its parameters, substantially reducing the number of updated parameters.",shysheya2022fit,2402.03017,"A Complete Survey on Contemporary Methods, Emerging Paradigms and Hybrid Approaches for Few-Shot Learning",s0833,single_cite_key
main.tex,"On the other hand, a more recent approach, Context-Guided Augmentation \citep{chen2023using}, adds new instances of classes strategically using contextual information to simulate occlusion occurrences, with each segmented instance being selectively positioned onto the object's bounding box in a randomized manner.",chen2023using,2402.03017,"A Complete Survey on Contemporary Methods, Emerging Paradigms and Hybrid Approaches for Few-Shot Learning",s0834,single_cite_key
main.tex,"CutMix \citep{yun2019cutmix}, on the other hand, extends this concept by cutting and pasting rectangular patches from different images, fostering spatially coherent variations.",yun2019cutmix,2402.03017,"A Complete Survey on Contemporary Methods, Emerging Paradigms and Hybrid Approaches for Few-Shot Learning",s0835,single_cite_key
main.tex,"On the other hand, Randaugment \citep{cubuk2020randaugment} automates this selection by introducing a randomized approach.",cubuk2020randaugment,2402.03017,"A Complete Survey on Contemporary Methods, Emerging Paradigms and Hybrid Approaches for Few-Shot Learning",s0836,single_cite_key
main.tex,"On the other hand, in \cite{lee2023self}, task generation from unlabeled samples has been approached through set representation learning.",lee2023self,2402.03017,"A Complete Survey on Contemporary Methods, Emerging Paradigms and Hybrid Approaches for Few-Shot Learning",s0837,single_cite_key
main.tex,"On the other hand, in \cite{henderson2020towards}, a formula for calculating the total energy consumption is derived: \begin{equation} e_{total} = PUE \sum_p (p_{dram}e_{dram} + p_{cpu}e_{cpu} + p_{gpu}e_{gpu}) \end{equation} \noindent where $p_x$ refers to the percentage of each system resource used by process $x$ relative to the total resources used, $e_x$ is the energy usage of that resource, and \textit{PUE} is the Power Usage Effectiveness index of the data center.",henderson2020towards,2402.03017,"A Complete Survey on Contemporary Methods, Emerging Paradigms and Hybrid Approaches for Few-Shot Learning",s0838,single_cite_key
main.tex,"\cite{krishnan2023textstylebrush} propose Text Style Brush (TSB), a novel self-supervised method that diverges from traditional text editing techniques by eliminating the need for target style supervision.",krishnan2023textstylebrush,2402.03082,Visual Text Meets Low-level Vision: A Comprehensive Survey on Visual Text Processing,s0839,single_cite_key
main.tex,"\cite{gupta2016synthetic} introduce SynthText, a synthetic engine that diverges from conventional word box generation methods.",gupta2016synthetic,2402.03082,Visual Text Meets Low-level Vision: A Comprehensive Survey on Visual Text Processing,s0842,single_cite_key
4.2-reason.tex,Mucko~\cite{DBLP:conf/ijcai/ZhuYWS0W20} diverges from traditional modality embedding concatenation by independently processing distinct modalities' KGs.,DBLP:conf/ijcai/ZhuYWS0W20,2402.05391,Knowledge Graphs Meet Multi-Modal Learning: A Comprehensive Survey,s0844,single_cite_key
1.2-diff.tex,"Conversely, Peng et al.~\cite{DBLP:journals/bdr/PengHHY23} offer a detailed analysis of MMKG from a semantic web perspective, providing a definition and an analysis of its construction and ontology architectures.",DBLP:journals/bdr/PengHHY23,2402.05391,Knowledge Graphs Meet Multi-Modal Learning: A Comprehensive Survey,s0845,single_cite_key
LLM_survey.tex,"Reinforcement learning from AI feedback on the other hand, directly connects a pretrained and well-aligned model to the LLM and helps it to learn from larger and more aligned models \cite{lee2023rlaif}.",lee2023rlaif,2402.06196,Large Language Models: A Survey,s0847,single_cite_key
LLM_survey.tex,"On the other hand, traditional engineering practices such as version control and regression testing need to be adapted to this new paradigm just like they were adapted to other machine learning approaches \cite{Sculley2014CreditCard}.",Sculley2014CreditCard,2402.06196,Large Language Models: A Survey,s0848,single_cite_key
LLM_survey.tex,"\begin{equation}\label{eq:em} EM = \frac{M}{N} \end{equation} Human equivalence score (HEQ) on the other hand, is an alternative to F1 score \cite{huang2018flowqa}.",huang2018flowqa,2402.06196,Large Language Models: A Survey,s0849,single_cite_key
sn-article.tex,"Conversely, some studies, such as those by \citet{Song2019}, \citet{Shao2019}, \citet{castro-ferreira-etal-2020}, \citet{Garneau2021}, \citet{Agarwal2020}, \citet{Lu2022}, \citet{Li2020}, and \citet{Teixeira2020}, have centered their efforts on bilingual text generation within the data-to-text context.",Song2019;Shao2019;castro-ferreira-etal-2020;Garneau2021;Agarwal2020;Lu2022;Li2020;Teixeira2020,2402.08496,A Systematic Review of Data-to-Text NLG,s0850,likely_latex_artifact
sn-article.tex,"VT-ADL \cite{RF44}, on the other hand, applies ViT to encode the input image that has been subdivided into small pieces, and subsequently feeds the ViT-encoded image to the decoder for image reconstruction, forcing the network to learn the features representing the normal image, thus performs the image anomaly detection task in a reconstruction manner.",RF44,2402.08975,Research and application of Transformer based anomaly detection model: A literature review,s0851,single_cite_key
sn-article.tex,"\cite{RF34}, on the other hand, applied BERT to extract the raw log message semantics and converted them into semantic vectors.",RF34,2402.08975,Research and application of Transformer based anomaly detection model: A literature review,s0852,single_cite_key
applications.tex,"Conversely, the fidelity levels in MFBO are often predetermined based on the prior experience of machine learning experts~\cite{KandasamyDOSP19}.",KandasamyDOSP19,2402.09638,Multi-Fidelity Methods for Optimization: A Survey,s0853,single_cite_key
applications.tex,"Conversely, Bohdal et al.~\cite{BohdalBWEAZ23} proposed progressively increasing fidelity levels when the ranking of configurations within the top two fidelities remains unstable.",BohdalBWEAZ23,2402.09638,Multi-Fidelity Methods for Optimization: A Survey,s0854,single_cite_key
pruning.tex,"Conversely, \textit{data-free pruning} methods, such as Magnitude Pruning\cite{han2015learning}, execute network pruning independent of data input.",han2015learning,2402.09748,Model Compression and Efficient Inference for Large Language Models: A Survey,s0855,single_cite_key
dynamic_inference.tex,"% EvoMoE % Conversely, EvoMoE \cite{MoE-EvoMoE} starts from training then diversifying from one common expert at stage one before learning the gating network in the second stage.",MoE-EvoMoE,2402.09748,Model Compression and Efficient Inference for Large Language Models: A Survey,s0857,single_cite_key
dynamic_inference.tex,"Conversely, EvoMoE \cite{MoE-EvoMoE} starts from training then diversifying from one common expert at stage one before learning the gating network and sparsifying the network in the second stage.",MoE-EvoMoE,2402.09748,Model Compression and Efficient Inference for Large Language Models: A Survey,s0858,single_cite_key
overview.tex,"Conversely, Good-Turing Estimation adjusts the probability distribution for unseen events to deal with the problem of zero probability for unfamiliar word combinations - a problem known as data sparsity~\cite{orlitsky2015competitive}.",orlitsky2015competitive,2402.10350,Large Language Models for Forecasting and Anomaly Detection: A Systematic Literature Review,s0859,single_cite_key
related.tex,"Conversely, Yang \textit{et al.} \cite{yang2023harnessing_the} concentrate on the application spectrum of LLMs across various downstream tasks, highlighting the deployment challenges that accompany their use.",yang2023harnessing_the,2402.10350,Large Language Models for Forecasting and Anomaly Detection: A Systematic Literature Review,s0860,single_cite_key
acl_latex.tex,"On the other hand, \citet{madaan2023selfrefine} employs an iterative process to refine its output through generated feedback.",madaan2023selfrefine,2402.10886,Reviewer2: Optimizing Review Generation Through Prompt Generation,s0861,single_cite_key
acl_latex.tex,"Conversely, \textbf{automatic CoT (auto-CoT)} autonomously generates diverse reasoning chains for various questions \cite{Zhang2022AutomaticCO}.",Zhang2022AutomaticCO,2402.11291,Puzzle Solving using Reasoning of Large Language Models: A Survey,s0863,single_cite_key
acl_latex.tex,"Conversely, the introduction of ACES, an autotelic generation method for diverse programming puzzles, demonstrates how semantic descriptors produced by LLMs can be leveraged for creative puzzle creation \cite{Pourcel2023ACESGD}.",Pourcel2023ACESGD,2402.11291,Puzzle Solving using Reasoning of Large Language Models: A Survey,s0864,single_cite_key
main.tex,"Conversely, \citet{way2022report} investigate actual LT use by speakers of different European national languages (91--922 respondents per country).",way2022report,2402.11968,What Do Dialect Speakers Want? A Survey of Attitudes Towards Language Technology for German Dialects,s0865,single_cite_key
02_architectures.tex,"On the other hand, LLMs primarily rely on the widely employed Transformer model, although the Mamba architecture~\cite{gu2023mamba} has also emerged in recent times.",gu2023mamba,2402.12451,The Revolution of Multimodal Large Language Models: A Survey,s0866,single_cite_key
03_tasks.tex,"Conversely,~\citet{jin2023unified} fine-tune both the LLM and the SD U-Net.",jin2023unified,2402.12451,The Revolution of Multimodal Large Language Models: A Survey,s0867,single_cite_key
revision.tex,"Conversely, some papers choose to combine discussions of current issues with emerging research trends, as seen in the 'Future Directions' section of Ref\cite{yang2022survey}.",yang2022survey,2402.12928,A Literature Review of Literature Reviews in Pattern Analysis and Machine Intelligence,s0869,single_cite_key
4-skill.tex,"ChatBridge~\cite{zhao2023chatbridge}, on the other hand, represents a novel approach in multimodal language modeling.",zhao2023chatbridge,2402.13116,A Survey on Knowledge Distillation of Large Language Models,s0870,single_cite_key
A2.tex,"Conversely, \cite{hsieh2023distilling} employs ``task hardship'' as auxiliary labels supplied by $\gA$ to enhance the learning process for $\gL$.",hsieh2023distilling,2402.13446,Large Language Models for Data Annotation and Synthesis: A Survey,s0871,single_cite_key
challenges.tex,"Research highlights the failure of imitation primarily due to \textit{model collapse}, where the imitating model gradually diverges from the data distribution of the model it seeks to replicate~\cite{Shumailov2023TheCO}.",Shumailov2023TheCO,2402.13446,Large Language Models for Data Annotation and Synthesis: A Survey,s0872,single_cite_key
5.models_description.tex,"Conversely, \citet{paper_074} demonstrates the use of LLMs for automatically adapting to new domains with ``own skills'' bootstrapping.",paper_074,2402.14558,LLMs with Industrial Lens: Deciphering the Challenges and Prospects -- A Survey,s0873,single_cite_key
5.models_description.tex,"On the other hand, to perform the execution-based evaluation, \citet{paper_053} introduced a static evaluation framework specifically for the Python language, that operates by parsing code snippets into Abstract Syntax Trees (ASTs).",paper_053,2402.14558,LLMs with Industrial Lens: Deciphering the Challenges and Prospects -- A Survey,s0874,single_cite_key
8_discussion.tex,"On the other hand, Longformer (\cite{beltagy2020longformer}) gives an early attempt to combine sliding window attention and global attention, in which they only allow a few pre-defined tokens to attend to all tokens in the sequence, while other tokens do sliding window attention and also attend to these selected global attending tokens.",beltagy2020longformer,2402.16363,LLM Inference Unveiled: Survey and Roofline Model Insights,s0875,single_cite_key
4_decoding.tex,"On the other hand, ConsistentEE \citet{zeng2023consistentee} proposes a different method to predict when to exit.",zeng2023consistentee,2402.16363,LLM Inference Unveiled: Survey and Roofline Model Insights,s0876,single_cite_key
4_decoding.tex,"\cite{bae2023fast}, on the other hand, observes that the pattern of confidence criteria resembles a beta distribution and uses the on-the-fly data to update a beta distribution model through MLE and use such probability model to guide its decision.",bae2023fast,2402.16363,LLM Inference Unveiled: Survey and Roofline Model Insights,s0877,single_cite_key
4_decoding.tex,"On the other hand, \cite{schuster2022confident} uses a weighted average where weights increase as the layer number increases, assigning more contribution to deeper layers.",schuster2022confident,2402.16363,LLM Inference Unveiled: Survey and Roofline Model Insights,s0878,single_cite_key
4_decoding.tex,"% On the other hand, ConsistentEE \cite{zeng2023consistentee} proposes a different method to train the internal classifier.",zeng2023consistentee,2402.16363,LLM Inference Unveiled: Survey and Roofline Model Insights,s0879,single_cite_key
4_decoding.tex,"On the other hand, besides from maintaining the speculative decoding consistency of draft trees, \cite{miao2023specinfer} constructs the token tree not based on the top predictions from the small draft model, but based on multiple diversely trained small draft models, each running in parallel and output diverse but powerful draft sequences.",miao2023specinfer,2402.16363,LLM Inference Unveiled: Survey and Roofline Model Insights,s0880,single_cite_key
2_Gen_models_in_vision.tex,"However, the intractable objective makes them computationally inefficient for both training and sampling.\\ GANs\cite{goodfellow2014generative}, on the other hand, don't model the density objective directly.",goodfellow2014generative,2402.16369,"Generative AI in Vision: A Survey on Models, Metrics and Applications",s0881,single_cite_key
main.tex,"On the one hand, using a strict filter for English data may reduce the quantities of non-English data, but on the other hand, using a lower threshold can mitigate some of the inherent biases of the language detector against dialects spoken by minority groups (\emph{e.g.}, African-American Vernacular English~\citep{blodgett-etal-2016-demographic}).",blodgett-etal-2016-demographic,2402.16827,A Survey on Data Selection for Language Models,s0882,single_cite_key
main.tex,"On the other hand,~\citet{SlimOrca} improve data efficiency through the use of a model-based quality filtering.",SlimOrca,2402.16827,A Survey on Data Selection for Language Models,s0883,single_cite_key
main.tex,"\citet{jacovi-etal-2023-stop} on the other hand, suggest three strategies for reducing the risks of contamination.",jacovi-etal-2023-stop,2402.16827,A Survey on Data Selection for Language Models,s0884,single_cite_key
main.tex,"On the other hand, it has been demonstrated that not only do models memorize the desirable information, but also the undesirable information such as personally identifiable information, phone numbers, credit card information and much more.~\citet{Carlini2020ExtractingTD} demonstrate this with a simple attack for extracting verbatim sequences of an LLMs training data, finding that although data points from the training set do not have noticeably lower loss than test data points on average, there ",Carlini2020ExtractingTD,2402.16827,A Survey on Data Selection for Language Models,s0885,single_cite_key
Neurocomputing.tex,"On the other hand, in situations where humans lack transparency regarding the actions of agents, \citet{hanWhenNotTrust2021} underscore the importance of considering the opportunity cost when adopting a reciprocal strategy.",hanWhenNotTrust2021,2402.17270,"Multi-Agent, Human-Agent and Beyond: A Survey on Cooperation in Social Dilemmas",s0887,single_cite_key
04_synthetic.tex,"% TabuLa~\citep{zhao2023tabula}, on the other hand, addresses the slow training of LLMs by using a randomly initialized model as the starting point; the method achieves continuous refinement through iterative fine-tuning on successive tabular data tasks~\footnote{The code is in \url{https://github.com/zhao-zilong/Tabula}}.",zhao2023tabula,2402.17944,"Large Language Models(LLMs) on Tabular Data: Prediction, Generation, and Understanding -- A Survey",s0889,single_cite_key
sn-article.tex,"Conversely, XTREME \citep{bib250} expands language coverage by translating content for four NLP tasks into 40 languages, crossing 12 language families.",bib250,2402.18041,Datasets for Large Language Models: A Comprehensive Survey,s0890,single_cite_key
sn-article.tex,"On one hand, the evaluation data is utilized for training to enhance ranking on leaderboards; on the other hand, the initial evaluation content may gradually become inadequate for meeting the capabilities of LLMs, and the evaluated knowledge may become obsolete or erroneous \citep{bib10}.",bib10,2402.18041,Datasets for Large Language Models: A Comprehensive Survey,s0892,single_cite_key
ojcoms.tex,"On the other hand, GAN methods can be adapted to create realistic IP packet layer network traffic data, crucial for developing and testing cyber and network security techniques \cite{Cheng2019pacGAN}.",Cheng2019pacGAN,2402.18587,At the Dawn of Generative AI Era: A Tutorial-cum-Survey on New Frontiers in 6G Wireless Intelligence,s0893,single_cite_key
ojcoms.tex,"On the other hand, the residual deconvolution-based deep generative network model effectively predicts long-term traffic flow for elevated highways by transforming the original traffic flow data into spatio-temporal matrices and learning to extract multiscale spatio-temporal features of the traffic flow at three different time scales \cite{zang2019traffic}, demonstrating superior performance over state-of-the-art methods for long-term traffic flow prediction.",zang2019traffic,2402.18587,At the Dawn of Generative AI Era: A Tutorial-cum-Survey on New Frontiers in 6G Wireless Intelligence,s0894,single_cite_key
ojcoms.tex,"On the other hand, as defenses against adversarial attacks are developed, there's a growing need for transparency to understand how these defenses work and how the model processes information, which falls within the realm of trustworthy AI (TAI) \cite{kaur2022trustworthy}.",kaur2022trustworthy,2402.18587,At the Dawn of Generative AI Era: A Tutorial-cum-Survey on New Frontiers in 6G Wireless Intelligence,s0895,single_cite_key
5-application.tex,"BFD~\citep{steinegger2018clustering}, on the other hand, represents a larger sequence dataset, formed by amalgamating UniProt with protein sequences sourced from metagenomic sequencing projects.",steinegger2018clustering,2403.00485,"A Survey of Geometric Graph Neural Networks: Data Structures, Models and Applications",s0896,single_cite_key
5-application.tex,"Conversely, CASF\citep{su2019comparative} offers experimentally validated molecules for linker design.",su2019comparative,2403.00485,"A Survey of Geometric Graph Neural Networks: Data Structures, Models and Applications",s0897,single_cite_key
acl_latex.tex,"Paragraphs whose titles have similarities exceeding the upper threshold $\delta^+$, as well as those with identical titles, were identified as positive pairs $(\mathcal{S} \times \mathcal{S})^+$, that is, $$ \{(s_i, s_j)^+\ |\ \textbf{sim} (E_T(t_i), E_T(t_j)) > \delta^+\} $$ Conversely, those with titles having similarities below the lower threshold $\delta^-$ were designated as negative pairs $(\mathcal{S} \times \mathcal{S})^-$, that is, $$ \{(s_i, s_j)^-\ |\ \textbf{sim} (E_T(t_i), E_T(t_j))",wang2022uncertainty,2403.00509,Surveying the Dead Minds: Historical-Psychological Text Analysis with Contextualized Construct Representation (CCR) for Classical Chinese,s0900,single_cite_key
main.tex,"However, on the other hand, VAEs tend to be fickle and unstable, as small changes in input data can signficantly change the output~\citep{dosovitskiy2016generating}.",dosovitskiy2016generating,2403.00861,"Pivoting Retail Supply Chain with Deep Generative Techniques: Taxonomy, Survey and Insights",s0901,single_cite_key
main-R2.tex,"Conversely, heterogeneous online \ac{DTL} acknowledges the distinct feature spaces intrinsic to each domain \cite{wu2017online}.",wu2017online,2403.01255,Automatic Speech Recognition using Advanced Deep Learning Approaches: A survey,s0902,single_cite_key
7_applications.tex,"Conversely, BioGPT~\cite{biogpt} showcases the adaptability and effectiveness of GPT-based models in biomedical contexts, achieving superior performance across biomedical tasks.",biogpt,2403.01528,Leveraging Biomolecule and Natural Language through Multi-Modal Learning: A Survey,s0905,single_cite_key
neurocomp_content_with_change2.tex,"In supervised learning, algorithms such as SVM (Support Vector Machines) \cite{1647766,10.5555/1613715.1613813,Fattah2014}, Naïve Bayes Classification \cite{10.1145/1014052.1014073,10.1162/089120102762671936,10.3115/1117575.1117580}, and CRF (Conditional Random Fields) \cite{10.5555/1873781.1873855,10.5555/1625275.1625736,ALIGULIYEV20097764} were trained on labeled data to classify sentences as ``summary'' or ``non‑summary.'' On the other hand, unsupervised techniques used clustering algorithms ","1647766,10.5555/1613715.1613813,Fattah2014;10.1145/1014052.1014073,10.1162/089120102762671936,10.3115/1117575.1117580;10.5555/1873781.1873855,10.5555/1625275.1625736,ALIGULIYEV20097764;10.1145/1526709.1526728,10.1007/3-540-47922-8_22;10.1007/11775300_35,10.1145/900051.900097,10.1007/978-3-642-03697-2_33;10.1145/1007568.1007621,10.5555/1557769.1557823",2403.02901,A Comprehensive Survey on Process-Oriented Automatic Text Summarization with Exploration of LLM-Based Methods,s0906,likely_latex_artifact
neurocomp_content_with_change2.tex,"On the other hand, HanLP\cite{he-choi-2021-stem} serves as an NLP toolkit built on PyTorch and TensorFlow, contributing to advancing state-of-the-art deep learning techniques in both academia and industry.",he-choi-2021-stem,2403.02901,A Comprehensive Survey on Process-Oriented Automatic Text Summarization with Exploration of LLM-Based Methods,s0907,single_cite_key
acl_latex.tex,"\citet{chung2020early}, on the other hand, used both CNNs and bidirectional LSTM for patent valuation classification based on abstracts and claims.",chung2020early,2403.04105,Natural Language Processing in the Patent Domain: A Survey,s0908,single_cite_key
acl_latex.tex,"Conversely, \citet{wang2024patentformer} appear to be the first to investigate the generation of patent specifications from claim and drawing texts.",wang2024patentformer,2403.04105,Natural Language Processing in the Patent Domain: A Survey,s0909,single_cite_key
prompt-injection.tex,"% On the other hand, \citet{perez2022ignore} introduces the \acb{PromptInject} framework to perform goal-hijacking attacks.",perez2022ignore,2403.04786,Breaking Down the Defenses: A Comparative Survey of Attacks on Large Language Models,s0910,single_cite_key
foundations.tex,"On the other hand, world modeling also applies to LiDAR~\cite {zyrianov2025lidardm} or occupancy map~\cite{wang2024occsora} videos, a substantial sensor component in many outdoor navigation systems.",wang2024occsora,2403.05131,Sora as a World Model? A Complete Survey on Text-to-Video Generation,s0912,single_cite_key
tech_features.tex,"On the other hand, to alleviate train-test discrepancies in noise scheduling, ART$\cdot$V~\cite{weng2024art} performs noise augmentation.",weng2024art,2403.05131,Sora as a World Model? A Complete Survey on Text-to-Video Generation,s0913,single_cite_key
tech_features.tex,"%On the other hand, text-vision alignment can also be improved by incorporating text-vision interaction during diffusion process, serving as contextual guidance for both diffusion trajectories and denoising sampling~\cite{yang2024contextualized}.",yang2024contextualized,2403.05131,Sora as a World Model? A Complete Survey on Text-to-Video Generation,s0915,single_cite_key
tech_features.tex,"On the other hand, causal-effect knowledge can be injected through energy evaluation with body rigging~\cite{xie2025physanimator}.",xie2025physanimator,2403.05131,Sora as a World Model? A Complete Survey on Text-to-Video Generation,s0916,single_cite_key
data_metric.tex,"%On the other hand, MSR-VTT~\cite{xu2016msr} consists of 10k open domain videos, each accompanied by about 20 manually annotated short text descriptions, commonly used for evaluating T2V.",xu2016msr,2403.05131,Sora as a World Model? A Complete Survey on Text-to-Video Generation,s0917,single_cite_key
body.tex,"On the other hand, Clift et al.~\cite{clift-mayo-2022-family-history} find that the more significant a patient's family history, the less likely it was to be recorded accurately and consistently in EHR.",clift-mayo-2022-family-history,2403.09997,Identifying Health Risks from Family History: A Survey of Natural Language Processing Techniques,s0918,single_cite_key
survey.tex,"On the other hand, the Unified Transformer (UniT) by Hu\etal\cite{Hu_2021_ICCV} simultaneously learns visual perception and language tasks without requiring task-specific tuning, handling text-image pairs with a task-specific index.",Hu_2021_ICCV,2403.11821,A Survey on Quality Metrics for Text-to-Image Generation,s0919,single_cite_key
survey.tex,"Conversely, the LEIC metric (Learning to Evaluate Image Captioning) by Cui\etal\cite{Cui_2018_CVPR} leverages a CNN for image coding and an LSTM for text coding, utilizing a binary classifier to compare generated text quality with human judgment, potentially mirroring human assessment more closely than conventional metrics.",Cui_2018_CVPR,2403.11821,A Survey on Quality Metrics for Text-to-Image Generation,s0920,single_cite_key
main.tex,"Conversely, stating that if the model represents the neural system, it predicts neural activity is appropriate \cite{guest2023logical}.",guest2023logical,2403.13368,Computational Models to Study Language Processing in the Human Brain: A Survey,s0921,single_cite_key
main.tex,"Conversely, Merlin and Toneva (2022) enhanced this alignment by focusing on next-word prediction and word-level semantics \cite{merlin2022language}.",merlin2022language,2403.13368,Computational Models to Study Language Processing in the Human Brain: A Survey,s0922,single_cite_key
conference_101719.tex,"\cite{HUANG2024102022}, on the other hand, leveraged LLMs to corrupt reference sentences.",HUANG2024102022,2403.14118,From Handcrafted Features to LLMs: A Brief Survey for Machine Translation Quality Estimation,s0924,single_cite_key
04_tasks.tex,"Conversely, GM-VSAE~\cite{trajanom_gmvsae} operates in Euclidean space, adapting an RNN-based VAE to learn latent probability distributions and detect anomalies via generation likelihoods, thereby enhancing online efficiency.",trajanom_gmvsae,2403.14151,Trajectory Data Management and Mining: A Survey from Deep Learning to the LLM Era,s0926,single_cite_key
bls_final_copy.tex,"On the other hand, the security of \cite{bls} Boneh et al.",bls,2403.14469,ChatGPT Alternative Solutions: Large Language Models Survey,s0927,single_cite_key
3-CodePTMs.tex,"Conversely, to facilitate code completions with longer contexts, LongCoder~\citep{guo23longcoder} employ sparse attention.",guo23longcoder,2403.14734,"A Survey of Neural Code Intelligence: Paradigms, Advances and Beyond",s0928,single_cite_key
3-pretrain.tex,"On the other hand, CCA-SSG~\cite{CCA-SSG} focuses on the dimensional similarity within a single instance via a covariance regularization term: \begin{equation}\label{cca-ssg}\hspace*{-5pt} \resizebox{.91\linewidth}{!}{$\displaystyle \mathcal{L} = \Vert \mathbf{Z}^\text{\romannumeral1}-\mathbf{Z}^\text{\romannumeral2}\Vert^2_F + \lambda\underbrace{\left(\Vert {\mathbf{Z}^\text{\romannumeral1}}^\top\mathbf{Z}^\text{\romannumeral1} - \mathbf{I}_d \Vert^2_F + \Vert {\mathbf{Z}^\text{\romannumeral2}}",CCA-SSG,2403.16137,A Survey on Self-Supervised Graph Foundation Models: Knowledge-Based Perspective,s0933,single_cite_key
7-GLM.tex,"Conversely, G-Prompt~\cite{G-Prompt} uses MLM to tune a GNN following an LM to obtain graph representations through textual prompts.",G-Prompt,2403.16137,A Survey on Self-Supervised Graph Foundation Models: Knowledge-Based Perspective,s0936,single_cite_key
02-edu.tex,"On the other hand, performance predictor leverages the impressive information processing ability of LLMs and uses it to % In the works by \citet{ni2023enhancing}, the author leverages LLM to extract the knowledge keyword from the question text.",ni2023enhancing,2403.18105,Large Language Models for Education: A Survey and Outlook,s0937,single_cite_key
main_privex_arxiv.tex,"On the other hand, others~\cite{guidotti2018survey,adadi2018peeking,dovsilovic2018explainable} offered a comprehensive classification of model explanations to enhance interpretability and guided the selection of suitable methods for specific ML models and desired explanations.","guidotti2018survey,adadi2018peeking,dovsilovic2018explainable",2404.00673,"A Survey of Privacy-Preserving Model Explanations: Privacy Risks, Attacks, and Countermeasures",s0940,all_keys_unresolved
main_privex_arxiv.tex,"On the other hand, data-free model extraction attacks~\cite{miura2021megex} eliminates the need for input data collection, in which an adversary employs a generative DNN \( G : \mathbb{R}^r \to X \) to convert Gaussian distribution noise into synthetic input data.",miura2021megex,2404.00673,"A Survey of Privacy-Preserving Model Explanations: Privacy Risks, Attacks, and Countermeasures",s0941,single_cite_key
main.tex,"On the other hand, \cite{eldan2023harry} experiment with forgetting a copyrighted corpus (Harry Potter books) as a concept.",eldan2023harry,2404.02062,Digital Forgetting in Large Language Models: A Survey of Unlearning Methods,s0943,single_cite_key
main.tex,"% Approximate unlearning~\cite{kumar2022privacy,jang2022knowledge,eldan2023harry,yao2023large,yu2023unlearning,wu2023depn,pawelczyk2023context}, on the other hand, offers a more efficient alternative, although it does not promise total forgetting.","kumar2022privacy,jang2022knowledge,eldan2023harry,yao2023large,yu2023unlearning,wu2023depn,pawelczyk2023context",2404.02062,Digital Forgetting in Large Language Models: A Survey of Unlearning Methods,s0945,likely_latex_artifact
poset_ml_survey_by_arnaud_mwafise.tex,"On the other hand, graph data cannot be represented on Euclidean space \cite{grapheuclid}.",grapheuclid,2404.03082,Machine Learning and Data Analysis Using Posets: A Survey,s0946,single_cite_key
poset_ml_survey_by_arnaud_mwafise.tex,"On the other hand, Jaeger et al.\cite{neurocognitivep} noted that the primary limitation in poset modeliing of large conventional neuropsychological test datasets is based on its restriction to a selected set of attributes, while additional important distinctions remain to be tested.",neurocognitivep,2404.03082,Machine Learning and Data Analysis Using Posets: A Survey,s0947,single_cite_key
sec5_apps.tex,"On the other hand, textual generative models, like transformer-based LLMs~\citep{openai2023gpt4}, find applications in protein structure prediction~\citep{behjati2022protein,castro2022transformer,boadu2023combining}, clinical documentation and information extraction~\citep{sivarajkumar2022healthprompt,yogarajan2021transformers}, diagnostic assistance~\citep{azizi2022enhanced,zhou2023transformer}, medical imaging and radiology interpretation~\citep{chaudhari2022application,nimalsiri2023automated}","openai2023gpt4;behjati2022protein,castro2022transformer,boadu2023combining;sivarajkumar2022healthprompt,yogarajan2021transformers;azizi2022enhanced,zhou2023transformer;chaudhari2022application,nimalsiri2023automated;meng2021bidirectional,wang2023acquisition;lopez2023explainable,ng2023modelling;bagal2021molgpt,li2022kpgt",2404.05783,A Survey on Responsible Generative AI: What to Generate and What Not,s0948,likely_latex_artifact
survey.tex,"On the other hand, AsyNG~\cite{decentralFLNonIID23} tackles non-IID data through the dynamical selection of suitable neighbors for P2P model synchronization.",decentralFLNonIID23,2404.06114,Communication-Efficient Large-Scale Distributed Deep Learning: A Comprehensive Survey,s0950,single_cite_key
survey.tex,"On the other hand, a low-rank gradient update can be interpreted as a spectral regularization~\cite{geometryBiasOpt18}, contributing to the model's enhanced generalization.",geometryBiasOpt18,2404.06114,Communication-Efficient Large-Scale Distributed Deep Learning: A Comprehensive Survey,s0951,single_cite_key
survey.tex,"On the other hand, AdaGQ~\cite{adaptiveQuanHeteFL23} addresses the fluctuating gradient norm problem on diverse edge devices in FL.",adaptiveQuanHeteFL23,2404.06114,Communication-Efficient Large-Scale Distributed Deep Learning: A Comprehensive Survey,s0952,single_cite_key
survey.tex,"On the other hand, MSTopK~\cite{sparseCommCloud21} introduces an approximate top-$k$ sparsification approach, which uses binary search to determine an approximate sparsification threshold efficiently.",sparseCommCloud21,2404.06114,Communication-Efficient Large-Scale Distributed Deep Learning: A Comprehensive Survey,s0953,single_cite_key
survey.tex,"Morphling~\cite{Wang_Yang_Yu_Wang_Li_Sun_He_Zhang_2021}, on the other hand, presents a rapid and near-optimal auto-configuration framework designed specifically for cloud-native model serving.",Wang_Yang_Yu_Wang_Li_Sun_He_Zhang_2021,2404.06114,Communication-Efficient Large-Scale Distributed Deep Learning: A Comprehensive Survey,s0954,single_cite_key
survey.tex,"On the other hand, FCsN~\cite{FPGAInference22} enhances distributed inference by offloading control logic, system scheduling, network communication, and neural network kernel computation to SmartNICs, eliminating CPU intervention.",FPGAInference22,2404.06114,Communication-Efficient Large-Scale Distributed Deep Learning: A Comprehensive Survey,s0955,single_cite_key
survey.tex,"On the other hand, TopoOpt\cite{topoParallelismOpt23} adopts an offline method to find the best communication topology by exploring from \texttt{ring-allreduce} permutations across a set of computing nodes, each equipped with multiple NICs, and reconfigures switches to realize this target topology.",topoParallelismOpt23,2404.06114,Communication-Efficient Large-Scale Distributed Deep Learning: A Comprehensive Survey,s0956,single_cite_key
Fundamental_methods_in_model_compression.tex,"On the other hand, approaches with 4-bit quantization, except~\cite{liu2021post}, result in little loss of accuracy and can, therefore, be a good choice of precision for quantization.",liu2021post,2404.07236,Lightweight Deep Learning for Resource-Constrained Environments: A Survey,s0957,single_cite_key
Lightweight_Architecture_Design.tex,"On the other hand, MAC represents the amount of memory footprint of an NN, which corresponds to RAM usage~\cite{ma2018shufflenet}.",ma2018shufflenet,2404.07236,Lightweight Deep Learning for Resource-Constrained Environments: A Survey,s0958,single_cite_key
Lightweight_Architecture_Design.tex,"Conversely, the fully additive network~\cite{Chen_2020_CVPR} is inefficient since repeated additions are used to replace multiplications, although it can achieve better accuracy.",Chen_2020_CVPR,2404.07236,Lightweight Deep Learning for Resource-Constrained Environments: A Survey,s0959,single_cite_key
CNN_Accelerator_for_Hardware_system.tex,"%On the other hand, Fig.~\ref{fig:codesignNAS}(b) illustrates an alternative strategy employed by Lin et al.~\cite{lin2019neural}, %.",lin2019neural,2404.07236,Lightweight Deep Learning for Resource-Constrained Environments: A Survey,s0960,single_cite_key
main.tex,"On the other hand, edge devices offer superior automation and energy efficiency compared to mobile devices, especially the deployment of ultra-low-cost microcontrollers (MCUs) in devices like pacemakers and forehead thermometers~\cite{theneedofmcu}.",theneedofmcu,2404.07236,Lightweight Deep Learning for Resource-Constrained Environments: A Survey,s0961,single_cite_key
BigData_2018-NO1_.tex,"On the other hand, \cite{Shen_2019_KGDDS} defines substitution from the perspective of the effects and side effects of drugs.",Shen_2019_KGDDS,2404.08687,"A Survey of Reasoning for Substitution Relationships: Definitions, Methods, and Directions",s0963,single_cite_key
BigData_2018-NO1_.tex,"On the other hand, \cite{Ye_2023_Transformer-Based} suggests that the elasticity effect of purchase rate (PR) reflects the substitutability of products.",Ye_2023_Transformer-Based,2404.08687,"A Survey of Reasoning for Substitution Relationships: Definitions, Methods, and Directions",s0964,single_cite_key
llm_main.tex,"(Right) The mask will only change the attention map, not the input sequence, where rows and columns of all the masked tokens together form a low-triangle attention mask matrix.~\cite{Ding2022CogView2FA}} \label{fig-cogview2-model} \end{figure} Cogview2~\cite{Ding2022CogView2FA}(Fig.~\ref{fig-cogview2-model}),on the other hand,is based on hierarchical transformers and local parallel autoregressive generation.",Ding2022CogView2FA;Ding2022CogView2FA,2404.09022,Navigating the Landscape of Large Language Models: A Comprehensive Review and Analysis of Paradigms and Fine-Tuning Strategies,s0967,single_cite_key
jack.tex,"On the other hand, ~\citep{wang2020learning} trained a machine-learning theorem generator, and ~\citet{palermo2022synthetic,trigo} directly applied off-the-shelf LLMs for theorem and proof generation verified by proof assistant.","wang2020learning;palermo2022synthetic,trigo",2404.09939,A Survey on Deep Learning for Theorem Proving,s0969,insufficient_resolved_lt_2
6_Generation.tex,"DSP \cite{khattab2022demonstratesearchpredict}, on the other hand, refines both queries and retrieved passages through a multi-hop retrieval process that incorporates programmatically bootstrapped feedback.",khattab2022demonstratesearchpredict,2404.10981,A Survey on Retrieval-Augmented Text Generation for Large Language Models,s0970,single_cite_key
6_Generation.tex,"On the other hand, PersonaRAG \cite{zerhoudi2024personarag} emphasizes real-time adaptation by customizing generated content based on dynamic user profiles, session behavior, and ongoing feedback.",zerhoudi2024personarag,2404.10981,A Survey on Retrieval-Augmented Text Generation for Large Language Models,s0971,single_cite_key
4_Retrieval.tex,"CoK \cite{li2024chainofknowledge}, on the other hand, implements a dynamic mechanism that adjusts retrieval strategies based on the evolving needs of the task.",li2024chainofknowledge,2404.10981,A Survey on Retrieval-Augmented Text Generation for Large Language Models,s0972,single_cite_key
elsarticle-template-harv.tex,"Conversely, StarCoder adopts the FlashAttention mechanism~\citep{dao2022_flashattention} in its training process, which accelerates attention computations and reduces memory usage, \textcolor{black}{leading to optimized} performance.",dao2022_flashattention,2404.11160,Low-Cost Language Models: Survey and Performance Evaluation on Python Code Generation,s0975,single_cite_key
system_level.tex,"Conversely, DFX~\cite{hong2022dfx} focuses on decoding stage optimizations but lacks model compression methods, limiting scalability to larger models and longer inputs (up to 1.5B model and 256 tokens).",hong2022dfx,2404.14294,A Survey on Efficient Inference for Large Language Models,s0976,single_cite_key
model_level.tex,Omniquant~\cite{shao2023omniquant} diverges from prior approaches that rely on empirical design of quantization parameters.,shao2023omniquant,2404.14294,A Survey on Efficient Inference for Large Language Models,s0977,single_cite_key
main.tex,"Merging-based methods, on the other hand, involve combining multiple models or layers to achieve general improvements, including but not limited to merging multiple generic and specialized model weights into a single model \cite{wortsman2022model, ilharco2022editing, yu2023language, yadav2024ties}, through mixture-of-expert approach \cite{ding2024mastering} or even layer-wise merging and up-scaling such as EvoLLM \cite{akiba2024evolutionary}.","wortsman2022model, ilharco2022editing, yu2023language, yadav2024ties;ding2024mastering;akiba2024evolutionary",2404.14387,A Survey on Self-Evolution of Large Language Models,s0978,all_keys_unresolved
learning.tex,"On the other hand, GraphGPT~\cite{tang2024graphgpt} feeds graph structural information and text into LLM via embedding.",tang2024graphgpt,2404.14809,"A Survey of Large Language Models on Generative Graph Analytics: Query, Learning, and Applications",s0979,single_cite_key
learning.tex,"Conversely, GraphGPT~\cite{tang2024graphgpt} inputs subgraph structures into LLMs through embedding, followed by two rounds of instruction tuning for node classification.",tang2024graphgpt,2404.14809,"A Survey of Large Language Models on Generative Graph Analytics: Query, Learning, and Applications",s0980,single_cite_key
ijcai24.tex,"On the other hand, cascaded small models~\citep{DBLP:journals/corr/ChenYL23} posit that the earlier speculative tokens should be harder to draft than the later ones, and thus allocates slightly larger models for the earlier tokens yet smaller models for the later tokens.",DBLP:journals/corr/ChenYL23,2404.14897,Beyond the Speculative Game: A Survey of Speculative Execution in Large Language Models,s0984,single_cite_key
preprocessing.tex,"On the other hand, \citeauthor{ru2022epilepsy} only use channels FZ-CZ and CZ-PZ \cite{ru2022epilepsy}.",ru2022epilepsy;ru2022epilepsy,2404.15332,Clinical translation of machine learning algorithms for seizure detection in scalp electroencephalography: systematic review,s0985,single_cite_key
main.tex,"Transformer~\cite{vaswani2017attention}, on the other hand, models the sequential data and performs well at many NLP and vision tasks.",vaswani2017attention,2404.16038,"A Survey on Generative AI and LLM for Video Generation, Understanding, and Streaming",s0986,single_cite_key
main.tex,"Pix2Video~\cite{ceylan2023pix2video} on the other hand, achieves training-free and consistent text-edited videos by injecting self-attention features from the previous frame into the current frame, implicitly aggregating temporal information.",ceylan2023pix2video,2404.16038,"A Survey on Generative AI and LLM for Video Generation, Understanding, and Streaming",s0987,single_cite_key
main.tex,"FDM~\cite{harvey2022flexible}, on the other hand, found that selective sparse and long-range conditioning on previous frames is effective for generating long videos.",harvey2022flexible,2404.16038,"A Survey on Generative AI and LLM for Video Generation, Understanding, and Streaming",s0988,single_cite_key
main.tex,"VideoChat~\cite{li2023videochat}, on the other hand, introduces a video-centric multi-modal dialogue system that integrates the video foundation models and LLMs.",li2023videochat,2404.16038,"A Survey on Generative AI and LLM for Video Generation, Understanding, and Streaming",s0989,single_cite_key
main.tex,"On the other hand, LLMs enable robots to articulate fluent and human-like natural language via interaction with LLMs~\cite{shah2023lm}.",shah2023lm,2404.16038,"A Survey on Generative AI and LLM for Video Generation, Understanding, and Streaming",s0990,single_cite_key
neurips_2024.tex,"VM-UNet \cite{ruan2024vm}, on the other hand, utilizes Vision Mamba UNet for medical image segmentation.",ruan2024vm,2404.16112,"Mamba-360: Survey of State Space Models as Transformer Alternative for Long Sequence Modelling: Methods, Applications, and Challenges",s0991,single_cite_key
main-csur.tex,"Conversely, \cite{loureiro2022timelms} adopts CPT without explicit measures to constrain model updates, releasing a series of BERT-based LMs incrementally trained on new tweet data every three months.",loureiro2022timelms,2404.16789,Continual Learning of Large Language Models: A Comprehensive Survey,s0992,single_cite_key
main-csur.tex,"Conversely, conventional CL emphasizes building robust generalizability to manage variations within and across tasks~\cite{wang2024comprehensive}.",wang2024comprehensive,2404.16789,Continual Learning of Large Language Models: A Comprehensive Survey,s0993,single_cite_key
main-csur.tex,"The SL-based approach, on the other hand, as seen in~\cite{rafailov2024dpo}, involves directly training models on datasets of human preferences, aligning the model's output with the demonstrated human values .",rafailov2024dpo,2404.16789,Continual Learning of Large Language Models: A Comprehensive Survey,s0995,single_cite_key
main-csur.tex,"On the other hand, ROUGE-L~\cite{lin2004rouge} is commonly applied in summarization tasks, assessing the longest common subsequence between the generated summary and a set of reference summaries, effectively measuring the recall of essential content.",lin2004rouge,2404.16789,Continual Learning of Large Language Models: A Comprehensive Survey,s0996,single_cite_key
main.tex,"This ability to predict the environment leads to enhancing sample efficiency for model-based methods, but on the other hand it can cause model biasing (i.e., good control performance with model, but poor results when used in real systems or slightly different models)~\cite{nguyen2019review}.",nguyen2019review,2404.16879,Learning Control Barrier Functions and their application in Reinforcement Learning: A Survey,s0997,single_cite_key
main.tex,"Conversely, in~\cite{designCBF_from_state_constraints} the main theme is to start from a bigger set, which is not forward invariant and defined by a set of constraints, and shrink it to converge to the true safe set.",designCBF_from_state_constraints,2404.16879,Learning Control Barrier Functions and their application in Reinforcement Learning: A Survey,s0998,single_cite_key
extends.tex,"On the other hand, CPDG~\cite{bei2023cpdg} contrasts pairs of positive and negative samples.",bei2023cpdg,2404.18211,A survey of dynamic graph neural networks,s0999,single_cite_key
methods.tex,"EvoNRL~\cite{goyal2020evonrl}, on the other hand, designs strategies for four distinct scenarios in dynamic graphs, i.e., the addition and removal of edges or nodes, updating node representations with each change of the graph.",goyal2020evonrl,2404.18211,A survey of dynamic graph neural networks,s1000,single_cite_key
02-3_method_pfm.tex,"{Colorization}~\citep{zhang2016colorful}, on the other hand, establishes mappings from grayscale images to their colored versions.",zhang2016colorful,2404.18961,"Unleashing the Power of Multi-Task Learning: A Comprehensive Survey Spanning Traditional, Deep, and Pretrained Foundation Model Eras",s1003,single_cite_key
02-3_method_pfm.tex,"Bootstrap Your Own Latent (BYOL)~\citep{grill2020bootstrap}, conversely, takes a different approach by obviating the need for negative pairs.",grill2020bootstrap,2404.18961,"Unleashing the Power of Multi-Task Learning: A Comprehensive Survey Spanning Traditional, Deep, and Pretrained Foundation Model Eras",s1004,single_cite_key
02-3_method_pfm.tex,"Conversely, decoder-only architectures, e.g., GPT-3~\citep{brown2020language}, PanGu-$\alpha$~\citep{zeng2021pangu}, Turing-NLG, HyperCLOVA~\citep{kim2021changes}, Gopher~\citep{rae2021scaling}, LaMDA~\citep{thoppilan2022lamda}, PaLM~\citep{chowdhery2022palm}, Open Pre-trained Transformers (OPT)~\citep{zhang2022opt}, LLaMA~\citep{touvron2023llama, touvron2023llama}, PanGu-$\Sigma$~\citep{ren2023pangu} and PaLM-2~\citep{anil2023palm}, are pre-trained in a unidirectional context, making them well-","brown2020language;zeng2021pangu;kim2021changes;rae2021scaling;thoppilan2022lamda;chowdhery2022palm;zhang2022opt;touvron2023llama, touvron2023llama;ren2023pangu;anil2023palm",2404.18961,"Unleashing the Power of Multi-Task Learning: A Comprehensive Survey Spanning Traditional, Deep, and Pretrained Foundation Model Eras",s1006,likely_latex_artifact
ralm_survey.tex,"On the other hand, RAG \cite{19} used an already trained retriever, DPR, and only employed BART for partial end-to-end training.",19,2404.19543,RAG and RAU: A Survey on Retrieval-Augmented Language Model in Natural Language Processing,s1008,single_cite_key
ralm_survey.tex,"RR \cite{40}, on the other hand, used the Chain-of-Thought (CoT) approach to address the multi-hop problem.",40,2404.19543,RAG and RAU: A Survey on Retrieval-Augmented Language Model in Natural Language Processing,s1009,single_cite_key
main.tex,"On the other hand, specific neurons in the FFN of the layer before the attention head have been found to control the amount to which the tokens attend to \texttt{BOS}~\citep{gurnee2024universal}~(\Cref{fig:attention_sink}).",gurnee2024universal,2405.00208,A Primer on the Inner Workings of Transformer-based Language Models,s1010,single_cite_key
main.tex,"On the other hand,~\citet{sharma2024the} show that substituting the original FFN matrices by lower-rank approximations (\Cref{sec:decoding_model_weights}) leads to improvements in model performance, especially in later layers of the model.",sharma2024the,2405.00208,A Primer on the Inner Workings of Transformer-based Language Models,s1011,single_cite_key
main.tex,"% On the other hand, Schroder et al.~\cite{DBLP:conf/acl/SchroderNP22} use transformers for uncertainty-based sample selection.",DBLP:conf/acl/SchroderNP22,2405.00334,A Survey on Deep Active Learning: Recent Advances and New Frontiers,s1013,single_cite_key
main.tex,"% % % On the other hand, % Li et al.~\cite{li-etal-2020} propose the concept of discrete annotation, which involves adding a query when two mentions are judged to be non-coreferential, and marking the first occurrence as one of the mentions.",li-etal-2020,2405.00334,A Survey on Deep Active Learning: Recent Advances and New Frontiers,s1014,single_cite_key
main.tex,"% On the other hand, Xu et al.~\cite{DBLP:journals/pr/XuLZGH21} focus on learning from scratch with incremental labeling through human annotators and model feedback.",DBLP:journals/pr/XuLZGH21,2405.00334,A Survey on Deep Active Learning: Recent Advances and New Frontiers,s1015,single_cite_key
main.tex,"On the other hand, as shown in Fig.~\ref{pipeline-An}, Huang et al.~\cite{DBLP:conf/ijcai/HuangZNY21} propose a new annotation strategy to allow servers, workers, and annotators to cooperate efficiently for sharing candidate queries and annotations.",DBLP:conf/ijcai/HuangZNY21,2405.00334,A Survey on Deep Active Learning: Recent Advances and New Frontiers,s1016,single_cite_key
main.tex,"% On the other hand, in Fig.~\ref{pipeline-cold} (a-b), Yehuda et al.~\cite{yehuda2022active} develop a new DAL initialization strategy to solve the cold-start issue for low-budget image classification, which significantly outperforms CoreSet initialization in the low-budget regime.",yehuda2022active,2405.00334,A Survey on Deep Active Learning: Recent Advances and New Frontiers,s1017,single_cite_key
main.tex,"On the other hand, Yuan et al.~\cite{DBLP:conf/emnlp/YuanLB20} incorporate language information as prior knowledge to help learn node representations and use clustering methods to select the initial data.",DBLP:conf/emnlp/YuanLB20,2405.00334,A Survey on Deep Active Learning: Recent Advances and New Frontiers,s1018,single_cite_key
main.tex,"% On the other hand, Wan et al.~\cite{DBLP:conf/aaai/WanYFJHY21} propose an embedded network of nearest-neighbor classifiers to enhance the generalization ability of models trained in labeled and unlabeled sub-spaces in a simple but effective manner.",DBLP:conf/aaai/WanYFJHY21,2405.00334,A Survey on Deep Active Learning: Recent Advances and New Frontiers,s1019,single_cite_key
medical_health.tex,"On the other hand, ChatDoctor \citep{li2023chatdoctor} collects 100k real online patient-doctor conversations and directly fine-tunes LLaMA on the dialogues dataset.",li2023chatdoctor,2405.01769,"A Survey on Large Language Models for Critical Societal Domains: Finance, Healthcare, and Law",s1020,single_cite_key
main.tex,"\citet{zerva2023conformalizing}, on the other hand, apply \CP on top of non-conformity heuristics coming from other uncertainty quantification methods for reference-based MT evaluation and discuss how such method choice can impact coverage and width.",zerva2023conformalizing,2405.01976,Conformal Prediction for Natural Language Processing: A Survey,s1021,single_cite_key
review.tex,"On the other hand, \citet{sariyildiz2023fake} pre-train a visual representation learner directly with synthetic diffusion data targeted to ImageNet classification labels.",sariyildiz2023fake,2405.03150,Video Diffusion Models: A Survey,s1022,single_cite_key
1_Introduction.tex,"On the other hand, advanced LLMs such as ChatGPT solve complex tasks via prompt engineering, in-context learning, and chains-of-thought despite the lack of cybersecurity-specific training~\cite{mohammed2024chatgpt}.",mohammed2024chatgpt,2405.03644,When LLMs Meet Cybersecurity: A Systematic Literature Review,s1023,single_cite_key
domain_application.tex,"On the other hand, \cite{siddiq2023generate} proposes a framework called SALLM specifically for evaluating the security of code generated by LLMs.",siddiq2023generate,2405.03644,When LLMs Meet Cybersecurity: A Systematic Literature Review,s1025,single_cite_key
3.rq1.tex,"Meng et al.'s CHATAFL~\cite{meng2024webfuzz4}, on the other hand, shifts focus to leveraging LLMs for generating structured and sequenced effective test inputs for network protocols lacking machine-readable versions.",meng2024webfuzz4,2405.04760,Large Language Models for Cyber Security: A Systematic Literature Review,s1026,single_cite_key
Applications.tex,"On the other hand, Atlas~\cite{izacard2023atlas} examines the performance of the RA-LLMs for fact verification under few-shot learning.",izacard2023atlas,2405.06211,A Survey on RAG Meeting LLMs: Towards Retrieval-Augmented Large Language Models,s1027,single_cite_key
Applications.tex,"On the other hand, \citet{yepes2024financial} propose a document chunking method based on structure instead of chunking based on paragraphs, further improving the quality of RA-LLMs outputs.",yepes2024financial,2405.06211,A Survey on RAG Meeting LLMs: Towards Retrieval-Augmented Large Language Models,s1028,single_cite_key
sn-article.tex,"On the other hand, micro-transactions and so-called ``pay-for-win'' are a common monetization strategy --especially in online multiplayer titles-- which is usually not well received by users \cite{GIBSON2022107219}.",GIBSON2022107219,2405.06306,"A NLP Approach to ""Review Bombing"" in Metacritic PC Videogames User Ratings",s1029,single_cite_key
main.tex,"On the other hand, data from structured reviews can be used to improve review quality in non-structured reviewing---for example, \citet{dycke-etal-2023-overview} use structured review forms as weak supervision for analyzing essay-style reviews.",dycke-etal-2023-overview,2405.06563,What Can Natural Language Processing Do for Peer Review?,s1031,single_cite_key
Horizontal.tex,"% {\color{red}The Randomized Quantization Mechanism proposed by Youn et al.\cite{youn2023randomized}, on the other hand, combines randomized quantization with randomized rounding to achieve a superior privacy-accuracy trade-off than the aforementioned methods without incorporating additive discrete noise.} However, the above methods rely on per-parameter quantization, resulting in significant communication overheads.",youn2023randomized,2405.08299,Differentially Private Federated Learning: A Systematic Review,s1033,single_cite_key
preliminary.tex,"\end{align*} \end{definition} \vspace{-0.2cm} On the other hand, Bayesian Differential Privacy (BDP)~\cite{triastcyn2020bayesian} is interested in the change in the posterior distribution of the attacker after observing the private model, compared to the prior.",triastcyn2020bayesian,2405.08299,Differentially Private Federated Learning: A Systematic Review,s1034,single_cite_key
VerticalandTransfer.tex,"On the other hand, Takahashi et al.~\cite{takahashi2023eliminating} applied Label Differential Privacy to VFL.",takahashi2023eliminating,2405.08299,Differentially Private Federated Learning: A Systematic Review,s1036,single_cite_key
main.tex,"On the other hand, based on the annotator instructions, it is clear that targets are explicitly annotated as \textit{anti-semitic, anti-black, anti-Asian, anti-woman, anti-muslim, anti-immigrant, or other-hate} \citep{warner-hirschberg-2012-detecting}.",warner-hirschberg-2012-detecting,2405.08562,The Unseen Targets of Hate -- A Systematic Review of Hateful Communication Datasets,s1037,single_cite_key
acl_latex.tex,"\textbf{Factual inaccuracy:}~ \citet{zhang2023siren} described a kind of error seen in generative models when information that is inaccurate, deceptive, or at odds with the known facts appears in the generated output.",zhang2023siren,2405.09589,"A Comprehensive Survey of Hallucination in Large Language, Image, Video and Audio Foundation Models",s1038,single_cite_key
eval.tex,"On the other hand, Sauder \textit{et al.}~\cite{sauder2019self} presents a self-supervised learning task specifically designed for deep learning with raw point cloud data.",sauder2019self,2405.09592,A Survey of Generative Techniques for Spatial-Temporal Data Mining,s1039,single_cite_key
main.tex,"On the other hand, Genie~\cite{bruce2024genie} model is crafted as a generative interactive environment tool, which incorporates spatiotemporal (ST) transformers across all its components, utilizing a novel video tokenizer and a causal action model to extract latent actions, which are then passed to a dynamics model.",bruce2024genie,2405.10674,From Sora What We Can See: A Survey of Text-to-Video Generation,s1040,single_cite_key
main.tex,"Text2Performer~\cite{jiang2023text2performer} diverges from traditional discrete VQ-based models by generating continuous pose embeddings, enhancing motion realism and temporal coherence in the generated videos.",jiang2023text2performer,2405.10674,From Sora What We Can See: A Survey of Text-to-Video Generation,s1041,single_cite_key
3_LLMfundamentals.tex,"On the other hand, programming data drawn from online question-answering platforms like Stack Exchange \cite{xu2022systematic}, along with public software repositories such as GitHub, provide raw material rich with code snippets, comments, and documentation.",xu2022systematic,2405.10825,"Large Language Model (LLM) for Telecommunications: A Comprehensive Survey on Principles, Key Techniques, and Opportunities",s1044,single_cite_key
3_LLMfundamentals.tex,"Task learning, on the other hand, refers to LLMs acquiring new task-solving strategies through the given demonstrations, a capability that becomes more pronounced with increasing model size \cite{Oswald-arxiv-2022-Transformers}.",Oswald-arxiv-2022-Transformers,2405.10825,"Large Language Model (LLM) for Telecommunications: A Comprehensive Survey on Principles, Key Techniques, and Opportunities",s1045,single_cite_key
sec-infer.tex,"On the other hand, multilingual CoT attempts to enhance the reasoning capabilities of LLMs across multiple languages~\cite{shi2022language}.",shi2022language,2405.10936,A Survey on Large Language Models with Multilingualism: Recent Advances and New Frontiers,s1048,single_cite_key
2_survey.tex,"\item LoongServe~\cite{loongserve}, on the other hand, proposes Elastic Sequence Parallelism (ESP) to dynamically adjust the degree of parallelism for an inference request with minimal overhead.",loongserve,2405.11299,The CAP Principle for LLM Serving: A Survey of Long-Context Large Language Model Serving,s1049,single_cite_key
2_manuscript.tex,"Conversely, \cite{prihar2022identifying} proposed a learning assistant based on the \textsc{bert} model and its variations (\textit{i.e.}, \textsc{sbert} and Math\textsc{bert}) to generate support messages from chat logs obtained from fundamental interactions between a live \textsc{up}chieve tutor available at the \textsc{assist}ments learning platform and the students.",prihar2022identifying,2405.11983,A review on the use of large language models as virtual tutors,s1050,single_cite_key
5-conv-generation-cis.tex,"ConvSDG~\cite{Mo24ConvSDG}, on the other hand, generates conversations by taking a topic, its corresponding description, and a partial conversation as input.} % 2) Not pre-defined seq: [MATHDIAL][LAPS] Some studies do not specify a fixed sequence; instead, outline a set of actions and select one before generating each turn.",Mo24ConvSDG,2405.13003,A Survey on Recent Advances in Conversational Data Generation,s1053,single_cite_key
app5_vlm.tex,PandaGPT diverges from MiniGPT-4 by using LoRA \cite{DBLP:conf/iclr/HuSWALWWC22} to train Vicuna alongside the linear layer.,DBLP:conf/iclr/HuSWALWWC22,2405.14093,A Survey on Vision-Language-Action Models for Embodied AI,s1055,single_cite_key
04_GenerationTaskData.tex,"Conversely, human language mainly encompasses semantic and pragmatic characteristics beyond grammatical and syntactic rules \citep{GehrmannSR19a}.",GehrmannSR19a,2405.15604,"Text Generation: A Systematic Literature Review of Tasks, Evaluation, and Challenges",s1056,single_cite_key
04_GenerationTaskData.tex,"Abstractive systems, conversely, use semantic features like word embeddings directly \citep{ZhangZSL20a} to determine the meaning of texts and summarize them accordingly.",ZhangZSL20a,2405.15604,"Text Generation: A Systematic Literature Review of Tasks, Evaluation, and Challenges",s1057,single_cite_key
main.tex,"On the other hand, cross-device FL occurs at the edge of IoT devices, such as smartphones, involving many millions of devices with lower computing power each~\cite{karimireddy2021breaking}.",karimireddy2021breaking,2405.16682,A Systematic Review of Federated Generative Models,s1058,single_cite_key
main.tex,"On the other hand, the discriminator's goal is to accurately classify real data from the generator's fakes~\cite{goodfellow2020generative}.",goodfellow2020generative,2405.16682,A Systematic Review of Federated Generative Models,s1059,single_cite_key
camera-ready.tex,"(2023)~\cite{mialon2023augmented} articulate a tool as ``\textit{the external employment of an unattached or manipulable attached environmental object to alter more efficiently the form, position, or condition of another object.}'' On the other hand, Wang et al.",mialon2023augmented,2405.17935,Tool Learning with Large Language Models: A Survey,s1061,single_cite_key
camera-ready.tex,"Conversely, ReCOMP~\cite{xu2023recomp} develops a compressor to condense lengthy information into a more succinct format, which keeps only the most useful information.",xu2023recomp,2405.17935,Tool Learning with Large Language Models: A Survey,s1064,single_cite_key
content.tex,"\citet{liu2022improving}, on the other hand, solved this problem by training a persona selection module over $P_A$ and $P_{\mathsf{OOD}}$ (which learned to select $P_{\mathsf{OOD}}$), and generating the response weighted on $P$.",liu2022improving,2405.17974,"Recent Trends in Personalized Dialogue Generation: A Review of Datasets, Methodologies, and Evaluations",s1066,single_cite_key
audio.tex,"On the other hand, MusicGen~\cite{copet2024musicgen} directly incorporates an LLM as a text embedder.",copet2024musicgen,2405.19334,LLMs Meet Multimodal Generation and Editing: A Survey,s1069,single_cite_key
4-Evaluation.tex,"On the other hand,~\citet{pan2023llms} evaluate LLMs with the MBTI test to assess whether LLMs possess human-like personalities, and conclude that different LLMs have different MBTI types, which are often attributable to their training corpus.",pan2023llms,2406.01171,Two Tales of Persona in LLMs: A Survey of Role-Playing and Personalization,s1073,single_cite_key
main.tex,"On the other hand, the adversarial suffixes produced by GCG are mostly some garbled characters that are easily detectable by simple perplexity filter~\cite{jain2023baseline}.",jain2023baseline,2406.02622,Safeguarding Large Language Models: A Survey,s1076,single_cite_key
main.tex,"% PROPANE~\cite{melamed2023propane} \subsubsection{LLM Generation Manipulatation} On the other hand, except for jailbreaking via some learning-based method, ProMan~\cite{zhang2023safety} was proposed to directly manipulate the generation process of those open-source LLMs and enforce the LLMs to generate specific tokens at specific positions, therefore cheating the LLMs to generate undesired response, including harmful or sensitive information or even private data.",melamed2023propane;zhang2023safety,2406.02622,Safeguarding Large Language Models: A Survey,s1077,insufficient_resolved_lt_2
main.tex,"On the other hand, Wang et.al.\cite{wang2023backdoor} pointed out that poisoning the training dataset or introducing harmful prompts affects the adaptability of the attacks, rendering them more prominent and more accessible to identify.",wang2023backdoor,2406.02622,Safeguarding Large Language Models: A Survey,s1078,single_cite_key
main.tex,"On the other hand, \cite{NarayananKapoor2023GPT4} critically examined this paper and emphasized the difference between an LLM's capabilities and its behavior.",NarayananKapoor2023GPT4,2406.02622,Safeguarding Large Language Models: A Survey,s1079,single_cite_key
samplepaper.tex,"Hyperparameters, on the other hand, are the settings that define the architecture and training process of the model \cite{c82} \cite{c83}.",c82;c83,2406.03478,Convolutional Neural Networks and Vision Transformers for Fashion MNIST Classification: A Literature Review,s1080,all_keys_unresolved
sample-manuscript.tex,"On the other hand, Content Filtering strategies, as demonstrated by the work of \citet{yang2023rethinking}, focus on identifying and mitigating sources of contamination within datasets.",yang2023rethinking,2406.04244,Benchmark Data Contamination of Large Language Models: A Survey,s1081,single_cite_key
main.tex,"Conversely, Biderman et al.~\cite{biderman2023pythia} found that points memorized early in training tend to be retained in fully trained models, suggesting persistent memorization despite dataset size.",biderman2023pythia,2406.05392,Deconstructing The Ethics of Large Language Models from Long-standing Issues to New-emerging Dilemmas: A Survey,s1082,single_cite_key
main.tex,"Conversely, longer prompts increase memorization for a constant n, as shown by~\cite{carlini2023extracting}.",carlini2023extracting,2406.05392,Deconstructing The Ethics of Large Language Models from Long-standing Issues to New-emerging Dilemmas: A Survey,s1083,single_cite_key
sn-article.tex,"For the machine learning based methods focused on deep neural network architectures, they do not need any manual feature engineering but on the other hand they require massive amount of training data for the effective and accurate results \cite{hamalainen-etal-2021-neural}.",hamalainen-etal-2021-neural,2406.05424,Recent advancements in computational morphology : A comprehensive survey,s1084,single_cite_key
main.tex,"On the other hand, Basu and Ghosh \cite{basu2014zero} analyze zero-sum MGs with infinite horizon and countable state and continuous action spaces.",basu2014zero,2406.06041,Risk Sensitivity in Markov Games and Multi-Agent Reinforcement Learning: A Systematic Review,s1085,single_cite_key
machine_translation.tex,"Conversely, CLLE \cite{zhang2022clle} introduces a Chinese-centric benchmark, featuring tasks that test a model’s ability to handle closely related languages and diverse language families, reflecting real-world demands.",zhang2022clle,2406.06391,Towards Lifelong Learning of Large Language Models: A Survey,s1086,single_cite_key
relation_extraction.tex,"On the other hand, CML\cite{wu2021curriculum} combines curriculum learning with meta learning to create a dynamic learning curriculum that prioritizes tasks based on difficulty.",wu2021curriculum,2406.06391,Towards Lifelong Learning of Large Language Models: A Survey,s1087,single_cite_key
intro.tex,"Conversely, progressive leftist meme makers use memes for counternarrative techniques, dialectical seeding, and fostering solidarity within leftist communities \cite{arkenbout2022political}.",arkenbout2022political,2406.07353,Toxic Memes: A Survey of Computational Perspectives on the Detection and Explanation of Meme Toxicities,s1090,single_cite_key
arxiv.tex,"Morphling~\cite{Wang_Yang_Yu_Wang_Li_Sun_He_Zhang_2021}, on the other hand, presents a rapid and near-optimal auto-configuration framework designed specifically for cloud-native model serving.",Wang_Yang_Yu_Wang_Li_Sun_He_Zhang_2021,2406.08115,Resource Allocation and Workload Scheduling for Large-Scale Distributed Deep Learning: A Survey,s1091,single_cite_key
section2_recurrentmodels.tex,"Conversely, $\lambda > 1$ is a necessary condition for gradients to explode (see \cite{pascanu2013difficulty} for further details).",pascanu2013difficulty,2406.09062,State-Space Modeling in Long Sequence Processing: A Survey on Recurrence in the Transformer Era,s1092,single_cite_key
tpami.tex,"On the other hand, discrete scores are usually annotated in similar forms to Likert scales \cite{likert_technique_1932}, including sets of descriptions about different degrees of human preference and their corresponding scores.",likert_technique_1932,2406.11191,A Survey on Human Preference Learning for Large Language Models,s1097,single_cite_key
2.5dataset.tex,"On the other hand, \citet{belz2008intrinsic} argue that this similarity reflects 'human-likeness' and may be unrelated to the final performance on generation tasks.",belz2008intrinsic,2406.11289,A Systematic Survey of Text Summarization: From Statistical Methods to Large Language Models,s1099,single_cite_key
main.tex,"Fine-tuning, on the other hand, involves adjusting a pre-trained model on a specific dataset or for a particular task to improve its accuracy and performance on that task \cite{li2023large}.",li2023large,2406.11903,"A Survey of Large Language Models for Financial Applications: Progress, Prospects and Challenges",s1100,single_cite_key
main.tex,"On the other hand, \citet{lopez2023can} examine how well these models, particularly GPT-4, can predict stock market returns using news headlines as input.",lopez2023can,2406.11903,"A Survey of Large Language Models for Financial Applications: Progress, Prospects and Challenges",s1101,single_cite_key
main.tex,"%On the other hand, the \textbf{DISC-FinLLM} \cite{chen2023disc} benchmark emphasizes multi-expert fine-tuning to enhance model performance across various financial tasks, providing a detailed assessment of models' capabilities in handling complex financial scenarios.",chen2023disc,2406.11903,"A Survey of Large Language Models for Financial Applications: Progress, Prospects and Challenges",s1102,single_cite_key
sec-methods.tex,"Faith, on the other hand, employs SUTime~\cite{changSUTIMELibraryRecognizing} and regular expression matching to handle explicit temporal expressions in questions.",changSUTIMELibraryRecognizing,2406.14191,Temporal Knowledge Graph Question Answering: A Survey,s1103,single_cite_key
2_manuscript_R3.tex,"On the other hand, outcome explainability is crucial for humans to comprehend, trust, and manage the next generation of cyber defense mechanisms such as spam detection \citep{charmet2022explainable}.",charmet2022explainable,2406.15038,Online detection and infographic explanation of spam reviews with data drift adaptation,s1104,single_cite_key
1_introduction.tex,"On the other hand, the profound instruction-following capabilities of LLMs allow better controllability and adaptability over the generation process, facilitating the creation of tailored datasets for specific applications with more flexible process designs~\cite{abs-2305-07759}.",abs-2305-07759,2406.15126,"On LLMs-Driven Synthetic Data Generation, Curation, and Evaluation: A Survey",s1105,single_cite_key
templateArxiv.tex,"Conversely, some LLMs exhibit a very high parameter count but relatively low FLOPs, as in the case of MoE-based models such as Mixtral 8×7B \cite{jiang2024mixtral}.",jiang2024mixtral,2406.16893,A Survey of Transformer-based Language Models with Focus on Efficiency,s1108,single_cite_key
Appendix.tex,& 8 &\cite{li2023does}\\ % Satisfaction With Life Scale (SWLS) \cite{diener1985satisfaction} & & satisfaction with life &5 & \cite{li2023does}\\ % The revised Portrait Value Questionnaire (PVQ-RR) \cite{schwartz2022measuring} &Value Orientations & 10 basic human values that emerge with great regularity in samples of human respondents from across the globe.&57&\cite{pellert2022ai}\\ % Moral Foundations Questionnaire \cite{graham2011mapping} & Moral Norms &&&\cite{pellert2022ai}\\ % Gender/Sex Div,li2023does;diener1985satisfaction;li2023does;schwartz2022measuring;pellert2022ai;graham2011mapping;pellert2022ai;schudson2022gender;pellert2022ai;jonason2010dirty,2406.17624,"Self-assessment, Exhibition, and Recognition: a Review of Personality in Large Language Models",s1109,likely_latex_artifact
acl_latex.tex,"On the other hand, \citet{le2022survey} paid attention to benchmark tabular datasets for fairness, analysing relationships between different protected and class attributes.",le2022survey,2406.19097,Fairness and Bias in Multimodal AI: A Survey,s1110,single_cite_key
EHR-EVERYTHING.tex,"DSAT-ECG \cite{r-233}, on the other hand, has been directly compared with SSSD-ECG and earlier GAN works, including WaveGAN and P2PGAN.",r-233,2407.00116,Generative AI for Synthetic Data Across Multiple Medical Modalities: A Systematic Review of Recent Developments and Challenges,s1111,single_cite_key
3.1_ehr.tex,"Conversely, \cite{s-10}, in its initial design, limited the dimensionality of variables to less than 100, potentially constraining its capacity to represent the complexity of medical data fully.",s-10,2407.00116,Generative AI for Synthetic Data Across Multiple Medical Modalities: A Systematic Review of Recent Developments and Challenges,s1112,single_cite_key
3.1_ehr.tex,"The authors of \cite{ehr-47}, on the other hand, use CTGAN as well to address the issue of poor performance of underrepresented sub-populations.",ehr-47,2407.00116,Generative AI for Synthetic Data Across Multiple Medical Modalities: A Systematic Review of Recent Developments and Challenges,s1114,single_cite_key
3.2_timeseries.tex,"% DSAT-ECG \cite{r-233}, on the other hand, has been directly compared with SSSD-ECG and earlier GAN works, including WaveGAN and P2PGAN.",r-233,2407.00116,Generative AI for Synthetic Data Across Multiple Medical Modalities: A Systematic Review of Recent Developments and Challenges,s1118,single_cite_key
VLM_part.tex,"DRESS~\cite{chen2023dress}, on the other hand, leverages natural language feedback to improve the alignment and interaction between the textual and visual modalities in VLMs.",chen2023dress,2407.01599,"JailbreakZoo: Survey, Landscapes, and Horizons in Jailbreaking Large Language and Vision-Language Models",s1119,single_cite_key
paper_old.tex,"Figure \ref{fig:tokens} illustrates the number of tokens on ZINC, a dataset with hypothetical chemical structures\cite{irwin2012zinc} On the other hand, benchmark data evaluates the success of these models.",irwin2012zinc,2407.01603,A Review of Large Language Models and Autonomous Agents in Chemistry,s1120,single_cite_key
paper_old.tex,"On the other hand, the Coscientist\cite{Boiko2023-ot} system exemplifies the integration of semi-autonomous robots in planning, conceiving, and performing chemical reactions with minimal human intervention.",Boiko2023-ot,2407.01603,A Review of Large Language Models and Autonomous Agents in Chemistry,s1121,single_cite_key
paper_old.tex,"On the other hand, XpertAI provides data-specific explanations and visual XAI plots to support its explanations.\cite{Wellawatte2023-rw} These developments signify a growing trend in the integration of tools and LLMs in autonomous AI within scientific research.",Wellawatte2023-rw,2407.01603,A Review of Large Language Models and Autonomous Agents in Chemistry,s1122,single_cite_key
paper_old.tex,"On the other hand, ZINC\cite{irwin2012zinc} dataset contains commercially available molecules and a subset of hypothetical molecules that can, theoretically, be synthesized.",irwin2012zinc,2407.01603,A Review of Large Language Models and Autonomous Agents in Chemistry,s1123,single_cite_key
sample-manuscript.tex,"On the other hand, SCOTT \cite{wang2023scott} introduces a core principle of leveraging a LLM to guide the correct answer through comparative decoding.",wang2023scott,2407.01885,"Survey on Knowledge Distillation for Large Language Models: Methods, Evaluation, and Application",s1125,single_cite_key
04_tasks.tex,"On the other hand, \textit{AVerTeC}~\cite{schlichtkrull2023averitec} adopts a question-driven approach to decompose claims into intermediate queries that guide evidence extraction.",schlichtkrull2023averitec,2407.02351,Generative Large Language Models in Automated Fact-Checking: A Survey,s1126,single_cite_key
04_tasks.tex,"On the other hand, fake news detection aims to assess the truthfulness of longer and more contextually rich texts, such as news articles, considering contextual, linguistic, and stylistic features that may indicate misinformation~\cite{10.1145/3485127}.",10.1145/3485127,2407.02351,Generative Large Language Models in Automated Fact-Checking: A Survey,s1127,single_cite_key
06_pipelines.tex,"On the other hand, \textit{PACAR}~\cite{zhao-etal-2024-pacar} adopts a planner-executor paradigm, dynamically selecting specialized agents for tasks such as numerical reasoning, entity disambiguation, or general inference.",zhao-etal-2024-pacar,2407.02351,Generative Large Language Models in Automated Fact-Checking: A Survey,s1128,single_cite_key
05_use_cases.tex,"On the other hand, \citet{sun2024trustllm} use the LLM to determine whether model responses successfully corrected misinformation injected into user prompts, demonstrating the applicability of LLM judges to adversarial or safety-related scenarios.",sun2024trustllm,2407.02351,Generative Large Language Models in Automated Fact-Checking: A Survey,s1130,single_cite_key
circuit-study-all-v4.tex,"On the other hand, \textit{minimality} measures whether all LM components in the circuits are necessary, often by randomly ablating components in the circuit and computing the change in the LM behavior \citep{wang2022interpretability}.",wang2022interpretability,2407.02646,A Practical Review of Mechanistic Interpretability for Transformer-Based Language Models,s1131,single_cite_key
model-understanding.tex,"On the other hand, \citet{saparov2024transformers} showed that transformers learn to perform graph search/multi-hop reasoning using a parallel ``path-merging'' algorithm by extracting the circuit for this algorithm; so the embeddings of each fact will include information about facts provable in $k$ hops, where $k$ increases exponentially with the number of layers.",saparov2024transformers,2407.02646,A Practical Review of Mechanistic Interpretability for Transformer-Based Language Models,s1132,single_cite_key
model-understanding.tex,"{On the other hand, \citet{lee2024mechanistic} investigated % \abu{we should go through the paper carefully and make sure that we are using tense consistently; should we use past tense everywhere?",lee2024mechanistic,2407.02646,A Practical Review of Mechanistic Interpretability for Transformer-Based Language Models,s1133,single_cite_key
sample.tex,"On the other hand, Transformer architectures, with their powerful sequence modeling capabilities and strong contextual modeling abilities, have brought about a paradigm shift \cite{vaswani2017attention}.",vaswani2017attention,2407.03640,Generative Technology for Human Emotion Recognition: A Scope Review,s1135,single_cite_key
main.tex,"Distant supervision \cite{hedderich_anea_2021}, on the other hand, leverages external resources to generate positive examples for specific tasks, which is especially useful when external knowledge bases can provide substantial input.",hedderich_anea_2021,2407.03895,Scoping Review of Active Learning Strategies and their Evaluation Environments for Entity Recognition Tasks,s1136,single_cite_key
main_template.tex,"On the other hand, restricted prompting approach of \citet{qin2023chatgpt} again fails to outperform the respective unrestricted prompting approach for GPT-3.5 and GPT-4o.",qin2023chatgpt,2407.04069,"A Systematic Survey and Critical Review on Evaluating Large Language Models: Challenges, Limitations, and Recommendations",s1137,single_cite_key
main_template.tex,"Conversely, the restricted prompting method by \citet{qin2023chatgpt} fails to surpass the unrestricted approach for GPT-3.5 and GPT-4o.",qin2023chatgpt,2407.04069,"A Systematic Survey and Critical Review on Evaluating Large Language Models: Challenges, Limitations, and Recommendations",s1138,single_cite_key
main_template.tex,"%On the other hand, recent studies \cite{alzahrani2024benchmarks} have shown that automated evaluations, particularly those based on multiple-choice questions, can produce unstable rankings under small perturbations in evaluation methodology.",alzahrani2024benchmarks,2407.04069,"A Systematic Survey and Critical Review on Evaluating Large Language Models: Challenges, Limitations, and Recommendations",s1139,single_cite_key
main_template.tex,"On the other hand, BTL-based rating is tolerant to an imbalanced number of votes per model as shown by \cite{zheng2024judging}, they also propose a different probability of win rates that are derived from the ratings found from BTL which is transitive but doesn't correlate with the empirical win rates.",zheng2024judging,2407.04069,"A Systematic Survey and Critical Review on Evaluating Large Language Models: Challenges, Limitations, and Recommendations",s1140,single_cite_key
acl_latex.tex,"On the other hand, the AdaMerging \cite{AdaMerging} method, while not requiring extra data and providing some performance enhancement, incurs higher computational costs.",AdaMerging,2407.06089,"Merge, Ensemble, and Cooperate! A Survey on Collaborative Strategies in the Era of Large Language Models",s1142,single_cite_key
main.tex,"On the other hand, GWE consists of sentences extracted from WikiConv.\cite{hua-2018-wikiconv} Each sentence in this dataset includes the original sentence, the edited sentence, the original string that underwent editing, and the specific grammatical error type.",hua-2018-wikiconv,2407.09861,A Systematic Survey of Natural Language Processing for the Greek Language,s1147,single_cite_key
main.tex,"\textbf{Discourse Analysis}, on the other hand, deals with understanding the meaning in a broader textual context, beyond individual sentences.\cite{prasad2008penn} It involves analyzing how sentences connect and influence each other within the context of a text or a conversation.",prasad2008penn,2407.09861,A Systematic Survey of Natural Language Processing for the Greek Language,s1148,single_cite_key
main.tex,"In the deep learning (DL) era, on the other hand, linguistic skills are encoded in neural network models via language modeling.\cite{belinkov2020interpretability} Therefore they are considered as an evaluation criterion, by assessing language models (LM) on datasets annotated for various linguistic phenomena.",belinkov2020interpretability,2407.09861,A Systematic Survey of Natural Language Processing for the Greek Language,s1150,single_cite_key
sn-article.tex,"Fairoze et al.~\cite{fairozePubliclyDetectableWatermarking2023}, on the other hand, calculated the hash value for each sequence using the watermark's public key and related parameters to determine whether it matches the expected signature to extract watermark information.",fairozePubliclyDetectableWatermarking2023,2407.11100,Building Intelligence Identification System via Large Language Model Watermarking: A Survey and Beyond,s1151,single_cite_key
6Challengs_Future.tex,"On the other hand, training evaluators to consistently assess role-playing performance is challenging, particularly when dealing with subjective interpretations of character and narrative \cite{chen2023large}.",chen2023large,2407.11484,The Oscars of AI Theater: A Survey on Role-Playing with Language Models,s1152,single_cite_key
resllm.tex,"On the other hand, tasks that require reasoning, %System 2 %tasks, such as grade school math word problems, are more difficult for LLMs \citep{cobbe2021training}.",cobbe2021training,2407.11511,"Multi-Step Reasoning with Large Language Models, a Survey",s1154,single_cite_key
iclr2024_conference.tex,"On the other hand, in few-shot variation \cite{brown2020language}, few training datapoints are provided along with task-based prompt instructions for better comprehension of the task.",brown2020language,2407.12994,A Survey of Prompt Engineering Methods in Large Language Models for Different NLP Tasks,s1156,single_cite_key
comments.tex,"On the other hand, 51\% of the students responded to continue using generative AI tools even if prohibited by the institution \cite{tytonpartners}.",tytonpartners,2407.13105,Survey on Plagiarism Detection in Large Language Models: The Impact of ChatGPT and Gemini on Academic Integrity,s1157,single_cite_key
1-introduction_section.tex,"On the other hand, different techniques to attack or evade such AIGC detectors have also been developed and are an active area of research \cite{cai2023evade}.",cai2023evade,2407.13105,Survey on Plagiarism Detection in Large Language Models: The Impact of ChatGPT and Gemini on Academic Integrity,s1159,single_cite_key
main.tex,"Uncertainty evaluation, on the other hand, measures the overall uncertainty of a model.}.} Key metrics for evaluating model uncertainty include: Expected Calibration Error (ECE), which assesses the expected difference between model confidence and accuracy; Maximal Calibration Error (MCE), which indicates the maximum deviation between model accuracy and confidence; and Brier Score (BS), which is used to assess how closely the model’s predicted probabilities align with the true class probabilities",SurveyUncertainty_23_arXiv_Nankai,2407.14507,Internal Consistency and Self-Feedback in Large Language Models: A Survey,s1160,single_cite_key
cr_Discussion.tex,"On the other hand, critics contend that machine lacks sentience \cite{DBLP:journals/socomp/AlveroP23} and merely probabilistically generates tokens.",DBLP:journals/socomp/AlveroP23,2407.15017,Knowledge Mechanisms in Large Language Models: A Survey and Perspective,s1162,single_cite_key
cr_Evolution.tex,"On the other hand, LLMs tend to prioritize memorizing more frequent and challenging facts, which can result in subsequent facts overwriting prior memorization, significantly hindering the memorization of low-frequency facts \cite{lu2024scaling}.",lu2024scaling,2407.15017,Knowledge Mechanisms in Large Language Models: A Survey and Perspective,s1163,single_cite_key
Knowledge_Representation.tex,"% % 无法处理长文本，面对长文本时倾向于复制。 % On the other hand, the next token prediction of transformers hinders the evaluation of the usefulness and value of proposed novelties, as humans do, by bending, blending, or breaking biases \cite{DBLP:journals/corr/abs-2403-06996}.",DBLP:journals/corr/abs-2403-06996,2407.15017,Knowledge Mechanisms in Large Language Models: A Survey and Perspective,s1165,single_cite_key
07_analysis.tex,"MCS-SQL\cite{mcssql}, on the other hand, enhances schema linking through its inference-time scaling strategy, which broadens the exploration space and improves the likelihood of generating correct SQL queries.",mcssql,2407.15186,A Survey on Employing Large Language Models for Text-to-SQL Tasks,s1166,single_cite_key
04_prompt.tex,"CHESS\cite{chess}, on the other hand, follows a three-step paradigm of ""column filtering, table selection, and final column filtering"".",chess,2407.15186,A Survey on Employing Large Language Models for Text-to-SQL Tasks,s1167,single_cite_key
3_attack.tex,"MMA~\cite{Yang2023MMADiffusionMA} % diverges from this requirement of the starting point, and directly optimizes a set of noise words to construct the adversarial prompt, offering a more streamlined strategy for targeted attacks.",Yang2023MMADiffusionMA,2407.15861,Adversarial Attacks and Defenses on Text-to-Image Diffusion Models: A Survey,s1168,single_cite_key
acl2023.tex,"%\MLdel{\citet{li2020stylecontent} then proposed a disentanglement-based model\OD{explain/link} to generate attractive headlines for Chinese news.} On the other hand, \citet{li2020stylecontent} generated news headlines in a user-independent attractive style using a special encoder-decoder model combined with headline prototype retrieval.",li2020stylecontent;li2020stylecontent,2407.16737,A Survey of Text Style Transfer: Applications and Ethical Implications,s1170,single_cite_key
sample-acmlarge.tex,"Conversely, \cite{a37} shows that a single face still harbours multiple diagnostic hints: emotion probabilities from a YOLO detector are mapped to disorder labels, and penultimate embeddings from MDNet, ResNet-50 and a ViT are concatenated then soft-maxed, yielding 81 \% accuracy while remaining explainable through Grad-CAM.",a37,2407.16804,"Multimodal Machine Learning in Mental Health: A Survey of Data, Algorithms, and Challenges",s1171,single_cite_key
colm2024_conference.tex,% \cite{NEURIPS2023_a452a7c6} uses a counter to keep track of the number of times when a certain token is regarded as insignificant using attention weights as a criterion.,NEURIPS2023_a452a7c6,2407.18003,Keep the Cost Down: A Review on Methods to Optimize LLM' s KV-Cache Consumption,s1172,single_cite_key
cas-dc-template.tex,"On the other hand, Lu et al.~\cite{lu2021fantastically} use global and local entropy metrics to decide the order of the examples.",lu2021fantastically,2407.18369,AI Safety in Generative AI Large Language Models: A Survey,s1173,single_cite_key
cas-dc-template.tex,"On the other hand, inadequate representation of minority groups or some languages in the training data can aggravate inequality~\cite{joshi2020state}.",joshi2020state,2407.18369,AI Safety in Generative AI Large Language Models: A Survey,s1174,single_cite_key
cas-dc-template.tex,"On the other hand, to enhance the transparency and explainability of the models themselves, OpenAI has endeavored to utilize GPT-4 to elucidate the underlying logic of its outputs~\cite{bubeck2023sparks}.",bubeck2023sparks,2407.18369,AI Safety in Generative AI Large Language Models: A Survey,s1175,single_cite_key
cas-dc-template.tex,"\cite{hendrycks2022unsolved} on the other hand, identifies research topics that are in AI safety but are beyond human values alignment, treating the robustness, monitoring, and safety of models as systems in deployment as separate ML safety problems.",hendrycks2022unsolved,2407.18369,AI Safety in Generative AI Large Language Models: A Survey,s1176,single_cite_key
cas-dc-template.tex,"Conversely, \cite{shen2023large}'s research could refine this taxonomy by focusing on inner alignment issues.",shen2023large,2407.18369,AI Safety in Generative AI Large Language Models: A Survey,s1177,single_cite_key
manuscript.tex,"On the other hand, optimizing the model with the commonly used Adam optimizer during training usually requires 12 times the memory resources needed for inference \cite{malladi2024fine}, which can be unacceptable for mobile devices with limited memory.",malladi2024fine,2407.18921,Mobile Edge Intelligence for Large Language Models: A Contemporary Survey,s1179,single_cite_key
main.tex,"On the other hand, blockchain systems face their own energy challenges, as consensus mechanisms and transaction validation processes often incur substantial computational costs~\cite{mbula_mboma_assessing_2023}.",mbula_mboma_assessing_2023,2407.20181,Blockchain for Large Language Model Security and Safety: A Holistic Survey,s1180,single_cite_key
main.tex,"On the other hand, Large Language Model (LLMs) are deep neural language models with billions of parameters, pre-trained on extensive text corpora to understand natural language distribution and structure \cite{zhao2023survey}.",zhao2023survey,2407.20516,Machine Unlearning in Generative AI: A Survey,s1181,single_cite_key
6_exp.tex,"On the other hand, since IDPrompt requires higher training costs, we follow the original implementation~\citep{bai2023id} and conduct training with only 1 shot.",bai2023id,2407.21794,Generalized Out-of-Distribution Detection and Beyond in Vision Language Model Era: A Survey,s1183,single_cite_key
7_lvlm.tex,"On the other hand, \citet{cao2023towards} conducted only qualitative evaluations and left quantitative evaluations as an open challenge.",cao2023towards,2407.21794,Generalized Out-of-Distribution Detection and Beyond in Vision Language Model Era: A Survey,s1184,single_cite_key
Main.tex,"On the other hand, photographs available in real-world galleries pertaining to pedestrians often lack high resolution, ample lighting, and freedom from obstruction\cite{farooqConvolutionalBaselinePerson2020}.",farooqConvolutionalBaselinePerson2020,2408.00096,From Attributes to Natural Language: A Survey and Foresight on Text-based Person Re-identification,s1185,single_cite_key
future.tex,"On the other hand, another critical analysis indicates that discrete SSMs like S4 and Mamba struggle with \emph{State-Tracking} problems, such as permutation composition~\cite{merrill2024illusion}.",merrill2024illusion,2408.01129,A Survey of Mamba,s1186,single_cite_key
main.tex,"DSIR~\cite{xie2023data}, on the other hand, directly estimates the importance of datapoints by matching the distribution between the selected subset and the target evaluation set.",xie2023data,2408.02085,Unleashing the Power of Data Tsunami: A Comprehensive Survey on Data Assessment and Selection for Instruction Tuning of Language Models,s1187,single_cite_key
Diffusion_survey.tex,"On the other hand, the work\cite{liu2023riatig} takes an opposite approach: It tries to find an adversarial text prompt that is totally different from the original prompt, but leading to a similar generation result compared to the original prompt.",liu2023riatig,2408.03400,Attacks and Defenses for Generative Diffusion Models: A Comprehensive Survey,s1189,single_cite_key
Diffusion_survey.tex,"On the other hand, Guan et al.\cite{guan2024ufid} compute the cosine similarity between each pair of images generated from a sampled input, then constructing a similarity graph to assess the overall score for the input.",guan2024ufid,2408.03400,Attacks and Defenses for Generative Diffusion Models: A Comprehensive Survey,s1190,single_cite_key
mitigations.tex,"On the other hand, global explainability methods include probing and understanding the distribution of training data \cite{singh2024rethinking}.",singh2024rethinking,2408.04643,"Risks, Causes, and Mitigations of Widespread Deployments of Large Language Models (LLMs): A Survey",s1192,single_cite_key
Post-Processing.tex,"CodeS~\cite{li2024codes}, on the other hand, generates a complete \sql statements through beam search, producing four \sql candidates and selecting the first executable one as the final result.",li2024codes,2408.05109,"A Survey of Text-to-SQL in the Era of LLMs: Where are we, and where are we going?",s1193,single_cite_key
5_results.tex,More traditional KIE methods that use a classification head would on the other hand need to be retrained with a different classification layer in order to perform a different task like document classification \citep{nr72}.,nr72,2408.06345,Deep Learning based Key Information Extraction from Business Documents: Systematic Literature Review,s1196,single_cite_key
sample-base.tex,"On the other hand, \cite{llmnewsscore} allocates long positions to stocks with overall positive news sentiment and short positions to those with negative sentiment, without considering the magnitude of the sentiment scores.",llmnewsscore,2408.06361,Large Language Model Agent in Financial Trading: A Survey,s1197,single_cite_key
Main-revision02.tex,"CHATAFL scheme \cite{meng2024large}, on the other hand, shifts focus to leveraging \acp{LLM} for generating structured and sequenced effective test inputs for network protocols lacking machine-readable versions.",meng2024large,2408.07583,Transformers and Large Language Models for Efficient Intrusion Detection Systems: A Comprehensive Survey,s1199,single_cite_key
Main-revision02.tex,"A Q-network, on the other hand, is a neural network that approximates the Q-values, allowing \ac{RL} to scale to larger state-action spaces \cite{gueriani2023deep}.",gueriani2023deep,2408.07583,Transformers and Large Language Models for Efficient Intrusion Detection Systems: A Comprehensive Survey,s1200,single_cite_key
SAM_for_Videos.tex,"Conversely, Wang \textit{et al.} \cite{wang2023prompting} present an encoder-prompt-decoder paradigm to tackle issues related to data scarcity and varying data distribution.",wang2023prompting,2408.08315,Segment Anything for Videos: A Systematic Survey,s1201,single_cite_key
SAM_for_Videos.tex,"On the other hand, developing a unified model~\cite{zhang2023meta} for multi-modal perception without requiring paired multi-modal data is a promising direction.",zhang2023meta,2408.08315,Segment Anything for Videos: A Systematic Survey,s1202,single_cite_key
nlg_automatic_metrics.tex,"On the other hand, the predominance of Overlap metric types is concerning given their well-known caveats, such as their inability to measure faithfulness and poor correlation with human judgements \citep{reiter-2018-structured}.",reiter-2018-structured,2408.09169,Automatic Metrics in Natural Language Generation: A Survey of Current Evaluation Practices,s1206,single_cite_key
main.tex,"\citet{otto2019linearly}, on the other hand, introduced an autoencoder featuring linear recurrent latent embeddings.",otto2019linearly,2408.09840,Machine Learning with Physics Knowledge for Prediction: A Survey,s1207,single_cite_key
main.tex,"\citet{pan2020physics}, on the other hand, employed a skew-symmetric representation of the Koopman operator.",pan2020physics,2408.09840,Machine Learning with Physics Knowledge for Prediction: A Survey,s1208,single_cite_key
main.tex,"% \citet{pan2020physics}, on the other hand, adopts a different strategy to ensure stability within an autoencoder framework.",pan2020physics,2408.09840,Machine Learning with Physics Knowledge for Prediction: A Survey,s1209,single_cite_key
main.tex,"% MTDS On the other hand, \citet{bird2022multi} proposes a probabilistic approach, called multi-task dynamical system~(MTDS), for extending MTL to time series models.",bird2022multi,2408.09840,Machine Learning with Physics Knowledge for Prediction: A Survey,s1210,single_cite_key
ref.tex,"Conversely, study\cite{villalobos2022will} suggest that the supply of high-quality language data will likely be depleted by 2026.",villalobos2022will,2408.10210,A Survey on Symbolic Knowledge Distillation of Large Language Models,s1211,single_cite_key
ref.tex,"Alignment tuning, on the other hand, aims to adjust the LLM's outputs to match human expectations accurately, a process that may involve a trade-off known as the alignment tax\cite{glaese2022improving}.",glaese2022improving,2408.10210,A Survey on Symbolic Knowledge Distillation of Large Language Models,s1212,single_cite_key
sn-article.tex,"% % On the other hand, TUTA \cite{wang2021tuta} provides a unified pre-training architecture for structured tables, utilizing tree-based attention and positional embeddings to effectively capture both spatial and hierarchical information.",wang2021tuta,2408.10548,"Language Modeling on Tabular Data: A Survey of Foundations, Techniques and Evolution",s1213,single_cite_key
sn-article.tex,"% UniTTab \cite{luetto2023one}, on the other hand, focuses on heterogeneous time-dependent data, using continuous embedding vectors for numerical and categorical features, and is uniformly trained with a masked token task, showing robust performance across various tasks.",luetto2023one,2408.10548,"Language Modeling on Tabular Data: A Survey of Foundations, Techniques and Evolution",s1214,single_cite_key
mainACM_RLSurvey.tex,"Conversely, Kolm and Ritter \cite{KOLM_2020} omitted the Delta hedge, arguing that it is a non-linear function of state variables.",KOLM_2020,2408.10932,The Evolution of Reinforcement Learning in Quantitative Finance: A Survey,s1215,single_cite_key
main.tex,"On the other hand, \citet{yang2024modeling} introduced a novel perspective in ASC by emphasizing the significance of aspect sentiment coherency.",yang2024modeling,2408.13202,Instruct-DeBERTa: A Hybrid Approach for Aspect-based Sentiment Analysis on Textual Reviews,s1216,single_cite_key
main.tex,"Conversely, models such as \texttt{CLIP-ViT-B-32-multilingual-v1}~\cite{radford2021learning} and \texttt{SPECTER} demonstrate relatively lower performances.",radford2021learning,2408.13202,Instruct-DeBERTa: A Hybrid Approach for Aspect-based Sentiment Analysis on Textual Reviews,s1217,single_cite_key
MLLMfinetuning.tex,"MeZO, on the other hand, offers a memory-efficient optimiser that requires only two forward passes to compute gradients, enabling comprehensive fine-tuning of large models with a memory footprint equivalent to inference \cite{efficientMultimodals}.",efficientMultimodals,2408.13296,"The Ultimate Guide to Fine-Tuning LLMs from Basics to Breakthroughs: An Exhaustive Review of Technologies, Research, Best Practices, Applied Research Challenges and Opportunities",s1218,single_cite_key
main.tex,"Conversely, HiSS~\cite{zhang2023towards} demonstrates that prompting for few-shot learning and claim decomposition can substantially improve the performance of CoT models for complex news claim verification.",zhang2023towards,2408.14317,Claim Verification in the Age of Large Language Models: A Survey,s1219,single_cite_key
paradigm.tex,"DiscreteBERT \cite{baevskiEffectivenessSelfsupervisedPretraining2020}, on the other hand, shows that discretisation of the input, not just the targets, can be more effective.",baevskiEffectivenessSelfsupervisedPretraining2020,2408.14340,Foundation Models for Music: A Survey,s1220,single_cite_key
5.Traditional.tex,"On the other hand, {MANPLTS} \cite{ghazarian2021MANPLTS} trains a classification model primarily focused on \textit{coherence}.",ghazarian2021MANPLTS,2408.14622,What Makes a Good Story and How Can We Measure It? A Comprehensive Survey of Story Evaluation,s1221,single_cite_key
2.Tasks.tex,"On the other hand, \textbf{Visual storytelling} \cite{huang2016vist} creates a story for an image sequence.",huang2016vist,2408.14622,What Makes a Good Story and How Can We Measure It? A Comprehensive Survey of Story Evaluation,s1222,single_cite_key
4.Taxonomy.tex,"To ensure the trustworthiness and reliability of evaluation results, some studies \cite{xie2023deltascore} provide a detailed evaluation process for each score, including specific error locations and explanations \footnote{Reasoning process, on the other hand, provides a more coarse-grained explanation of the evaluation result.}.",xie2023deltascore,2408.14622,What Makes a Good Story and How Can We Measure It? A Comprehensive Survey of Story Evaluation,s1223,single_cite_key
article.tex,"On the other hand, Cedille~\citep{Cedille-french} LLM takes a different approach by training on carefully filtered French text.",Cedille-french,2408.15040,A Survey of Large Language Models for European Languages,s1224,single_cite_key
manuscript_arxiv.tex,"On the other hand, models like OpenFlamingo v2~\cite{awadalla2023openflamingo} performed poorly, with an accuracy of only 5.3\% on this task.",awadalla2023openflamingo,2408.15769,A Survey on Evaluation of Multimodal Large Language Models,s1225,single_cite_key
Main_elsarticle-template-num.tex,"Conversely, a model that is not interpretable is one that is complex and opaque, and whose behavior is difficult for humans to understand or explain~\cite{ribeiro2016model}.",ribeiro2016model,2409.00265,"Explainable Artificial Intelligence: A Survey of Needs, Techniques, Applications, and Future Direction",s1226,single_cite_key
sn-article.tex,"Conversely, a lower number suggests that the communication system relies on a limited set of words, which may indicate a more efficient and compressed language with less synonyms~\cite{mordatch.2017}.",mordatch.2017,2409.02645,Emergent Language: A Survey and Taxonomy,s1229,single_cite_key
discussion.tex,"On the one hand, the absence of standardized benchmarks in current works limits meaningful comparisons (especially for the end-to-end software development task); on the other hand, benchmarks play a crucial role in driving advancements in related fields~\cite{sim2003using}, as evidenced by SWE-bench, which has facilitated the development of end-to-end maintenance agents.",sim2003using,2409.02977,Large Language Model-Based Agents for Software Engineering: A Survey,s1230,single_cite_key
Code_generation.tex,"Despite the widespread application of CoT, the effectiveness of some other advanced prompt engineering strategies, such as self-consistency~\cite{wang2023selfconsistency} and least-to-most prompting~\cite{zhou2023leasttomost}, has not been explored in code generation tasks yet, which could be a potential direction for future research.} \junwei{\headt{Agentic strategy.} On the other hand, \highlight{agentic strategy} refers to instructing agents to dynamically adapt the code generation plan based","wang2023selfconsistency;zhou2023leasttomost;shinn2023reflexion, CodeAct, bairi2023codeplan, yang2023intercode, CodeChain, Flows;bairi2023codeplan",2409.02977,Large Language Model-Based Agents for Software Engineering: A Survey,s1231,likely_latex_artifact
main.tex,"\textit{Letter Mover Head} extracts the first letters of certain words in the context and aggregates them at the [END] position.\citep{AcronymPredict_24_arXiv_Alicante} Conversely, \textit{Negative Name Mover Head} prevents name information from being transferred to the [END] position.\citep{IOI_23_ICLR_Redwood,CopySupression_23_arXiv_Google} \subsubsection{Semantic Information Identification} \label{subsubsec:semantic} As for semantic information identification, \textit{Context Head} extracts i","AcronymPredict_24_arXiv_Alicante;IOI_23_ICLR_Redwood,CopySupression_23_arXiv_Google;KnowledgeConflict_24_arXiv_UCAS;CorrectLetterHead_23_arXiv_DeepMind,ColorObject_24_ICLR_BrownU;Sentiment_23_arXiv_EleutherAI",2409.03752,Attention Heads of Large Language Models: A Survey,s1234,likely_latex_artifact
main.tex,"Conversely, Directional Subtraction retains part of the original state information while directionally removing some of it.\citep{SurveyCTG_24_arXiv_RUC} This method can be used to investigate whether removing specific information from a latent state affects the model's output in a significant way, thereby revealing whether certain attention heads can back up or fix the deleted information.",SurveyCTG_24_arXiv_RUC,2409.03752,Attention Heads of Large Language Models: A Survey,s1235,single_cite_key
3_level_2.tex,"On the other hand, Self-RAG \cite{asai2023self} fine-tunes a large model to autonomously decide when to search and when to stop searching and start answering questions.",asai2023self,2409.14924,Retrieval Augmented Generation (RAG) and Beyond: A Comprehensive Survey on How to Make your LLMs use External Data More Wisely,s1236,single_cite_key
cas-dc-template.tex,"L4Q \citep{jeon2024l4q}, on the other hand, maintains the dimension \(\textbf{A} \in \mathbb{R}^{i \times r}\) and directly uses the full QAT forward propagation method, simultaneously updating the quantizer parameters \(s\) and \(b\) for \(\textbf{A}, \textbf{B}\), and \(\textbf{W} + \textbf{A} \textbf{B}\).",jeon2024l4q,2409.16694,"A Survey of Low-bit Large Language Models: Basics, Systems, and Algorithms",s1237,single_cite_key
main.tex,"On the other hand, Jailbreak-tune \cite{murphy2025jailbreak} shows that fine-tuning on harmful data with normal jailbreak suffix can strengthen the harmful attack performance.",murphy2025jailbreak,2409.18169,Harmful Fine-tuning Attacks and Defenses for Large Language Models: A Survey,s1239,single_cite_key
02_llm.tex,"On the other hand, ViLT (Vision-and-Language Transformer) \cite{kim2021viltvisionandlanguagetransformerconvolution} reduces the complexity of multimodal fusion by directly feeding visual patch embeddings into a transformer, bypassing the need for separate image encoders, while still maintaining competitive performance in tasks like image-text retrieval and visual question answering.",kim2021viltvisionandlanguagetransformerconvolution,2409.18991,Surveying the MLLM Landscape: A Meta-Review of Current Surveys,s1242,single_cite_key
001_intro.tex,Code analysis tools (CATs) on the other hand are limited in scope compared to LLMs in detecting issues like best practice violations \cite{AutoCommenter} but don't have any self-selection bias.,AutoCommenter,2409.19801,CRScore: Grounding Automated Evaluation of Code Review Comments in Code Claims and Smells,s1243,single_cite_key
main.tex,"On the other hand, \citet{nozza_volpetti_2019} defined several templates to create a balanced synthetic dataset for their proposed DL model- Universal Sentence Encoder (USE), which further debiased their model features to be less-sensitive to identity terms and yet obtain a better categorization.",nozza_volpetti_2019,2409.20204,Divided by discipline? A systematic literature review on the quantification of online sexism and misogyny using a semi-automated approach,s1244,single_cite_key
main.tex,"On the other hand, \citet{plaza_2021} generates linguistic resources using a set of word embeddings, with the initial seed lexicon eventually getting populated with words and n-grams more attuned to the domain because of linguistic similarities.",plaza_2021,2409.20204,Divided by discipline? A systematic literature review on the quantification of online sexism and misogyny using a semi-automated approach,s1245,single_cite_key
main.tex,"On the other hand, \citet{singh-etal-2021} used the hostile side of the three sources of male ambivalence to define sexism binarily and annotate dialogues in popular sitcoms.",singh-etal-2021,2409.20204,Divided by discipline? A systematic literature review on the quantification of online sexism and misogyny using a semi-automated approach,s1246,single_cite_key
main.tex,"Descriptive data annotation thus allows for the capturing and modeling of different beliefs.'' \citep{röttger_2022}\\ \hline \Centering Perspective Paradigm & \Centering - & \Centering ``The prescriptive paradigm, on the other hand, discourages annotator subjectivity and instead tasks annotators with encoding one specific belief, formulated in the annotation guidelines.",röttger_2022,2409.20204,Divided by discipline? A systematic literature review on the quantification of online sexism and misogyny using a semi-automated approach,s1247,single_cite_key
4_training_recipes.tex,"Conversely, acoustic tokens can facilitate the generation of high-fidelity audio but often struggle with inaccuracies in content generation \cite{zhang2023speechtokenizer}.",zhang2023speechtokenizer,2410.03751,Recent Advances in Speech Language Models: A Survey,s1250,single_cite_key
4_training_recipes.tex,"On the other hand, SpeechAlign \cite{Zhang2024SpeechAlign} concentrates on the acoustic quality of SpeechLMs.",Zhang2024SpeechAlign,2410.03751,Recent Advances in Speech Language Models: A Survey,s1251,single_cite_key
Methods_to_Improve_Code_generation_on_LRPL_and_DSPL.tex,"On the other hand, `knowledge spillover,' where language models demonstrated capabilities in programming languages they were not explicitly trained on, was investigated in \citep{ID113paper}.",ID113paper,2410.03981,A Survey on LLM-based Code Generation for Low-Resource and Domain-Specific Programming Languages,s1252,single_cite_key
Current_Performance_of_LLMs_in_Code_generation.tex,"The Execution @k metric \citep{IDadd1paper}, on the other hand, measures the percentage of queries for which at least one of the top K generated code candidates produces the correct output when executed on the input dataset.",IDadd1paper,2410.03981,A Survey on LLM-based Code Generation for Low-Resource and Domain-Specific Programming Languages,s1254,single_cite_key
main.tex,"GIFT-SW, on the other hand, focuses on updating only salient weights while injecting Gaussian noise into non-salient weights~\cite{zhelnin2024gift}.",zhelnin2024gift,2410.06348,Harnessing the Power of Noise: A Survey of Techniques and Applications,s1255,single_cite_key
3.training.tex,"DiskANN~\cite{jayaram2019diskann}, on the other hand, is designed for handling large datasets that don't fit into memory by extending nearest neighbor search to disk-based systems, offering a balance between speed and memory efficiency.",jayaram2019diskann,2410.07265,A Survey: Collaborative Hardware and Software Design in the Era of Large Language Models,s1258,single_cite_key
3.training.tex,"PaFi~\cite{liao-etal-2023-parameter}, on the other hand, finds a universal set of parameters to update for all downstream tasks based on parameter magnitude.",liao-etal-2023-parameter,2410.07265,A Survey: Collaborative Hardware and Software Design in the Era of Large Language Models,s1259,single_cite_key
5_generative.tex,"NeuroImagen\cite{lan2023seeing}, on the other hand, uses detail and semantic extractors to map EEG signals to pixel and CLIP-Text priors, which are then decoded by a pretrained Stable Diffusion model following the image-to-image pipeline.",lan2023seeing,2410.08224,A Survey of Spatio-Temporal EEG data Analysis: from Models to Applications,s1260,single_cite_key
applications.tex,"\item Evanega et al on the other hand compare the attitudes in Kenya and other African countries (Uganda, Nigeria) towards the introduction of Genetically Modified Organisms (GMO) in the country \cite{evanega2022state}.",evanega2022state,2410.09948,State of NLP in Kenya: A Survey,s1261,single_cite_key
applications.tex,"\end{itemize} % Evanega et al on the other hand compare the attitudes in Kenya and other African countries (Uganda, Nigeria) towards the introduction of Genetically Modified Organisms (GMO) in the country \cite{evanega2022state}.",evanega2022state,2410.09948,State of NLP in Kenya: A Survey,s1262,single_cite_key
manuscript.tex,"AutoTurb~\citep{zhang2024autoturb}, on the other hand, adopts LLMs in an evolutionary framework to automatically design and search for turbulence model in computational fluid dynamics.",zhang2024autoturb,2410.14716,A Systematic Survey on Large Language Models for Algorithm Design,s1263,single_cite_key
7-Appendix.tex,"\textbf{CLINC150} \citep{clinc_dataset}, on the other hand, is a multi-domain dataset featuring 150 distinct intents and 22,500 utterances across 10 different domains.",clinc_dataset,2410.15019,A Survey of Ontology Expansion for Conversational Understanding,s1264,single_cite_key
7-Appendix.tex,"Conversely, the \textbf{ATIS} dataset \citep{atis_dataset} expands into the flight domain with nearly 5,000 utterances and 120 slots.",atis_dataset,2410.15019,A Survey of Ontology Expansion for Conversational Understanding,s1265,single_cite_key
template.tex,"On the other hand, these methods are strictly focused on the mathematical side of the BLI task, rarely reflecting on the linguistic side (with exceptions, e.g., \cite{Tian2022RAPOAA}).",Tian2022RAPOAA,2410.15144,A survey of neural-network-based methods utilising comparable data for finding translation equivalents,s1267,single_cite_key
acl_latex.tex,"Given a mean vector $\mu$ and a covariance matrix $\Sigma$, the MD is defined as in \citet{NEURIPS2018_abdeb6f5}: \[ MD(z_{test}; \Sigma, \mu) = (z_{test} - \mu)^T \Sigma^{-1} (z_{test} - \mu) \] On the other hand, Euclidean Distance (ED) measures the point-to-point distance in Euclidean space.",NEURIPS2018_abdeb6f5,2410.15326,A Survey of Uncertainty Estimation in LLMs: Theory Meets Practice,s1268,single_cite_key
sec-evaluation.tex,"On the other hand, the LLMs can yield accurate responses despite imperfect retrievers or hallucinations with semantic relevant retrieved text~\cite{wu2024easily}, raising the issue of evaluating the system by taking into account both retrieval and generation.",wu2024easily,2410.15576,A Survey of Conversational Search,s1269,single_cite_key
sec-clarification.tex,"On the other hand, in knowledge-based question answering, \textit{Abg-CoQA}~\cite{guo2021abg} is proposed to tackle ambiguity in conversational QA, which focuses on disambiguation for human-to-human conversations.",guo2021abg,2410.15576,A Survey of Conversational Search,s1270,single_cite_key
main.tex,"On the other hand, \rev{starting} from the KL-constrained reward maximization objective in RL, Direct Preference Optimization (DPO;~\cite{rafailov2024direct}) derives its learning objective, specifically a simple maximum likelihood objective, from offline preference data, which is directly formulated over the policy model and a reference model, thus bypassing the explicit reward model training phase and eliminating the need for reinforcement learning optimization.",rafailov2024direct,2410.15595,"A Comprehensive Survey of Direct Preference Optimization: Datasets, Theories, Variants, and Applications",s1271,single_cite_key
data.tex,"\textbf{Temporal logics} like LTL take a different approach, emphasizing temporal structure through operators such as next and until—constructs that map naturally onto how we describe procedures in language~\cite{bombieri2023mapping}.} \clrev{On the other hand, \textbf{domain-specific} languages sacrifice this expressiveness for practical gains.",bombieri2023mapping,2410.18529,"Instructional Text Across Disciplines: A Survey of Representations, Downstream Tasks, and Open Challenges Toward Capable AI Agents",s1273,single_cite_key
survey-acm.tex,"On the other hand, since rule-based approaches use logical rules, their results are more interpretable, and they can easily verify some facts that the embedding approaches have trouble with \cite{meilicke2018fine}.",meilicke2018fine,2410.18670,Health Misinformation in Social Networks: A Survey of IT Approaches,s1275,single_cite_key
2-background.tex,"On the other hand, \textit{context-based} signals, also referred to as provenance- \cite{feng2023examining} or meta-information, take into account contextual (e.g., user, source) cues, such as user statistics, location, domain reputation, or the number of shares.",feng2023examining,2410.21360,A Survey on Automatic Credibility Assessment Using Textual Credibility Signals in the Era of Large Language Models,s1279,single_cite_key
main.tex,"On the other hand, the optimization performance of these BBO algorithms easily get trapped by % % % is tightly bounded by the curse of % % \emph{no-free-lunch} theory~\cite{1997nofreelunch}.",1997nofreelunch,2411.00625,Toward Automated Algorithm Design: A Survey and Practical Guide to Meta-Black-Box-Optimization,s1280,single_cite_key
iclr2025_conference.tex,"On the other hand, to address this issue, in our open-source code repository, we will integrate code from AI Scientist \citep{lu2024ai} and combine it with our models to achieve scientific discovery tasks across all stages to a certain extent.",lu2024ai,2411.00816,CycleResearcher: Improving Automated Research via Automated Review,s1281,single_cite_key
sec5.tex,"On the other hand, on-device training refers to the capability of local hardware to perform training tasks directly on local hardware itself without the need for remote servers \cite{cai2020tinytl}.",cai2020tinytl,2411.01431,Efficient Deep Learning Infrastructures for Embedded Computing Systems: A Comprehensive Survey and Future Envision,s1282,single_cite_key
2_component.tex,"On the other hand, natural language formats, as seen in CoCo-Agent~\cite{ma2024coco}, bridge the gap between task instructions and the agent’s existing conversational skills, making it easier for the agent to adapt and generalize to tasks in different domain.",ma2024coco,2411.02006,Foundations and Recent Trends in Multimodal Mobile Agents: A Survey,s1283,single_cite_key
3.construction_of_slm.tex,"%\textbf{Black-Box KD.} Black-box distillation, on the other hand, relies solely on the outputs from the teacher model without accessing its parameters \cite{peng2023instruction,chen2023mcc,wang2023scott,hsieh2023distilling,wu-etal-2024-lamini,li2024explanations,chen2024knowledge}.","peng2023instruction,chen2023mcc,wang2023scott,hsieh2023distilling,wu-etal-2024-lamini,li2024explanations,chen2024knowledge",2411.03350,"A Comprehensive Survey of Small Language Models in the Era of Large Language Models: Techniques, Enhancements, Applications, Collaboration with LLMs, and Trustworthiness",s1287,likely_latex_artifact
3.construction_of_slm.tex,"Conversely, black-box distillation, suitable for proprietary or complex teacher models, relies solely on outputs and incorporates techniques like rationale integration \cite{hsieh2023distilling}.",hsieh2023distilling,2411.03350,"A Comprehensive Survey of Small Language Models in the Era of Large Language Models: Techniques, Enhancements, Applications, Collaboration with LLMs, and Trustworthiness",s1288,single_cite_key
7.slm4llm.tex,"% On the other hand, for improving in-context learning, the SuperICL approach \cite{xu2023small} extends traditional ICL by using SLMs as plugins to efficiently execute supervised tasks.",xu2023small,2411.03350,"A Comprehensive Survey of Small Language Models in the Era of Large Language Models: Techniques, Enhancements, Applications, Collaboration with LLMs, and Trustworthiness",s1289,single_cite_key
5.application.tex,"% On the other hand, in Edge MOE \cite{yi2023edgemoefastondeviceinference}, a slightly different approach is employed by preprocessing a pre-trained model offline.",yi2023edgemoefastondeviceinference,2411.03350,"A Comprehensive Survey of Small Language Models in the Era of Large Language Models: Techniques, Enhancements, Applications, Collaboration with LLMs, and Trustworthiness",s1290,single_cite_key
3_main_content.tex,"On the other hand, for complex image generation tasks involving multiple objects, Many-to-Many Diffusion (M2M)~\citep{shen2024many} applies an autoregressive diffusion model to generate multi-image sequences, scaling across both spatial and temporal dimensions while maintaining consistency across frames.",shen2024many,2411.05902,Autoregressive Models in Vision: A Survey,s1291,single_cite_key
survey_paper_body.tex,"On the other hand, \citet{goldsteinHowPersuasiveAIgenerated2024} found GPT-3 propaganda was slightly less persuasive than the original human-written articles.",goldsteinHowPersuasiveAIgenerated2024,2411.06837,"Persuasion with Large Language Models: A Survey of Empirical Evidence, Study Methodologies, and Ethical Implications",s1292,single_cite_key
survey_paper_body.tex,"\citet{budak2024misunderstanding}, on the other hand, reviewed behavioral science research on the reach and impact of misinformation.",budak2024misunderstanding,2411.06837,"Persuasion with Large Language Models: A Survey of Empirical Evidence, Study Methodologies, and Ethical Implications",s1293,single_cite_key
arxiv.tex,"Conversely, recent advances in automated requirements extraction rely solely on keyword matching techniques utilizing ML machine learning (ML) and deep learning (DL) methodologies \cite{olson2024best}.",olson2024best,2411.07398,Beyond Keywords: A Context-based Hybrid Approach to Mining Ethical Concern-related App Reviews,s1294,single_cite_key
arxiv.tex,"The top-p parameter, on the other hand, controls the nucleus sampling, which is a method to add randomness to the model’s output \cite{chen2023unleashing}.",chen2023unleashing,2411.07398,Beyond Keywords: A Context-based Hybrid Approach to Mining Ethical Concern-related App Reviews,s1295,single_cite_key
sample-acmsmall-conf.tex,"On the other hand, GraphCodeBERT \cite{graphcodebert2021} from Microsoft has the ability to process more complicated code structures and it hence performs better in tasks where there is a need to understand the dependencies.",graphcodebert2021,2411.07586,A Comprehensive Survey of AI-Driven Advancements and Techniques in Automated Program Repair and Code Generation,s1296,single_cite_key
sample-acmsmall-conf.tex,"Conversely, StarCoder2 (15B) \cite{starcoder2024} displays better performance in tasks such as HumanEval+ due to a higher mastery of code in 16 different languages as compared to CodeLlama-34B.",starcoder2024,2411.07586,A Comprehensive Survey of AI-Driven Advancements and Techniques in Automated Program Repair and Code Generation,s1297,single_cite_key
sample-acmsmall-conf.tex,"CodeT5 \cite{codet5_2021}, on the other hand, is very exact in rectifying bugs in localized codebases due to its task-specific training, but it has trouble in real-time debugging, where Codex’s flexibility is an advantage.",codet5_2021,2411.07586,A Comprehensive Survey of AI-Driven Advancements and Techniques in Automated Program Repair and Code Generation,s1298,single_cite_key
sample-acmsmall-conf.tex,"On the other hand, CodeT5 \cite{codet5_2021} uses an approach of a unified encoder-decoder architecture, making it possible to approach the task using both programming and natural languages, and thus it can enhance its understanding of code semantics.",codet5_2021,2411.07586,A Comprehensive Survey of AI-Driven Advancements and Techniques in Automated Program Repair and Code Generation,s1299,single_cite_key
defense.tex,"On the other hand, IMMUNE~\cite{ghosal2024immune} employs a safety reward function that assigns higher scores to safe responses and lower scores to unsafe ones.",ghosal2024immune,2411.09259,Jailbreak Attacks and Defenses against Multimodal Generative Models: A Survey,s1300,single_cite_key
main-8379-Szep.tex,"Conversely, encoder-decoder models excel in text transformation tasks and extend masking to sequences of tokens via masked or denoising sequence-to-sequence (S2S) pre-training \citep{song_mass_2019,lewis_bart_2020}.","song_mass_2019,lewis_bart_2020",2411.09539,Fine-tuning Large Language Models with Limited Data: A Survey and Practical Guide,s1304,all_keys_unresolved
MIA_text.tex,"% version-1 % On the other hand, language models also play a crucial role in machine translation, question-answering, and dialogue systems, using learned patterns from extensive text corpora to predict and generate text~\citep{cer2017semeval}.",cer2017semeval,2411.10023,Model Inversion Attacks: A Survey of Approaches and Countermeasures,s1305,single_cite_key
MIA_text.tex,"% On the other hand, language models such as GPT-2~\citep{radford2018improving} and BERT~\citep{devlin2018bert} predict and generate text based on learned patterns and structures within the data, facilitating applications like machine translation, question-answering, and dialogue systems~\citep{cer2017semeval}.",radford2018improving;devlin2018bert;cer2017semeval,2411.10023,Model Inversion Attacks: A Survey of Approaches and Countermeasures,s1306,insufficient_resolved_lt_2
Defense_image.tex,"\revise{GAN-ID needs public data and shadow attacks, protects one class, and risks unintended behavior.} % On the other hand, \citet{LS} explored the procedure to reduce model overconfidence by adjusting the confidence score procedure.",LS,2411.10023,Model Inversion Attacks: A Survey of Approaches and Countermeasures,s1307,single_cite_key
main.tex,"On the other hand, \citet{adapt-9} investigated the suitability of vocabulary expansion, concluding that such an extension may not be advantageous when the scale of the training dataset is below billions of tokens.",adapt-9,2411.11072,Multilingual Large Language Models: A Systematic Survey,s1309,single_cite_key
main.tex,"Textual reviews, on the other hand, reveal detailed dimensions considered by different reviewers, offering a comprehensive view of the effects of diversity on the peer-review process \citep{Lee2012Kuhnian}.",Lee2012Kuhnian,2411.11437,Causal Effect of Group Diversity on Redundancy and Coverage in Peer-Reviewing,s1311,single_cite_key
main.tex,"On the other hand, ``the broader the intellectual territory covered, the less consensus there will be on the ranking'' \citep{brooks1978ResearchPriorities}.",brooks1978ResearchPriorities,2411.11437,Causal Effect of Group Diversity on Redundancy and Coverage in Peer-Reviewing,s1312,single_cite_key
main.tex,"medical history, nurse’s observations, etc) & GPT-2 & (+) GPT-2 outperformed word swap and word-embedding techniques \\ \cite{wang2023differentially}, 2023 & Privacy, security & Medical description data in English from CMS\footnote{\url{https://www.cms.gov/}} public healthcare records & Recurrent VAE & (+) Extending synthetic text data generator to the federated learning scenario \\ \cite{zhou2022datasiftertext}, 2022 & Privacy & Work-related injury description records in English, hospital visit",wang2023differentially;zhou2022datasiftertext;shim2021synthetic;kasthurirathne2021generative;al2021differentially;libbi2021generating;guan2019method,2411.12274,"A Review on Generative AI Models for Synthetic Medical Text, Time Series, and Longitudinal Data",s1314,likely_latex_artifact
acl2023.tex,"S2D on the other hand, tackles the challenge of constructing the ideal draft model for a target model \citep{kavehzadeh2024s2dsortedspeculativedecoding}.",kavehzadeh2024s2dsortedspeculativedecoding,2411.13157,Closer Look at Efficient Inference Methods: A Survey of Speculative Decoding,s1315,single_cite_key
neurips_2024.tex,"On the other hand, the \textbf{dialogue system} \cite{dubey2024llama} requires the model to possess a certain level of textual intelligence, including the ability to comprehend the knowledge of human society and generating professional and intelligent responses.",dubey2024llama,2411.13577,WavChat: A Survey of Spoken Dialogue Models,s1316,single_cite_key
neurips_2024.tex,"Moshi \cite{defossez2024moshi}, on the other hand, uses word-level speech-text temporal alignment information and special marker tokens to achieve similar parallel generation capabilities.",defossez2024moshi,2411.13577,WavChat: A Survey of Spoken Dialogue Models,s1319,single_cite_key
5.3.urban.tex,"Conversely, when humans operate vehicles, they typically observe and predict the current and future states of other traffic participants to determine their own driving strategies~\cite{survey_trajpre_2022}.",survey_trajpre_2022,2411.14499,Understanding World or Predicting Future? A Comprehensive Survey of World Models,s1320,single_cite_key
032_bench_eval.tex,"OpenCompass~\cite{2023opencompass}, on the other hand, supports multiple evaluation datasets and models through a one-stop evaluation approach, offering versatility and high scalability.",2023opencompass,2411.15296,MME-Survey: A Comprehensive Survey on Evaluation of Multimodal LLMs,s1322,single_cite_key
3_3_Optimization_Results.tex,"Recent work \cite{zhang2025crowd}, on the other hand, proposed Crowd-based Comparative Evaluation.",zhang2025crowd,2411.15594,A Survey on LLM-as-a-Judge,s1323,single_cite_key
arxiv-manuscript.tex,"% On the other hand, instead of generating the captions and questions based on the origin target image, Prophet \cite{shao2023prompting} improves the ability to select In-context instances and provide answer heuristics prompt.",shao2023prompting,2411.17558,Natural Language Understanding and Inference with MLLM in Visual Question Answering: A Survey,s1325,single_cite_key
03_2decoder.tex,"Conversely, mPLUG-2 \cite{xu2023mplug} adopts a unified model approach, managing all tasks within a single model, yet through different modules.",xu2023mplug,2412.03220,"Survey of different Large Language Model Architectures: Trends, Benchmarks, and Challenges",s1329,single_cite_key
game_framework.tex,"\citet{Qi2024CivRealmAL}, on the other hand, developed CivRealm based on the Civilization game.",Qi2024CivRealmAL,2412.03920,A Survey on Large Language Model-Based Social Agents in Game-Theoretic Scenarios,s1330,single_cite_key
overviewofllms.tex,"On the other hand, although precision is important for fluency and accuracy in certain instances, some variations in wording may be acceptable \cite{Mohan2023}.",Mohan2023,2412.04503,A Primer on Large Language Models and their Limitations,s1331,single_cite_key
mechanistic_interpretability_uq.tex,"On the other hand, the work in~\cite{engels2024not} suggests that there exists circular features corresponding to days of the week and months of the year, breaking the assumption that high-level features are linearly represented in the activation space.",engels2024not,2412.05563,"A Survey on Uncertainty Quantification of Large Language Models: Taxonomy, Open Research Challenges, and Future Directions",s1332,single_cite_key
Methodology.tex,"On the other hand, the LLM-as-a-Personalized-Judge approach~\cite{dong2024can} introduces a novel perspective by incorporating diverse evaluative roles and principles.",dong2024can,2412.05579,LLMs-as-Judges: A Comprehensive Survey on LLM-based Evaluation Methods,s1333,single_cite_key
Methodology.tex,"Conversely, Myrzakhan et al.~\cite{myrzakhan2024open} introduces the Open-LLM-Leaderboard, a new benchmark for evaluating LLMs using open-style questions, which eliminates selection bias and random guessing issues associated with multiple-choice questions.",myrzakhan2024open,2412.05579,LLMs-as-Judges: A Comprehensive Survey on LLM-based Evaluation Methods,s1334,single_cite_key
Methodology.tex,"On the other hand, for example, AIME~\cite{patel2024aime} is an evaluation protocol that utilizes multiple LLMs that each with a specific role independently generate an evaluation on separate criteria and then combine them via concatenation.",patel2024aime,2412.05579,LLMs-as-Judges: A Comprehensive Survey on LLM-based Evaluation Methods,s1335,single_cite_key
Functionality.tex,"On the other hand, SELF-DEBUGGING~\cite{chen2023teaching} demonstrates a practical application of self-correction in code generation by identifying and rectifying errors through self-explanation and feedback.",chen2023teaching,2412.05579,LLMs-as-Judges: A Comprehensive Survey on LLM-based Evaluation Methods,s1336,single_cite_key
Functionality.tex,"ReSTEM~\cite{singh2023beyond}, on the other hand, utilizes a self-training approach based on the expectation-maximization framework to enhance the problem-solving capabilities of large language models, particularly in areas such as solving mathematical problems and generating code.",singh2023beyond,2412.05579,LLMs-as-Judges: A Comprehensive Survey on LLM-based Evaluation Methods,s1337,single_cite_key
Meta_evaluation.tex,"The PERSONA-CHAT~\cite{zhang2018personalizing} dataset, on the other hand, focuses on enhancing dialogue systems by incorporating predefined personas to generate more personalized responses.",zhang2018personalizing,2412.05579,LLMs-as-Judges: A Comprehensive Survey on LLM-based Evaluation Methods,s1338,single_cite_key
bare_adv.tex,"On the other hand, the multidimensional emotions theory suggests that emotions can be viewed along a continuous spectrum, often defined by dimensions such as 2D (valence and arousal) \cite{wilson2003real} or 3D (valence, arousal, and dominance) \cite{mehrabian1996pleasure}.",wilson2003real;mehrabian1996pleasure,2412.07116,A Review of Human Emotion Synthesis Based on Generative Technology,s1339,all_keys_unresolved
arxiv_revised_version.tex,"On the other hand, CoCoT~\cite{zhang2024cocot} prompts the VLM to derive comparison results across multiple input images as intermediate rationales to enhance VLM's reasoning capabilities on tasks involving multi images.",zhang2024cocot,2412.08158,How Vision-Language Tasks Benefit from Large Pre-trained Models: A Survey,s1341,single_cite_key
arxiv_revised_version.tex,"On the other hand, given text as queries to retrieve visual content, a VLM attends to a sparse set of the input text~\cite{paiss2022no} where adjectives, numbers, and prepositions are often ignored.",paiss2022no,2412.08158,How Vision-Language Tasks Benefit from Large Pre-trained Models: A Survey,s1342,single_cite_key
pain-points.tex,"Conversely, some datasets that aim to produce high-quality, low-noise data, tend to be smaller and cover a low number of vulnerabilities (e.g., SVEN~\cite{He_2023}).",He_2023,2412.11194,Direction for Detection: A Survey of Automated Vulnerability Detection and all of its Pain Points,s1345,single_cite_key
3_unintended.tex,"\subsection{Factuality Hallucinations}\label{sec:hallucination} \textit{Factuality hallucinations} \cite{Huang2023ASO}, \textit{i.e.}, the model output diverges from real-world facts, typically stem from the following causes, relating to the model-specific unknown knowledge.",Huang2023ASO,2412.12472,Knowledge Boundary of Large Language Models: A Survey,s1347,single_cite_key
1-intro.tex,"On the other hand, causal language modeling (CLM), learning to predict every next token given its preceding context, is more effective in utilizing both model parameters and training corpora to pre-train generative models~\cite{radford2018improving}, which is proven to have scaling law w.r.t.",radford2018improving,2412.12591,LLMs are Also Effective Embedding Models: An In-depth Overview,s1348,single_cite_key
2-basic.tex,"On the other hand, some follow-up works constructed unsupervised training objectives at sequence (e.g., sentence) level, such as Skip-Thought~\cite{kiros2015skip}.",kiros2015skip,2412.12591,LLMs are Also Effective Embedding Models: An In-depth Overview,s1350,single_cite_key
acl2023.tex,"% \citet{huang2024calibrating}, on the other hand, used ChatGPT-4 to generate correctness distribution curves to quantify human assessments of response quality.",huang2024calibrating,2412.12767,A Survey of Calibration Process for Black-Box LLMs,s1351,single_cite_key
acl2023.tex,"Isotonic Regression \cite{jiang2011smooth}, on the other hand, seeks an optimal monotonically increasing function $f(c)$ to map the model’s confidence $ c_1, c_2, \dots, c_n $ to correctness.",jiang2011smooth,2412.12767,A Survey of Calibration Process for Black-Box LLMs,s1352,single_cite_key
main.tex,"TagCLIP~\cite{lin2024tagclip}, on the other hand, employs a \enquote{local-to-global} framework to enhance interpretability and classification capabilities.",lin2024tagclip,2412.14056,"A Review of Multimodal Explainable Artificial Intelligence: Past, Present and Future",s1353,single_cite_key
main.tex,"On the other hand, analyzing outputs from problem-branching networks and the master model helps users understand multimodal information fusion and unimodal bias~\cite{cadene2019rubi}.",cadene2019rubi,2412.14056,"A Review of Multimodal Explainable Artificial Intelligence: Past, Present and Future",s1354,single_cite_key
main.tex,"Conversely, Cao et al.~\cite{cao2019interpretable} adopt a dependency tree to enhance interpretability in VQA.",cao2019interpretable,2412.14056,"A Review of Multimodal Explainable Artificial Intelligence: Past, Present and Future",s1355,single_cite_key
main.tex,"Conversely,~\cite{liang2023multimodal} introduces a method to quantify multimodal interactions, highlighting how intermodal interactions enhance signal fusion.",liang2023multimodal,2412.14056,"A Review of Multimodal Explainable Artificial Intelligence: Past, Present and Future",s1356,single_cite_key
LLMDAsurvey_Arx2.tex,"On the other hand, End-to-end data agents \citep{guo2024ds, qiao2023taskweaver,hong2024data,chi2024sela,jiang2024aide,li2024autokaggle,trirat2024automl,grosnit2024large} are designed to allow users to issue a single prompt that encompasses all requirements.","guo2024ds, qiao2023taskweaver,hong2024data,chi2024sela,jiang2024aide,li2024autokaggle,trirat2024automl,grosnit2024large",2412.14222,A Survey on Large Language Model-based Agents for Statistics and Data Science,s1357,likely_latex_artifact
LLMDAsurvey_Arx2.tex,"HuggingGPT \citep{shen2024hugginggpt}, on the other hand, uses LLMs to coordinate a variety of expert models from platforms such as Hugging Face, solving a broader range of AI tasks across multiple modalities.",shen2024hugginggpt,2412.14222,A Survey on Large Language Model-based Agents for Statistics and Data Science,s1358,single_cite_key
template.tex,"On the other hand, the request–response model has the advantage in providing reliable, real-time interactions, particularly when the server can manage high traffic volumes and meet client demands effectively~\cite{sachs2010benchmarking}.",sachs2010benchmarking,2412.14708,Creation of AI-driven Smart Spaces for Enhanced Indoor Environments -- A Survey,s1359,single_cite_key
template.tex,"The cloud computing on the other hand can function as a processing platform either by directly receiving data from sensors or by serving as a combined processing facility alongside edge computing, following the edge-cloud computing continuum architecture~\cite{kokkonen2022autonomy}.",kokkonen2022autonomy,2412.14708,Creation of AI-driven Smart Spaces for Enhanced Indoor Environments -- A Survey,s1360,single_cite_key
rwkv.tex,"Conversely, RWKV excels by offering greater efficiency, quicker inference times, and reduced memory usage during operation~\cite{yuan2024mamba}.",yuan2024mamba,2412.14847,A Survey of RWKV,s1361,single_cite_key
main.tex,"On the other hand, we use Llama-3-Eval, an open-source variant of the widely used G-Eval metric~\citep{liu-etal-2023-g}, as G-Eval has been shown to correlate better with human preferences.",liu-etal-2023-g,2412.15249,"LitLLMs, LLMs for Literature Review: Are we there yet?",s1362,single_cite_key
sn-article.tex,"On the other hand, although AI brings opportunities for education, it may also present risks \cite{rahman2023chatgpt}: the unsupervised and extensive use of these tools, for example for home assignments that were designed before the public release of AI assistants, may lead to unintended consequences.",rahman2023chatgpt,2412.17486,Is ChatGPT Massively Used by Students Nowadays? A Survey on the Use of Large Language Models such as ChatGPT in Educational Settings,s1364,single_cite_key
Robustness_to_Attack.tex,"Conversely, for novel ciphers crafted by users, LLMs may require in-context demonstrations to comprehend the rules of these ciphers and subsequently produce harmful responses based on encoded inputs \citep{DBLP:conf/iclr/YuanJW0H0T24}.",DBLP:conf/iclr/YuanJW0H0T24,2412.17686,Large Language Model Safety: A Holistic Survey,s1368,single_cite_key
acl2023.tex,"On the other hand, \citet{ijcai2020p0461} introduce the Label Attention Model (LAAT), using a bidirectional long short-term memory (LSTM) to capture clinical context in text.",ijcai2020p0461,2412.18043,Aligning AI Research with the Needs of Clinical Coding Workflows: Eight Recommendations Based on US Data Analysis and Critical Review,s1371,single_cite_key
5_domain.tex,"On the other hand, \cite{zhao2024domain} focuses on cross-domain knowledge graphs by capitalizing on natural relationships between items across domains, such as books and their movie adaptations.",zhao2024domain,2501.01945,Cold-Start Recommendation towards the Era of Large Language Models (LLMs): A Comprehensive Survey and Roadmap,s1380,single_cite_key
50-Challenges.tex,"On the other hand, AMBER \cite{wang2023llm} is an \abr{llm}-free multi-dimensional benchmark designed for both generative and discriminative tasks with annotation for 4 types of hallucination.",wang2023llm,2501.02189,"A Survey of State of the Art Large Vision Language Models: Alignment, Benchmark, Evaluations and Challenges",s1381,single_cite_key
1-introduction.tex,"However, on the one hand, further scaling in the training phase becomes difficult due to the scarcity of data and computational resources~\citep{villalobos2024rundatalimitsllm}; on the other hand, existing models still perform far below expectations in terms of robustness and handling complex tasks.",villalobos2024rundatalimitsllm,2501.02497,A Survey of Test-Time Compute: From Intuitive Inference to Deliberate Reasoning,s1383,single_cite_key
1_Preprint_ArXiv.tex,"Conversely, information in the context window can also provide additional knowledge to enrich long-term memory \cite{li2024needlebench,xiao2024infllm}.","li2024needlebench,xiao2024infllm",2501.03151,Large language models for artificial general intelligence (AGI): A survey of foundational principles and approaches,s1384,all_keys_unresolved
section3.tex,"Despite its prowess, the autoregressive nature of these models imbues them with an intrinsic limitation: the inability to leverage future context in token prediction, constraining their context comprehension to a unidirectional scope.\\ BERT and its variants, on the other hand, employ a masked language model (MLM) objective, where random words in a sentence are masked, and the model is trained to predict these masked words based on their context, integrating both preceding and succeeding context",devlin2019bert,2501.04040,A Survey on Large Language Models with some Insights on their Capabilities and Limitations,s1385,single_cite_key
section3.tex,"Source: \textcite{wikipedia}} languages, which potentially leads to bias in the pre-training data and diminishes the corpus diversity.\\ On the other hand, heuristic-based filtering involves setting predefined rules to identify and remove noisy data~\cite{workshop2023bloom, rae2021scaling}.","workshop2023bloom, rae2021scaling",2501.04040,A Survey on Large Language Models with some Insights on their Capabilities and Limitations,s1386,all_keys_unresolved
section4.tex,"On the other hand, Manual-CoT uses manually designed demonstrations one by one, which can be expensive and time-consuming to create~\cite{wei2022chain}.",wei2022chain,2501.04040,A Survey on Large Language Models with some Insights on their Capabilities and Limitations,s1387,single_cite_key
ma_colab_arvix.tex,"On the other hand, as studied in~\cite{wang-etal-2024-rethinking-bounds} MAS approach with suboptimal design for their competitive collaboration channels can be overtaken by single-agent counterpart with strong prompts.",wang-etal-2024-rethinking-bounds,2501.06322,Multi-Agent Collaboration Mechanisms: A Survey of LLMs,s1389,single_cite_key
related_works.tex,CeeBERT \cite{bajpai2024ceebert} on the other hand learns the optimal threshold using Multi-Armed Bandits setup under the case that the test data distribution is different from the training dataset.,bajpai2024ceebert,2501.07670,A Survey of Early Exit Deep Neural Networks in NLP,s1390,single_cite_key
problem_setup.tex,"ElasticBERT \cite{liu2021elasticbert} on the other hand performs the training of the BERT backbone from scratch i.e., during pre-training of the BERT backbone, the MLM and SOP heads are attached to every layer instead of just the final layer.",liu2021elasticbert,2501.07670,A Survey of Early Exit Deep Neural Networks in NLP,s1391,single_cite_key
problem_setup.tex,"LeeBERT \cite{zhu2021leebert} on the other hand, instead of learning from only the final classifier allows knowledge to be distilled within multiple exits.",zhu2021leebert,2501.07670,A Survey of Early Exit Deep Neural Networks in NLP,s1392,single_cite_key
problem_setup.tex,JEI-DNN \cite{chataoui2023jointly} on the other hand jointly learns a probability distribution along with the classifier weights where it learns a distribution over the set of layers and during inference this distribution is utilized to decide the exiting of the sample from a particular intermediate exit without checking at other exits.,chataoui2023jointly,2501.07670,A Survey of Early Exit Deep Neural Networks in NLP,s1393,single_cite_key
A_Survey_of_Pedophile_Attribution_Techniques_for_Online_Platforms.tex,"On the other hand, authors of \cite{neal2017surveying} have listed 13 publicly available data sets for the general author attribution task, none of which are related to pedophiles or sexual predators.",neal2017surveying,2501.08296,A Survey on Pedophile Attribution Techniques for Online Platforms,s1394,single_cite_key
section1_introduction.tex,"On the other hand, it is well-known that LLMs may experience hallucinations, resulting in the production of texts that are inaccurate and misleading~\cite{tonmoy2024comprehensive}.",tonmoy2024comprehensive,2501.09431,"A Survey on Responsible LLMs: Inherent Risk, Malicious Use, and Mitigation Strategy",s1397,single_cite_key
main.tex,"On the other hand, in current LLM research, the mixture of experts (MoE) technique has achieved notable success~\cite{shazeer2017outrageously}, which utilizes a sparse combination of expert modules for processing diverse inputs.",shazeer2017outrageously,2501.09431,"A Survey on Responsible LLMs: Inherent Risk, Malicious Use, and Mitigation Strategy",s1398,single_cite_key
main.tex,"On the other hand, the General Data Protection Regulation (GDPR) mandates greater transparency in privacy policies for data processing in Europe~\cite{voigt2017eu}.",voigt2017eu,2501.10319,Natural Language Processing of Privacy Policies: A Survey,s1400,single_cite_key
main.tex,"On the other hand, SVM outperformed models such as logistic regression and the hidden Markov model for automated classification of policy segments with categories from the OPP-115 corpus~\cite{wilson2016creation}.",wilson2016creation,2501.10319,Natural Language Processing of Privacy Policies: A Survey,s1401,single_cite_key
MemOPT_AI4S.tex,"On the other hand, Zo-AdaMU \cite{jiang_zoadamu_2024} handles the problems of oscillation, overfitting, and slow convergence in MeZO by incorporating momentum and uncertainty into simulated perturbations to refine gradient estimation.",jiang_zoadamu_2024,2501.11847,A Survey on Memory-Efficient Transformer-Based Model Training in AI for Science,s1402,single_cite_key
04-results.tex,"On the other hand, \citet{liao2023designer} interviewed 23 UX practitioners to explore the design space around LLMs supporting ideation, including their needs around model transparency.",liao2023designer,2501.12557,Understanding the LLM-ification of CHI: Unpacking the Impact of LLMs at CHI through a Systematic Literature Review,s1404,single_cite_key
05-discussion.tex,"As \citet{palmer2024using} discuss, closed models are at odds with the transparency and reproducibility expected of research.",palmer2024using,2501.12557,Understanding the LLM-ification of CHI: Unpacking the Impact of LLMs at CHI through a Systematic Literature Review,s1405,single_cite_key
coling_latex.tex,"%\citet{keleg2023aldi} define it as a regression problem, where the dialectness level reflects the extent by which a sentence diverges from MSA.",keleg2023aldi,2501.13419,"A Survey of Code-switched Arabic NLP: Progress, Challenges, and Future Directions",s1406,single_cite_key
coling_latex.tex,"1973?} \citet{keleg2023aldi} define the level of dialectness as a value in the range [0,1] reflecting the extent by which a sentence diverges from MSA.",keleg2023aldi,2501.13419,"A Survey of Code-switched Arabic NLP: Progress, Challenges, and Future Directions",s1407,single_cite_key
coling_latex.tex,"Back-translation, on the other hand, was found to be capable of generating sentences with correct morphological CSW \cite{hamed2023data}.",hamed2023data,2501.13419,"A Survey of Code-switched Arabic NLP: Progress, Challenges, and Future Directions",s1408,single_cite_key
paper.tex,"Unsupervised learning, on the other hand, uses statistical algorithms to identify patterns in unlabeled data \cite{ariruna_dasgupta_classification_2016}.",ariruna_dasgupta_classification_2016,2501.16112,Survey: Understand the challenges of MachineLearning Experts using Named EntityRecognition Tools,s1409,single_cite_key
paper.tex,"Unsupervised learning \cite{ariruna_dasgupta_classification_2016}, on the other hand, relies only on statistical algorithms to detect patterns from unlabeled data.",ariruna_dasgupta_classification_2016,2501.16112,Survey: Understand the challenges of MachineLearning Experts using Named EntityRecognition Tools,s1410,single_cite_key
main.tex,"On the other hand,~\cite{DBLP:conf/lirai/BauerSGA23} used a Longformer encoder, pre-trained on the LegalBART objective using 6 million U.S.",DBLP:conf/lirai/BauerSGA23,2501.17830,A Comprehensive Survey on Legal Summarization: Challenges and Future Directions,s1411,single_cite_key
main.tex,"On the other hand,~\cite{10.1145/3322640.3326728} developed a CNN-based model that selects predictive sentences from legal case documents.",10.1145/3322640.3326728,2501.17830,A Comprehensive Survey on Legal Summarization: Challenges and Future Directions,s1412,single_cite_key
main.tex,"On the other hand,~\citet{elaraby2024adding} focuses on a human evaluation strategy for legal summarization.",elaraby2024adding,2501.17830,A Comprehensive Survey on Legal Summarization: Challenges and Future Directions,s1413,single_cite_key
main.tex,"Conversely, if an AI achieves performance comparable to a human expert, interpretability reinforces end-user trust in the system~\cite{glikson2020human}.",glikson2020human,2502.00837,Explainability in Practice: A Survey of Explainable NLP Across Various Domains,s1414,single_cite_key
02_related_work.tex,"% The Instagram dataset~\cite{hosseinmardi2015detection}, on the other hand, is derived from one of the most popular social networking sites where users frequently report experiences of cyberbullying.",hosseinmardi2015detection,2502.01676,Benchmark on Peer Review Toxic Detection: A Challenging Task with a New Dataset,s1415,single_cite_key
02_related_work.tex,"The Instagram dataset~\cite{hosseinmardi2015detection}, on the other hand, is derived from one of the most popular social networking sites where users frequently report experiences of cyberbullying.",hosseinmardi2015detection,2502.01676,Benchmark on Peer Review Toxic Detection: A Challenging Task with a New Dataset,s1416,single_cite_key
2-Backgrounds.tex,"On the other hand, a \textbf{decentralized} paradigm distributes task-level decision-making among the robots, enabling them to operate resiliently~\cite{rizk2019cooperative}.",rizk2019cooperative,2502.03814,Large Language Models for Multi-Robot Systems: A Survey,s1417,single_cite_key
4-LLM-MRS.tex,"On the other hand, Gupte \etal~\cite{gupte_rebel_2024} proposed an LLM-based framework to solve Initial Task Allocation for a multi-robot multi-human system.",gupte_rebel_2024,2502.03814,Large Language Models for Multi-Robot Systems: A Survey,s1419,single_cite_key
4-LLM-MRS.tex,"On the other hand, Liu \etal~\cite{liu_coherent_2024} proposed the \textbf{COHERENT} framework, which utilizes a Proposal-Execution-Feedback-Adjustment (PEFA) mechanism for task planning in heterogeneous MRS.",liu_coherent_2024,2502.03814,Large Language Models for Multi-Robot Systems: A Survey,s1420,single_cite_key
4-LLM-MRS.tex,"On the other hand, Garg \etal~\cite{garg_foundation_2024} used LLMs to resolve deadlocks in connected multi-robot navigation systems.",garg_foundation_2024,2502.03814,Large Language Models for Multi-Robot Systems: A Survey,s1421,single_cite_key
2.vfm.tex,"\textbf{ViTGuard}~\cite{sun2024vitguard}, on the other hand, employs a masked autoencoder to detect patch attacks by analyzing attention maps and CLS token representations.",sun2024vitguard,2502.05206,Safety at Scale: A Comprehensive Survey of Large Model and Agent Safety,s1422,single_cite_key
2.vfm.tex,"\textbf{DarkSAM}~\cite{zhou2024darksam}, on the other hand, introduces a hybrid spatial-frequency framework that combines semantic decoupling and texture distortion to generate universal perturbations.",zhou2024darksam,2502.05206,Safety at Scale: A Comprehensive Survey of Large Model and Agent Safety,s1423,single_cite_key
3.llm.tex,"\textbf{IBProtector}, on the other hand, \cite{liu2024protecting} perturbs the encoded input using the information bottleneck principle.",liu2024protecting,2502.05206,Safety at Scale: A Comprehensive Survey of Large Model and Agent Safety,s1424,single_cite_key
LMM_survey-R1.tex,"Conversely, for rapid prototyping or tasks where text modality dominates (e.g.~in Bengali hate speech detection, where a text-only XLM-RoBERTa achieves $F1=0.82$ vs.~$F1=0.83$ for the multimodal pipeline \citep{2022-karim}), simpler approaches may be preferable.",2022-karim,2502.05568,Large Multimodal Models for Low-Resource Languages: A Survey,s1425,single_cite_key
Review.tex,"On the other hand, the speech-to-speech model translates languages into another directly hence avoiding compound errors observed when using the cascade approach \cite{jia}.",jia,2502.05980,Speech to Speech Translation with Translatotron: A State of the Art Review,s1426,single_cite_key
2preliminaries.tex,"On the other hand, for open domain question answering where answers are more unstructured, Exact Match (EM) and Lexical Match are commonly used~\cite{zhang-etal-2023-survey-efficient}.",zhang-etal-2023-survey-efficient,2502.06872,Towards Trustworthy Retrieval Augmented Generation for Large Language Models: A Survey,s1428,single_cite_key
2preliminaries.tex,"On the other hand, the surveys on LLM trustworthiness focus mostly on the generation aspects of LLMs, such as mitigating hallucinations or enhancing explainability, and cannot be directly applied to RAG models due to the added complexity introduced by the retrieval and augmentation stages~\cite{trustworthy_llms_2024}.",trustworthy_llms_2024,2502.06872,Towards Trustworthy Retrieval Augmented Generation for Large Language Models: A Survey,s1429,single_cite_key
4privacy.tex,"The HealthcareMagic-101 dataset~\cite{zeng2024mitigating}, on the other hand, consists of doctor-patient dialogues, encompassing a variety of medical discussions that include personally identifiable information (PII) and private health information.",zeng2024mitigating,2502.06872,Towards Trustworthy Retrieval Augmented Generation for Large Language Models: A Survey,s1430,single_cite_key
main.tex,"Conversely, some works have introduced the problem as a topic coverage task \cite{kou2015weighted}.",kou2015weighted,2502.07683,exHarmony: Authorship and Citations for Benchmarking the Reviewer Assignment Problem,s1431,single_cite_key
Revised_Manusript.tex,"Conversely, in single-stream models, modality fusion is inherently integrated within a unified encoder, which is typically a multi-layer transformer \cite{visionlanguageintelligencetasksrepresentation}.} \label{Single vs dual} \end{figure*} VLMs are designed to process and integrate visual and textual information simultaneously.",visionlanguageintelligencetasksrepresentation,2502.07855,Vision-Language Models for Edge Networks: A Comprehensive Survey,s1432,single_cite_key
Revised_Manusript.tex,"On the other hand, for heavy computing tasks, such as real-time image processing in smart cameras, GPUs or special processors like Application-Specific Integrated Circuits (ASICs) may be used \cite{karthikeyan2019applications}.",karthikeyan2019applications,2502.07855,Vision-Language Models for Edge Networks: A Comprehensive Survey,s1433,single_cite_key
paper.tex,"On the other hand, Self-Supervised Learning (SSL) represents one of the most recent and competitive paradigms within the deep learning field, aimed at alleviating the large amount of labeled data required by deep neural models for learning \cite{LeCunn2021}.",LeCunn2021,2502.08417,Handwritten Text Recognition: A Survey,s1437,single_cite_key
acl2023.tex,"On the other hand, BERTScore computes the similarities between BERT \cite{devlin2019bert} embeddings of two sentences.",devlin2019bert,2502.08796,A Systematic Review on the Evaluation of Large Language Models in Theory of Mind Tasks,s1438,single_cite_key
acl2023.tex,"\citet{bianchi2024llmsnegotiatenegotiationarenaplatform}, on the other hand, observe some tactics used by LLMs to improve their success but also note some irrational behavior.",bianchi2024llmsnegotiatenegotiationarenaplatform,2502.08796,A Systematic Review on the Evaluation of Large Language Models in Theory of Mind Tasks,s1439,single_cite_key
acl2023.tex,"On the other hand, \citet{mireshghallah2024llmssecrettestingprivacy} highlights that using zero-shot CoT does not improve privacy, and in fact, it makes leakage more severe.",mireshghallah2024llmssecrettestingprivacy,2502.08796,A Systematic Review on the Evaluation of Large Language Models in Theory of Mind Tasks,s1440,single_cite_key
3_game_for_llm_algorithms.tex,"On the other hand, Chen et al.~\cite{chen2024decoding} proposed the Decoding Game, a theoretical framework that reimagines text generation as a zero-sum game against an adversarial ``Nature.'' Their analysis shows that this framing provides the first theoretical justification for the empirical success of heuristic methods like Top-k sampling.",chen2024decoding,2502.09053,Game Theory Meets Large Language Models: A Systematic Survey with Taxonomy and New Frontiers,s1442,single_cite_key
ijcai25.tex,"Conversely, data-driven methods (e.g., instruction tuning on LogicBench~\cite{parmar2024logicbench}) achieve broader task coverage but fail to generalize beyond syntactic patterns.",parmar2024logicbench,2502.09100,Logical Reasoning in Large Language Models: A Survey,s1443,single_cite_key
acl_latex.tex,"Interactive teaching, on the other hand, benefits from models like SocraticLM~\citep{liusocraticlm}, which employs adapters fine-tuned on the SocraTeach dataset to engage students in critical thinking and problem-solving.",liusocraticlm,2502.10708,Injecting Domain-Specific Knowledge into Large Language Models: A Comprehensive Survey,s1446,single_cite_key
02-rw.tex,"On the other hand, in abstract writing tasks, LLMs are often used for polishing and text completion\cite{khalifa2024using}, such as generating the Background for the abstract.",khalifa2024using,2502.11193,Large Language Models Penetration in Scholarly Writing and Peer Review,s1447,single_cite_key
02-related-works.tex,"% On the other hand, in abstract writing tasks, LLMs are often used for polishing and text completion\cite{khalifa2024using}, such as generating the Background for the abstract.",khalifa2024using,2502.11193,Large Language Models Penetration in Scholarly Writing and Peer Review,s1448,single_cite_key
appendix.tex,"On the other hand, LLM agents have shown good performance in various fields~\cite{Wang_2024_surveyllmagents}, and it would be worth investigating whether LLM agents can serve a role in enhancing existing AL algorithms, for example, as better drop-in replacement for expensive annotation efforts.",Wang_2024_surveyllmagents,2502.11767,From Selection to Generation: A Survey of LLM-based Active Learning,s1449,single_cite_key
A2_resources.tex,"On the other hand, synthetic, algorithmic reasoning tasks like BIG-Bench-Hard \citep{suzgun2022challengingbigbenchtaskschainofthought} are linguistically uniform.",suzgun2022challengingbigbenchtaskschainofthought,2502.12289,Evaluating Step-by-step Reasoning Traces: A Survey,s1451,single_cite_key
acl_latex.tex,"Fine-tuning, on the other hand, leads to degraded performance \citep{bubeck_sparks_2023}.",bubeck_sparks_2023,2502.12598,Bring Your Own Knowledge: A Survey of Methods for LLM Knowledge Expansion,s1452,single_cite_key
01-Introduction.tex,"% Agent-oriented metrics, on the other hand, assess intrinsic, task-agnostic qualities, such as consistency~\cite{shao-etal-2023-character} and robustness~\cite{shao-etal-2023-character}, but fail to account for how the generated data influences downstream tasks.",shao-etal-2023-character;shao-etal-2023-character,2502.13012,Towards a Design Guideline for RPA Evaluation: A Survey of Large Language Model-Based Role-Playing Agents,s1453,single_cite_key
main_vulnerability.tex,"Ultrasonic sensors, on the other hand, are often employed in robotic arms and grippers for precise object detection and proximity sensing, especially in close-range applications \cite{bostelman1989electronics}.",bostelman1989electronics,2502.13175,Towards Robust and Secure Embodied AI: A Survey on Vulnerabilities and Attacks,s1454,single_cite_key
main.tex,"On the other hand, ReasonEval \citep{xia2024evaluating} presents a metric to score solution paths through their validity and redundancy.",xia2024evaluating,2502.14333,A Survey on Feedback-based Multi-step Reasoning for Large Language Models on Mathematics,s1455,single_cite_key
main.tex,"On the other hand, HGS-PRM \citep{ma2023let} applies the greedy search algorithm to select the best solution path with a PRM.",ma2023let,2502.14333,A Survey on Feedback-based Multi-step Reasoning for Large Language Models on Mathematics,s1456,single_cite_key
main.tex,"On the other hand, RSD \citep{liao2025RewardGuided} combines a PRM with speculative decoding to improve the decoding efficiency.",liao2025RewardGuided,2502.14333,A Survey on Feedback-based Multi-step Reasoning for Large Language Models on Mathematics,s1457,single_cite_key
main.tex,"On the other hand, ReST-MCTS* \citep{zhang2024rest} integrates a PRM with MCTS to collect reasoning steps and their labels to enhance self-training of the language model as the policy model.",zhang2024rest,2502.14333,A Survey on Feedback-based Multi-step Reasoning for Large Language Models on Mathematics,s1458,single_cite_key
main.tex,"On the other hand, REFINER \citep{paul2024refiner} trains a generator model to generate solution paths and a critic model to provide feedback to one of the generated paths in an iterative fashion.",paul2024refiner,2502.14333,A Survey on Feedback-based Multi-step Reasoning for Large Language Models on Mathematics,s1459,single_cite_key
main.tex,"On the other hand, OVM \citep{yu2024ovm} utilizes a trained ORM to guide beam search in inference by evaluating at the step level and leveraging outcome rewards as process rewards.",yu2024ovm,2502.14333,A Survey on Feedback-based Multi-step Reasoning for Large Language Models on Mathematics,s1460,single_cite_key
main.tex,"On the other hand, \citet{setlur2024rewarding} measures the advantage of each step defined as the gain in likelihood of reaching the correct answer by taking that step, and combines with an ORM.",setlur2024rewarding,2502.14333,A Survey on Feedback-based Multi-step Reasoning for Large Language Models on Mathematics,s1461,single_cite_key
main.tex,"On the other hand, CoT Rerailer \citep{wan2024cot} generates multiple solution paths and selects the least hallucinated one for an LLM agent to verify each step.",wan2024cot,2502.14333,A Survey on Feedback-based Multi-step Reasoning for Large Language Models on Mathematics,s1462,single_cite_key
sec_methods.tex,"On the other hand, GuardT2I~\cite{Yang2024GuardT2IDT} detects adversarial prompts that attempt to bypass safety mechanisms, leveraging a fine-tuned LLM to analyze and reject unsafe queries before image generation.",Yang2024GuardT2IDT,2502.14896,A Comprehensive Survey on Concept Erasure in Text-to-Image Diffusion Models,s1465,single_cite_key
ijcai25.tex,"On the other hand, the pre-training corpus of LLMs primarily consists of human-written texts, which lack high-quality logical reasoning samples such as logical deduction and proofs~\cite{morishitaenhancing}.",morishitaenhancing,2502.15652,Empowering LLMs with Logical Reasoning: A Comprehensive Survey,s1466,single_cite_key
ijcai25.tex,"On the other hand, while LLM inference is involved in every searching step, solving a problem typically requires numerous such steps, resulting in a significant computational cost~\cite{yang2023neuro}.",yang2023neuro,2502.15652,Empowering LLMs with Logical Reasoning: A Comprehensive Survey,s1467,single_cite_key
form.tex,"The \citet{hoffmann2022training} form, on the other hand, consists of 3 additive sources of error, $E$ representing the irreducible error that would exist even with infinite data and compute budget, as well as two terms representing the error introduced by limited parameters and limited data, respectively.",hoffmann2022training,2502.18969,(Mis)Fitting: A Survey of Scaling Laws,s1470,single_cite_key
survey.tex,"Conversely, larger explanation sizes indicate lower inconsistency degrees, as illustrated in the Lottery paradox~\cite{hunter2010measure}.",hunter2010measure,2502.19023,Dealing with Inconsistency for Reasoning over Knowledge Graphs: A Survey,s1471,single_cite_key
main.tex,"Conversely,~\cite{daeli2020sentiment} focused on the Cornell movie review dataset, solely utilizing KNN with the information gain technique, yielding an accuracy of 90.8\%.",daeli2020sentiment,2502.20682,Fine-tuning BERT with Bidirectional LSTM for Fine-grained Movie Reviews Sentiment Analysis,s1474,single_cite_key
main.tex,"Conversely,~\cite{li2019exploiting} explored the potential of contextualized embeddings from BERT in an end-to-end ABSA task, focusing on integrating BERT embeddings with various neural models.",li2019exploiting,2502.20682,Fine-tuning BERT with Bidirectional LSTM for Fine-grained Movie Reviews Sentiment Analysis,s1475,single_cite_key
main.tex,"Conversely,~\cite{munikar2019fine} employed BERT for both binary and fine-grained classifications on SST-2 and SST-5 datasets, respectively.",munikar2019fine,2502.20682,Fine-tuning BERT with Bidirectional LSTM for Fine-grained Movie Reviews Sentiment Analysis,s1476,single_cite_key
main.tex,"Conversely, the remaining 50\% involve pairs where a random sentence from the corpus is chosen as the second sentence \cite{munikar2019fine}.",munikar2019fine,2502.20682,Fine-tuning BERT with Bidirectional LSTM for Fine-grained Movie Reviews Sentiment Analysis,s1477,single_cite_key
read_main.tex,"On the other hand, benchmarks are constructed from evaluation datasets and metrics where test cases create an evaluation dataset \cite{benchmark}.",benchmark,2503.01245,"Large Language Models for Code Generation: A Comprehensive Survey of Challenges, Techniques, Evaluation, and Applications",s1478,single_cite_key
99-appendix.tex,"Facilitators, on the other hand, guide discussions, promote participation and structured dialogue, particularly in online deliberation and education platforms \cite{Asterhan2010OnlineMO}.",Asterhan2010OnlineMO,2503.01513,Evaluation and Facilitation of Online Discussions in the LLM Era: A Survey,s1479,single_cite_key
papers_taxonomy.tex,"On the other hand, this solution lacks insight into the general semantics of the response, and does not generalize to concepts that are not expressed in the keyword list \cite{moser2007limits}.",moser2007limits,2503.01742,Building Safe GenAI Applications: An End-to-End Overview of Red Teaming for Large Language Models,s1480,single_cite_key
papers_taxonomy.tex,"\textbf{LLMs-as-Judges}, on the other hand, are often leveraged due to their low barrier of entry and impressive performance \cite{zheng2023judgingllmasajudgemtbenchchatbot}.",zheng2023judgingllmasajudgemtbenchchatbot,2503.01742,Building Safe GenAI Applications: An End-to-End Overview of Red Teaming for Large Language Models,s1481,single_cite_key
07-others.tex,"Conversely, SERAC~\citep{mitchell2022memory} integrates a counterfact model with a classifier to determine the applicability of new knowledge sources, offering a minimally invasive approach that preserves the base model’s integrity without necessitating extensive structural modifications.",mitchell2022memory,2503.06072,A Survey on Post-training of Large Language Models,s1483,single_cite_key
manuscript.tex,"On the other hand, there is concern that early career software developers might not have mastered the core competencies in software engineering (e.g., coding, and testing) to be able to use those tools properly \cite{kam:2025}.",kam:2025,2503.07556,Novice Developers' Perspectives on Adopting LLMs for Software Development: A Systematic Literature Review,s1484,single_cite_key
methods.tex,"HistoGPT-L, on the other hand, employs a graph convolutional network (GNN) ~\cite{kipf2016semi} to encode WSI-level positional information, eliminating the need for a pre-trained WSI encoder.",kipf2016semi,2503.09091,Multi-Modal Foundation Models for Computational Pathology: A Survey,s1485,single_cite_key
Section5_GeometricImpedanceControl.tex,"On the other hand, the configuration error $g_{de}$ is directly interpreted as an element on the manifold $\SE$, and the time-derivative of $g_{de} = g_d^{-1}g$ is dealt with in \cite{teng2022lie} in the following way.",teng2022lie,2503.09829,SE(3)-Equivariant Robot Learning and Control: A Tutorial Survey,s1491,single_cite_key
main_ACM_V2.tex,"LLMs, on the other hand, can potentially address this issue by leveraging their ability to process and make sense of unstructured data~\cite{vijayan2023prompt}.",vijayan2023prompt,2503.09956,DeepSeek-Inspired Exploration of RL-based LLMs and Synergy with Wireless Networks: A Survey,s1494,single_cite_key
5-rag.tex,"% Calibration-based integration , on the other hand, uses retrieval logits to refine the model's prediction confidence, as seen in confidence-enhanced kNN-MT\cite{jiang2022towards}.",jiang2022towards,2503.10677,A Survey on Knowledge-Oriented Retrieval-Augmented Generation,s1495,single_cite_key
main.tex,"On the other hand, LLMs can serve as a parameter-frozen model component \cite{anonymous2024st, moon2023imu2clip, yan2024urbanclip}, thus augmenting domain models by injecting the pretrained external knowledge in LLMs.","anonymous2024st, moon2023imu2clip, yan2024urbanclip",2503.13502,Foundation Models for Spatio-Temporal Data Science: A Tutorial and Survey,s1497,all_keys_unresolved
4evaluation.tex,"The evaluation in \cite{giulianelli2023comes}, on the other hand, is a comparison between the variability of human production (generation) with that of the LM.",giulianelli2023comes,2503.15850,Uncertainty Quantification and Confidence Calibration in Large Language Models: A Survey,s1499,single_cite_key
3methods.tex,"On the other hand, \citet{su2024api} extend conformal prediction to black-box by sampling the generations multiple times.",su2024api,2503.15850,Uncertainty Quantification and Confidence Calibration in Large Language Models: A Survey,s1501,single_cite_key
part4_dynamic.tex,"% On the other hand, Reward-Guided Speculative Decoding (RSD) \cite{liao2025reward} enhances the efficiency of speculative decoding specifically for multi-step reasoning tasks.",liao2025reward,2503.16419,Stop Overthinking: A Survey on Efficient Reasoning for Large Language Models,s1502,single_cite_key
template.tex,"On the other hand, recent research on small LLMs (SLLMs) suggests that these models can perform tasks previously reserved for larger models \cite{chen2024rolesmallmodelsllm}.",chen2024rolesmallmodelsllm,2503.16457,Integrating Personality into Digital Humans: A Review of LLM-Driven Approaches for Virtual Reality,s1503,single_cite_key
2_Bachground.tex,"On the other hand, NoMAD-Attention~\cite{zhang2024nomad} utilizes Single-~\ac{SIMD} registers in CPU to enhance the efficiency of the~\acp{LLM} during the inference phase by solving the challenges of~\ac{MAD} matrix operations in the attention computations.",zhang2024nomad,2503.17403,ChatGPT or A Silent Everywhere Helper: A Survey of Large Language Models,s1510,single_cite_key
2_Bachground.tex,"On the other hand, in model parallelism, the model itself is split across multiple processors~\cite{shoeybi2019megatron}.",shoeybi2019megatron,2503.17403,ChatGPT or A Silent Everywhere Helper: A Survey of Large Language Models,s1511,single_cite_key
2_Bachground.tex,"On the other hand,~\ac{NLG} evaluation tasks~\cite{gao2024llm} evaluate ~\acp{LLM}' text generating capabilities by comprehending the input context that has been supplied.",gao2024llm,2503.17403,ChatGPT or A Silent Everywhere Helper: A Survey of Large Language Models,s1512,single_cite_key
2_Bachground.tex,"On the other hand, MoverScore~\cite{zhao2019moverscore} evaluates the model, by computing the minimum cost required to transform the word embedding of the generated text into the word embedding of the reference text extracted by a pre-trained model like~\ac{BERT}.",zhao2019moverscore,2503.17403,ChatGPT or A Silent Everywhere Helper: A Survey of Large Language Models,s1513,single_cite_key
2_Bachground.tex,"On the other hand,~\ac{QAQG}~\cite{honovich-etal-2021-q2} metric is used to assess the consistency of the generated text with the reference data.",honovich-etal-2021-q2,2503.17403,ChatGPT or A Silent Everywhere Helper: A Survey of Large Language Models,s1514,single_cite_key
5_Various_dataset_of_LLM.tex,"On the other hand, alignment datasets such as Anthropic-HH-RLHF~\cite{bai2022training} are utilized for the alignment tuning of the model with human preferences, and are mainly collected manually by human.",bai2022training,2503.17403,ChatGPT or A Silent Everywhere Helper: A Survey of Large Language Models,s1515,single_cite_key
test.tex,"On the other hand, segmentation-based algorithms, inspired by Mask R-CNN~\cite{he2017mask}, have significantly improved text detection across various scenes and shapes but entail complex post-processing, speed issues, and challenges in detecting overlapping text.",he2017mask,2503.18641,From Fragment to One Piece: A Survey on AI-Driven Graphic Design,s1518,single_cite_key
3-body.tex,"Conversely, \textbf{DELTA} \citep{liu2024deltadecomposedefficientlongterm} initially generates PDDL files and a scene graph, followed by pruning unnecessary details from the graph to focus on relevant items.",liu2024deltadecomposedefficientlongterm,2503.18971,LLMs as Planning Formalizers: A Survey for Leveraging Large Language Models to Construct Automated Planning Models,s1519,single_cite_key
v2.tex,"On the other hand, span-based methods involve identifying a span of text in a given document or context that contains the answer \cite{rajpurkar2016squad}.",rajpurkar2016squad,2503.19213,A Survey of Large Language Model Agents for Question Answering,s1521,single_cite_key
deep_learning.tex,"Classification \cite{sawhney_spatiotemporal_2020}, on the other hand, segments return labels into multiple categories, like price increases or decreases, commonly using cross-entropy as the loss function.",sawhney_spatiotemporal_2020,2503.21422,From Deep Learning to LLMs: A survey of AI in Quantitative Investment,s1523,single_cite_key
main.tex,"On the other hand, \citet{wang2025thoughts} introduce Thought Switching Penalty (TSP) to discourage premature transitions between thoughts which may cause superficial but lengthy reasoning traces.",wang2025thoughts,2503.21614,"A Survey of Efficient Reasoning for Large Reasoning Models: Language, Multimodality, and Beyond",s1524,single_cite_key
main.tex,"LayerSkip~\cite{elhoushi-etal-2024-layerskip}, on the other hand, speeds up inference through layer dropout combined with early exit loss.",elhoushi-etal-2024-layerskip,2503.21614,"A Survey of Efficient Reasoning for Large Reasoning Models: Language, Multimodality, and Beyond",s1525,single_cite_key
4-aggregation.tex,"\citet{jiang2023llm}, on the other hand, directly prompts another LLM as a summarizer to merge multiple selected samples.",jiang2023llm,2503.24235,"A Survey on Test-Time Scaling in Large Language Models: What, How, Where, and How Well?",s1526,single_cite_key
main.tex,"On the other hand, they may also be overly stringent for the reasoning capabilities of LLMs \cite{sft_memo_RL_gene}.",sft_memo_RL_gene,2503.24377,Harnessing the Reasoning Economy: A Survey of Efficient Reasoning for Large Language Models,s1527,single_cite_key
main.tex,"\citet{early-stop-5}, on the other hand, utilizes the model's confidence to select the preferred reasoning path and combines this with consistency judgment to decide whether to stop early.",early-stop-5,2503.24377,Harnessing the Reasoning Economy: A Survey of Efficient Reasoning for Large Language Models,s1529,single_cite_key
main.tex,"Conversely, \citet{decp-behavir-1-underthink} introduces an underthinking metric to reveal the underthinking problem in o1-like LLMs, where models frequently switch wrong reasoning thoughts without fully exploring potentially correct initial thoughts, leading to insufficient reasoning depth and poor performance.",decp-behavir-1-underthink,2503.24377,Harnessing the Reasoning Economy: A Survey of Efficient Reasoning for Large Language Models,s1530,single_cite_key
sample-manuscript__1_.tex,"Vision Transformer (ViT)~\cite{dosovitskiy2021vit}, on the other hand, has successfully applied Transformer from NLP to the field of CV and achieved remarkable results.",dosovitskiy2021vit,2504.00837,"A Survey on Music Generation from Single-Modal, Cross-Modal, and Multi-Modal Perspectives",s1532,single_cite_key
4.tti.tex,"Conversely, GiT~\citep{2403.09394-wang_git:_2024} unified diverse tasks into a single decoder-only transformer architecture, demonstrating robust zero-shot capabilities and scalability without task-specific parameters, contrasting favorably against earlier modular architectures.",2403.09394-wang_git:_2024,2504.03151,Why Reasoning Matters? A Survey of Advancements in Multimodal Reasoning (v1),s1534,single_cite_key
4-encoding.tex,"On the other hand, for example, SNS v2~\cite{xu2023fast} introduces self-supervised learning for RTL encoders with functional contrastive learning.",xu2023fast,2504.03711,A Survey of Circuit Foundation Model: Foundation AI Models for VLSI Circuit Design and EDA,s1535,single_cite_key
01_intro.tex,"% %recent advances in integration cognitive signals % On the other hand, Human language processing data can be recorded and used to increase the performance of NLP models and to pursue explanatory research in understanding which skills our models are still missing \cite{hollenstein_towards_2020}.",hollenstein_towards_2020,2504.06843,"Integrating Cognitive Processing Signals into Language Models: A Review of Advances, Applications and Future Directions",s1537,single_cite_key
05_integration.tex,"% On the other hand, solutions that incorporate cognitive data during inference can be categorized into two distinct groups: those utilizing real data \cite{malmaud_bridging_2020}, \cite{ren_cogalign_2021}, \cite{zhang_cogaware_2024}, \cite{alacam_eyes_2024}, \cite{shubi_fine-grained_2024}, \cite{yang_plm-as_2023}, \cite{yu_ceer_2024}, \cite{inadumi_gaze-grounded_2024} and those that leverage generative models to predict cognitive signals.",malmaud_bridging_2020;ren_cogalign_2021;zhang_cogaware_2024;alacam_eyes_2024;shubi_fine-grained_2024;yang_plm-as_2023;yu_ceer_2024;inadumi_gaze-grounded_2024,2504.06843,"Integrating Cognitive Processing Signals into Language Models: A Review of Advances, Applications and Future Directions",s1538,likely_latex_artifact
main.tex,"On the other hand, while several surveys \cite{r2, r6, r7, r9, r10, r71, r121, r78, r73, r110, liao2013intrusion} involve some DL-based approaches, they did not review DL-IDS from the perspective of DL particularly.","r2, r6, r7, r9, r10, r71, r121, r78, r73, r110, liao2013intrusion",2504.07839,Deep Learning-based Intrusion Detection Systems: A Survey,s1540,likely_latex_artifact
main.tex,"On the other hand,~\citet{additional_138} simply demonstrate that earlier layers of BERT solve syntax probing tasks with lower-dimensional subspaces --one of their hypothesis, used as their basis for their probing method-- compared to the rest of the layers, something that does not necessarily imply that syntactic information may not be encoded in ongoing layers as well.",additional_138,2504.08001,Linguistic Interpretability of Transformer-based Language Models: a systematic review,s1542,single_cite_key
main.tex,"However, syntactic information is likely not uniformly distributed across attention heads: it has been shown that a single specific dependency relation can be spread across multiple heads or, conversely, an attention head may encompass several dependency relations at the same time~\citep{additional_81}.",additional_81,2504.08001,Linguistic Interpretability of Transformer-based Language Models: a systematic review,s1543,single_cite_key
04_Results.tex,"On the other hand, they nominally aim to capture a different meta-concept, but their tag set for the respective concept includes one or more labels that could be used for classifying hate speech due their definition \cite{cjadams_toxic_2017,ibrahim_imbalanced_2018,cjadams_jigsaw_2019,zampieri_predicting_2019,bhattacharya_developing_2020,cheriyan_towards_2021,alshamrani_hate_2021,wulczyn_ex_2017}.","cjadams_toxic_2017,ibrahim_imbalanced_2018,cjadams_jigsaw_2019,zampieri_predicting_2019,bhattacharya_developing_2020,cheriyan_towards_2021,alshamrani_hate_2021,wulczyn_ex_2017",2504.08609,A Survey of Machine Learning Models and Datasets for the Multi-label Classification of Textual Hate Speech in English,s1548,likely_latex_artifact
acl_latex.tex,"Conversely, process reward models \cite{DBLP:journals/corr/abs-2405-14333,DBLP:conf/acl/WangLSXDLCWS24,DBLP:journals/corr/abs-2408-00724} analyze reasoning steps, making them particularly effective for guiding tree-based search.","DBLP:journals/corr/abs-2405-14333,DBLP:conf/acl/WangLSXDLCWS24,DBLP:journals/corr/abs-2408-00724",2504.09100,"A Short Survey on Small Reasoning Models: Training, Inference, Applications and Research Directions",s1550,all_keys_unresolved
main_revision.tex,"CoS~\citep{hu2024chain}, on the other hand, targets spatial reasoning by leveraging compressed symbolic representations of spatial relations to reduce token usage.",hu2024chain,2504.10903,Efficient Reasoning Models: A Survey,s1552,single_cite_key
main.tex,"The design supports single-task applications including detection and segmentation.} \label{fig:single_task_adaption} \end{figure} \subsubsection{Multi-task adaptation} \textbf{Multi-task adaptation}, on the other hand, enables a single model to handle multiple applications simultaneously by maintaining task-specific representations while leveraging shared pre-trained parameters \cite{pfeiffer2020adapterfusion}.",pfeiffer2020adapterfusion,2504.14117,PEFT A2Z: Parameter-Efficient Fine-Tuning Survey for Large Language and Vision Models,s1554,single_cite_key
4_finetune_safe.tex,"Conversely, \cite{razin2024unintentional} identified a ""probability displacement"" phenomenon in DPO, where preferred responses paradoxically decrease in likelihood, potentially triggering unsafe or inverted outputs.",razin2024unintentional,2504.15585,"A Comprehensive Survey in LLM(-Agent) Full Stack Safety: Data, Training and Deployment",s1557,single_cite_key
3_3_benchmarking.tex,"Except for those methods, STREAM~\citep{kimSTREAMSpatioTempoRalEvaluation2023} is proposed to avoid the problem of FVD, which has a stronger emphasis on the spatial aspect than the temporal naturalness of video and demonstrates considerable instability and diverges from human evaluations.",kimSTREAMSpatioTempoRalEvaluation2023,2504.16081,"Survey of Video Diffusion Models: Foundations, Implementations, and Applications",s1559,single_cite_key
rq1_uncertainty.tex,"On the other hand, exchangeability underpins CP and LofreeCP by assuming identically distributed data for coverage guarantees and Bayesian uncertainty estimation drives Active-Prompt \cite{diao2023activeprompt}.",diao2023activeprompt,2504.18346,Comparing Uncertainty Measurement and Mitigation Methods for Large Language Models: A Systematic Review,s1562,single_cite_key
main.tex,"On the other hand,~\cite{stohr2024advancing} proposed to train domain-specific Word2Vec embeddings using social science literature.",stohr2024advancing,2504.20679,Are Information Retrieval Approaches Good at Harmonising Longitudinal Survey Questions in Social Science?,s1563,single_cite_key
pami.tex,"On the other hand, \cite{whisper} computes the Mel spectrogram representation of the audio signal, then, processes these features through convolutional layers and a transformer to meet the requirements for multilingual and multitask audio processing.",whisper,2504.21051,Multimodal Large Language Models for Medicine: A Comprehensive Survey,s1564,single_cite_key
language.tex,"On the other hand, \cite{gubelmann-2024-pragmatic} argues that the SGP problem does not apply to LLMs in the context of Theory of Mind.",gubelmann-2024-pragmatic,2505.00003,A Review of Incorporating Psychological Theories in LLMs,s1567,single_cite_key
main.tex,"Conversely, ~\citet{ai2024cognition} find stable core personality traits in GPT-4 and Vicuna-13b post-fine-tuning through BFI comparisons.",ai2024cognition,2505.00049,"Humanizing LLMs: A Survey of Psychological Measurements with Tools, Datasets, and Human-Agent Applications",s1568,single_cite_key
main.tex,"On the other hand, cross-cultural analysis shows that the Qwen series models present a collectivist value orientation, which may be related to the cultural context characteristics in its training data~\cite{DBLP:journals/corr/abs-2411-06032}.",DBLP:journals/corr/abs-2411-06032,2505.00049,"Humanizing LLMs: A Survey of Psychological Measurements with Tools, Datasets, and Human-Agent Applications",s1569,single_cite_key
bare_jrnl_new_sample4.tex,"On the other hand, others state that voice cloning requires the usage of limited amount of data to replicate the target speaker's voice \cite{Arik_NIPS2018, Cong_InterSpeech2020, Shaheen_InterSpeech2023, Mandeel_SpeD2023, Huang_MetaTTS_TASLP2022, Huang_ICASSP2023, Nakai_APSIPAASC2022}.","Arik_NIPS2018, Cong_InterSpeech2020, Shaheen_InterSpeech2023, Mandeel_SpeD2023, Huang_MetaTTS_TASLP2022, Huang_ICASSP2023, Nakai_APSIPAASC2022",2505.00579,Voice Cloning: Comprehensive Survey,s1571,likely_latex_artifact
bare_jrnl_new_sample4.tex,"On the other hand, Masked Acoustic Modeling (MAM) \cite{Chen_MAM_arxiv2020} and FAT-MLM \cite{Zheng_FATMLM_ICML2021} outputs reconstructed spectrogram as part of their training.",Chen_MAM_arxiv2020;Zheng_FATMLM_ICML2021,2505.00579,Voice Cloning: Comprehensive Survey,s1572,all_keys_unresolved
bare_jrnl_new_sample4.tex,"On the other hand, ZET-Speech \cite{Kang_ZET_Speech_InterSpeech2023} differs from previous models as it is an emotion-controllable TTS model requiring a neutral reference speech and an emotional label to generate emotion-specific audio.",Kang_ZET_Speech_InterSpeech2023,2505.00579,Voice Cloning: Comprehensive Survey,s1573,single_cite_key
main_all.tex,"Conversely, latency quantifies the delay between request initiation and completion; minimizing latency is paramount for real-time and interactive applications where responsiveness is critical \cite{ali-eldin2021hidden}.",ali-eldin2021hidden,2505.01821,Edge-Cloud Collaborative Computing on Distributed Intelligence and Model Optimization: A Survey,s1575,single_cite_key
06SlowThinking.tex,"AdaptiveStep \cite{liu2025adaptivestepautomaticallydividingreasoning}, conversely, introduces dynamic segmentation of reasoning processes based on model confidence, optimizing computational resource allocation.",liu2025adaptivestepautomaticallydividingreasoning,2505.02665,A Survey of Slow Thinking-based Reasoning LLMs using Reinforced Learning and Inference-time Scaling Law,s1576,single_cite_key
methods.tex,"MAD~\cite{emnlp24_mad}, on the other hand, employs debates among agents to increase reasoning diversity and reduce hallucinations, thereby improving the authenticity of the model's outputs.",emnlp24_mad,2505.03418,Knowledge Augmented Complex Problem Solving with Large Language Models: A Survey,s1578,single_cite_key
main_arXiv.tex,"DeepSeek-R1-Zero, on the other hand, is trained via large-scale pure RL without any supervised fine-tuning stages such as RLHF or RLAIF, serving as an early exploration into instruction-following driven purely by RL~\cite{guo2025deepseek}.",guo2025deepseek,2505.06907,A Survey on Foundation Models for Personalized Federated Intelligence,s1582,single_cite_key
main_arXiv.tex,"Conversely, the pure RL approach~\cite{guo2025deepseek} has demonstrated promising reasoning potential for FMs.",guo2025deepseek,2505.06907,A Survey on Foundation Models for Personalized Federated Intelligence,s1583,single_cite_key
main_arXiv.tex,"On the other hand, the authors in \cite{10651123} designed a 4-qubit quantum neural network and trained it using the FL framework, which still achieves a relatively high performance.",10651123,2505.06907,A Survey on Foundation Models for Personalized Federated Intelligence,s1584,single_cite_key
introduction.tex,"On the other hand, the reproducibility study put part of the original prompt into the system prompt and constrained the output to JSON~\cite{Moritz2024boolean-reproduce}.",Moritz2024boolean-reproduce,2505.07155,Reassessing Large Language Model Boolean Query Generation for Systematic Reviews,s1585,single_cite_key
content.tex,"On the other hand, Yuan et al.~\cite{YUAN2024104048} designed a scoring algorithm that checks whether the generated code can be executed and then uses GPT-4o to compare the rendered model view with the target input.",YUAN2024104048,2505.08137,Large Language Models for Computer-Aided Design: A Survey,s1587,single_cite_key
content.tex,"On the other hand, \cite{campostext} assessed the models in terms of parameters, duration, number of correct and incorrect answers, and overall accuracy.",campostext,2505.08137,Large Language Models for Computer-Aided Design: A Survey,s1588,single_cite_key
main.tex,"Conversely, certain emerging benchmarks are currently too difficult to yield meaningful comparisons \citep{phan2025humanity}.",phan2025humanity,2505.08245,"Large Language Model Psychometrics: A Systematic Review of Evaluation, Validation, and Enhancement",s1590,single_cite_key
main.tex,"Conversely, conceptualizing the LLM as a population involves using diverse role-playing prompts to elicit different profiles, measuring the model's ""steerability"" or the range of its prompted mechanism \citep{serapio2023personality_traits_in_llms}.",serapio2023personality_traits_in_llms,2505.08245,"Large Language Model Psychometrics: A Systematic Review of Evaluation, Validation, and Enhancement",s1592,single_cite_key
main.tex,"Conversely, proponents of pluralistic alignment view LLMs as populations, where the ability to elicit variable profiles is a desirable feature rather than a flaw \citep{sorensen2024position}.",sorensen2024position,2505.08245,"Large Language Model Psychometrics: A Systematic Review of Evaluation, Validation, and Enhancement",s1593,single_cite_key
main.tex,"Conversely, subband models (\cite{RVNN_SE_subband}) are the exact opposite.",RVNN_SE_subband,2505.08694,A Survey of Deep Learning for Complex Speech Spectrograms,s1594,single_cite_key
6_challenges.tex,"CityGPT~\cite{feng2024citygpt}, on the other hand, focuses on constructing the CityInstruction instruction-tuning dataset by simulating human mobility behavior, which incorporates explicit spatial reasoning steps to inject offline urban spatial cognition and experiential knowledge into the model.",feng2024citygpt,2505.09651,Geospatial Representation Learning: A Survey from Deep Learning to The LLM Era,s1596,single_cite_key
6_challenges.tex,"UrbanGPT~\cite{li2024urbangpt}, on the other hand, adopts an approach of generating predictive tokens followed by outputting final numerical values through a regression layer, addressing the issue of insufficient precision in LLMs for continuous numerical regression tasks.",li2024urbangpt,2505.09651,Geospatial Representation Learning: A Survey from Deep Learning to The LLM Era,s1597,single_cite_key
Fusion.tex,"Co-attention, on the other hand, enables bidirectional attention by combining two cross-attention modules, allowing both sequences to attend to each other simultaneously \cite{coattention2016}.",coattention2016,2505.09777,A Survey on Large Language Models in Multimodal Recommender Systems,s1599,single_cite_key
iclr2024_conference.tex,"Conversely, in the few-shot or in-context setting \cite{brown2020language}, the model is given a small number of task-specific examples alongside the prompt to aid comprehension.",brown2020language,2505.11665,Multilingual Prompt Engineering in Large Language Models: A Survey Across NLP Tasks,s1600,single_cite_key
iclr2024_conference.tex,"Conversely, \cite{liu2024translation} finds that En-Basic performs better for tasks like Mathematical Problem Solving, Causal Reasoning, Natural Language Inference, Paraphrasing, Context-Free Question Answering and Summarization.",liu2024translation,2505.11665,Multilingual Prompt Engineering in Large Language Models: A Survey Across NLP Tasks,s1601,single_cite_key
framework.tex,"Graph Attention Networks (GATs) \cite{velickovic2018graph}, on the other hand, use attention mechanisms to assign importance scores $\alpha_{vu}$ to neighboring nodes: $\mathbf{h}_v^{(k)} = \sigma \left( \sum_{u \in \mathcal{N}(v)} \alpha_{vu} \cdot \mathbf{W}^{(k)} \mathbf{h}_u^{(k-1)} \right)$, where $\alpha_{vu}$ is computed via a self-attention mechanism, allowing nodes to dynamically focus on the most relevant neighbors.",velickovic2018graph,2505.15116,Graph Foundation Models: A Comprehensive Survey,s1603,single_cite_key
task-specific-gfm.tex,"\subsubsection{In-Context Learning Approaches} KG-ICL \cite{cui2025prompt}, on the other hand, used graph prompt learning and in-context learning techniques.",cui2025prompt,2505.15116,Graph Foundation Models: A Comprehensive Survey,s1604,single_cite_key
task-specific-gfm.tex,"\noindent \textbf{LLM for Generation.} LLM4GraphGen \cite{yao2024exploring}, on the other hand, explores the ability of LLMs for graph generation with systematical task designs and extensive experiments.",yao2024exploring,2505.15116,Graph Foundation Models: A Comprehensive Survey,s1605,single_cite_key
main.tex,"Conversely, Spoken Stereoset~\citep{lin2024spoken} assesses acoustic-triggered bias on speakers' gender and age.",lin2024spoken,2505.15957,Towards Holistic Evaluation of Large Audio-Language Models: A Comprehensive Survey,s1606,single_cite_key
4Molecule_Optimization.tex,"MOLLEO, on the other hand, integrates LLMs into an evolutionary framework inspired by population-based algorithms~\citep{jensen2019graph}.",jensen2019graph,2505.16094,A Survey of Large Language Models for Text-Guided Molecular Discovery: from Molecule Generation to Optimization,s1607,single_cite_key
icml.tex,"However, this oversimplification diverges from the core goal of reviewers: detecting defects \cite{bacchelli2013expectations} (see Section \ref{sec: role of defect detection}).",bacchelli2013expectations,2505.17928,Towards Practical Defect-Focused Automated Code Review,s1610,single_cite_key
llm_for_data_analysis.tex,"\noindent$\bullet$ \emph{\llm Based Analysis Agent:} Data Interpreter~\cite{hong2024datainterpreter}, on the other hand, leverages LLMs through APIs to generate task and action graphs.",hong2024datainterpreter,2505.18458,A Survey of LLM $\times$ DATA,s1612,single_cite_key
LaCAM.tex,"On the other hand, to meet real-time demands, researchers have introduced iterative optimization techniques \citep{okumura2021iterative}.",okumura2021iterative,2505.19219,Where Paths Collide: A Comprehensive Survey of Classic and Learning-Based Multi-Agent Pathfinding,s1613,single_cite_key
main.tex,"RDA-Driver, on the other hand, explicitly examines the alignment between reasoning and driving decisions, with some examples of CoT reasoning inconsistencies with subsequent decisions \cite{huang2024making}.",huang2024making,2505.20223,Chain-of-Thought for Autonomous Driving: A Comprehensive Survey and Future Prospects,s1615,single_cite_key
2-Agent_participation.tex,"Conversely, low-proactivity systems require humans to inject prompts or corrective instructions at each stage, with agents simply executing the specified commands~\cite{10.1145/3613904.3642224}.",10.1145/3613904.3642224,2505.21116,Creativity in LLM-based Multi-Agent Systems: A Survey,s1616,single_cite_key
5-evaluation.tex,"Conversely, \textbf{Self-BLEU} score \cite{zhu2018texygenbenchmarkingplatformtext} treats each generated sentence as a hypothesis and the remaining outputs as references to assess internal diversity.",zhu2018texygenbenchmarkingplatformtext,2505.21116,Creativity in LLM-based Multi-Agent Systems: A Survey,s1617,single_cite_key
hypothesis_discovery.tex,"Conversely, tasks proposed by \citet{list_paper_55}, despite aiming to encourage creative hypothesis formation, often yield simplistic, toy-like hypotheses with limited applicability to realistic scenarios.",list_paper_55,2505.21935,From Reasoning to Learning: A Survey on Hypothesis Discovery and Rule Learning with Large Language Models,s1618,single_cite_key
neurips_2025.tex,"HealthFC \cite{healthfc}, on the other hand, tasks models with verifying claims analyzed by the medical fact-checking site Medizin Transparent, but it only provides pre-synthesized analysis from the web portal as evidence.",healthfc,2505.22787,Can Large Language Models Match the Conclusions of Systematic Reviews?,s1620,single_cite_key
acl_latex.tex,"%On the other hand, medical domain questions inherently involve substantial uncertainty and complexity, wherein uncertainty has been identified in empirical studies as a critical diagnostic indicator for detecting hallucination.\citet{calibrmt4} utilized 300 300 gastroenterology board-style questions., combining prompt-engineering and statistical methods to evaluate the self-reported response certainty of 48 LLMs (6 quantized and 42 base models), revealing limitations in the uncertainty quantifi",calibrmt4,2506.03659,Trustworthy Medical Question Answering: An Evaluation-Centric Survey,s1621,single_cite_key
acl_latex.tex,"On the other hand, CLIMB \cite{Climb} systematically evaluates both the internal (within the model) and external (downstream tasks) biases of LLMs.",Climb,2506.03659,Trustworthy Medical Question Answering: An Evaluation-Centric Survey,s1622,single_cite_key
acl_camera_ready.tex,"Conversely, \citet{pavlickSymbolsGroundingLarge2023} argues that existing LLMs can already encode symbols and undertake symbolic processing.",pavlickSymbolsGroundingLarge2023,2506.04461,Behavioural vs. Representational Systematicity in End-to-End Models: An Opinionated Survey,s1623,single_cite_key
acl_latex.tex,"Recursive Introspection (RISE) \cite{qu2024recursive}, on the other hand, formalize multi-turn refinement as a Markov Decision Process (MDP) to iteratively optimize outputs through sequential edits.",qu2024recursive,2506.04611,Revisiting Test-Time Scaling: A Survey and a Diversity-Aware Method for Efficient Reasoning,s1624,single_cite_key
main.tex,"On the other hand, the model on the right demonstrates the transformer's ability to generate a full text with all words simultaneously \cite{cornia2022explaining}.",cornia2022explaining,2506.05399,Attention-based transformer models for image captioning across languages: An in-depth survey and evaluation,s1625,single_cite_key
main.tex,"BlockFusion \cite{wu_blockfusion_2024} architecture, on the other hand, uses latent tri-plane extrapolation\footnote{Representing a 3D volume using three orthogonal 2D feature planes (XY, YZ, XZ).",wu_blockfusion_2024,2506.05449,AI-powered Contextual 3D Environment Generation: A Systematic Review,s1626,single_cite_key
6metrics.tex,\subsubsection{Kullback-Leibler (KL) Divergence} KL divergence is an information-theoretic measure \cite{castillo1997fitting} that quantifies how one probability distribution diverges from a reference probability distribution.,castillo1997fitting,2506.06380,Beyond the Norm: A Survey of Synthetic Data Generation for Rare Events,s1627,single_cite_key
Others.tex,"On the other hand, UARC applies RetNet's retention-based reconstruction module to model long-term temporal patterns in network traffic, addressing the challenges of anomaly detection in traffic streams \cite{xie2024uarc}.",xie2024uarc,2506.06708,A Survey of Retentive Network,s1628,single_cite_key
main.tex,"On the other hand, an ``adversarial penalty'' mechanism imposes negative reward on the model’s predicted probabilities when it generates harmful or biased content, forcing the model to gradually move away from those output regions during training~\cite{zhou2024making}.",zhou2024making,2506.09656,Multi-level Value Alignment in Agentic AI Systems: Survey and Perspectives,s1631,single_cite_key
main.tex,"However, AI-based recruitment systems may be at odds with widely accepted ethical norms~\cite{tambe2019artificial}.",tambe2019artificial,2506.09656,Multi-level Value Alignment in Agentic AI Systems: Survey and Perspectives,s1633,single_cite_key
main.tex,"Uni-Perceiver v2~\cite{li2023uniperceiverv2}, on the other hand, places its emphasis on large-scale multi-task learning.",li2023uniperceiverv2,2506.09954,Vision Generalist Model: A Survey,s1634,single_cite_key
3.text2video.tex,"% VideoPoet \cite{kondratyuk_videopoet_2024}, on the other hand, adopts a full LLM-based approach, utilising tokenised data that includes both text-paired and unpaired videos.",kondratyuk_videopoet_2024,2506.10016,A Survey of Generative Categories and Techniques in Multimodal Generative Models,s1635,single_cite_key
06_DM.tex,"\rev{Depending on how the objective is defined, such guidance can either enforce safety constraints or, conversely, induce adversarial and safety-critical scenarios.} CTG~\cite{zhong2023guidedcond} incorporates \gls{stl} to encode traffic rules, using the robustness score of \gls{stl} as a measure of how well the rules are followed and leveraging its gradient to guide trajectory sampling.",zhong2023guidedcond,2506.11526,Foundation Models in Autonomous Driving: A Survey on Scenario Generation and Scenario Analysis,s1637,single_cite_key
09_Discussion.tex,"On the other hand, edge cases essential for safety assurance~\cite{brusnicki2025savant} often approach the boundary of perceived plausibility, making them challenging for \glspl{fm} to generate without producing unrealistic outcomes.",brusnicki2025savant,2506.11526,Foundation Models in Autonomous Driving: A Survey on Scenario Generation and Scenario Analysis,s1638,single_cite_key
5_feature.tex,"On the other hand, CLAP~\cite{silva2024closer} retains the strong zero-shot abilities in VLMs and avoids prototype degradation during linear probing with Augmented Lagrangian Multiplier methods.",silva2024closer,2506.18504,Generalizing vision-language models to novel domains: A comprehensive survey,s1639,single_cite_key
draft.tex,"On the other hand, small reasoning models trained with distillation (e.g., DeepSeek-Qwen 7B~\cite{deepseekai2025deepseekr1}) produce the longest responses on 3 out of the 4 dataset categories while having a lower performance compared to baseline LLMs.",deepseekai2025deepseekr1,2507.02076,Reasoning on a Budget: A Survey of Adaptive and Controllable Test-Time Compute in LLMs,s1641,single_cite_key
template.tex,"RNNs, on the other hand, are created to handle sequence data and have applications in voice recognition and language modeling \cite{sherstinsky-2020}.",sherstinsky-2020,2507.02900,"Advancing Talking Head Generation: A Comprehensive Survey of Multi-Modal Methodologies, Datasets, Evaluation Metrics, and Loss Functions",s1644,single_cite_key
template.tex,"Conversely, FOMM~\cite{siarohin-2020} provides a more smooth and consistent visual output by maintaining greater MS-SSIM and more steady synchronization.",siarohin-2020,2507.02900,"Advancing Talking Head Generation: A Comprehensive Survey of Multi-Modal Methodologies, Datasets, Evaluation Metrics, and Loss Functions",s1646,single_cite_key
template.tex,"On the other hand, FOMM\cite{siarohin-2020} could be more suited for virtual meeting platforms or real-time conversational bots where temporal coherence and synchronization are critical.",siarohin-2020,2507.02900,"Advancing Talking Head Generation: A Comprehensive Survey of Multi-Modal Methodologies, Datasets, Evaluation Metrics, and Loss Functions",s1647,single_cite_key
method_clean.tex,"Conversely, narrow queries risk omitting relevant studies \cite{zhang2011identifying}.",zhang2011identifying,2507.03156,The Impact of LLM-Assistants on Software Developer Productivity: A Systematic Review and Mapping Study,s1648,single_cite_key
sample-manuscript.tex,"Conversely, if $X$ and $Y$ are independent, observing one provides no information regarding the other \cite{79902}.",79902,2507.03175,Understanding Knowledge Transferability for Transfer Learning: A Survey,s1649,single_cite_key
main.tex,"Conversely, \citet{chen2023diagnosing} acted at the model level, employing a \gls{llm} agent to validate the (MI)LP models.",chen2023diagnosing,2507.03637,Large Language Models for Combinatorial Optimization: A Systematic Review,s1651,single_cite_key
main.tex,"Chat2Vis \cite{10121440}, on the other hand, focuses on generating visualizations directly from natural language text.",10121440,2507.03637,Large Language Models for Combinatorial Optimization: A Systematic Review,s1652,single_cite_key
"Advancing_Offline_Handwritten_Text_Recognition,_A_Systematic_Review_of_Data_Augmentation_and_Generation_Techniques.tex","MADCAT, as highlighted in \cite{desousa2024}, on the other hand, contains 750,000 images of mixed content lines, supporting document analysis and recognition in multilingual contexts The HKR Dataset focuses on handwritten text in Russian and Kazakh, providing 64,943 lines of text in scanned image format.",desousa2024,2507.06275,Advancing Offline Handwritten Text Recognition: A Systematic Review of Data Augmentation and Generation Techniques,s1653,single_cite_key
training_free.tex,"On the other hand, \citet{yang2025longtoshortfreelunchinvestigating} indicate that strategies like \textit{Token Budget} or \textit{NoThinking} are not free lunches.",yang2025longtoshortfreelunchinvestigating,2507.09662,Towards Concise and Adaptive Thinking in Large Reasoning Models: A Survey,s1656,single_cite_key
training_free.tex,"Conversely, \citet{liu2025answerconvergencesignalearly} apply a linear transformation of the logit of \textit{``</think>''} token to encourage the model to terminate reasoning earlier.",liu2025answerconvergencesignalearly,2507.09662,Towards Concise and Adaptive Thinking in Large Reasoning Models: A Survey,s1657,single_cite_key
rl.tex,"On the other hand, \citet{lou2025adacotparetooptimaladaptivechainofthought} model adaptive CoT triggering as a Pareto optimization problem, using PPO algorithm to dynamically adjust penalty coefficients and control the decision boundary between CoT and direct-answer modes, balancing performance and computational cost.",lou2025adacotparetooptimaladaptivechainofthought,2507.09662,Towards Concise and Adaptive Thinking in Large Reasoning Models: A Survey,s1658,single_cite_key
samplepaper.tex,"On the other hand, companies face the task of identifying and attracting talent equipped with these emerging capabilities~\cite{manpower2024talentshortage}.",manpower2024talentshortage,2507.13275,Overview of the TalentCLEF 2025: Skill and Job Title Intelligence for Human Capital Management,s1661,single_cite_key
revision_nored.tex,"%On the other hand, neural SSE algorithms, whether used to drive a conventional beamformer \citep{yoshioka2022vararray} or not \citep{}, are less expensive, can be made online e.g.",yoshioka2022vararray,2507.18161,Recent Trends in Distant Conversational Speech Recognition: A Review of CHiME-7 and 8 DASR Challenges,s1663,single_cite_key
revision_nored.tex,"%On the other hand, the C7DASR IACAS-Thinkit submission uses an inter-utterance Transformer-based LM model which they found particularly effective and similarly \citep{ogawa2024applying} report benefits on C7DASR challenge data with inter-utterance LLM processing.",ogawa2024applying,2507.18161,Recent Trends in Distant Conversational Speech Recognition: A Review of CHiME-7 and 8 DASR Challenges,s1666,single_cite_key
revision_nored.tex,"On the other hand, text summarization has other issues such as the fact that the evaluation is difficult due to the inherent subjectivity of what constitutes a ``good'' summary~\citep{lee2024unisumeval}.",lee2024unisumeval,2507.18161,Recent Trends in Distant Conversational Speech Recognition: A Review of CHiME-7 and 8 DASR Challenges,s1667,single_cite_key
main.tex,"\\On the other hand, BERT has been depicted in the medical domain by different pretrained models including \textit{PubMedBERT} \cite{OriginalPubMedBERT} and \textit{SMedBERT} \cite{OriginalSMedBERT}.",OriginalPubMedBERT;OriginalSMedBERT,2507.18451,Generation of Synthetic Clinical Text: A Systematic Review,s1668,all_keys_unresolved
evaluation.tex,MLE-Bench offers well-structured tasks but diverges from authentic research scenarios where problem formulation is itself part of the challenge \citep{chan2024mle}.,chan2024mle,2507.21046,"A Survey of Self-Evolving Agents: What, When, How, and Where to Evolve on the Path to Artificial Super Intelligence",s1669,single_cite_key
sn-article.tex,"On the other hand, \cite{aejas2022review} reviewed the extraction of entities from legal texts, which is different from the classification task.",aejas2022review,2507.21108,A Survey of Classification Tasks and Approaches for Legal Contracts,s1670,single_cite_key
sec_2_Fundamental-Techniques.tex,"On the other hand, ERVQ~\cite{2017_Multimedia-Systems_ERVQ_Optimized-residual-vector-quantization-for-efficient-approximate-nearest-neighbor-search} proposes a joint optimization to iteratively optimize all stage codebooks by the others, instead of training them sequentially.",2017_Multimedia-Systems_ERVQ_Optimized-residual-vector-quantization-for-efficient-approximate-nearest-neighbor-search,2507.22920,Discrete Tokenization for Multimodal LLMs: A Comprehensive Survey,s1671,single_cite_key
sec_2_Fundamental-Techniques.tex,"On the other hand, LSQ++~\cite{2018_ECCV_LSQ++_LSQ++-Lower-running-time-and-higher-recall-in-multi-codebook-quantization} improves LSQ by introducing a fast codebook update for a lower running time and stochastic relaxation techniques for greater recall.",2018_ECCV_LSQ++_LSQ++-Lower-running-time-and-higher-recall-in-multi-codebook-quantization,2507.22920,Discrete Tokenization for Multimodal LLMs: A Comprehensive Survey,s1673,single_cite_key
sec_2_Fundamental-Techniques.tex,"On the other hand, Reg-VQ~\cite{2023_CVPR_Reg-VQ_Regularized-vector-quantization-for-tokenized-image-synthesis} introduces a prior distribution regularization where all codevectors are used, preventing collapse of the predicted token distribution.",2023_CVPR_Reg-VQ_Regularized-vector-quantization-for-tokenized-image-synthesis,2507.22920,Discrete Tokenization for Multimodal LLMs: A Comprehensive Survey,s1674,single_cite_key
template.tex,"Conversely, broader and more accessible taxonomies necessarily sacrifice nuance and precision \cite{jordan2015feature}.",jordan2015feature,2508.00534,Towards a unified framework for programming paradigms: A systematic review of classification formalisms and methodological foundations,s1676,single_cite_key
cas-dc-template.tex,"On the other hand, extrinsic hallucination occurs when LLM outputs cannot be verified by the information in the input \cite{xu2024hallucination}.",xu2024hallucination,2508.02312,A Survey on Data Security in Large Language Models,s1678,single_cite_key
cas-dc-template.tex,"Conversely, due to the potential quality problems of this technology and the high cost of data collection, Tokpo \& Calders \cite{tokpo2024fairflow} proposed FairFlow, a method for automatically generating parallel data for training counterfactual text generator models that limit the need for human intervention.",tokpo2024fairflow,2508.02312,A Survey on Data Security in Large Language Models,s1679,single_cite_key
Survey0731.tex,"On the other hand, VTGAN \cite{ger19} designs a Markovian discriminator based on the Visual Transformer, leveraging its self-attention mechanism to capture long-range dependencies while preserving fine local features.",ger19,2508.03734,A Survey of Multimodal Ophthalmic Diagnostics: From Task-Specific Approaches to Foundational Models,s1681,single_cite_key
Survey0731.tex,"EyecareGPT \cite{eyecaregpt}, on the other hand, targets general-purpose ophthalmic understanding across a wide range of imaging modalities.",eyecaregpt,2508.03734,A Survey of Multimodal Ophthalmic Diagnostics: From Task-Specific Approaches to Foundational Models,s1683,single_cite_key
main.tex,"On the other hand, frameworks such as PACAR \cite{zhao2024pacar}, which employed explicit claim decomposition and a dynamic planning mechanism, achieved strong performance in zero-shot settings and outperformed other LLM-based approaches, including few-shot and fine-tuned methods.",zhao2024pacar,2508.03860,Hallucination to Truth: A Review of Fact-Checking and Factuality Evaluation in Large Language Models,s1684,single_cite_key
main.tex,"PyTorch, on the other hand, was built from the ground up with an imperative, define-by-run ethos~\cite{paszke2019pytorch}.",paszke2019pytorch,2508.04035,"A Comparative Survey of PyTorch vs TensorFlow for Deep Learning: Usability, Performance, and Deployment Trade-offs",s1685,single_cite_key
main.tex,"Conversely, Li and Ouyang~\citep{li2024related} highlighted that abstractive systems face challenges in maintaining factual accuracy and in effectively ordering and grouping citations.",li2024related,2508.04337,Modelling and Classifying the Components of a Literature Review,s1687,single_cite_key
main.tex,"% On the other hand, for the discourse approach, Khoo et al.~\citep{khoo2011analysis} focus on the foundational step of understanding human-written literature reviews through manual analysis.",khoo2011analysis,2508.04337,Modelling and Classifying the Components of a Literature Review,s1688,single_cite_key
3b3_Memory.tex,"On the other hand, WebVoyager \citep{he2024webvoyager} employs a Context Clipping method, retaining the most recent three observations while keeping a complete record of thoughts and actions from the history.",he2024webvoyager,2508.04482,OS Agents: A Survey on MLLM-based Agents for General Computing Devices Use,s1689,single_cite_key
SEC7-ONLINE.tex,"On the other hand, DN~\cite{zhou2024test} approximates negative sample information using the mean representation of test samples, enhancing alignment with the model's optimization objective without requiring retraining or fine-tuning.",zhou2024test,2508.05547,Adapting Vision-Language Models Without Labels: A Comprehensive Survey,s1690,single_cite_key
main.tex,"On the other hand, users and industries increasingly demand models that adapt to dynamic knowledge \citep{zhang-etal-2023-large, si2023prompting, beukman2023dynamics}, excel in specialized tasks \citep{li-etal-2024-empowering, chen-etal-2024-improving-large}, and deliver personalized services \citep{Richardson2023IntegratingSA, zhuang2024hydra}.","zhang-etal-2023-large, si2023prompting, beukman2023dynamics;li-etal-2024-empowering, chen-etal-2024-improving-large;Richardson2023IntegratingSA, zhuang2024hydra",2508.09016,A Survey on Training-free Alignment of Large Language Models,s1691,likely_latex_artifact
main.tex,"\cite{mousavi-etal-2021-like}, on the other hand, use real-world patient portraits to simulate human-human diagnostic conversations.",mousavi-etal-2021-like,2508.09809,A Comprehensive Review of Datasets for Clinical Mental Health AI Systems,s1692,single_cite_key
main.tex,"On the other hand, PRIORI \cite{a_1} collects Smart phone conversations to predict depression and bipolar disorder through extracted rhythm features.",a_1,2508.09809,A Comprehensive Review of Datasets for Clinical Mental Health AI Systems,s1694,single_cite_key
main.tex,"On the other hand, PRIORI \cite{a_1} collects Socialsart phone conversations to predict depression and bipolar disorder through extracted rhythm features.",a_1,2508.09809,A Comprehensive Review of Datasets for Clinical Mental Health AI Systems,s1695,single_cite_key
neurips_2025.tex,"Mamba \cite{gu2023mamba}, on the other hand, abandons HiPPO-based initialization and instead directly derives data-dependent SSM parameter matrices through a linear projection layer.",gu2023mamba,2508.09834,Speed Always Wins: A Survey on Efficient Architectures for Large Language Models,s1697,single_cite_key
ijcai25.tex,"WIQOR \cite{parashar2025wiqor}, on the other hand, employs what-if analyses to assess performance, providing insights into whether LLMs possess a deeper understanding of the modeling process.",parashar2025wiqor,2508.10047,A Survey of Optimization Modeling Meets LLMs: Progress and Future Directions,s1698,single_cite_key
4_understanding.tex,"\cite{mesaros2019joint} augmented localization metrics with detection-related conditions and, conversely, incorporated location information into true-positive counts for detection.",mesaros2019joint,2508.10924,,s1699,single_cite_key
acl2023.tex,"Mindmaps~\cite{DBLP:conf/acl/JainMP24}, on the other hand, take a hierarchical approach: rooted iterative prompting guarantees structural clearness but at the expense of the dense interlinking that is characteristic of KGs.",DBLP:conf/acl/JainMP24,2508.12257,Structuring the Unstructured: A Systematic Review of Text-to-Structure Generation for Agentic AI with a Universal Evaluation Framework,s1700,single_cite_key
intro.tex,"On the other hand, overthinking can also be detrimental~\cite{schuster2022confident}.",schuster2022confident,2508.12265,"Fast, Slow, and Tool-augmented Thinking for LLMs: A Review",s1702,single_cite_key
Instruction-Tuned_LLMs_survey.tex,"Conversely, \citep{2310.00492} investigated the internal transformations resulting from instruction tuning and discovered enhancements in instruction recognition, semantic alignment, and reorienting pretrained knowledge toward task-specific goals.",2310.00492,2508.17184,Towards Alignment-Centric Paradigm: A Survey of Instruction Tuning in Large Language Models,s1705,single_cite_key
main.tex,"On the other hand, the Mixtral-8×7B \cite{zhang-etal-2024-timearena, liu2025exploring} model, also known as open-mixtral-8×7B, utilizes a sparse expert architecture to achieve performance similar to GPT-3.5 in coding and planning tasks, while still benefiting from light inference.","zhang-etal-2024-timearena, liu2025exploring",2508.17281,From Language to Action: A Review of Large Language Models as Autonomous Agents and Tool Users,s1706,all_keys_unresolved
main.tex,"Conversely, episodic memory systems like Reflexion \cite{shinn2023reflexion} accumulate task-specific experience in the form of episodic verbal reflections, which are used in subsequent prompts to improve both immediate reasoning and performance.",shinn2023reflexion,2508.17281,From Language to Action: A Review of Large Language Models as Autonomous Agents and Tool Users,s1707,single_cite_key
acl_latex.tex,"On the other hand, the position paper by \citet{talat2022reap} reviews the field with a theoretically and conceptually dense perspective.",talat2022reap,2508.20201,Social Bias in Multilingual Language Models: A Survey,s1708,single_cite_key
3_pretraining_data_v2.tex,"% On the other hand, for chemical reaction, the USPTO dataset~\cite{marco2015uspto} contains patent information compiled by the United States Patent and Trademark Office, including details such as patent texts, metadata, citations, and claims, which are crucial for innovation tracking and intellectual property research.",marco2015uspto,2508.21148,A Survey of Scientific Large Language Models: From Data Foundations to Agent Frontiers,s1709,single_cite_key
3_pretraining_data_v2.tex,"K2~\cite{deng2024k2}, on the other hand, gathers substantial textual data from internet sources, such as Wikipedia, relevant to Earth sciences.",deng2024k2,2508.21148,A Survey of Scientific Large Language Models: From Data Foundations to Agent Frontiers,s1711,single_cite_key
Appendix.tex,"Abstractive methods, on the other hand, synthesize content by paraphrasing and restructuring input text \citep{ganesan-etal-2010-opinosis, nayeem2017methods, chali-etal-2017-towards, 10.1145/3132847.3133106, nayeem-etal-2018-abstractive, 10.1007/978-3-030-15719-7_14, pmlr-v97-chu19b, FUAD2019216, brazinskas-etal-2020-unsupervised, amplayo-lapata-2020-unsupervised, hosking2024hierarchical}, offering greater fluency and readability.","ganesan-etal-2010-opinosis, nayeem2017methods, chali-etal-2017-towards, 10.1145/3132847.3133106, nayeem-etal-2018-abstractive, 10.1007/978-3-030-15719-7_14, pmlr-v97-chu19b, FUAD2019216, brazinskas-etal-2020-unsupervised, amplayo-lapata-2020-unsupervised, hosking2024hierarchical",2509.00285,OpinioRAG: Towards Generating User-Centric Opinion Highlights from Large-scale Online Reviews,s1712,likely_latex_artifact
plan.tex,"Conversely, MAPF-DT~\citep{atasever2025multiagentpathfindingoffline} explores the reverse direction, employing Decision Transformer–based offline RL for decentralized multi-agent path planning, with LLM guidance enhancing adaptability and long-horizon efficiency in dynamic environments.",atasever2025multiagentpathfindingoffline,2509.02547,The Landscape of Agentic Reinforcement Learning for LLMs: A Survey,s1713,single_cite_key
truthfulness.tex,"On the other hand, the CoT reasoning generated by models can also contain hallucinations~\cite{li2025hallucination}.",li2025hallucination,2509.03871,A Comprehensive Survey on Trustworthiness in Reasoning with Large Language Models,s1715,single_cite_key
3-Related_Work.tex,"On the other hand, \cite{chen2024security} explores unique threats and mitigations of LLMs specialized in coding tasks.",chen2024security,2509.10682,LLM in the Middle: A Systematic Review of Threats and Mitigations to Real-World LLM-based Systems,s1719,single_cite_key
template.tex,"Conversely, prompt engineering alone is generally ineffective for models like GPT-4 in the context of vulnerability repair \cite{fu2023chatgpt}.",fu2023chatgpt,2509.10858,Large Language Models for Security Operations Centers: A Comprehensive Survey,s1721,single_cite_key
survey.tex,"TinyLLaVA-Video-R1~\cite{zhang2025tinyllava}, on the other hand, explored how to use reinforcement learning to enhance the video reasoning capabilities of small-scale models.",zhang2025tinyllava,2509.16679,Reinforcement Learning Meets Large Language Models: A Survey of Advancements and Applications Across the LLM Lifecycle,s1722,single_cite_key
bare_jrnl_new_sample4.tex,"\noindent\emph{1) Tool Documentation Limitation.} Execution hallucinations often arise when the agent's internal representation of tool behaviors diverges from the actual functionality of tools, frequently due to limitation in \textbf{Tool Documentation}~\cite{r32}.",r32,2509.18970,"LLM-based Agents Suffer from Hallucinations: A Survey of Taxonomy, Methods, and Directions",s1723,single_cite_key
discipline-3.tex,"On the other hand, traditional mathematical inquiry itself presents substantial barriers to entry and significant challenges for collaboration %e.g., Polya's four-step process~\cite{polya1945solve}.Specifically, Polya's framework comprises: %(i) understanding the problem; %(ii) devising a solution; %(iii) executing the solution, %and (iv) review the result for reflection and learning.",polya1945solve,2509.19580,LLMs4All: A Review of Large Language Models Across Academic Disciplines,s1725,single_cite_key
discipline-3.tex,"On the other hand, despite the aforementioned limitations, the potential of LLMs in the fields of chemistry and chemical engineering is undeniable, as \textbf{they hold promise in addressing many challenges:} \textbf{Decrease the Vast Chemical Exploration Space.} Inverse design enables the creation of synthesizable molecules that meet predefined criteria, accelerating the development of viable therapeutic agents and expanding opportunities beyond natural derivatives \cite{ramos2025review}.",ramos2025review,2509.19580,LLMs4All: A Review of Large Language Models Across Academic Disciplines,s1726,single_cite_key
background.tex,"Reasoning quality, on the other hand, examines whether a model can follow logically consistent, step-by-step problem-solving processes~\cite{lightman2023let}.",lightman2023let,2509.19580,LLMs4All: A Review of Large Language Models Across Academic Disciplines,s1728,single_cite_key
humour_explanation.tex,"On the other hand, only Tau2 \cite{barres2025tau2benchevaluatingconversationalagents} touched upon communicative competence, albeit through customer service scenarios.",barres2025tau2benchevaluatingconversationalagents,2509.21175,Who's Laughing Now? An Overview of Computational Humour Generation and Explanation,s1729,single_cite_key
humour_explanation.tex,"On the other hand, \citet{chung-etal-2024-visual} present \textsc{UNPIE}, a benchmark to assess the understanding of Vision Language Models (VLMs) when reasoning about lexical incongruities.",chung-etal-2024-visual,2509.21175,Who's Laughing Now? An Overview of Computational Humour Generation and Explanation,s1730,single_cite_key
sn-article.tex,"On the other hand, Conmy et al.~\cite{conmy2023towards} automate a key step in mechanistic interpretability by identifying connections between abstract neural units that form a circuit.",conmy2023towards,2509.21631,Towards Transparent AI: A Survey on Explainable Language Models,s1732,single_cite_key
structured-data.tex,"S2IP-LLM~\cite{pan2024sipllm}, on the other hand, decomposes time series by seasonal-trend to explicitly encode each component.",pan2024sipllm,2509.23988,LLM/Agent-as-Data-Analyst: A Survey,s1734,single_cite_key
structured-data.tex,"% S2IP-LLM~\cite{pan2024sipllm}, on the other hand, decomposes time series by seasonal-trend to explicitly encode each component.",pan2024sipllm,2509.23988,LLM/Agent-as-Data-Analyst: A Survey,s1735,single_cite_key
5_benchmark.tex,"On the other hand, the MVBench\cite{li2024mvbench} benchmark is specifically designed to evaluate temporal reasoning, comprising 20 dynamic tasks that cannot be solved with single-frame analysis, thus testing a model's temporal skills from perception to cognition, Fig.",li2024mvbench,2509.25373,From Perception to Cognition: A Survey of Vision-Language Interactive Reasoning in Multimodal Large Language Models,s1738,single_cite_key
acl_latex.tex,"On the other hand, they heavily restrict the vocabulary in concept descriptions and certainly exclude the potential of detecting concepts that are not obvious to the human observer \cite{hewitt-2025-we-cant-understand-ai}.",hewitt-2025-we-cant-understand-ai,2510.01048,Interpreting Language Models Through Concept Descriptions: A Survey,s1739,single_cite_key
4related_work.tex,"On the other hand, text embedding produced by language models are proposed to cover a range of tasks \cite{muennighoff2022mteb}, including retrieval, summarization, classification and more, which could be useful in detection.",muennighoff2022mteb,2510.01801,Detecting LLM-Generated Spam Reviews by Integrating Language Model Embeddings and Graph Neural Network,s1740,single_cite_key
08_discussion.tex,"% \paragraph{On the other hand, some works investigate the possibility of forgoing RAG entirely by strengthening the intrinsic capabilities of LLMs through long-context modeling.} For example, SelectSolve~\citep{selectsolve} demonstrates that in fully observable environments such as SWE-bench, simply providing the entire codebase to a long-context LLM with proper prompting can achieve, and sometimes surpass, the performance of carefully designed multi-tool agent systems.",selectsolve,2510.04905,Retrieval-Augmented Code Generation: A Survey with Focus on Repository-Level Approaches,s1742,single_cite_key
sec_mitigation.tex,"On the other hand, the EAE \cite{fevry2020entities} framework uses a weighted-addition mechanism that assigns weights based on relevance, filtering out less relevant information.",fevry2020entities,2510.06265,Large Language Models Hallucination: A Comprehensive Survey,s1744,single_cite_key
sec_sources.tex,"Consequently, they exhibit a bias towards over-represented training data, which results in a hallucinated output that diverges from the desired content \cite{lee2022deduplicating}.",lee2022deduplicating,2510.06265,Large Language Models Hallucination: A Comprehensive Survey,s1746,single_cite_key
sec_detection.tex,"On the other hand, black-box approaches rely solely on the model’s outputs, making them suitable for use with closed-source or commercial APIs \cite{xue2025verify}.",xue2025verify,2510.06265,Large Language Models Hallucination: A Comprehensive Survey,s1747,single_cite_key
main.tex,"Conversely, inference-time approaches that poison only a few in-context demonstrations must compete with the model's entrenched knowledge and safety alignment, resulting in \textbf{unstable} or diluted effects and lower ASR than attacks that use fine-tuning~\cite{BadChain}.",BadChain,2510.07697,Rethinking Reasoning: A Survey on Reasoning-based Backdoors in LLMs,s1748,single_cite_key
acl_latex.tex,"\textbf{AlphaMissense} \citep{cheng2023accurate}, on the other hand, assesses the functional impact of missense variants across the proteome, indirectly informing interaction stability.",cheng2023accurate,2510.07706,Large Language Models Meet Virtual Cell: A Survey,s1749,single_cite_key
acl_latex.tex,"On the other hand, \textbf{ChatNT} \citep{richard2024chatnt} unifies DNA, RNA, protein sequences, and natural language in a single system.",richard2024chatnt,2510.07706,Large Language Models Meet Virtual Cell: A Survey,s1751,single_cite_key
Discussion.tex,"Conversely, the granularity of rule-based rewards is entirely determined by handcrafted design, which can vary from coarse to fine depending on how the rules are specified~\citep{gunjal2025rubrics}.",gunjal2025rubrics,2510.08049,A Survey of Process Reward Models: From Outcome Signals to Process Supervisions for Large Language Models,s1752,single_cite_key
template.tex,"Conversely, designs such as LLaMA-Adapter V2 tend to deliver stronger multimodal reasoning at the cost of more trainable parameters and higher GPU memory demand \cite{11}.",11,2510.12178,Evolution of meta's llama models and parameter-efficient fine-tuning of large language models: a survey,s1753,single_cite_key
results.tex,"On the other hand, recommender systems are mostly aimed at providing recommendations, such as movie recommendations for users \cite{kimImprovedExplanatoryEfficacy2020} (Consumer \& Lifestyle).",kimImprovedExplanatoryEfficacy2020,2510.12201,On the Design and Evaluation of Human-centered Explainable AI Systems: A Systematic Review and Taxonomy,s1754,single_cite_key
introduction.tex,"From a user perspective, on the other hand, metrics such as explanation satisfaction and accurate user mental models could be useful indicators of explanation quality \cite{hoffmanMetricsExplainableAI2019a}.",hoffmanMetricsExplainableAI2019a,2510.12201,On the Design and Evaluation of Human-centered Explainable AI Systems: A Systematic Review and Taxonomy,s1755,single_cite_key
1-intro.tex,"On the other hand, some reviewers, despite explicit prohibitions, delegate their responsibilities to LLMs~\citep{yu2025paperreviewedllmbenchmarking}, creating the prospect that an LLM-refined or even LLM-written paper may be reviewed by an LLM reviewer.",yu2025paperreviewedllmbenchmarking,2510.12367,LLM-REVal: Can We Trust LLM Reviewers Yet?,s1756,single_cite_key
sup.tex,\paragraph{Alignment Failures} Alignment failures emerge when an autonomous coding agent’s behavior diverges from the developer’s intent or the organization’s governance norms \cite{shao2025your}.,shao2025your,2510.12399,A Survey of Vibe Coding with Large Language Models,s1757,single_cite_key
4_multilingual.tex,"On the other hand, training on large-scale multilingual documents may introduce language interference, \ie, the curse of multilinguality~\cite{DBLP:conf/emnlp/ChangAT024}.",DBLP:conf/emnlp/ChangAT024,2510.13366,Document Intelligence in the Era of Large Language Models: A Survey,s1759,single_cite_key
acl_latex.tex,"On the other hand, AraHalluEval \cite{alansari2025arahallueval} benchmark targets the evaluation of hallucination in the Arabic language in particular.",alansari2025arahallueval,2510.13430,"Evaluating Arabic Large Language Models: A Survey of Benchmarks, Methods, and Gaps",s1760,single_cite_key
acl_latex.tex,"Conversely, \citet{ankner2024perplexed} employ perplexity-based filtering with SLM scorers to remove low-yield data, reducing optimization steps and enhancing generalization.",ankner2024perplexed,2510.13890,"A Survey on Collaborating Small and Large Language Models for Performance, Cost-effectiveness, Cloud-edge Privacy, and Trustworthiness",s1762,single_cite_key
acl_latex.tex,"On the other hand, CORE~\cite{fan2025core} utilizes the SLM to rank potentially relevant data and limit the context passed to the cloud.",fan2025core,2510.13890,"A Survey on Collaborating Small and Large Language Models for Performance, Cost-effectiveness, Cloud-edge Privacy, and Trustworthiness",s1763,single_cite_key
acl_latex.tex,"On the other hand, GradOT approximates the gradient updates using offsite-tuning~\cite{xiao2023offsitetuningtransferlearningmodel} to enable efficient alignment without co-training.",xiao2023offsitetuningtransferlearningmodel,2510.13890,"A Survey on Collaborating Small and Large Language Models for Performance, Cost-effectiveness, Cloud-edge Privacy, and Trustworthiness",s1764,single_cite_key
acl_latex.tex,"Conversely, Weak-to-Strong Jailbreak~\cite{zhao2025weaktostrong} shows that an unsafe SLM can steer a safe LLM toward harmful outputs via logit offsets, suggesting that the same mechanism can be defensively reused with a safe SLM to constrain decoding and prevent jailbreak attacks.",zhao2025weaktostrong,2510.13890,"A Survey on Collaborating Small and Large Language Models for Performance, Cost-effectiveness, Cloud-edge Privacy, and Trustworthiness",s1765,single_cite_key
acl_latex.tex,"Conversely, Weak-to-Strong Jailbreak~\cite{zhao2025weaktostrong} reveals that unsafe SLMs can steer safe LLMs toward harmful outputs, implying that the same mechanism can defensively employ safe SLMs to counter jailbreak attacks through safety-guided logit fusion.",zhao2025weaktostrong,2510.13890,"A Survey on Collaborating Small and Large Language Models for Performance, Cost-effectiveness, Cloud-edge Privacy, and Trustworthiness",s1766,single_cite_key
sample-acmsmall.tex,"V-Droid\cite{dai2025advancing}, on the other hand, reflects by using a verifier to evaluate a set of candidate actions based on learned task progress preferences.",dai2025advancing,2510.16720,Beyond Pipelines: A Survey of the Paradigm Shift toward Model-Native Agentic AI,s1768,single_cite_key
s4-llm4tag.tex,"On the other hand, G-Prompt \cite{huang2023prompt} combines a learnable graph adapter with task-specific prompts to seamlessly integrate textual and structural information, delivering enhanced interpretability and performance for few-shot learning.",huang2023prompt,2510.21131,Large Language Models Meet Text-Attributed Graphs: A Survey of Integration Frameworks and Applications,s1770,single_cite_key
data.tex,"Conversely, synthetic or structurally specialized data benefits from more targeted filtering strategies~\citep{zhou2024jiuzhang}, which enable the efficient extraction of domain-aligned, premium content.",zhou2024jiuzhang,2510.23081,A Survey on LLM Mid-Training,s1771,single_cite_key
4_evaluation.tex,"On the other hand, this can also be used as a potential attack method~\citep{Lynch2024Eight}, as the model is required to choose an answer from the options provided and cannot deceive by fabricating irrelevant content.",Lynch2024Eight,2510.25117,A Survey on Unlearning in Large Language Models,s1772,single_cite_key
3_methods.tex,"On the other hand, RKLD~\cite{Wang2025Balancing} taking the difference between the logits of a model finetuned on the unlearning set and that of original model as reference.",Wang2025Balancing,2510.25117,A Survey on Unlearning in Large Language Models,s1773,single_cite_key
main.tex,"On the other hand, their presence can lead users to overestimate the trustworthiness of the information \cite{bink2022featured}, and may contribute to health anxiety in health-related searches, particularly when the displayed results are distressing \cite{bink2022featured}.",bink2022featured;bink2022featured,2511.12920,Auditing Google's AI Overviews and Featured Snippets: A Case Study on Baby Care and Pregnancy,s1776,single_cite_key
safety.tex,"\item \textbf{CBS\_I@K:} Conversely, the Consistent Biased Score across K runs assesses the stability of biased outputs, which is crucial for understanding the robustness of a model's stereotypical associations~\citep{jiang2024effectiveness}.",jiang2024effectiveness,2511.18538,From Code Foundation Models to Agents and Applications: A Comprehensive Survey and Practical Guide to Code Intelligence,s1778,single_cite_key
evaluation.tex,"On the other hand, CS1QA~\cite{lee2022cs1qa} collects question-answer pairs from chat logs of an introductory Python programming course.",lee2022cs1qa,2511.18538,From Code Foundation Models to Agents and Applications: A Comprehensive Survey and Practical Guide to Code Intelligence,s1780,single_cite_key
07_RQ4.tex,"Conversely, VeriContaminated~\cite{129} detects benchmark contamination in training sets to ensure evaluation integrity.",129,2512.00020,Large Language Model for Verilog Code Generation: Literature Review and the Road Ahead,s1781,single_cite_key
sn-article.tex,"Conversely, while traditional suites like SPEC~\citep{spec_2006} possess the required scale and complexity, they are not designed for LLM-based workflows and their end-to-end difficulty can be prohibitive for current models.",spec_2006,2601.02045,The New Compiler Stack: A Survey on the Synergy of LLMs and Compilers,s1783,single_cite_key
tabular_data.tex,"Conversely, to assess whether the generator covers the support of the real distribution instead of collapsing to a few modes, we compute the real to synthetic proximity on hold out data: \begin{equation} \mathrm{DCR}_{\mathrm{real}\to\mathrm{syn}}(x) = \min_{s \in \hat{D}} d\bigl(x,\,s\bigr), \end{equation} \!\!where a distribution comparable to real baselines suggests realistic coverage rather than a degenerate generator \citep{borisov2023languagemodelsrealistictabular}.",borisov2023languagemodelsrealistictabular,2601.17717,A Survey on Evaluating Quality and Trustworthiness in LLM-Generated Data,s1787,single_cite_key
long_version_unintended_behaviors.tex,"% \textcolor{blue}{[1]}: On the other hand, \citet{dont_say_what_they_think-anthropic} offers a more skeptical view, noting that CoT monitoring does not reliably detect reward hacking, as models frequently omit such intentions from their reasoning chains.",dont_say_what_they_think-anthropic,2601.19928,"Towards a Mechanistic Understanding of Large Reasoning Models: A Survey of Training, Inference, and Failures",s1790,single_cite_key
moe_variants.tex,"To address these limitations, \textsc{\textbf{MoA}}~\cite{feng2024mixture} diverges from the standard paradigm by adopting a sequence-level routing strategy guided by explicit domain metadata.",feng2024mixture,2601.22708,"A Unified Study of LoRA Variants: Taxonomy, Review, Codebase, and Empirical Evaluation",s1791,single_cite_key
moe_variants.tex,"Conversely, \textsc{\textbf{MoSLoRA}}~\cite{wu2024mixture} modifies the internal structure of the LoRA module itself to introduce mixture capabilities without an external router.",wu2024mixture,2601.22708,"A Unified Study of LoRA Variants: Taxonomy, Review, Codebase, and Empirical Evaluation",s1792,single_cite_key
ijcai19.tex,"A feature may show large absolute fluctuations yet remain informative if individual structure is preserved; conversely, analytic flexibility can substantially alter outcomes (notably for connectivity), emphasizing the need to interpret variability estimates in light of pipeline choices~\cite{allouch_effect_2023}.",allouch_effect_2023,2602.01019,Inter- and Intra-Subject Variability in EEG: A Systematic Survey,s1793,single_cite_key
ijcai19.tex,"Conversely, a feature may show low apparent variability at the group level but still be unreliable if repeated measurements fluctuate unpredictably within individuals or are strongly affected by uncontrolled state or technical factors~\cite{liu_resting_2024}.",liu_resting_2024,2602.01019,Inter- and Intra-Subject Variability in EEG: A Systematic Survey,s1794,single_cite_key
Manuscript.tex,"On the other hand, state variables such as temperature and strain rate can also be incorporated into the SR process, as demonstrated in \cite{kabliman2021application}.",kabliman2021application,2602.01215,AI Meets Plasticity: A Comprehensive Survey,s1795,single_cite_key
Sec7-1_metrics.tex,"MAP and NDCG@K, on the other hand, also take into account the quality of the ranking and give systems that put relevant memories first a higher score \citep{kohar2025benchmark}.",kohar2025benchmark,2602.06052,A Survey of Agent Memory in the Second Half: Towards Self-Evolving and Long-Horizon Agents,s1797,single_cite_key
explainability.tex,"On the other hand, \citet{turpin2023language} demonstrate that chain-of-thought explanations can be systematically unfaithful.",turpin2023language,2602.08145,Reliable and Responsible Foundation Models: A Comprehensive Survey,s1799,single_cite_key
security.tex,"On the other hand, to remove backdoors already learned, \citet{feng2023detecting} propose to search for minimal trigger patterns to ensure inputs stamped with the trigger share similar embeddings.",feng2023detecting,2602.08145,Reliable and Responsible Foundation Models: A Comprehensive Survey,s1802,single_cite_key
alignment.tex,"This method has been further improved by Graph-of-Thought (GoT)~\citep{besta2023graph}, which diverges from linear or hierarchical structures to a more flexible graph-based representation.",besta2023graph,2602.08145,Reliable and Responsible Foundation Models: A Comprehensive Survey,s1803,single_cite_key
alignment.tex,"Conversely, Optimization by PROmpting (OPRO) \citep{yang2023large} adopts a more direct approach, generating new instructions at each optimization step, with LLM optimization focused on enhancing task accuracies without necessarily replicating prior instructions.",yang2023large,2602.08145,Reliable and Responsible Foundation Models: A Comprehensive Survey,s1804,single_cite_key
sn-article-david.tex,"Fully open models such as OLMo \citep{groeneveld-etal-2024-olmo}, on the other hand, allow researchers to audit pre-training corpora directly.",groeneveld-etal-2024-olmo,2602.15851,Narrative Theory-Driven LLM Methods for Automatic Story Generation and Understanding: A Survey,s1809,single_cite_key
main.tex,"On the other hand, UAVs may operate as cellular users, requiring reliable, low-latency connectivity for safe navigation, control, and sensing \cite{azari_gcw20}.",azari_gcw20,2602.19534,Large Language Model-Assisted UAV Operations and Communications: A Multifaceted Survey and Tutorial,s1810,single_cite_key
sn-article.tex,"\\ % A fundamental interpretability challenge in \glspl{fm} centres around their dualistic nature: on the one hand, they may function as single, general models whose mechanisms are widely applicable; on the other hand, their ability to adapt to profoundly different tasks may stem from an inherent collection of specialised expert models, each tailored to a specific context~\cite{bommasaniOpportunitiesRisksFoundation2022}.",bommasaniOpportunitiesRisksFoundation2022,2603.06749,Robotic Foundation Models for Industrial Control: A Comprehensive Survey and Readiness Assessment Framework,s1812,single_cite_key
sn-article.tex,"On the other hand, Hu~et~al.~\cite{huGeneralPurposeRobotsFoundation2024} discuss the overarching \gls{rfm} paradigm, but primarily give an overview over current methodologies.",huGeneralPurposeRobotsFoundation2024,2603.06749,Robotic Foundation Models for Industrial Control: A Comprehensive Survey and Readiness Assessment Framework,s1813,single_cite_key
main_arxiv.tex,"% \citet{wang2026sbu}~(\emph{Synchronized Backflow Unlearning}, Tier-2) % go further, naming a pathology we regard as central: a % \emph{parameter--memory backflow} in which retrieval from the external % store reactivates parametric residues that weight-level unlearning % was supposed to have removed, and conversely weight-level updates can % reseed content already deleted from the store.",wang2026sbu,2604.16548,"A Survey on Long-Term Memory Security in LLM Agents: Attacks, Defenses, and Governance Across the Memory Lifecycle",s1821,single_cite_key
survey_main.tex,"Conversely, RL adoption remains scarce at the meta level~\cite{zhang2025multi}.",zhang2025multi,2605.14892,"Beyond Individual Intelligence: Surveying Collaboration, Failure Attribution, and Self-Evolution in LLM-based Multi-Agent Systems",s1827,single_cite_key
main.tex,"In a proactive defense framework, interventions such as pre-bunking are mathematically modeled as an external force increasing the transition rate $b$ and $l$, effectively accelerating the flow from Susceptible ($S$) to Skeptics ($Z$) before infection occurs.\label{fig3}} \end{figure} More nuanced variants like the SEIZ (Susceptible, Exposed, Infected, Skeptics) model, on the other hand, offer a more robust framework for this domain \cite{springer2025b}.",springer2025b,2606.00136,Generative AI and Digital Ecosystem Resilience: A Proactive Lifecycle-Based Survey,s1829,single_cite_key
5_env_synthesis.tex,"Conversely, DockSmith \cite{DockSmith} trains specialized models to automate the generation and repair of Dockerfiles to improve construction efficiency.",DockSmith,2606.12191,"Agentic Environment Engineering for Large Language Models: A Survey of Environment Modeling, Synthesis, Evaluation, and Application",s1830,single_cite_key
5_env_synthesis.tex,"Matrix-Game \cite{Matrix-Game}, on the other hand, utilizes a pretrained inverse dynamics model to infer actions from generated videos and compares them with ground-truth keyboard inputs using average accuracy to evaluate interaction correctness.",Matrix-Game,2606.12191,"Agentic Environment Engineering for Large Language Models: A Survey of Environment Modeling, Synthesis, Evaluation, and Application",s1831,single_cite_key
2_method.tex,"MedQA(USMLE)~\cite{jin2021disease}, on the other hand, is derived from the United States Medical Licensing Examination and is widely regarded as one of the most challenging benchmarks in biomedical NLP.",jin2021disease,2606.15419,Let LLMs Judge Each Other: Multi-Agent Peer-Reviewed Reasoning for Medical Question Answering,s1833,single_cite_key
document.tex,"Conversely, FinTabNet~\citep{zheng2021global} extends the target domain to financial reports, addressing unique challenges in layout and visual style using a 10.7k-table test set with cell-level annotations.",zheng2021global,2606.15932,Beyond NL2Code: A Structured Survey of Multimodal Code Intelligence,s1834,single_cite_key
document.tex,"Conversely, DocTron-Formula~\citep{zhong2025doctron} directly leverages general vision-language models without task-specific designs, effectively handling diverse granularities.",zhong2025doctron,2606.15932,Beyond NL2Code: A Structured Survey of Multimodal Code Intelligence,s1835,single_cite_key
tacl2021.tex,"% On the other hand, \citet{chen2025coda} shows the utility of a progressive masking schedule that gradually increases the difficulty of the training objective across epochs.",chen2025coda,2606.23690,"Beyond the Autoregressive Horizon: A Comprehensive Survey of Diffusion Models, World Modelling, and State Space Models for Code",s1836,single_cite_key
sn-article.tex,"When progress is guided by imperfect proxies, such as self-critique scores, error accumulation can manifest as specification drift, where optimizing the metric diverges from the intended objective \citep{NEURIPS2022_3d719fee}.",NEURIPS2022_3d719fee,2606.28450,LLM agents security duality: a comprehensive survey of self-security and empowered cybersecurity,s1838,single_cite_key
03-definition.tex,"Conversely, a minimal text-based artifact may be AI-native if its primary loop depends on generative interpretation and consequential response \cite{sun2023languageReality}.",sun2023languageReality,2607.00527,AI Native Games: A Survey and Roadmap,s1839,single_cite_key
03-definition.tex,"Conversely, \emph{Tenure-Track Chili}\cite{tenureTrackChili2026} is treated as AI-augmented: its generative layer may enrich dialogue or event variation, but the underlying play loop remains recoverable through authored content or deterministic systems.",tenureTrackChili2026,2607.00527,AI Native Games: A Survey and Roadmap,s1840,single_cite_key
cas-dc-template.tex,"On the other hand, artificial intelligence (AI) has been the technical methodology that has been revolutionizing cybersecurity systems \cite{AI_Cyberseucurity_Review_2023, AI_Cybersecurity_Techniques_Review, AI_Cybe_Review_CS, AI_Cybersecurity_Overview}, mainly through machine learning (ML) \cite{Review_ML_For_cybersecurity}, deep learning (DL) \cite{Review_DL_For_Cybersecurity, Review_ML_DL_Techniques_For_Cybersecurity}, natural language processing (NLP) \cite{Review_NLP_For_Cybersecurity} and ","AI_Cyberseucurity_Review_2023, AI_Cybersecurity_Techniques_Review, AI_Cybe_Review_CS, AI_Cybersecurity_Overview;Review_ML_For_cybersecurity;Review_DL_For_Cybersecurity, Review_ML_DL_Techniques_For_Cybersecurity;Review_NLP_For_Cybersecurity;Review_RL_For_Cybersecurity, Survey_RL_For_Cybersecurity",2607.13123,"AI in Cyberpsychology: A systematic literature review of Cybersecurity enhancement by using AI for analyzing psychology of Victims, Attackers, and Defenders",s1843,likely_latex_artifact
main.tex,"Conversely, totals may exceed 100\% when a single approach combines or compares several strategies and is therefore counted under more than one value.}) assigns one persona to all participants $v \in V$, so they argue from a common perspective and differ only in the arguments they generate~\cite{1,2,18,52,55,60,74,78,99,105,128}.","1,2,18,52,55,60,74,78,99,105,128",2607.26212,"Multi-Agent Debate Strategies: Survey, Taxonomy, and Challenges",s1844,likely_latex_artifact
main.tex,"On the one hand, the requirement of accuracy obliges the controller to provide substantively precise information; on the other hand, the requirement of intelligibility demands that the information be presented in such a way that the data subject can actually comprehend it without excessive cognitive or temporal effort \cite{Backer2024}.",Backer2024,2608.02699,Explainable AI for the EU Right to Explanation: A Systematic Review of the Law-XAI Translation Gap,s1845,single_cite_key
2_Taxonomy.tex,"Conversely, the innovative tasks correspond to creative knowledge generation, which demands divergent thinking, complex logical synthesis, and open-ended exploration without a single predefined solution~\cite{sun2022students} (e.g., writing a novel or solving research problems).",sun2022students,2608.07494,How to Ask the AI: A User Perspective Survey for Large Language Model Prompting,s1846,single_cite_key
app_revised2.tex,"% Conversely, relying solely on LLM prompting via textual commentary yields significantly lower performance ~\citep{app4coa_ana_chakraborty2025we}, highlighting that general LLMs struggle to pinpoint precise event timestamps without fine-grained visual alignment.",app4coa_ana_chakraborty2025we,2608.14377,A Survey of Large Models in Sports,s1847,single_cite_key
main.tex,"On the other hand, more deterministic designs, such as~\citep{hu2023chatdb}, maintain an external database that can be queried by the LLM via SQL queries.",hu2023chatdb,2608.20379,A Survey on Foundations and Frontiers of Multimodal Agentic Frameworks: Techniques and Applications,s1849,single_cite_key
wsc26paper.tex,"Gartlehner et al.~\citeyear{gartlehner2025artificial}, on the other hand, utilized Claude's web-based interface (versions 2.1, 3.0 Opus, and 3.5 Sonnet) to extract data from 63 studies.",gartlehner2025artificial,2608.26150,Leveraging Large Language Models for Systematic Literature Review of Disease Spread Models,s1850,single_cite_key
access_modified.tex,"On the other hand, multilingual recognition improves translation for low-resource languages \cite{ghafoor2021impact}.",ghafoor2021impact,2608.26500,Systematic Literature Review of Machine Learning Models and Applications for Text Recognition,s1852,single_cite_key
edit_intention_categorization.tex,"Conversely, a follow-up study simplifies the earlier EIT by collapsing all subcategories under \textit{Surface Changes}, reflecting a shift in focus toward augmentative revisions \citep{zhang-litman-2016-using}.",zhang-litman-2016-using,2609.01610,,s1857,single_cite_key
arxiv_v2.tex,"The requirement to preserve node privacy, on the other hand, may lead to \textit{ego-graph} partition, where one agent knows about the ego graph of a single customer \citep{agrawal2024no}.",agrawal2024no,2609.02984,From Euclidean to Graph-Structured Data: A Survey of Collaborative Learning,s1860,single_cite_key
arxiv_v2.tex,"Conversely,~\citep{wang2025towards} assumes a fully connected communication graph (i.e., agents are free to communicate with anyone in a peer-to-peer network) but samples a communication topology at each round.",wang2025towards,2609.02984,From Euclidean to Graph-Structured Data: A Survey of Collaborative Learning,s1861,single_cite_key
