sentence_id,status,skip_reason,topic,hypothesis_a,source_a,hypothesis_b,source_b,reject_reason
s0003,skipped,"not_genuine_contrast: Yamada & Knight (2002), Galley et al. (2004), Marcu et al. (2006), and Shen et al. (2010) are jointly cited as four examples of the same string-to-tree syntax-based MT paradigm, all sharing the property of restricting translations to well-formed target trees. They are not opposed to each other; the 'on the other hand' marker contrasts this class of methods against a different (likely string-to-string) paradigm discussed earlier in the survey that is not among the resolved cited_refs.",,,,,,skipped_by_annotator
s0004,skipped,"not_genuine_contrast: joshi2012multi (Joshi, Cohen, Dredze & Rose 2012, 'Multi-domain learning: when do domains matter?') and joshi2013s (Joshi, Dredze, Cohen & Rose 2013, 'What's in a domain? Multi-domain learning for multi-attribute data') are by the same research group and form a single line of work on multi-domain learning; they are cited together as joint examples of structured modeling approaches, not as opposing findings.",,,,,,skipped_by_annotator
s0009,skipped,"not_genuine_contrast: McIntyre & Lapata (2009, story generation), Gatt et al. (2009, NLG for neonatal-care decision support), and Kondadadi et al. (2013, statistical NLG framework) are jointly listed as three examples of text-to-text generation techniques a data-to-text system could draw on. They illustrate the same suggestion together, not a disagreement between two of them.",,,,,,skipped_by_annotator
s0019,skipped,"not_genuine_contrast: khodak2017automated (Khodak et al. 2017, WordNet construction from word embeddings) and ustalov2017watset (Ustalov et al. 2017, Watset synset induction from a synonym graph) are jointly cited in a footnote as two examples of the same emerging branch -- automatic construction of WordNet-like resources from scratch. They are not pitted against each other; the actual 'on the other hand' contrast in the main sentence is between expert-built and collaboratively-built resources, neither of which is among these two cited_refs.",,,,,,skipped_by_annotator
s0024,skipped,"not_genuine_contrast: Greenberg (1966, 'Synchronic and diachronic universals in phonology'), Greenberg (1978, 'Diachrony, synchrony and language universals'), and Bybee (1988, 'The diachronic dimension in explanation') are jointly cited in support of the same claim that functional principles drive grammaticalization; they reinforce each other rather than disagreeing.",,,,,,skipped_by_annotator
s0032,skipped,"not_genuine_contrast: Kulkarni et al. (2013, Babytalk) and Yang et al. (2016, Stacked attention networks) are grouped together as two examples of the same 'template-based models' category focused on extracting words/grammatical units from query images; they are not opposed to each other, and the sentence's real contrast is with a different (non-template) category discussed elsewhere that is not among these cited_refs.",,,,,,skipped_by_annotator
s0039,skipped,"not_genuine_contrast: the sentence describes a single-method tradeoff of floating rules (introduced in Wang, Berant & Liang 2015, 'Building a semantic parser overnight') -- an advantage of handling ill-formed crowd-sourced utterances, and a cost of producing more candidate derivations, with the cost illustrated via Berant & Liang (2014, 'Semantic parsing via paraphrasing') and Pasupat & Liang (2015, 'Compositional semantic parsing on semi-structured tables'). This is one method's tradeoff sourced to three citations, not two works making opposing claims about the same question.",,,,,,skipped_by_annotator
s0043,skipped,"not_genuine_contrast: Shen et al. (IJCAI'18, discrete network embedding) and Hong et al. (ICDM'18, binarized attributed network embedding) are jointly listed as matrix-factorization examples, and Perozzi et al. (2014, DeepWalk) is listed as the random-walk example -- all three are grouped together simply as non-deep-learning network embedding methods, not opposed to each other.",,,,,,skipped_by_annotator
s0049,skipped,"not_genuine_contrast: SQuAD 1.1 (Rajpurkar et al. 2016), SWAG (Zellers et al. 2018), and GLUE (Wang et al. 2018) are jointly cited as examples of large benchmarks (100,000+ examples) on which state-of-the-art performance is highest; they support the same observation rather than disagreeing, and the sentence's actual contrast ('we do see some anomalies') points to material outside these resolved cited_refs.",,,,,,skipped_by_annotator
s0050,skipped,"not_genuine_contrast: Cambria et al. (2011, Isanette common-sense knowledge base) and Nunberg (1987, position paper on common-sense and formal semantics) are both cited in support of the same descriptive claim -- that commonsense knowledge is unstated/obvious and consists of universally accepted beliefs; they are not opposing claims.",,,,,,skipped_by_annotator
s0052,skipped,not_genuine_contrast: ViLBERT (Lu et al. 2019) and LXMERT (Tan & Bansal 2019) are jointly grouped as the two given examples of the 'multi-stream' architecture category (independent per-modality Transformers followed by cross-modal co-attention); they share the same architectural property rather than disagreeing.,,,,,,skipped_by_annotator
s0059,skipped,"not_genuine_contrast: the sentence states that Platanios et al. (2018, contextual parameter generation for universal NMT) 'improved upon' Blackwood et al. (2018, multilingual NMT with task-specific attention) -- this describes a methodological extension/improvement of prior work, not two works making opposing claims or competing findings.",,,,,,skipped_by_annotator
s0061,skipped,"not_genuine_contrast: Mavletova (2013), Wells et al. (2014), and Antoun et al. (2017) are jointly cited in support of the same claim that mobile-device survey administration may reduce the quality of open-ended answers; all three studies are cited as converging evidence, not as disagreeing works.",,,,,,skipped_by_annotator
s0062,skipped,"not_genuine_contrast: Zhang et al. (2018, dialog-strategy question prompts), Tallyn et al. (2018, Ethnobot follow-up probes), Ricci et al. (2015, recommender systems overview), and Radlinski & Craswell (2017, conversational search framework) are jointly listed as four different examples illustrating the diversity of chatbot conversation-prompt types; they are complementary examples, not opposing claims.",,,,,,skipped_by_annotator
s0064,skipped,"not_genuine_contrast: kim2021conditional (Kim, Kong & Son 2021, VITS -- conditional VAE with adversarial learning for TTS) is cited only as the source of the VITS architecture that Nayanathara et al. (2025, Sinhala TTS) adopt and apply to their own task; VITS is the tool being reused, not an opposing claim. The 'on the other hand' contrast in the original sentence is with an earlier-discussed alternative approach not present among these two cited_refs.",,,,,,skipped_by_annotator
s0079,skipped,"not_genuine_contrast: de Assis Costa & de Oliveira (2018, literal-enriched data linking with blocking, LiteralE) and Cochez et al. (2018, KGloVe with text literals) are each applied to a different task -- data linking versus document classification, respectively -- as the sentence itself states. This is a parallel one-method-per-task illustration, not a disagreement between the two works.",,,,,,skipped_by_annotator
s0092,skipped,"not_genuine_contrast: Yang et al. (2017), Chen et al. (2019), Weber et al. (2019), Xie & Grossman (2018), and Park & Wolverton (2019) are jointly cited as five examples illustrating growing GNN adoption across domains (knowledge-base reasoning, question generation, anti-money-laundering, materials science); they are converging examples of the same trend, not opposing claims. No citation covers the 'not widely applied' (earlier) side of the contrast.",,,,,,skipped_by_annotator
s0096,skipped,"not_genuine_contrast: Rich (1979, stereotype-based user modeling), Pecune et al. (2019, explanation-aware conversational recommender), Greco et al. (2017), Liao et al. (2019), and Ghazvininejad et al. (2018) are jointly listed as five examples spanning early to recent natural-language-interaction-based dialogue approaches; they illustrate the same category's evolution over time, not a disagreement between any two of them.",,,,,,skipped_by_annotator
s0106,skipped,"not_genuine_contrast: Bowman et al. (2015, SNLI), Rajpurkar et al. (2016, SQuAD), and Williams et al. (2018, MultiNLI) are jointly cited as examples of large-scale datasets, while Raffel et al. (2019, T5) and Lan et al. (2020, ALBERT) are jointly cited as examples of models that outperform the human baseline using them -- both groups support the same claim about large data enabling strong models, with no disagreement between any two of the five works.",,,,,,skipped_by_annotator
s0107,skipped,"not_genuine_contrast: BiDAF++ w/2-ctx (Ohsugi et al. 2019) and GraphFlow (Chen, Wu & Zaki 2019) are described as doing the same thing -- appending history questions and encoding relative dialog-turn number to the current question -- so they are grouped as sharing an approach, not opposed to each other.",,,,,,skipped_by_annotator
s0109,skipped,"not_genuine_contrast: Zhao & Chaturvedi (2020), Angelidis & Lapata (2018), and Rudra et al. (2018) are jointly cited as three examples of unsupervised summarization approaches that motivate the authors' own ILP-based framework; the actual contrast in the sentence is between 'our framework' and prior work generally, not between any two of these three cited works.",,,,,,skipped_by_annotator
s0110,skipped,"not_genuine_contrast: Yamada & Knight (2001, syntax-based MT), Chan & Roth (2011, relation extraction), and Zou et al. (2015, sentiment classification with syntax features) are jointly cited as three examples of NLP tasks that benefit from parsing; they illustrate the same point about parsing's broad utility, not a disagreement.",,,,,,skipped_by_annotator
s0117,skipped,"not_genuine_contrast: Rahimi & Recht (2008, random features), Lu et al. (2016, large-scale online kernel learning), and Mutny & Krause (2018, high-dimensional Bayesian optimization with quadrature Fourier features) are jointly cited as three examples of methods that construct kernel spaces via nonlinear mapping to low-dimensional subspaces; they share the same approach rather than disagreeing.",,,,,,skipped_by_annotator
s0120,skipped,"not_genuine_contrast: SAG (Schmidt, Le Roux & Bach 2017) and SVRG (Johnson & Zhang 2013) are described as two different variance-reduction techniques for stochastic gradient methods, each with its own mechanism (gradient averaging versus memory-efficient scalar storage). This is a descriptive comparison of two complementary/alternative techniques within the same family, not a case where one work's claim contradicts the other's.",,,,,,skipped_by_annotator
s0123,skipped,"not_genuine_contrast: both citations (Zaharia et al. 2012, RDDs; Zaharia et al. 2010, Spark cluster computing) are by the same author group and describe two complementary architectural features of the same system, Spark -- not opposing claims.",,,,,,skipped_by_annotator
s0124,skipped,"not_genuine_contrast: Novikova et al. (2017, simultaneous multi-output rating) is contrasted with Vedantam et al. (2015, CIDEr), Kilickaya et al. (2017, image-captioning metric re-evaluation), and Dusek et al. (2020, E2E NLG challenge) as an 'either...or' listing of two alternative evaluation-protocol choices (rating versus ranking) that different papers happen to use; this is a methodological taxonomy, not a disagreement about a shared finding or claim.",,,,,,skipped_by_annotator
s0125,skipped,"not_genuine_contrast: the 'however' contrasts Geifman & El-Yaniv (2019, Active-iNAS) with an undifferentiated block of 'most previous DeepAL methods' represented by three jointly grouped citations (Aghdam et al. 2019; Alahmari et al. 2019; Kwolek et al. 2019), all characterized identically as sharing the same fixed-model assumption. No single one of the three is individually distinguished from the others, so no genuine one-to-one pairwise disagreement between exactly two cited works can be established -- pairing Geifman against any one of the three arbitrarily would misrepresent a group-level critique as a pairwise contradiction.",,,,,,skipped_by_annotator
s0126,skipped,"not_genuine_contrast: the sentence describes EGNN (Kim et al. 2019) as exchanging the roles of nodes and edges within the GNN framework of Garcia & Bruna (2018), transforming a node-labeling architecture into an edge-labeling one. This is a methodological extension/transformation of the earlier work, not two works making opposing claims.",,,,,,skipped_by_annotator
s0127,skipped,"not_genuine_contrast: GLUE (Wang et al. 2018) is cited only as the benchmark that Linformer (Wang et al. 2020) is evaluated on a subset of; GLUE is not making a competing claim, it is the evaluation resource being used. There is no disagreement between the two cited works.",,,,,,skipped_by_annotator
s0130,skipped,"not_genuine_contrast: B2T2 (Alberti et al. 2019), VisualBERT (Li et al. 2019), Unicoder-VL (Li et al. 2020), UNITER (Chen et al. 2019), Pixel-BERT (Huang et al. 2020), and VL-BERT (Su et al. 2019) are jointly listed as six examples of the same single-stream vision-language architecture category; they share the same architectural property, not opposing claims.",,,,,,skipped_by_annotator
s0131,skipped,"not_genuine_contrast: Gong et al. (2019, memory-augmented deep autoencoder) and Sabokrou et al. (2016, sparsity- and reconstruction-error-based anomaly detection) are jointly cited in support of the same assumption -- that reconstruction error is expected to be higher for abnormal samples; they reinforce rather than contradict each other.",,,,,,skipped_by_annotator
s0139,skipped,"not_genuine_contrast: Barocas & Selbst (2016, legal implications of data modification), Lepri et al. (2018, fair/transparent/accountable decision-making), and Lum & Johndrow (2016, statistical framework for fair predictive algorithms) each support a different clause of the same sentence (legal implications; reduced interpretability) rather than disagreeing with one another.",,,,,,skipped_by_annotator
s0140,skipped,"not_genuine_contrast: Veale et al. (2018, fairness/accountability design needs in public-sector algorithmic decisions) and Barocas & Selbst (2016, big data's disparate impact) are cited for two separate, sequentially related observations (a 'gotcha' mentality at the policy level; fairness mechanisms conflicting with legislation) rather than making opposing claims about the same question.",,,,,,skipped_by_annotator
s0142,skipped,"not_genuine_contrast: Lepri et al. / Lum & Johndrow (interpretability cost of data transformation) and Calmon et al. (2017, optimized pre-processing for discrimination prevention) are cited for two separate numbered items in a list of distinct methodological issues (item 6 versus item 7 in the survey's enumeration), not as disagreeing works.",,,,,,skipped_by_annotator
s0145,skipped,"not_genuine_contrast: CORAL (Sun, Feng & Saenko 2017) and CMD (Zellinger et al. 2017) are described as two domain-adaptation techniques that align distributions using different orders of moments (second-order versus higher-order); this is a descriptive comparison of complementary/alternative technique scope, not a contradiction of a shared claim or finding.",,,,,,skipped_by_annotator
s0147,skipped,"not_genuine_contrast: Zellers et al. (2019), Brown et al. (2020), Uchendu et al. (2020), Adelani et al. (2020), and Weiss (2019) are jointly cited as five examples spanning different malicious uses of text generation models (fake news, fake reviews, spam/phishing); they are converging examples of the same overall claim about misuse, not opposing claims.",,,,,,skipped_by_annotator
s0151,skipped,"not_genuine_contrast: Shi & Malik (2000, normalized cuts) and Boykov & Funka-Lea (2006, graph cuts) are jointly listed as two well-known examples of the same spatially-discrete, image-as-graph segmentation approach; they share the same category rather than disagreeing.",,,,,,skipped_by_annotator
s0155,skipped,"not_genuine_contrast: Wang, Blei & Heckerman (2012, continuous-time dynamic topic models) and Yogatama et al. (2014, dynamic language models for streaming text) are jointly cited as two examples of the same dynamic-topic-modelling approach in which model parameters follow stochastic processes in time; they illustrate the same point rather than disagreeing.",,,,,,skipped_by_annotator
s0160,skipped,"not_genuine_contrast: SA score (Ertl & Schuffenhauer 2009) and QED drug-likeness score (Bickerton et al. 2012) are two of several different chemical-property metrics (alongside molecular weight, logP, penalized logP, TPSA) jointly grouped as members of the same 'second set' of metrics; they are complementary metrics measuring different properties, not opposing claims.",,,,,,skipped_by_annotator
s0161,skipped,"not_genuine_contrast: BERT (Devlin et al., BERT: pre-training of deep bidirectional transformers), XLNet (Yang et al., generalized autoregressive pretraining), and T5 (Raffel et al., exploring the limits of transfer learning) are cited jointly as parallel examples of pre-trained language models that store knowledge implicitly in their parameters -- all three illustrate the same 'implicit approach' side of an implicit-vs-explicit knowledge storage contrast. Petroni et al. (Language models as knowledge bases?) is also cited jointly, not opposed to the other three. None of these four works disagree with each other; the actual contrast ('on the other hand') is with an explicit-knowledge-storage approach discussed earlier in the survey, which is not among the resolved cited_refs.",,,,,,skipped_by_annotator
s0162,skipped,"not_genuine_contrast: Vaswani et al. (Attention is all you need), Dosovitskiy et al. (vision transformer, image patches), and Bello et al. (attention augmented convolutional networks) are cited together simply as examples of where global/self-attention is applied (down-sampled images, image patches, or augmenting conv features) -- a joint list of use-cases, not a disagreement between the three works about a finding or method.",,,,,,skipped_by_annotator
s0164,skipped,"not_genuine_contrast: Calic et al. (Efficient Layout of Comic-Like Video Summaries) and Wang et al. (Video Collage: A Novel Presentation of Video Sequence) are cited jointly as both examples supporting the single claim that storyboards offer flexibility in data organization for browsing/navigation -- they agree with each other; the real contrast ('on the other hand') is with video-skim/timeline summaries discussed earlier in the survey, not present among these cited_refs.",,,,,,skipped_by_annotator
s0166,skipped,"not_genuine_contrast: Zhang et al. (fully supervised speaker diarization), von Neumann et al. (all-neural online source separation/diarization), and Fujita et al.'s two end-to-end diarization papers are all cited together purely as a list of examples that the survey groups under one taxonomy label, the 'Joint optimization' class -- they are jointly categorized, not opposed to one another.",,,,,,skipped_by_annotator
s0167,skipped,"not_genuine_contrast: Hershey et al. (deep clustering), Kolbaek et al. (multitalker utterance-level PIT), and Luo & Mesgarani (Conv-TasNet) are cited jointly as single-channel speech separation techniques that share the same limitation (ineffective in realistic multispeaker scenarios); Chen et al. (LibriCSS) and Watanabe et al. (CHiME-6) are cited only as the benchmark tasks/datasets being referenced, not as a competing claim. No pairwise disagreement exists among these five works.",,,,,,skipped_by_annotator
s0170,skipped,"insufficient_context: the sentence is a truncated, comment-laced LaTeX fragment ('...is regarded as faithful to the predic' cuts off mid-word) and neither citation (DeYoung et al.'s ERASER benchmark paper, Carton et al.'s evaluating human rationales paper) actually appears inside the visible 500-character span -- their \cite markers are beyond the truncation point. There is no way to tell from what's given which of the two resolved works, if either, is meant to be on which side of the 'on the other hand' sufficiency/comprehensiveness contrast.",,,,,,skipped_by_annotator
s0172,skipped,"not_genuine_contrast: this is a commented-out sentence (LaTeX '%' prefix) describing GCA (Zhu et al., graph contrastive learning with adaptive augmentation -- masks unimportant node features) versus node feature shuffle/NFS as used in Velickovic et al. (Deep Graph Infomax), Opolka et al. (Spatio-temporal DGI), and Ren et al. (HDGI). The relationship described is additive ('instead of masking..., NFS instead perturbs...') -- two different augmentation techniques that coexist in a self-supervised-learning taxonomy, not two works making opposing claims/findings about the same question.",,,,,,skipped_by_annotator
s0176,skipped,"not_genuine_contrast: the sentence states IGSD (Zhang et al., iterative graph self-distillation) 'is leveraging the concept of' BYOL (Grill et al., bootstrap your own latent) and is 'similar to' MERIT (Jin et al., multi-scale contrastive siamese networks) -- this is a statement of methodological similarity/building-upon, the opposite of a disagreement. 'On the other hand' here introduces a new taxonomy category (knowledge distillation) relative to the previous paragraph, not a contradiction between these three works.",,,,,,skipped_by_annotator
s0178,skipped,"not_genuine_contrast: Michel et al. (On Evaluation of Adversarial Perturbations for Seq2Seq Models) and Wallace et al. (Imitation Attacks and Defenses for Black-box MT) are cited jointly as two examples of works that use greedy search -- the sentence characterizes greedy search's general properties (fast but can get stuck in local minima) using both as illustrations of the same technique, not as opposing claims. The implicit contrast is with beam/exhaustive search discussed elsewhere in the survey, not represented in these two refs.",,,,,,skipped_by_annotator
s0180,skipped,"not_genuine_contrast: Zhang et al. (MEMO, single test sample), Iwasawa & Matsuo (test-time classifier adjustment, mini-batch), and Sun et al. (test-time training with self-supervision) are cited jointly to illustrate different implementation variants (single-sample vs. mini-batch, online tuning) of the same test-time-training concept as it differs from domain adaptation -- complementary examples within one described method, not a disagreement between the works.",,,,,,skipped_by_annotator
s0183,skipped,"not_genuine_contrast: Gan et al. (ThreeDWorld) and Gao et al. (VRKitchen) are cited jointly as two examples of simulators falling under the same 'human-computer interaction' category, both praised for realistic physics-based simulation -- they agree/complement, not contradict.",,,,,,skipped_by_annotator
s0184,skipped,"not_genuine_contrast: Chaplot et al. (Learning to Explore Using Active Neural SLAM) and Chen et al. (Learning Exploration Policies for Navigation) are cited jointly as examples supporting the single claim that learning-based approaches are more robust to sensor noise -- joint support of one claim, not a disagreement between the two.",,,,,,skipped_by_annotator
s0185,skipped,"not_genuine_contrast: Li et al. (Backdoor Attack on ML-based Android Malware Detectors) and Severi et al. (Explanation-Guided Backdoor Poisoning Attacks) are cited jointly as the two minority studies on poisoning attacks, contrasted (per the sentence) against the majority of evasion-attack studies which are not in cited_refs -- both works agree in focusing on poisoning attacks; there is no disagreement between them.",,,,,,skipped_by_annotator
s0186,skipped,"not_genuine_contrast: Feng et al.'s two papers (MobiDroid and 'a performance-sensitive malware detection system using deep learning on mobile devices') are both from the same author group and both propose on-device malware-detection approaches -- jointly listed as examples of the same category (on-device approaches), not opposed to each other.",,,,,,skipped_by_annotator
s0187,skipped,"not_genuine_contrast: Arp et al. (Drebin), Wei et al. (AMD, deep ground truth analysis), and Zhou & Jiang (Genome, dissecting android malware) are cited jointly as three examples of popular public research datasets for gathering malicious applications -- a joint list, not a disagreement.",,,,,,skipped_by_annotator
s0188,skipped,not_genuine_contrast: the same pairing recurs elsewhere in this survey -- Li et al. (Backdoor Attack on ML-based Android Malware Detectors) and Severi et al. (Explanation-Guided Backdoor Poisoning Attacks) are cited jointly as the only two primary studies investigating poisoning attacks; they agree in subject matter and are not opposed to one another.,,,,,,skipped_by_annotator
s0189,skipped,"not_genuine_contrast: Song et al. (models that remember too much), Zhang et al. (rethinking generalization), Carlini et al. (the secret sharer, unintended memorization), and Murakonda & Shokri (ML Privacy Meter) are all cited jointly in support of the single claim that overparameterized DNNs memorize training-data noise/details -- four works agreeing on the same phenomenon, not a pairwise disagreement.",,,,,,skipped_by_annotator
s0190,skipped,"not_genuine_contrast: Schmidt & Wiegand and Davidson et al. are both cited as hate-speech-detection work; Da San Martino et al. covers propaganda; Van Hee et al. covers cyberbullying detection -- all four are cited jointly merely as examples of different categories of harmful online content (hate speech, propaganda, cyberbullying), each illustrating a different item in a list, not disagreeing with one another. Brooke 2019 and Joksimovic et al. 2019, cited earlier in the same sentence as examples of 'hostility online' research, are likewise a joint listing.",,,,,,skipped_by_annotator
s0191,skipped,"not_genuine_contrast: Venugopalan et al. (Translating Videos to Natural Language, single-frame approach) uses a CNN pretrained per Krizhevsky et al. (ImageNet classification with deep CNNs, i.e. AlexNet) as a component/tool within its own pipeline -- Krizhevsky's work is cited as the backbone architecture Venugopalan's method relies on, not as a competing or opposing claim.",,,,,,skipped_by_annotator
s0193,skipped,"not_genuine_contrast: Kannisto et al., Xu et al., the 2018 IEEE ICC paper on green social CPS e-healthcare systems, and Horvath (Beyond advanced mechatronics) are cited jointly merely as four instances that use the term 'Social-Cyber-Physical-Systems' -- a joint terminology-usage citation, with no claims comparison between the works at all.",,,,,,skipped_by_annotator
s0196,skipped,"not_genuine_contrast: Yang et al. (breaking the softmax bottleneck) and Li et al. (efficient contextual representation learning with continuous outputs) are cited jointly in support of the single claim that transformer-based masked LMs require subtokenization for efficient vocabulary handling -- joint support, not disagreement.",,,,,,skipped_by_annotator
s0198,skipped,"not_genuine_contrast: Cramer et al. (transparency and trust in recommenders), Caruana et al. (intelligible models for healthcare/pneumonia risk), and Han et al. (explaining black-box predictions via influence functions) are cited jointly as three separate, complementary examples of ways explanations benefit AI systems (acceptance, verification, error-finding respectively) -- each illustrates a different benefit, none contradicts another.",,,,,,skipped_by_annotator
s0210,skipped,"not_genuine_contrast: LeCun/Bengio/Hinton (Deep learning, Nature), Goodfellow et al. (Deep Learning textbook), and Shrestha & Mahmood (review of DL algorithms) are cited as general background references for deep learning; LeCun et al.'s two CNN papers (gradient-based learning applied to document recognition; convolutional networks and applications in vision) are cited as background for CNNs. All five are foundational/definitional citations, not competing claims about whether CNNs have 'such problems' -- no disagreement is expressed between any two of them.",,,,,,skipped_by_annotator
s0212,skipped,"not_genuine_contrast: Savenkov & Agichtein (CRQA, crowd-powered QA system) is cited as an example of an open/cross-domain agent, and Kucherbaev et al. (Human-Aided Bots) as an example of a closed-domain agent -- these are two examples illustrating two branches of a taxonomy (open-domain vs. closed-domain dialogue agents) attributed to Hussain et al.'s classification, not two works whose findings or claims disagree with each other.",,,,,,skipped_by_annotator
s0215,skipped,"not_genuine_contrast: Hastie et al. (I Remember You!, an empathic virtual tutor implementing conversational memory) is described as the only work implementing a memory/personalization feature, while Feine et al. (A Taxonomy of Social Cues for Conversational Agents) is cited as reporting that such cues are generally positive for trust/naturalness. This describes a research gap (little studied per Hastie) alongside its known benefit (per Feine's taxonomy survey) -- not two works making opposing claims about the same phenomenon.",,,,,,skipped_by_annotator
s0216,skipped,"not_genuine_contrast: Rickenberg & Reeves (effects of animated characters on anxiety) and Salem et al. (effects of gesture on perceived anthropomorphism) are cited jointly as two examples illustrating the same claim -- that human-like kinesics/appearance can have mixed or negative effects, one in terms of anxiety and one in terms of performance. Both works agree that such similarity can backfire in some contexts; they are not opposed to each other.",,,,,,skipped_by_annotator
s0217,skipped,"not_genuine_contrast: Neubig & Hu (rapid adaptation of NMT to new languages), Gu et al. (universal NMT for extremely low-resource languages), and Goyal et al. (efficient NMT via related languages) are cited jointly as examples of the (under-explored) transfer-learning-via-pretrained-parent-models line of work -- a joint list of examples for one category, not a disagreement.",,,,,,skipped_by_annotator
s0218,skipped,"not_genuine_contrast: Sun et al. (unsupervised bilingual word embedding agreement) and Wu et al. (extract and edit for unsupervised NMT) are cited jointly as examples of methods that add an auxiliary loss function -- both illustrate the same technique category described in the sentence (embedding agreement / edit-extract / comparative translations), not opposing claims about NMT.",,,,,,skipped_by_annotator
s0223,skipped,"not_genuine_contrast: Huang et al. (speech emotion recognition considering verbal/nonverbal sounds) and Lim et al. (speech emotion recognition using CNN/RNN) are cited jointly in support of the single claim that local/short-term features approximate the stationary state of speech signals -- joint support, not disagreement.",,,,,,skipped_by_annotator
s0224,skipped,"not_genuine_contrast: Cornia et al. (Universal Captioner) and Wang et al. (SimVLM) are cited jointly as two examples of work that uses cross-entropy loss when pre-training on noisy image captions -- both illustrate the same practice, not opposing findings.",,,,,,skipped_by_annotator
s0226,skipped,"not_genuine_contrast: Li et al. (LayoutGAN), Zhao et al. (differentiable augmentation for data-efficient GAN training), and Shen et al. (heterogeneous data fusion for MCI conversion) are cited jointly as examples of researchers generating synthetic samples to speed up model iteration and cut annotation cost -- a joint list of examples, not a pairwise disagreement.",,,,,,skipped_by_annotator
s0231,skipped,"not_genuine_contrast: Hanselowski et al. (richly annotated fact-checking corpus), Kotonya & Toni (explainable fact-checking for public health claims), and Gupta & Srikumar (X-Fact) are cited jointly as three efforts that all perform the same kind of rule-based post-processing normalization of veracity labels -- they agree in approach, not opposed to each other.",,,,,,skipped_by_annotator
s0234,skipped,"not_genuine_contrast: Li et al. (multi-modal sentence summarization), Palaskar et al. (multimodal abstractive summarization for How2 videos), and Chen & Zhuge's two papers (abstractive and extractive text-image summarization) are cited jointly as four frameworks that all use the same standard negative-log-likelihood training objective -- joint agreement on a shared design choice, not a disagreement.",,,,,,skipped_by_annotator
s0235,skipped,"not_genuine_contrast: Jangra et al. (multi-modal supplementary-complementary summarization) is the work being described, and Mirjalili et al. (Grey Wolf Optimizer) is cited only as the underlying optimization algorithm that Jangra et al.'s method employs as a tool/component -- not a competing or opposing work.",,,,,,skipped_by_annotator
s0236,skipped,"not_genuine_contrast: Xu et al., Tiwari et al., and Bian et al. are cited jointly as examples of extractive text-image summarization datasets, while Li et al. (VMSMO) and Chen & Zhuge are cited jointly as examples of abstractive text-image summarization datasets -- this is a dataset taxonomy split by type (extractive vs. abstractive), not a disagreement between any two works about a claim or finding.",,,,,,skipped_by_annotator
s0237,skipped,"not_genuine_contrast: Husari et al.'s two papers (TTPDrill, and using entropy/mutual information to extract threat actions) share the same lead author and both focus on identifying low-level attack tactics/techniques/procedures -- the second is a related follow-up by the same group, not a work disagreeing with the first.",,,,,,skipped_by_annotator
s0239,skipped,"not_genuine_contrast: Hanselowski et al. (UKP Snopes corpus) and the RumourEval papers (Derczynski et al. 2017 SemEval task; Gorrell et al. 2018 RumourEval) are cited jointly as sharing the same overall pipeline design (retrieve relevant text, determine stance, then classify veracity) -- described as agreeing in approach, not disagreeing.",,,,,,skipped_by_annotator
s0241,skipped,"insufficient_context: the sentence asserts that 'some technological remedies are at odds with one another' among Dai et al. (Style Transformer), Li et al. (DGST, dual-generator network), and Huang et al. (cycle-consistent adversarial autoencoders for text style transfer), but neither the sentence nor the context/bibliography-only entries (no abstracts, no elaboration) specify which two of the three are actually opposed or on what dimension (architecture, objective, empirical outcome) they conflict. Constructing a specific two-sided hypothesis pair would require guessing the substance of the disagreement, which the given text does not support.",,,,,,skipped_by_annotator
s0249,skipped,"not_genuine_contrast: Zhang et al. (ERNIE, extends the BERT architecture with informative entities) is contrasted with Peters et al. (ELMo, deep contextualized word representations -- a pre-BERT biLSTM-based model) and Lample & Conneau (XLM, cross-lingual LM pretraining), described only as models that 'acted differently' from BERT-extension. This is a structural taxonomy of model architectures (BERT-extending vs. not), not a description of the works making opposing claims or findings about the same question.",,,,,,skipped_by_annotator
s0251,skipped,"not_genuine_contrast: Huang2018 (task-parameterized GMM skill learning for human-robot dual-arm manipulation) and MaedaEwerton2017 (phase estimation from partial human motion observations to generate robot trajectories) are cited jointly as two illustrative instances of 'the user hands the object over to the robot,' not as opposing claims. Neither work's abstract disputes the other; they are simply two examples supporting the same descriptive taxonomy point in the survey.",,,,,,skipped_by_annotator
s0252,skipped,"not_genuine_contrast: ChenX2020Neural (stiffness/impedance estimation for admittance control), Rozo2016a (learned reactive/proactive controllers from demonstration), and Sasagawa2020 (imitation learning via bilateral control) are three works jointly cited as examples of systems that infer human interaction forces from sensed movement over time. All three support the same claim; there is no pairwise disagreement among their findings.",,,,,,skipped_by_annotator
s0257,skipped,"same_finding_different_wording: The sentence itself states QA-Eval (Deutsch et al. 2021, per context) works 'similarly to' eyal-etal-2019-question (Eyal, Baumel, Elhadad 2019) -- both derive question-answer pairs to evaluate summary content quality via QG+QA. This is an explicit statement of methodological similarity, the opposite of a contrast, so the resolved 'on the other hand' marker is a LaTeX-comment artifact pointing elsewhere, not a genuine disagreement between these two works.",,,,,,skipped_by_annotator
s0260,skipped,"not_genuine_contrast: Kuncheva:Diversity (per context: Kuncheva & Whitaker 2003, 'Measures of diversity in classifier ensembles') and Cavalcanti:Diversity (per context: Cavalcanti et al. 2016, 'Combining diversity measures for ensemble pruning') are jointly cited as the sources for the single claim that ensemble diversity/ambiguity is a key factor in successful ensemble learning. Both works support the same claim about diversity measures rather than disagreeing with each other.",,,,,,skipped_by_annotator
s0265,skipped,not_genuine_contrast: anastasopoulos2019 (per context: NMT of text from non-native speakers) and wang2020word (per context: word-shape/visual-embedding robustness for MT) are cited together purely as two example sources of perceptible-but-human-ignored textual changes. Neither claim contradicts the other -- both are offered as joint supporting examples of the same phenomenon.,,,,,,skipped_by_annotator
s0266,skipped,not_genuine_contrast: abad2020cross (per context: cross-lingual transfer learning for zero-resource domain adaptation) and zhang2020unsupervised (per context: unsupervised domain adaptation for cross-lingual text labeling) are jointly cited as examples illustrating that vocabularies can differ significantly in cross-lingual domain-adaptation settings. Both works support the same descriptive point rather than opposing each other.,,,,,,skipped_by_annotator
s0268,skipped,"not_genuine_contrast: huang-etal-2020-counterfactually (per context: counterfactually-augmented SNLI training data does not yield better generalization), jha2020does (per context: 'Does data augmentation improve generalization in NLP?'), and joshi2021investigation (per context: investigation of the (in)effectiveness of counterfactually augmented data) are jointly cited as three works all reporting that certain challenging/counterfactual patterns remain difficult for augmentation to fix. All three converge on the same negative finding about counterfactual augmentation; they are not on opposite sides of a disagreement.",,,,,,skipped_by_annotator
s0271,skipped,"not_genuine_contrast: this is a taxonomy listing, not a disagreement -- the sentence enumerates several distinct regression-task examples (retail sales forecasting via lucic2020does, property price prediction via poursabzi2018manipulating and abdul2020cogam) as a group, contrasted only with an earlier list of classification-task examples (guo2019visualizing, binns2018s) that is truncated out of this candidate. None of the individually cited works make a claim that contradicts another cited work; they are jointly listed as examples of the same category (regression tasks studied in human-AI decision-making literature).",,,,,,skipped_by_annotator
s0272,skipped,"not_genuine_contrast: Bamman2012GenderIA (Bamman, Eisenstein & Schnoebelen -- argues gender should not be treated as a simple binary variable in linguistic analysis) and koolen-van-cranenburgh-2017-stereotypes (Koolen & van Cranenburgh -- warns that gender-classification results risk stereotyping/essentialism without careful confound control) are cited jointly as two examples of the same 'interpretation bias' phenomenon (researchers over-assuming gender relevance). Both papers actually agree in cautioning against naive gender-variable assumptions; they are not opposing claims.",,,,,,skipped_by_annotator
s0275,skipped,"not_genuine_contrast: zagoruyko2016paying (attention transfer), wang2019distilling (fine-grained feature imitation for detector distillation), and chung2020feature (feature-map-level adversarial online distillation) are three works jointly cited as examples of feature-map-based distillation methods. They jointly support the same claim about transferring deep feature knowledge; no pairwise contradiction exists among them.",,,,,,skipped_by_annotator
s0276,skipped,"not_genuine_contrast: CoxHolographic2011 (HRR substring representations), RachkovskijEquivariant2021 (SBDR with permutations), and RachkovskijRecursiveBinding2022 (FHRR recursive binding) are grouped together as three schemes that ALL 'met all the restrictions' described earlier in the (truncated) sentence -- i.e. they are joint positive examples on the same side, not two works disagreeing with each other.",,,,,,skipped_by_annotator
s0277,skipped,not_genuine_contrast: JamiesonITS2018 (per context: 'An Instance Theory of Semantic Memory') and CrumpRetrieval2020 (per context: 'Controlling the Retrieval of General vs Specific Semantic Knowledge in the Instance Theory of Semantic Memory') are jointly cited as two works both continuing to use/extend the BEAGLE-style instance-based semantic memory model. Both support the same claim that this approach remains relevant in cognitive science; they do not disagree.,,,,,,skipped_by_annotator
s0279,skipped,"not_genuine_contrast: chomsky1965aspects (syntactic theory) and heim1998semantics (formal semantics textbook) are jointly cited as two examples illustrating that human languages possess inherent structures (syntactic, semantic, discourse). They are complementary references for different structure types named in the same clause, not opposing claims about a shared question.",,,,,,skipped_by_annotator
s0282,skipped,"not_genuine_contrast: the sentence describes a single work, paper10 (Zhou et al. 2021, 'Challenges in Automated Debiasing for Toxic Language Detection'), investigating two existing debiasing methods, aflite (Le Bras et al. 2020, adversarial filtering) and datamaps (Swayamdipta et al. 2020, dataset cartography), as candidate techniques applied to toxicity detection. aflite and datamaps are not stated to disagree with each other -- they are simply the two methods paper10 tested -- so there is no genuine two-sided contradiction between resolved cited works here.",,,,,,skipped_by_annotator
s0283,skipped,"not_genuine_contrast: shang-lu-li:2015 (neural responding machine), vinyals2015neural (neural conversational model), and li-EtAl:2016 (diversity-promoting objective) are jointly cited as three example generation-based dialogue models that 'generate a new utterance from scratch.' All three are joint illustrations of the same category, not opposing claims.",,,,,,skipped_by_annotator
s0285,skipped,"not_genuine_contrast: tian2020sticking, feng2020modeling, aralikatte2021focus, and li2018ensure are four works jointly cited as examples where encoders learning wrong correlations lead to hallucinated/erroneous generation. All four converge on supporting the same claim about a hallucination cause; none contradicts another.",,,,,,skipped_by_annotator
s0286,skipped,"not_genuine_contrast: yin-etal-2023-large, burns2022discovering, rajpurkar2018know, kadavath2022language, and Manakul2023SelfCheckGPT are five works jointly cited as converging evidence for a single claim -- that there is a discrepancy between a model's surface realization and its inherent/latent knowledge. They are a joint supporting list, not a pairwise disagreement.",,,,,,skipped_by_annotator
s0290,skipped,"not_genuine_contrast: shi2019knowledge, niu2021counterfactual, and zhao2021boosting are jointly cited (in a LaTeX-commented-out sentence, '%On the other hand...') as three examples motivating demand for multi-modal knowledge. They are joint supporting examples for the same motivational claim, not opposing findings.",,,,,,skipped_by_annotator
s0298,skipped,not_genuine_contrast: alzantot2018did ('Did you hear that? Adversarial examples against automatic speech recognition') and Taori:2019 ('Targeted adversarial examples for black box audio systems') are jointly cited as two example works that both used genetic-algorithm-based approaches to fool ASR systems. They support the same claim rather than opposing each other.,,,,,,skipped_by_annotator
s0300,skipped,"not_genuine_contrast: bao2021beit (BEiT) and he2021masked (MAE) are jointly cited as two example breakthroughs in pre-training/fine-tuning for image models. Both are offered as joint positive examples of the same trend, not competing/contradictory claims.",,,,,,skipped_by_annotator
s0304,skipped,"not_genuine_contrast: liu_iterative_2017, wu_switch-based_2018, and peng_deep_2018 are three works jointly cited as all having adopted the state-representation-learning approach introduced by mrksic_neural_2017. All four works are on the same side (learning state representations directly from user utterances); the true contrast target (an alternative, hand-crafted state-representation approach) is not present among the resolved cited_refs, only implied by the truncated earlier clause.",,,,,,skipped_by_annotator
s0307,skipped,"not_genuine_contrast: bowman-etal-2016-generating, kannan2017adversarial, and hu2017toward are three works jointly cited as examples of the same category, discriminator-based ('optimal discriminator') text-generation evaluation metrics. They jointly illustrate one metric family, not a disagreement between two opposing claims.",,,,,,skipped_by_annotator
s0308,skipped,"not_genuine_contrast: li2019acute, clark2021choose, kiritchenko2017best, and deriu2020spot are four works jointly cited as examples of referenced human-centric (crowd-ranking) evaluation metrics. They jointly support one descriptive category (more complicated/domain-oriented ad-hoc metrics), not a pairwise contradiction.",,,,,,skipped_by_annotator
s0309,skipped,"not_genuine_contrast: hokamp_lexically_2017, post_fast_2018, hu2019improved, miao2019cgmh, and welleck2019non are five works jointly cited as examples of hard-constrained generation methods requiring lexical constraints in the output. They are a joint list defining one category (contrasted with soft-constrained methods described elsewhere, outside this citation group), not a disagreement among themselves.",,,,,,skipped_by_annotator
s0310,skipped,"not_genuine_contrast: DBLP:conf/nips/HermannKGEKSB15 (CNN/DailyMail reading-comprehension dataset) and xsum (extreme summarization dataset) are jointly cited as example data sources for data-driven abstractive summarization. They are joint illustrative examples, not opposing claims about summarization.",,,,,,skipped_by_annotator
s0312,skipped,"not_genuine_contrast: clark2020electra (ELECTRA, replaced-token detection) and xiong2019pretrained (Pretrained Encyclopedia, replaced-entity detection) are cited as two example pretext tasks the discriminator can be used for. This is a complementary enumeration of use-cases for the same discriminator concept, not two works making opposing claims.",,,,,,skipped_by_annotator
s0316,skipped,"not_genuine_contrast: fang2021compressing, gan2021playing, wang2020minivlm, and sun2021lightningdot are four works jointly cited (in a LaTeX-commented-out sentence, '%On the other hand...') as examples of efficient pre-training models developed in response to the vision-language pre-training explosion. All four are joint supporting examples of the same trend, not a pairwise contradiction.",,,,,,skipped_by_annotator
s0319,skipped,not_genuine_contrast: heo2019comprehensive (feature distillation) and sun2020mobilebert (MobileBERT compact distillation) are jointly cited as two examples supporting the single claim that student models architecturally similar to their teacher tend to produce near-identical outputs. Both works illustrate the same phenomenon rather than disagreeing.,,,,,,skipped_by_annotator
s0320,skipped,"not_genuine_contrast: girgis2021shuffled, zhang2021privacy, truex2020ldp, and zhao2020local are four works jointly cited as examples of differential-privacy techniques that add noise to data or model parameters. They jointly illustrate the same approach category, with no pairwise disagreement among them.",,,,,,skipped_by_annotator
s0324,skipped,"not_genuine_contrast: west_symbolic_2021, talmor_leap--thought_2020, talmor_olmpics_2020, and hase_language_2021 are four works jointly cited as converging evidence for the single claim that LMs can perform reasoning when finetuned on reasoning-eliciting datasets. All four support the same claim rather than opposing each other.",,,,,,skipped_by_annotator
s0326,skipped,"not_genuine_contrast: andersen01 (per context: Andersen & Pretolani 2001, 'Easy cases of probabilistic satisfiability,' on efficient algorithms for detecting/resolving KB inconsistencies) and muino11 (per context: Picado-Muino 2011, 'Measuring and repairing inconsistency in probabilistic knowledge bases,' on quantifying degree of inconsistency) are described as pursuing two different, complementary research questions within the same subfield (detection/resolution vs. measurement of inconsistency), not as making opposing claims about the same question -- the sentence's own framing ('so such conflicts can be easily resolved, while other work aimed at quantifying...') presents them as additive facets of consistency research, not a contradiction.",,,,,,skipped_by_annotator
s0331,skipped,"not_genuine_contrast: clip, lightningdot, align, and cookie are four works jointly cited as dual-encoder VLPMs that all share the same characteristic -- treating cross-modal alignment as a ranking problem solved via a contrastive objective. All four are on the same side of an implied contrast with fusion-encoder models, which are not among the resolved cited_refs, so no pairwise disagreement exists between the works actually cited here.",,,,,,skipped_by_annotator
s0333,skipped,"not_genuine_contrast: Elmo, BERT, XLNET, ALBERT, and RoBERTa are five works jointly cited as examples of the same category -- contextualised word embedding methods that represent the same word differently in different contexts. They are a joint list defining one category (contrasted with static/non-contextual embeddings described elsewhere), not a disagreement among themselves.",,,,,,skipped_by_annotator
s0334,skipped,"insufficient_context: the sentence is truncated mid-word ('...are faithful to what the machine learning model actu[ally...]') before the citation intended to support the second half of the argument ('in-model interpretability') is reached. Only silva_how_2019 (an ensemble-explanation method) is actually cited in the visible text for the 'pre-model interpretability' clause; the second cited_refs entry, rudin_stop_2019 (arguing for inherently interpretable models over post-hoc explanation of black boxes), may or may not be the citation used for the truncated 'in-model interpretability' clause, and even if so, the sentence frames both as complementary research priorities the survey author recommends investing in more, not as two works whose findings disagree. Cannot confidently establish a genuine two-sided contradiction from what remains.",,,,,,skipped_by_annotator
s0338,skipped,"not_genuine_contrast: raffel2019exploring (T5), chen2021speechnet (SpeechNet), and ao2021speecht5 (SpeechT5) are jointly cited as three example universal models spanning a wide range of NLP/speech problems. They jointly illustrate the same emerging trend, not opposing claims.",,,,,,skipped_by_annotator
s0342,skipped,not_genuine_contrast: koncel2015parsing (parsing algebraic word problems into equations) and mitra2016learning (learning to use formulas to solve simple arithmetic problems) are jointly cited as two example works that both used domain knowledge to constrain the search space. They illustrate the same approach rather than disagreeing.,,,,,,skipped_by_annotator
s0343,skipped,"not_genuine_contrast: amna2022ambiguity (per context: Amna & Poels, systematic review on ambiguity in user stories) and raharjana2021user (per context: Raharjana et al., systematic review on user stories and NLP) are jointly cited as two example prior reviews that limited their scope to specific requirement templates (user stories). Both are joint examples of the same limitation, not opposing claims.",,,,,,skipped_by_annotator
s0345,skipped,not_genuine_contrast: nichol2021glide (GLIDE text-to-image diffusion model) and ramesh2021zero (DALL-E zero-shot text-to-image generation) are jointly cited as two example state-of-the-art systems that both still struggle with compositionality. They support the same claim rather than disagreeing with each other.,,,,,,skipped_by_annotator
s0351,skipped,"not_genuine_contrast: this is a methods taxonomy, not a disagreement -- PacSum (zheng2019sentence) and FAR (liang2021improving) are grouped together as sharing one technique (adjusting centrality score by whether other sentences come before/after), while HipoRank (dong2021discourse) uses a different signal (discourse structure with positional/sectional bias) for the same general goal of improving centrality scoring. These are three complementary/competing engineering approaches to the same subtask described side by side in a survey's method overview, not two works whose empirical findings or claims contradict each other.",,,,,,skipped_by_annotator
s0352,skipped,"not_genuine_contrast: kim2019abstractive (Reddit-TIFU dataset description) and Koupaee2018WikiHowAL (WikiHow dataset description) are simply two different summarization datasets described back-to-back for how each was constructed. This is descriptive enumeration of two distinct resources, not a disagreement between two works' claims or findings.",,,,,,skipped_by_annotator
s0355,skipped,"not_genuine_contrast: Wang et al. (2020, ""Attack of the tails""), Bagdasaryan et al. (2020, ""How to backdoor federated learning""), and Bhagoji et al. (2019, ""Analyzing federated learning through an adversarial lens"") are cited together purely as a list of poisoning/backdoor-attack papers illustrating one claim (FL robustness can be degraded by poisoning attacks); none is set against another, and the real ""on the other hand"" contrast is with an earlier clause (about privacy) not present among these refs.",,,,,,skipped_by_annotator
s0356,skipped,"not_genuine_contrast: the sentence explicitly states local DP (Duchi, Jordan & Wainwright, 2013) and distributed DP (Benhamouda, Joye & Libert, 2016; Dwork et al., 2006) ""both assume that the aggregator is not trusted"" -- an explicit statement of shared assumption/agreement between the works, the opposite of a disagreement.",,,,,,skipped_by_annotator
s0362,skipped,"not_genuine_contrast: Tsipras et al. (2018) argue robustness may be at odds with accuracy; Ilyas et al. (2019) offer a mechanistic explanation (predictive but non-robust features) for why that tradeoff exists. The second paper explains/supports the first's finding rather than contradicting it -- a well-known complementary pair in the adversarial-robustness literature, not a genuine disagreement.",,,,,,skipped_by_annotator
s0365,skipped,"not_genuine_contrast: Allen & Core (1997, DAMSL) and Bunt et al. (2010/2012, DiAML / ISO 24617-2) are grouped together as two dialogue-act-labeling schemes sharing the same characteristic described in the sentence (emphasis on interactive acts like stalling/assessing/suggesting/informing); they are not opposed to each other, and the actual ""on the other hand"" contrast is with an earlier discussion of task-based act schemes not included among these refs.",,,,,,skipped_by_annotator
s0369,skipped,"not_genuine_contrast: the sentence states ARDM (Hoogeboom et al., 2021) is general enough to include order-agnostic autoregressive models and discrete diffusion models -- specifically Sohl-Dickstein et al. (2015), Hoogeboom et al. (2021, Argmax Flows), and Austin et al. (2021, D3PM) -- ""as special cases."" These three are framed as subsumed/generalized by ARDM, not as competitors disagreeing with it.",,,,,,skipped_by_annotator
s0372,skipped,"not_genuine_contrast: Fedus, Zoph & Shazeer (2021, Switch Transformer) and Rajbhandari et al. (2022, DeepSpeed-MoE) are cited jointly as examples supporting one claim -- that sparse expert models activate whole parameter blocks and thus translate theoretical FLOP savings into real speedups; neither paper is set against the other.",,,,,,skipped_by_annotator
s0373,skipped,"not_genuine_contrast: Schuster et al. (2019, Sample Reweighting for fact-verification debiasing) and Utama et al. (2020, Confidence Regularization for NLU debiasing) are two different bias-mitigation mechanisms described side by side as alternative techniques, not as findings that conflict with each other; the sentence simply explains what each method mechanically does.",,,,,,skipped_by_annotator
s0374,skipped,not_genuine_contrast: Zou et al. (2023) and Li et al. (2023) are both NLP-diffusion survey papers cited jointly as the source for a single shared claim (diffusion models trade semantic coherence for parallel-generation speed); they are not opposed to one another.,,,,,,skipped_by_annotator
s0375,skipped,"not_genuine_contrast: Chen et al. (2023, EDGE) and Wu et al. (2022, DIFFormer) are grouped together as two graph-diffusion methods using different conditioning signals (node degree vs. energy constraints) to ""broaden generation possibilities"" -- a joint illustration, not a disagreement; the real ""on the other hand"" contrast is with an earlier group of methods not included among these refs.",,,,,,skipped_by_annotator
s0387,skipped,"not_genuine_contrast: Gamback & Sikdar (2017, CNN-based hate-speech classifier) and Pitsilis et al. (2018, RNN-based hate-speech classifier) are cited jointly to support one claim (neural classifiers incorporate context and are more robust); they do not disagree with each other.",,,,,,skipped_by_annotator
s0389,skipped,"not_genuine_contrast: Ertekin et al. (2007), Tomanek & Hahn (2009), Attenberg & Ertekin (2013), Mottaghi et al. (2020), and Mussmann et al. (2020) are five works cited together as examples supporting one claim (active learning addresses data imbalance); none is opposed to another.",,,,,,skipped_by_annotator
s0390,skipped,"not_genuine_contrast: Cai et al. (2019), Rader et al. (2018, commented out), Cheng et al. (2019), Bučinca et al. (2020), and Radensky et al. (2022) are all cited jointly as examples of subjective-agreement survey instruments used to measure understanding; they are not in disagreement with one another.",,,,,,skipped_by_annotator
s0391,skipped,"not_genuine_contrast: Guo et al. (2022) and Gu et al. (2022, PPT) are cited jointly as the two sources for a single claim (prompt tuning underperforms finetuning in few-shot settings); they agree with, not contradict, each other.",,,,,,skipped_by_annotator
s0393,skipped,"not_genuine_contrast: Silver et al. (2014, DPG), Lillicrap et al. (2015, DDPG), and Fujimoto et al. (2018, TD3) are cited together as a family of deterministic-policy-gradient methods illustrating the same equation/framework for continuous control; none contradicts another.",,,,,,skipped_by_annotator
s0395,skipped,"not_genuine_contrast: Mandl et al. (2019), Mandl et al. (2020), and Modha et al. (2021) are the three HASOC shared-task overview papers, cited jointly as examples of the feature-engineered ""traditional approaches"" being described; they agree with, not oppose, each other.",,,,,,skipped_by_annotator
s0396,skipped,"not_genuine_contrast: Goodfellow et al. (2014, GANs), Esser, Rombach & Ommer (2020, Taming Transformers), and Dhariwal & Nichol (2021, Diffusion Models Beat GANs) are presented as a chronological list of generative architectures used for text-conditioned image generation, not as competing/contradictory claims about the same question.",,,,,,skipped_by_annotator
s0398,skipped,"not_genuine_contrast: the five multi-task citations (Marasović et al., 2020; Shevchenko et al., 2021; Yu et al., 2021, ERNIE-ViL; Cui et al., 2021, ROSITA; Chen et al., 2021, KB-VLP) are jointly listed as the small set of existing knowledge-enhanced multi-task VL models; they are examples of the same category, not opposing claims.",,,,,,skipped_by_annotator
s0400,skipped,"not_genuine_contrast: Adame (2021, on ""helicopter research"") and Summers (2021, on AI-in-imaging as ""a hammer in search of a nail"") are cited jointly as two sources supporting the same critique of ML experts parachuting into unfamiliar fields; neither contradicts the other.",,,,,,skipped_by_annotator
s0401,skipped,"not_genuine_contrast: Hanke et al. (2014, StudyForrest) and Kay et al. (2008, Vim-1) are cited together purely as two examples of highly-cited fMRI datasets that are underused in medical studies -- the same claim applied to both, not a disagreement between the datasets/papers.",,,,,,skipped_by_annotator
s0404,skipped,"not_genuine_contrast: Wang et al. (2022, minority-weighted social-network graphs) and Zhou et al. (2021, core decomposition in weighted e-commerce graphs) are cited as two parallel examples illustrating that edge-weighted graphs ""provide additional information""; they are not opposed to each other.",,,,,,skipped_by_annotator
s0405,skipped,"not_genuine_contrast: GPT-Neo (Black et al., 2021) and GPT-J (Wang & Komatsuzaki, 2021) are cited together as two large-scale models sharing the same reported limitation (limited code-generation power due to the small proportion of code in their training data); they do not disagree.",,,,,,skipped_by_annotator
s0408,skipped,"not_genuine_contrast: Wu et al. (2016, Google NMT) and Sennrich et al. (2016, BPE) are cited jointly as the two sources of the subword-tokenization technique being described; they support the same point, not opposing claims.",,,,,,skipped_by_annotator
s0413,skipped,"not_genuine_contrast: De Cao, Aziz & Titov (2021, ""Editing factual knowledge in language models"") and Meng et al. (2022, ""Locating and editing factual associations in GPT,"" LEFA) are grouped together as two approaches that both attempt to locate knowledge stored in the model; they are not opposed to each other.",,,,,,skipped_by_annotator
s0414,skipped,"not_genuine_contrast: ATOMIC (Sap et al., 2019) and ConceptNet (Speer & Havasi, 2013) are cited jointly as two examples of free-text-based commonsense knowledge graphs that receive less attention from embedding-based models; they agree, not disagree.",,,,,,skipped_by_annotator
s0416,skipped,"not_genuine_contrast: Brown et al. (2020, GPT-3) and Radford et al. (2018, GPT-1) are cited together as two sources supporting a single claim (pretrained LMs contain structural knowledge); they are not opposed.",,,,,,skipped_by_annotator
s0417,skipped,"not_genuine_contrast: the sentence contrasts OntoZSL (Geng et al., 2021) against the generic category ""widely explored mapping-based methods,"" which resolves only to Chen et al. (2021), a broad survey titled ""Low-resource Learning with Knowledge Graphs: A Comprehensive Survey,"" rather than a specific paper reporting a specific bias finding -- the classic pattern of a survey citation standing in for a generic category rather than being a genuine second party to a disagreement.",,,,,,skipped_by_annotator
s0420,skipped,"not_genuine_contrast: the sentence explicitly states Zhou et al. (2022, iBOT) ""draws inspiration from both"" BEiT and Caron et al. (2021, DINO) -- an explicit statement of lineage/synthesis, not a disagreement.",,,,,,skipped_by_annotator
s0422,skipped,"not_genuine_contrast: Oussidi & Elhassouny (2018), Harshvardhan et al. (2020), and Bond-Taylor et al. (2021) are three deep-generative-model surveys cited jointly as sharing the same limitation (overlooking causality); none is set against another.",,,,,,skipped_by_annotator
s0430,skipped,"not_genuine_contrast: Ostapenko et al. (2021) and Ermis et al. (2022) are cited together as continual-learning works proposing task-specific modules, while Rebuffi, Bilen & Vedaldi (2017) is cited merely as an illustrative example of what ""adapters"" are (a general multi-domain visual-adaptation paper, not a continual-learning claim); none of these are in disagreement.",,,,,,skipped_by_annotator
s0432,skipped,"not_genuine_contrast: Finn, Abbeel & Levine (2017, MAML) and Chao et al. (2020, ""Revisiting meta-learning as supervised learning"") are cited jointly as sources for the same claim (update rules can be meta-learned from related tasks); they are not opposed to each other.",,,,,,skipped_by_annotator
s0437,skipped,"not_genuine_contrast: the ""conversely"" here contrasts two different research concerns -- Zhou et al. (2020)'s energy-efficiency benchmarking platform vs. Hooker et al. (2020) and Xu & Hu (2022)'s work on bias/robustness effects of model compression -- not a factual disagreement about the same question; Hooker et al. and Xu & Hu are themselves cited jointly (not opposed to each other), and neither's title/context is detailed enough (both abstracts are empty) to establish that they actually reach opposite conclusions about compression and fairness.",,,,,,skipped_by_annotator
s0439,skipped,"not_genuine_contrast: van den Oord, Li & Vinyals (future prediction), Lorre et al. (video action recognition), Vondrick, Pirsiavash & Torralba (2016) and Tulyakov et al. (2018, MoCoGAN) (video generation), and Wang & Gupta (video representation) are each cited for a distinct video sub-task -- an enumeration/taxonomy of the field, not a disagreement between any two of them.",,,,,,skipped_by_annotator
s0442,skipped,"not_genuine_contrast: Li et al. (2021, analytical characterization for CNN optimization) and Huang et al. (2021, CoSA) are cited jointly as two works that share the same approach (formulating hardware/workload mapping as an optimization problem solvable by off-the-shelf solvers); they are not opposed to each other.",,,,,,skipped_by_annotator
s0443,skipped,"not_genuine_contrast: this is a near-duplicate of the same claim elsewhere in the survey (cf. s0442) -- Li et al. (2021) and Huang et al. (2021, CoSA) are again described as sharing the same optimization-based mapping approach, not as disagreeing works.",,,,,,skipped_by_annotator
s0446,skipped,"not_genuine_contrast: the main-text citations (Chan et al., 2016, LAS; Sak et al., 2017, RNA) support the claim that greedy-search degradation is small, and the footnote citations (Chorowski & Jaitly, 2017; Zhou, Schlüter & Ney, 2020; Koehn & Knowles, 2017) support the claim that increasing search space doesn't consistently help ASR/NMT decoding -- these two claims are mutually reinforcing (larger search doesn't buy much either way), not contradictory, and no individual work within either group is set against another.",,,,,,skipped_by_annotator
s0447,skipped,not_genuine_contrast: Tüske et al. (2014) and Sainath et al. (2015) are cited jointly as two examples of successfully integrating speech preprocessing/feature extraction into acoustic modeling; they are not opposed to each other.,,,,,,skipped_by_annotator
s0450,skipped,"not_genuine_contrast: the sentence describes Gooding & Kochmar (2019) directly building on and improving Yimam et al.'s (2018) CWI-2018 winning system SV000gg by converting it to a sequence-labelling task -- an incremental-improvement/lineage relationship, not a disagreement between the two works.",,,,,,skipped_by_annotator
s0451,skipped,"not_genuine_contrast: Ramesh et al. (2021, DALL-E), Ramesh et al. (2022, DALL-E 2), and OpenAI (2023, DALL-E 3) are presented as a chronological evolution of the same model family, not as competing/contradictory claims.",,,,,,skipped_by_annotator
s0453,skipped,"not_genuine_contrast: Zhou et al. (2020, unified VL pretraining), Lei et al. (2021, ClipBERT), and the ""otter"" entry (which resolves to no bibliographic content at all -- empty title/authors/context) are cited jointly as examples supporting the single claim that visual information aids language understanding/generation; none is opposed to another.",,,,,,skipped_by_annotator
s0463,skipped,"not_genuine_contrast: All three works (Min et al. 2019 on multi-hop QA, Zhang et al. 2022 on the paradox of learning to reason, and Zhou et al. 2021's RICA benchmark) are cited jointly in support of the single claim that PLMs learn spurious correlations across different reasoning tasks; they are not opposed to each other, each simply evidencing the same phenomenon in a different task domain.",,,,,,skipped_by_annotator
s0464,skipped,"not_genuine_contrast: this commented-out LaTeX passage lists four works (Petroni et al. 2019, West et al. 2022, Zhu et al. 2023, Heinzerling & Inui 2021) as examples of the same trend toward direct fact-triple extraction from LLM parameters (via direct querying or cloze-style prompting); they jointly illustrate one approach rather than opposing each other.",,,,,,skipped_by_annotator
s0467,skipped,"not_genuine_contrast: the sentence is a truncated enumeration of clustering algorithms (GMM, agglomerative clustering, DBSCAN, HDBSCAN, BIRCH, affinity propagation variants) with one example system cited per algorithm (Rother et al. 2020, Arefyev & Zhikov 2020, Karnysheva & Schwarz 2020, Periti et al. 2022); it is a list of methods considered in the literature, not a pairwise disagreement between any two of the cited works.",,,,,,skipped_by_annotator
s0471,skipped,"not_genuine_contrast: the sentence explicitly groups Xie et al. 2020 and Pokutta et al. 2020 together as both using stochastic Frank-Wolfe approaches to enforce structure on the parameter set; they share the same methodological approach rather than being on opposite sides of a disagreement (the actual contrast, 'on the other hand', is with an earlier, non-cited approach not present in cited_refs).",,,,,,skipped_by_annotator
s0478,skipped,not_genuine_contrast: TS2Vec (Yue et al. 2022) and CoST (Woo et al. 2022) are cited jointly as the source of a pretraining strategy that the survey's own authors say they follow and analyze ('following the strategy of studies in...we compare'); there is no disagreement between the two works themselves.,,,,,,skipped_by_annotator
s0480,skipped,"not_genuine_contrast: both cited works (Henzinger, Lukina & Schilling's box-abstraction monitoring paper, and Cheng 2020, the latter appearing only in a LaTeX-commented-out '%and \cite{...}' clause) are cited on the SAME side of the contrast, i.e. as examples using box abstractions; the actually-contrasted term, 'Boolean abstraction', is not a resolved citation in cited_refs, so there is no genuine two-sided disagreement between the resolved works.",,,,,,skipped_by_annotator
s0482,skipped,"not_genuine_contrast: Paris & Donovan 2019 is cited for the definition of 'cheap fake', while La et al. 2022 is cited only as an example illustrating one type of cheap fake (caption/speed manipulation); the two are cited for complementary, non-competing purposes elaborating the same concept, not for opposing claims.",,,,,,skipped_by_annotator
s0485,skipped,"not_genuine_contrast: both works are cited jointly as examples of the same multitask approach (jointly performing manipulation classification and manipulated-region localization) -- Zhou et al. 2018 and Wu, AbdAlmageed & Natarajan 2019 (Mantra-Net); they share the same methodological stance rather than opposing each other.",,,,,,skipped_by_annotator
s0486,skipped,"not_genuine_contrast: ViT (Dosovitskiy et al. 2020), BEiT (Bao et al. 2021) and MAE (He et al. 2022) are cited together as supporting evidence for the single claim that masked-image-modeling pretext tasks let generative SSL match or surpass instance discrimination; they are not opposed to one another.",,,,,,skipped_by_annotator
s0488,skipped,"not_genuine_contrast: both citations describe the same system, GraphLab, across two papers by the same lead author (Low 2013 technical report and Low et al. 2014 arXiv paper); there is no disagreement between two distinct works here, just two publications describing one system's design.",,,,,,skipped_by_annotator
s0490,skipped,"not_genuine_contrast: all four works (Aliannejadi et al. 2019, Zamani et al. 2020, Kumar & Black 2020, Feng et al. 2023) are cited jointly as examples of the growing body of publicly released ACQ (asking clarifying questions) datasets; they are listed in joint support of the same trend, not opposed to each other.",,,,,,skipped_by_annotator
s0492,skipped,"not_genuine_contrast: this is a numbered enumeration of generation-evaluation metrics (BLEU -- Papineni et al. 2002, METEOR -- Banerjee & Lavie 2005, ROUGE -- Lin 2004) in a taxonomy list, not a disagreement between the cited works; each metric paper is simply the citation for that list item.",,,,,,skipped_by_annotator
s0496,skipped,"not_genuine_contrast: the sentence states that both Lauscher et al. 2020 and Ahuja et al. 2022 'obtained results containing evidence' for the SAME finding (word order matters more for mBERT than XLM-R); they are cited together as agreeing, not disagreeing.",,,,,,skipped_by_annotator
s0503,skipped,"not_genuine_contrast: the sentence describes two adversarial-example-generation systems, ACCENT (Zhou et al. 2022) and RADAR (uncited, no resolved key in cited_refs), as each using a different evaluation metric (BLEU -- Papineni et al. 2002, vs. CodeBLEU -- Ren et al. 2020) to guide perturbation selection; this is a description of differing technique choices, not a disagreement over a shared finding or claim.",,,,,,skipped_by_annotator
s0506,skipped,"not_genuine_contrast: all five works (Shi & Weninger 2018, Das et al. 2020, Niu et al. 2021, Li et al. 2022 [OERL], Lu & Yang 2022) are cited jointly as examples of researchers constructing knowledge graphs under the open-world assumption; they jointly support the same trend statement, not a disagreement.",,,,,,skipped_by_annotator
s0507,skipped,"not_genuine_contrast: Muggleton 1992 (inductive logic programming), Galarraga et al. 2013 (AMIE / association rule mining), and Kok & Domingos 2005 (Markov logic networks) are cited as parallel examples of symbolic-logic techniques under the same category of interpretable KG reasoning approaches; they are listed side by side, not opposed.",,,,,,skipped_by_annotator
s0508,skipped,"not_genuine_contrast: all five works (Sogaard 2016, Bingel et al. 2016, Toneva & Wehbe 2019, Hollenstein et al. 2019, Aw & Toneva 2023) are cited jointly as examples of NLP researchers using neuroimaging data to evaluate/improve models; the 'conversely' in the sentence contrasts this whole research direction with an earlier (not shown) clause, not a disagreement among the five cited works themselves.",,,,,,skipped_by_annotator
s0510,skipped,"not_genuine_contrast: the sentence merely reports which two pretrained models (Flan-T5 -- Chung et al. 2022, and GPT2-XL -- Radford et al. 2019) 'Team PULSAR' used in a shared task; there is no claim or finding from either cited paper that opposes the other.",,,,,,skipped_by_annotator
s0511,skipped,"not_genuine_contrast: Zhao et al. 2023 (LLM survey), Huang & Chang 2022 (reasoning survey), and Brown et al. 2020 (GPT-3) are cited jointly as supporting evidence for the same claim that LLMs store open-world knowledge and exhibit emergent abilities like reasoning and instruction-following; they elaborate the same claim rather than opposing each other.",,,,,,skipped_by_annotator
s0517,skipped,"not_genuine_contrast: all three works (Koh et al. 2023, Wang et al. 2021, Batista et al. 2015) are cited jointly as evidence for the single claim that summaries/documents may contain redundant information leading to a deficiency of information; they support the same point rather than disagreeing.",,,,,,skipped_by_annotator
s0526,skipped,"not_genuine_contrast: this commented-out passage lists four commercial hardware platforms (Celerity -- Davidson et al. 2018, Esperanto -- Ditzel & team 2022, Tenstorrent -- Vasiljevic et al. 2021, speedAI240 -- Snelgrove & Beachler 2023) as joint examples of the same popular accelerator-platform trend; they are not opposed to one another.",,,,,,skipped_by_annotator
s0537,skipped,"not_genuine_contrast: all four meta-RL works (Duan et al. 2016 [RL^2], Finn et al. 2017 [MAML], Gupta et al. 2018, Xu et al. 2018) are cited jointly as examples of the meta-learning paradigm (training on a task distribution to adapt quickly to new tasks); they jointly illustrate the same approach, not a disagreement.",,,,,,skipped_by_annotator
s0542,skipped,"not_genuine_contrast: both works (Kendall et al. 2019, 'Learning to drive in a day', and Li et al. 2022, efficient safe-driving RL) are cited jointly as examples of RL's general reward-maximization framework applied to driving; they are not opposed to each other, just both illustrating the same RL paradigm.",,,,,,skipped_by_annotator
s0544,skipped,"not_genuine_contrast: both citations are to the same author across two papers (Ray 2007 and Ray 2017) and are cited jointly in support of a single ethnic-succession framework describing how Italian food gained status while Asian/Hispanic food remains lower status; the contrast in the sentence is a sociological claim about cuisines' status trajectories, not a disagreement between the two cited works, which agree with and build on each other.",,,,,,skipped_by_annotator
s0545,skipped,"not_genuine_contrast: duplicate of the ethnic-succession sentence in s0463's survey family (same citations, reworded); both citations are to the same author across two papers (Ray 2007 and Ray 2017) cited jointly in support of a single ethnic-succession framework, not disagreeing with each other -- the contrast is a sociological claim about which cuisines gained/kept status, not a dispute between the two cited works.",,,,,,skipped_by_annotator
s0552,skipped,not_genuine_contrast: both works (Liang et al. 2023 and Samanta & Mehta 2017) are cited jointly as examples of adversarial attacks exploiting model vulnerabilities; they illustrate the same category of attack rather than disagreeing with each other.,,,,,,skipped_by_annotator
s0554,skipped,"not_genuine_contrast: the sentence states that Andreas & Klein 2016 followed the SAME classical image-captioning pipeline methodology that is 'often used in the literature' as exemplified by the other three cited works (Hawkins et al. 2020, Zhu et al. 2021, Wang et al. 2021); this is an agreement/alignment in methodology, not a disagreement.",,,,,,skipped_by_annotator
s0556,skipped,not_genuine_contrast: both works (Song et al. 2021 and Feng & Ma 2022) are cited jointly as examples of studies that extract subject-verb-object relationships from dependency trees to aid metaphor detection; they share the same methodological approach rather than opposing each other.,,,,,,skipped_by_annotator
s0563,skipped,"not_genuine_contrast: all three works (Ma et al. 2021, Liu et al. 2021, Liu et al. 2019) are cited jointly as examples of recent works that revisit and challenge the Lottery Ticket Hypothesis; they agree with each other in critiquing LTH rather than disagreeing among themselves.",,,,,,skipped_by_annotator
s0567,skipped,"not_genuine_contrast: the three benchmark papers (WikiQA -- Yang et al. 2015, HotpotQA -- Yang et al. 2018, SciFact -- Wadden et al. 2020) are cited jointly as sharing the same property (providing sentence-level coarse-grained explanations); they are listed together, not opposed.",,,,,,skipped_by_annotator
s0572,skipped,"not_genuine_contrast: all five works (Wang et al. 2023 [GPT-NER], Sun et al. 2023 [sentiment via negotiation], Sun et al. 2023 [pushing ChatGPT limits], Wang et al. 2023 [Sim-GPT], Sun et al. 2023 [text classification]) are cited jointly as examples of prompt-based methods that align models without fine-tuning; they jointly support the same claim rather than disagreeing.",,,,,,skipped_by_annotator
s0574,skipped,not_genuine_contrast: both works (Weidinger et al. 2021 and Bommasani et al. 2021) are cited jointly as evidence for the same claim that big models can generate discriminatory/harmful content posing social risks; they support the same point rather than opposing each other.,,,,,,skipped_by_annotator
s0575,skipped,"not_genuine_contrast: CLIP (Radford et al. 2021) is not a competing claim opposed to DALL-E 2 (Ramesh et al. 2022); CLIP's embedding space is simply the component that DALL-E 2's diffusion process operates on. This describes a dependency relationship between the two works, not a disagreement.",,,,,,skipped_by_annotator
s0576,skipped,"not_genuine_contrast: duplicate of s0575 in a different rendering. CLIP (Radford et al. 2021) is not a competing claim opposed to DALL-E 2 (Ramesh et al. 2022); CLIP's embedding space is simply the component that DALL-E 2's diffusion process operates on, a dependency relationship rather than a disagreement.",,,,,,skipped_by_annotator
s0584,skipped,"not_genuine_contrast: the three text-to-image systems (DALL-E 2 -- Ramesh et al. 2022, Stable Diffusion -- web resource with no author, GALIP -- Tao et al. 2023) are cited jointly as sharing the same positive property (exceptional image detailing and vivid color rendition); they are not opposed to each other.",,,,,,skipped_by_annotator
s0585,skipped,"not_genuine_contrast: all three works (Chen et al. 2023 [AlpaGasus], Cao et al. 2023 [Instruction Mining], Lee et al. 2023 [Platypus]) are cited jointly as examples pursuing the same automatic data-selection strategy for instruction tuning; they illustrate the same approach rather than disagreeing.",,,,,,skipped_by_annotator
s0590,skipped,"not_genuine_contrast: the three works (Lin & Chen 2023, Fang et al. 2023, See et al. 2019) are cited jointly as supporting the same claim about the demands of natural language generation (fluency, grammaticality, appropriate tone/emotion); they are not opposed to each other.",,,,,,skipped_by_annotator
s0591,skipped,not_genuine_contrast: both works (Wang et al. 2022 [ScienceWorld] and Chhikara et al. 2023 [knowledge-enhanced agents]) are cited jointly as illustrating the same claim about a lack of suitable training data in scientific domains for agents; they support the same point rather than disagreeing.,,,,,,skipped_by_annotator
s0593,skipped,"not_genuine_contrast: these four survey/review papers (Tan et al. 2021 and Ning et al. 2019 for TTS; Zhang et al. 2023 and Frolov et al. 2021 for TTI) are cited jointly as references for different output modalities that chatbots must generate; each pair is cited for the same descriptive point about that modality, not in disagreement with each other.",,,,,,skipped_by_annotator
s0596,skipped,"not_genuine_contrast: Ding et al. 2014 (""Content-based citation analysis: The next generation of citation analysis"") discusses the general concept of citation function classification and its future development, while Lyu et al. 2021 (""The classification of citing motivations: a meta-synthesis"") proposes a comprehensive, diverse set of citation function labels built on prior research. These are complementary contributions on the same topic (a conceptual overview vs. a label-set proposal), not opposing claims — the sentence's 'on the other hand' most likely contrasts this pair with an earlier-described approach that is not among the resolved cited_refs.",,,,,,skipped_by_annotator
s0597,skipped,"not_genuine_contrast: He & Cheng 2021 (weighting methods for rare event identification) and Chen, Liaw & Breiman 2004 (random forest for imbalanced data) are cited jointly as examples of the SAME technique family (class weighting for the minority class), not as two works taking opposite positions. The 'on the other hand' contrasts weighting-as-a-strategy with a different strategy (e.g. resampling) discussed earlier in the survey but not present in cited_refs.",,,,,,skipped_by_annotator
s0602,skipped,"not_genuine_contrast: clip-vil (Shen et al. 2022), m6 (Lin et al. 2021), pmlr-v139-cho21a (Cho et al. 2021, VL-T5), and vlkd (Dai et al. 2022) are cited together purely as a list of works that all 'adopt a separate encoder-decoder architecture' — they agree with and exemplify the same architectural choice as each other. The actual contrast in the sentence is with a previously described 'unified VL encoder' architecture referenced elsewhere in the survey, not with any of these four resolved cited_refs.",,,,,,skipped_by_annotator
s0603,skipped,"not_genuine_contrast: Zhang et al. 2021 (adversarial attack survey) and Chen et al. 2021 (Codex/'Evaluating Large Language Models Trained on Code') are cited jointly as evidence for the single risk category of cyberattack code generation, while Sandbrink 2023 is cited for a different risk category (bioweapons). All three are jointly listed as supporting examples of the same overarching claim ('LLMs can be used for illegal purposes'), not as works disagreeing with each other.",,,,,,skipped_by_annotator
s0610,skipped,"not_genuine_contrast: Liu et al. 2023 (survey of prompting methods) and the PEFT library (Mangrulkar et al. 2022) are cited jointly as examples illustrating the same category of technique (continuous/soft prompting as parameter-efficient fine-tuning), not as opposing claims.",,,,,,skipped_by_annotator
s0615,skipped,"not_genuine_contrast: Huang et al. 2023 (study of LLM self-explanations) and Lanham et al. 2023 (measuring faithfulness in chain-of-thought) are cited together simply as examples of works 'moving in that direction' toward faithfulness/stability — they are grouped as aligned efforts, not as two sides of a dispute.",,,,,,skipped_by_annotator
s0616,skipped,"not_genuine_contrast: Liu et al. (LogiQA), Joshi et al. (TaxiNLI), and Han et al. (FOLIO) are cited jointly as three pieces of evidence all supporting the same claim that 'logical reasoning remains challenging for language models.' They agree with one another; there is no two-sided disagreement among them.",,,,,,skipped_by_annotator
s0620,skipped,"not_genuine_contrast: Gao et al. (RARR), He et al. (rethinking with retrieval), Zhao et al. (verify-and-edit), and Yu et al. (plug-and-play retrieval feedback) are cited together purely as a list of methods sharing the same 'retrieve after generation, then post-edit' strategy. They are joint examples of one category, not opposing works.",,,,,,skipped_by_annotator
s0621,skipped,not_genuine_contrast: Li et al. 2023 ('The web can be your oyster') and Luo et al. 2023 (SAIL) are cited jointly as examples of Internet-enhanced methods that share the same described caveat (susceptibility to noisy/low-quality web content). They agree with each other; no disagreement is present.,,,,,,skipped_by_annotator
s0622,skipped,"not_genuine_contrast: Shi et al. 2023a and Luo et al. 2023 (SAIL) are cited for the problem of irrelevant/noisy retrieved context distracting LLMs, while Shi et al. 2023b (REPLUG) is cited for a separate, non-contradictory problem (context length exceeding input limits and raising cost). These are two different, co-occurring drawbacks of retrieval-augmentation being enumerated side by side, not a disagreement between the cited works about the same question.",,,,,,skipped_by_annotator
s0624,skipped,"not_genuine_contrast: SHFR (Zhou et al., multi-class heterogeneous domain adaptation) and DACoM (Li & Zhang, semi-supervised domain adaptation via covariance matching) are cited jointly as two example instances of the same category ('feature representation-based methods') for the source+target-only data setting, not as opposing approaches.",,,,,,skipped_by_annotator
s0626,skipped,"not_genuine_contrast: Ozsoy et al. 2011 and Steinberger & Jezek 2004 are cited together simply as two example works using Latent Semantic Analysis for summarization — both illustrate the same LSA-based method, not competing claims.",,,,,,skipped_by_annotator
s0629,skipped,"not_genuine_contrast: Fuentes et al. 2007 (SVM), Shen & Li 2011 (learning to rank), and Ouyang et al. 2011 (SVR/regression models) are cited jointly as three example supervised-ML approaches to query-focused summarization ranking. They are a joint list of methods within the same paragraph's 'supervised machine learning' category, not two sides of a dispute.",,,,,,skipped_by_annotator
s0631,skipped,"not_genuine_contrast: Jin et al. (GNN survey for time series), Ji et al. (knowledge graph survey), Khan et al. (transformers-in-vision survey), Xiao et al. (point cloud representation survey), and Atluri et al. (spatio-temporal data mining survey) are each attached to one example construct (STGs, TKGs, videos, point cloud streaming, trajectories respectively) in a purely definitional enumeration of forms spatio-temporal data can take. This is a taxonomy list, not a disagreement between any two of the cited works.",,,,,,skipped_by_annotator
s0632,skipped,"not_genuine_contrast: Szegedy et al. 2013, Goodfellow et al. 2014, Chen & Liu 2023, and Carlini et al. 2023 are cited jointly to support one definitional claim (adversarial robustness as a tool for analyzing worst-case model behavior). They are joint supporting citations, not competing claims.",,,,,,skipped_by_annotator
s0633,skipped,"not_genuine_contrast: Bau et al. 2018 (GAN Dissection), Koh et al. 2020 (Concept Bottleneck Models), Abid et al. 2022 (Conceptual Counterfactual Explanations), and Meng et al. 2022 (Locating and Editing Factual Associations in GPT) are cited together as a joint list of methods that all enable concept-based debugging/intervention in neural networks, not as opposing works.",,,,,,skipped_by_annotator
s0634,skipped,"not_genuine_contrast: Schwalbe 2022's survey (vision-focused concept-embedding analysis) and Sajjad et al. 2022's survey (NLP-focused neuron-level analysis) are described identically in the sentence as each being narrow, single-domain surveys 'limited in scope, failing to analyze the two areas together.' They share the same characterization relative to the present survey rather than disagreeing with each other.",,,,,,skipped_by_annotator
s0635,skipped,"not_genuine_contrast: Reformer (Kitaev et al. 2019), ELECTRA (Clark et al. 2019), and LayoutLM (Xu et al. 2020) are cited jointly as three components combined together into a single successful model — they are used cooperatively, not presented as opposing approaches.",,,,,,skipped_by_annotator
s0639,skipped,"not_genuine_contrast: OpenAI's AI Text Classifier and Tian's GPTZero are cited jointly as two detectors that 'still work' via cross-domain transfer when the source model is unknown — the sentence makes one shared claim about both tools, not a disagreement between them.",,,,,,skipped_by_annotator
s0642,skipped,"not_genuine_contrast: Finn et al. 2017 (MAML) and Vanschoren 2018 (meta-learning survey) are cited jointly as examples of meta-learning-based approaches used to impose more flexible editing constraints, not as opposing works.",,,,,,skipped_by_annotator
s0646,skipped,"not_genuine_contrast: Luo 2005 and Kübler & Zhekova 2011 are cited jointly because they make the SAME argument (that the MUC coreference metric prefers singletons) — the sentence states they 'argued' this together. This is agreement between the two works, not a disagreement.",,,,,,skipped_by_annotator
s0647,skipped,"not_genuine_contrast: Sukthanker et al. (anaphora/coreference resolution review) and Aralikatte et al. 2021 (ellipsis resolution as question answering) are cited as two different example downstream applications (entity extraction vs. ellipsis recovery) that both illustrate the same claim — that linking noun phrases helps higher-level reasoning. They are parallel supporting examples, not two sides of a disagreement.",,,,,,skipped_by_annotator
s0648,skipped,"not_genuine_contrast: Paivio 1965 and Löhr 2022 are cited jointly to support one linked claim about abstractness being related to imagery and non-perceptibility. They are complementary supporting citations, not opposing claims.",,,,,,skipped_by_annotator
s0651,skipped,"not_genuine_contrast: Austin 1975 (speech acts) and Lakoff & Johnson 1980 (conceptual metaphors) are cited as two different pragmatic frameworks that can each help explain subjectivity — parallel examples of the same broader claim about pragmatics, not a disagreement between the two works.",,,,,,skipped_by_annotator
s0658,skipped,"not_genuine_contrast: Zeng 2023 (a Chinese multitask understanding benchmark), Liu et al. 2023 (M3KE), and Li et al. 2023 (CMMLU) are cited jointly as evidence supporting one claim — that SFT'd or larger-parameter LLMs show limited or declining gains on these benchmarks. They are joint supporting evidence, not works taking opposite positions.",,,,,,skipped_by_annotator
s0660,skipped,"not_genuine_contrast: Razeghi et al. 2022 and Kandpal et al. 2023 are cited jointly because both 'identified a positive correlation between ICL performance and term frequency' — the sentence explicitly states they found the same thing, i.e. they agree, not disagree.",,,,,,skipped_by_annotator
s0665,skipped,"not_genuine_contrast: Ke, Liu, Ma, Xu & Shu 2021 ('Achieving forgetting prevention and knowledge transfer') and Ke, Xu & Liu 2021 ('Adapting BERT for continual learning') share the same first author (Ke et al.) and are complementary papers building the same adapter-based continual learning approach with a knowledge-sharing module — not opposing works.",,,,,,skipped_by_annotator
s0666,skipped,"not_genuine_contrast: Ott et al. 2023 (ThoughtSource), Singhal et al. 2023 (medical QA with LLMs), and Wei et al. 2022 (chain-of-thought prompting) are cited jointly as supporting evidence for one claim — that LLMs show enhanced logical reasoning capability. They agree with each other; there is no two-sided dispute.",,,,,,skipped_by_annotator
s0674,skipped,"not_genuine_contrast: In this LaTeX-commented (Chinese-language) passage, Yuan et al. (Osprey), Li et al. (OtterHD), Dong et al. (InternLM-XComposer2-4KHD), and Chen et al. (InternVL1.5) are all listed jointly as models that use higher-resolution images to improve capability — a joint list of similar approaches, not opposing works.",,,,,,skipped_by_annotator
s0675,skipped,"not_genuine_contrast: This is a fully LaTeX-commented (%-prefixed) Chinese/English draft passage describing Li et al.'s CancerGPT as using data from Zagidullin et al.'s DrugComb database — a tool-uses-resource relationship, not a disagreement between the two works.",,,,,,skipped_by_annotator
s0681,skipped,"not_genuine_contrast: Dai et al. 2022 and Sun et al. 2023 are cited jointly because 'some argue' the same thing — that object hallucination is caused by image-text misalignment. The sentence groups them as sharing one position, not as disagreeing with each other.",,,,,,skipped_by_annotator
s0683,skipped,"not_genuine_contrast: Reference ""17"" (Chen & Qian, retrieve-and-edit domain adaptation for ABSA) and reference ""6"" (Fei et al., robustness of ABSA) are cited jointly as supporting evidence for the claim that dataset-reliant solutions and skewed domain distribution hinder ABSA generalizability — joint supporting citations, not opposing claims.",,,,,,skipped_by_annotator
s0684,skipped,"not_genuine_contrast: Vaswani et al. 2017 ('Attention Is All You Need') and Liu et al. 2020 (ABSA deep-learning survey) are cited jointly to support one claim about sequential models' parallelization difficulty and vanishing/exploding gradients. They are joint supporting citations, not two works disagreeing.",,,,,,skipped_by_annotator
s0685,skipped,"not_genuine_contrast: Kim et al. 2018 (BDD-X) and Malla et al. 2023 (DRAMA) are simply named as two datasets that 'were independently created' — a factual, non-contested statement about dataset provenance, not a disagreement between the two works' findings or methods.",,,,,,skipped_by_annotator
s0686,skipped,"likely_latex_artifact: This entire sentence is LaTeX-commented out (prefixed with %) and, after stripping markup, states only that Radford et al. 2018 (GPT), Brown et al. 2020 (GPT-3), and Radford et al. 2019 (GPT-2) all use a decoder-only causal-LM architecture — the three works describe the same consistent GPT model family lineage, not a disagreement, and the passage was never part of the rendered survey text.",,,,,,skipped_by_annotator
s0688,skipped,"not_genuine_contrast: Zhao et al. 2023 (GIMLET) and Qin et al. 2023 (disentangled representation learning for text-attributed graphs) are cited jointly to illustrate the same challenge — vanishing gradients when inserting a GNN module into LLMs for joint training. They are joint supporting citations, not opposing works.",,,,,,skipped_by_annotator
s0689,skipped,"not_genuine_contrast: Kusa et al. 2023 (VoMBaT) and O'Mara-Eves et al. 2015 (systematic review of text mining for study identification) are cited jointly as sources that use confusion-matrix-based Precision/Recall evaluation for the screening-as-classification framing — joint supporting citations, not a disagreement.",,,,,,skipped_by_annotator
s0690,skipped,"not_genuine_contrast: Google Vertex AI, Amazon SageMaker, and Azure AI are cited jointly as three commercial examples of GPU-providing deployments that all share the same billing characteristic (continuous billing through the infrastructure lifecycle) — a joint list of analogous products, not a disagreement.",,,,,,skipped_by_annotator
s0691,skipped,"not_genuine_contrast: Hamilton et al. 2017 (GraphSAGE), Hou et al. 2022 (GraphMAE), Wang et al. 2017 (MGAE), Park et al. 2019 (symmetric graph autoencoder), Wang et al. 2021 (self-supervised link prediction), and Hou et al. 2023 (GraphMAE2) are cited jointly as six example instances of the same category — predictive/reconstruction-based self-supervised graph models — not as opposing works.",,,,,,skipped_by_annotator
s0692,skipped,"not_genuine_contrast: Niepert et al. 2016 (learning CNNs for graphs, an early GCN-style method) and Hamilton et al. 2017 (GraphSAGE) are cited jointly as two examples of 'deep GNNs' that keep input node features constant while optimizing deep model parameters — a joint list of methods in the same category, not two works taking opposite positions.",,,,,,skipped_by_annotator
s0694,skipped,"not_genuine_contrast: LLaMA (touvron2023llama) and LLaMA2 (touvron2023llama2) are both Meta releases cited jointly as examples supporting one claim -- that Meta embraced openness -- contrasted against OpenAI's closed-source GPT series, which is not among the resolved cited_refs. LLaMA and LLaMA2 do not disagree with each other; they are sequential open releases from the same lab illustrating the same point.",,,,,,skipped_by_annotator
s0700,skipped,"not_genuine_contrast: Ponti et al. 2022 (""Combining modular skills in multitask learning"", ponti2022combining) and Treviso et al. 2021 (""Predicting attention sparsity in transformers"", treviso2021predicting) are cited jointly as two examples of the same broader trend -- parameter-/sparsity-efficient research -- one on task-specific modular parameters, the other on attention sparsity. They are complementary techniques, not competing claims about the same question; the 'Conversely' marker actually contrasts this trend with an earlier clause not present in this excerpt.",,,,,,skipped_by_annotator
s0701,skipped,"not_genuine_contrast: all four works (Pham et al. 2021, Zhao et al. 2021, Liu et al. 2022, Reimers & Gurevych 2017) are cited jointly as evidence for the SAME claim in this sentence -- that observed variance across runs, while small (1-5%), is still large enough to affect model comparisons. All four support one side; there is no pairwise contradiction among them.",,,,,,skipped_by_annotator
s0702,skipped,"not_genuine_contrast: six works (Lu et al. 2022, Zhang et al. 2023, Pezeshkpour & Hruschka 2023, Reif & Schwartz 2024, Zong et al. 2023, and Zhao et al. 2021 'Calibrate Before Use') are jointly cited to support one overall claim -- that increasing the number of in-context samples does not reliably help and can even hurt stability. The 'or even negative effects' clause is a gradation of the same finding, not a contradiction between the cited works.",,,,,,skipped_by_annotator
s0703,skipped,not_genuine_contrast: Lu et al. 2022 (lu_fantastically_2022) and Zong et al. 2023 (zong2024foolvisionandlanguage) are cited jointly as evidence for the SAME claim -- that calibrating the output distribution does not reduce sensitivity/bias. Both are on the same side; no pairwise disagreement.,,,,,,skipped_by_annotator
s0705,skipped,"not_genuine_contrast: MOA (Bifet et al. 2010, bifet2010moa) and River (Montiel et al. 2021, montiel2021river) are cited jointly as two examples of general-purpose stream-mining toolkits that are not text-specific. They are listed together in support of the same descriptive point, not disagreeing with each other.",,,,,,skipped_by_annotator
s0707,skipped,"same_finding_different_wording: Bochenek & Ustrnul 2022 (bochenek2022machine) and Jacques-Dumas et al. 2022 (jacques2022deep, resolved key jacques2022deep) are described identically -- both as surveys/summaries of ML/DL methods for ordinary (non-textual) time series. There is no disagreement between them; they are grouped for sharing the same scope.",,,,,,skipped_by_annotator
s0710,skipped,"not_genuine_contrast: DMSF-GAN (Chen et al. 2022, chen2022dynamic -- adversarial training + CNN, non-autoregressive) and PCT-CycleGAN (Choi et al. 2023, choi2023pct -- dual generator networks with forward/backward temporal dynamics) are described sequentially in a taxonomy of precipitation-nowcasting architectures with no contrast marker linking the two to each other. The 'on the other hand' in the sentence contrasts DMSF-GAN with an earlier autoregressive method that is not present among cited_refs.",,,,,,skipped_by_annotator
s0714,skipped,"not_genuine_contrast: ViLBERT (Lu et al. 2019, lu2019vilbert) and LXMERT (Tan & Bansal 2019, tan2019lxmert) are cited jointly as two examples of the SAME 'dual-stream' architecture category (process modalities separately, then fuse). They illustrate one shared description, not a disagreement.",,,,,,skipped_by_annotator
s0715,skipped,"not_genuine_contrast: Schlarmann & Hein 2023 (DBLP:journals/corr/abs-2308-10741, adversarial robustness of multimodal foundation models to imperceivable attacks on VQA/captioning) and Mao et al. 2023 (DBLP:conf/iclr/MaoGYWV23, zero-shot adversarial robustness) both study adversarial robustness of large models but from different, complementary angles. The sentence does not present them as reaching opposing conclusions about the same question.",,,,,,skipped_by_annotator
s0718,skipped,"not_genuine_contrast: three text-simplification surveys (Siddharthan 2014, siddharthan2014survey; Shardlow 2014, shardlow2014survey; Al-Thanyyan & Azmi 2021, al2021automated) are jointly grouped as prior surveys sharing the same characteristic -- targeting linguistic complexity rather than sentence length. There is no disagreement among the three; they are jointly contrasted with the current survey's own (uncited) focus.",,,,,,skipped_by_annotator
s0720,skipped,"not_genuine_contrast: fevry2018unsupervised (denoising auto-encoder, framed as extractive) and Baziotis2019 (SEQ^3, abstractive auto-encoder) are presented as a taxonomic either/or split of auto-encoder approach types for unsupervised sentence compression. This is a descriptive categorization of two design choices, not two works making contradictory claims about the same empirical question.",,,,,,skipped_by_annotator
s0721,skipped,"not_genuine_contrast: four works (Aziz et al. 2012 & Gasan/Paiș 2024 grouped as 'translate output'; Tollef Emil et al. 2025 as 'joint translation+compression'; Duan et al. 2019 as 'zero-shot') are enumerated as three parallel technique categories for cross-lingual sentence compression. This is a taxonomy listing of complementary techniques, not a pairwise contradiction between any two of them.",,,,,,skipped_by_annotator
s0723,skipped,"not_genuine_contrast: Chen et al. 2023 (chen2023contrastive) and Cheng et al. 2023 (PRIOR, cheng2023prior) are cited jointly as evidence for the SAME claim -- that masked prediction objectives improve fine-grained, low-level representation learning. Both support one side; no disagreement between them.",,,,,,skipped_by_annotator
s0727,skipped,"not_genuine_contrast: RT-1 (Brohan et al. 2022, brohan2022rt) and RoboCat (Bousmalis et al. 2023, bousmalis2023robocat) are grouped as perception/control-specific end-to-end models, while Gato (Reed et al. 2022, Reed_2022_Gato) and PaLM-E (Driess et al. 2023, driess2023PaLMe) are grouped as models that additionally provide one unified model for multiple robot functions. This is a graduated elaboration within the SAME end-to-end differentiability paradigm ('even providing a unified model'), not a contradiction between the two groups.",,,,,,skipped_by_annotator
s0746,skipped,"not_genuine_contrast: Jacot et al. 2018 (jacot_neural_2018, Neural Tangent Kernel theory) is cited to explain WHY naive linear RoPE interpolation loses high-frequency information, and blocntkaware's NTK-Aware Scaled RoPE is presented as the engineering fix motivated directly by that theoretical diagnosis. The two are complementary (theory -> solution), not competing or disagreeing; the actual contrasted method ('position interpolation', described earlier in the truncated table caption) is not itself present among cited_refs.",,,,,,skipped_by_annotator
s0752,skipped,"not_genuine_contrast: QA4RE (Zhang et al., qa4re) and ChatIE (Wei et al., chatie) jointly propose the SAME idea -- recasting IE as a multi-turn QA problem -- and are cited together in support of it. Flan-T5 (flan-t5) and GPT-4 (gpt4) are mentioned only parenthetically as example base LLMs the method is applied to, not as a contrasting position. No pairwise disagreement is present.",,,,,,skipped_by_annotator
s0753,skipped,"same_finding_different_wording: QA4RE (qa4re) and ChatIE (chatie) are the only two cited_refs here and are described as jointly proposing the same underlying idea -- transforming IE into a multi-turn QA problem to align with instruction-tuning QA data. They are two implementations of one shared idea, not opposing claims.",,,,,,skipped_by_annotator
s0758,skipped,"not_genuine_contrast: Toolformer (Schick et al. 2023, Schick2023-fz), autoformalization (Wu et al. 2022, wu2022autoformalization), and SQL-PaLM (Sun et al. 2023, sun2023sqlpalm) are three parallel examples of 'other pre-defined formal languages' (function calls, math proof formulas, SQL) listed side by side in the same enumeration. None of them is described as disagreeing with another.",,,,,,skipped_by_annotator
s0762,skipped,same_finding_different_wording: Chalaguine et al. 2018 'Argument harvesting using chatbots' (chalaguine2018argument) and Chalaguine & Hunter 2018 'Chatbot design for argument harvesting' (chalaguine2018chatbot) are both by the same author group and are excluded from the survey's scope for the identical stated reason -- their focus is corpus collection rather than dialogue-agent implementation. There is no disagreement between them.,,,,,,skipped_by_annotator
s0764,skipped,"not_genuine_contrast: four robotics/RL papers (Zeng et al. 2021 Transporter Networks, zeng2021transporter; Rao et al. 2020 RL-CycleGAN, rao2020rl; Haarnoja et al. 2023, haarnoja2023learning; Lifshitz et al. 2023 STEVE-1, lifshitz2023steve) are jointly cited as examples of data-augmentation techniques studied to improve sample complexity. All four are grouped in support of one descriptive claim; no contradiction among them.",,,,,,skipped_by_annotator
s0766,skipped,"likely_latex_artifact: the sentence text is a fragment of a LaTeX table row/list (model name, year, task, institution, code-link columns for GatorTron, BioMedLM, BioBART entries) rather than actual argumentative prose. After stripping markup there is no contrastive claim to evaluate between any two cited works.",,,,,,skipped_by_annotator
s0768,skipped,"not_genuine_contrast: LLaVA (Liu et al., liu2023llava) and MiniGPT-4-v2 (Zhu et al., zhu2023minigpt) are cited jointly as two examples sharing the SAME architectural choice -- using an MLP as the modality connector. They are not disagreeing; they illustrate one shared design pattern.",,,,,,skipped_by_annotator
s0769,skipped,"not_genuine_contrast: MMBench (Liu et al., liu2023mmbench), MME (Fu et al., fu2023mme), and ScienceQA (Lu et al., lu2022learn) are jointly listed as three example benchmarks sharing the same property -- reformatting open-ended answers into multiple-choice format. No pairwise contradiction exists among them.",,,,,,skipped_by_annotator
s0772,skipped,"not_genuine_contrast: LIME (Ribeiro et al. 2016, ribeiro_why_2016) and SHAP (Lundberg & Lee 2017, lundberg_unified_2017) are cited jointly as two examples of local-explainability methods that both focus on explaining individual predictions. They support the same descriptive claim about local explainability, not opposing claims.",,,,,,skipped_by_annotator
s0775,skipped,"not_genuine_contrast: five works (Gehring et al. 2017, gehring2017convolutional; Devlin et al. 2018 BERT, devlin2018bert; Lan et al. 2019 ALBERT, lan2019albert; Clark et al. 2020 ELECTRA, clark2020electra; Radford et al. 2019 GPT-2, radford2019language) are jointly listed as examples that all use adaptable absolute position encoding. All five are grouped on the same side of this taxonomy point; no disagreement among them.",,,,,,skipped_by_annotator
s0777,skipped,"not_genuine_contrast: four context-extension methods (Chen et al. positional interpolation, chen2023extending; NTK-aware RoPE, ntkaware2023; Peng et al. YaRN, peng2023yarn; Chen et al. LongLoRA, chen2023longlora) are jointly grouped as sharing the SAME general approach -- fine-tuning LLMs for a longer context window. They are not presented as disagreeing with each other.",,,,,,skipped_by_annotator
s0780,skipped,"not_genuine_contrast: PEQA (Wu et al., wu2023understanding), LoftQ (Li et al., li2023loftq), and QLoRA (Dettmers et al., dettmers2023qlora) are jointly listed as three examples of quantization used during fine-tuning. No pairwise contradiction is stated or implied among the three.",,,,,,skipped_by_annotator
s0783,skipped,"not_genuine_contrast: Deng et al. 2023 (LLM-based fuzzers, deng2023large) and Romera-Paredes et al. 2023 (FunSearch/mathematical discoveries, romera2023mathematical) are cited jointly as evidence for the SAME claim -- that EAs allow more flexible search-space definitions and mutation operators. Both are on the same side; no disagreement between them.",,,,,,skipped_by_annotator
s0785,skipped,"not_genuine_contrast: Gudur & Perepu 2020 (federated learning for HAR, federated_gudur_2020) and Hashemian et al. 2021 (privacy-preserving distributed transfer learning for HAR, semisupervised_hashemian_2021) are jointly listed as two example target-application goals (federated learning; privacy preservation) for HAR transfer learning. They are complementary goals, not competing claims.",,,,,,skipped_by_annotator
s0788,skipped,"insufficient_context: the three 'myth' references (McCorduck 2004, mccorduck2004machines; Kieval 1997, kieval1997pursuing; Pollin 1965, pollin1965philosophical) are jointly grouped as historical examples of ethics-of-created-life themes in myth. Frank et al. 2019 (frank2019evolution) is cited for the claim that 'today's intelligent machines present their own interesting social questions,' but its actual title is 'The evolution of citation graphs in artificial intelligence research' -- a bibliometrics paper, not a paper about AI's social implications -- suggesting a citation-resolution mismatch. There is not enough reliable information here to establish a genuine two-sided disagreement between any of these works.",,,,,,skipped_by_annotator
s0800,skipped,"not_genuine_contrast: BiomedGPT (Zhang et al. 2023, zhang2023biomedgpt), BioGPT (Luo et al. 2022, 10.1093/bib/bbac409), and BioMedLM (Bolton et al. 2023, cite_BioMedLM) are jointly grouped as being pretrained from scratch using a GPT-style architecture, while MedGPT (Kraljevic et al. 2021, kraljevic2021medgpt) is described as using continual pretraining instead. This is a taxonomic classification of how different biomedical language models were built (from-scratch vs. continual pretraining), not a claim that any of these works dispute or contradict one another -- it is a description of differing engineering choices, not an argued disagreement.",,,,,,skipped_by_annotator
s0801,skipped,"not_genuine_contrast: MatBERT (Trewartha et al. 2022, Trewartha2022-sl) and ChemBERTa (Chithrananda et al. 2020, chithrananda2020chemberta) are cited jointly as sharing the SAME strategy -- pretraining from scratch -- merely built on different base architectures (non-NSP BERT vs. RoBERTa) for different domains (materials science vs. chemistry). This is a shared-method description, not a contested claim.",,,,,,skipped_by_annotator
s0802,skipped,"not_genuine_contrast: SciDEBERTa (Jeong & Kim 2022, jeong2022scideberta) is described as a continued-pretraining derivative of DeBERTa (He et al. 2020, he2020deberta) on a science/technology domain corpus. DeBERTa is the base model SciDEBERTa builds directly on, not an independent work disagreeing with it.",,,,,,skipped_by_annotator
s0806,skipped,"not_genuine_contrast: Grad-TTS (Popov et al. 2021, popov2021grad) is described as utilizing the SDE-based generative framework introduced by Song et al. 2020 (song2020score, cited as 'SDE') to produce mel-spectrograms. This is a uses/builds-upon relationship, not two works with opposing claims; the sentence's actual contrast is with an earlier, non-SDE TTS method that is not present among cited_refs.",,,,,,skipped_by_annotator
s0810,skipped,"not_genuine_contrast: sun2023aligning is described as EMPLOYING the RLHF technique introduced by Stiennon et al. 2020 (cited under the key 'RLHF', 'Learning to summarize with human feedback') to align modalities and reduce hallucination. This is a method-usage relationship (one paper applies a technique introduced by the other), not a disagreement between the two works.",,,,,,skipped_by_annotator
s0812,skipped,"not_genuine_contrast: AutoPrompt (Shin et al. 2020, shin2020autoprompt), jailbreaking attacks (Wei et al. 2023, wei2023jailbroken), and DAN-style jailbreak prompts (Shen et al. 2023, shen2023anything) are jointly grouped as sharing the SAME goal -- misleading LLMs into revealing sensitive information via deceptive prompts. No pairwise contradiction exists among them.",,,,,,skipped_by_annotator
s0814,skipped,"insufficient_context: the citation attached to 'self-reminder-based methods' (wu2024can) is actually titled 'Can Large Language Models Automatically Jailbreak GPT-4V?' -- a jailbreak-attack paper, not a self-reminder-defense paper -- indicating a likely citation-resolution mismatch for that clause. With the true source of the described 'self-reminder' defense method absent from cited_refs, there is not enough reliable information to state what wu2024can and DeepInception (li2023deepinception) specifically claim about defense effectiveness in a way that supports a genuine two-sided pair.",,,,,,skipped_by_annotator
s0817,skipped,"not_genuine_contrast: zhang2023copf (CoPF) is described as EXTENDING the Direct Preference Optimization algorithm introduced by Rafailov et al. 2023 (rafailov2023direct, DPO) to a continual-learning setting via Monte Carlo estimation. This is a builds-upon relationship, not two works in disagreement.",,,,,,skipped_by_annotator
s0818,skipped,"not_genuine_contrast: MolCA (Liu et al. 2023, liu_molca_2023), GIT-Mol (Liu et al. 2023, liu_git-mol_2023), and UniMAP (Feng et al. 2023, feng_unimap_2023) are jointly grouped as sharing the SAME architectural trait -- incorporating additional prediction layers for cross-modal matching (XMM) that are removed after pretraining. No pairwise contradiction exists among the three.",,,,,,skipped_by_annotator
s0824,skipped,"not_genuine_contrast: Both wei2023skywork (Wei et al., 'Skywork: A more open bilingual foundation model', arXiv 2023 -- a model-release paper) and zhou2023don (Zhou et al., ""Don't make your llm an evaluation benchmark cheater"", arXiv 2023) are cited jointly as supporting evidence for the SAME claim in the sentence -- that evaluations may suffer from benchmark leakage. Neither is an opposing finding; the 'On the other hand' marker contrasts the leakage risk with a prior clause (not in cited_refs) about the value of these evaluations, not a disagreement between the two cited works themselves.",,,,,,skipped_by_annotator
s0831,skipped,"not_genuine_contrast: frankle2018lottery (Frankle & Carbin, 'The Lottery Ticket Hypothesis', ICLR 2018) is the foundational hypothesis paper, and chijiwa2022meta (Chijiwa et al., 'Meta-ticket: Finding optimal subnetworks for few-shot learning within randomly initialized neural networks', NeurIPS 2022) is explicitly described as 'inspired by' it, building a meta-learning method on top of the Lottery Ticket idea. This is a foundational-work/follow-up relationship, not a disagreement.",,,,,,skipped_by_annotator
s0840,skipped,"not_genuine_contrast: chen2023textdiffuser (TextDiffuser), ma2023glyphdraw (GlyphDraw), and yang2023glyphcontrol (GlyphControl) are cited jointly as three examples of the SAME category -- inpainting-based scene text generation methods that take a masked image as condition. They agree with each other on approach; the 'Conversely' marker contrasts this whole category against a different (non-inpainting) category discussed earlier in the source text, which is outside the resolved cited_refs.",,,,,,skipped_by_annotator
s0841,skipped,"not_genuine_contrast: Gatos2007SegmentationBR, Guo2019AFP, and Stamatopoulos2011GoalOrientedRO are cited jointly as three examples of the SAME boundary/text-line-based document dewarping approach (estimating deformation parameters assuming lines should be straight post-rectification). They are not opposed to each other; the 'Conversely' contrasts this whole category with a different (e.g. pixel-based) category discussed earlier, not present in cited_refs.",,,,,,skipped_by_annotator
s0843,skipped,"not_genuine_contrast: DBLP:conf/cvpr/WuWSDH16 (Wu et al., 'Ask me anything: Free-form visual question answering based on knowledge from external sources', CVPR 2016) is cited as the origin of the KG-based VQA paradigm, and DBLP:journals/pami/WangWSDH18 (Wang et al., 'FVQA: fact-based visual question answering', PAMI 2018) is cited as a further example of KG-based VQA providing deeper reasoning. Both are on the SAME side (KG-based VQA methods); the 'diverges from traditional approaches' contrast target ('traditional approaches') is not among the resolved cited_refs.",,,,,,skipped_by_annotator
s0846,skipped,"not_genuine_contrast: beauchemin2022fijo (Beauchemin et al., ""'fijo': a french insurance soft skill detection dataset"", 2022) and Fang.2023 (Fang et al., 'RecruitPro: A Pretrained Language Model with Skill-Aware Prompt Learning for Intelligent Recruitment', 2023) are jointly grouped as both working on training/optimizing LMs for skill extraction. They are complementary examples of the same research direction, not opposing works.",,,,,,skipped_by_annotator
s0856,skipped,"not_genuine_contrast: MoE-GEGLU (Shazeer, 'Glu variants improve transformer', 2020) and MoE-RMS (Zhang & Sennrich, 'Root mean square layer normalization', NeurIPS 2019) are cited jointly as two examples of modifications that share the SAME described effect (improve quality but sometimes cause training loss divergence). They are not opposed to each other -- both illustrate the same trade-off.",,,,,,skipped_by_annotator
s0862,skipped,"not_genuine_contrast: All six citations (Luo2023TowardsLA, yu2023natural, Yang2023LogicalRO, Qiao2022ReasoningWL, Huang2022TowardsRI, Flach2000AbductiveAI) are grouped together as the set of 'existing logical reasoning taxonomies' that the survey's own new categorization diverges from. The contrast is between the survey's own scheme and this whole group, not a pairwise disagreement between two of the cited works, which are not shown to disagree with each other.",,,,,,skipped_by_annotator
s0868,skipped,"not_genuine_contrast: su2023pandagpt (PandaGPT) and wu2023next (NExT-GPT) are cited jointly as two systems that share the SAME architectural choice -- a single frozen multimodal encoder (ImageBind) for feature extraction across modalities. They agree with, not oppose, each other.",,,,,,skipped_by_annotator
s0886,skipped,"not_genuine_contrast: lerer2017maintaining (Lerer & Peysakhovich, 'Maintaining cooperation in complex social dilemmas using deep reinforcement learning', arXiv 2017) and foerster2018learning (Foerster et al., 'Learning with opponent-learning awareness', AAMAS 2018) are presented via 'or' as two alternative techniques achieving the SAME goal -- safeguarding agents against exploitation. They are complementary/alternative methods, not competing findings that contradict each other.",,,,,,skipped_by_annotator
s0888,skipped,"not_genuine_contrast: lerdahl1996generative (Lerdahl & Jackendoff, 'A Generative Theory of Tonal Music', 1996) and rohrmeier2011towards (Rohrmeier, 'Towards a generative syntax of tonal harmony', 2011) are cited jointly as two examples of musical frameworks (tension/relaxation, harmony) that both support the same claim -- that music uses intrinsic musical concepts to build tree-like representations. The real contrast in the sentence is between music and formal/natural language, not between these two music-theory works.",,,,,,skipped_by_annotator
s0891,skipped,"not_genuine_contrast: bib382 (DuSQL), bib383 (CSpider), and bib208 (Spider) are cited jointly as three examples of the SAME category -- datasets applied to the Text-to-SQL task. They are not opposed to each other.",,,,,,skipped_by_annotator
s0898,skipped,"not_genuine_contrast: jackson2021tsnet (TSNet) is described as employing thomas2018tensor (TFN, Tensor Field Networks) as its underlying equivariant GNN model -- a use/build-on relationship, not an opposition.",,,,,,skipped_by_annotator
s0899,skipped,"not_genuine_contrast: guan2023d (TargetDiff) and the five 'following diffusion-based methods' (lin2023d3fg, lin2022diffbp, pinheiro2024structure, qu2024molcraft, zhang2023molecule) are grouped together as sharing the SAME non-autoregressive 3D-diffusion approach, contrasted against 'this method' (an autoregressive approach) which is not among the resolved cited_refs. No pairwise disagreement exists among the cited works themselves.",,,,,,skipped_by_annotator
s0903,skipped,"not_genuine_contrast: gpt3 (Brown et al., 'Language Models are Few-Shot Learners', NeurIPS 2020) and gpt4 (Achiam et al., 'Gpt-4 technical report', 2023) are cited jointly as two examples of the SAME architectural category -- decoder-only models using causal attention. They agree, not disagree.",,,,,,skipped_by_annotator
s0904,skipped,"not_genuine_contrast: text+chemt5 (Christofidellis et al., 'Unifying Molecular and Textual Representations via Multi-task Language Modelling', ICML 2023) is described as a fine-tuned version of t5 (Raffel et al., 'Exploring the Limits of Transfer Learning with a Unified Text-to-Text Transformer', JMLR 2020) -- a build-on relationship, not an opposition.",,,,,,skipped_by_annotator
s0914,skipped,"not_genuine_contrast: lv2025dual (DCM, dual-expert consistency modeling with cross-dimensional losses) and liu2025motionshot (MotionShot, hierarchical semantic/morphological motion learning) are cited jointly via 'and' as two separate methods addressing different aspects of video generation; the sentence does not frame them as disagreeing with each other, only as two additional examples grouped under the same 'on the other hand' heading.",,,,,,skipped_by_annotator
s0923,skipped,"not_genuine_contrast: zhang2023exploiting ('Exploiting machine unlearning for backdoor attacks in deep learning system') is a single paper described as using two internal methodologies, drawing an analogy to geiping2020witches ('Witches' brew: Industrial scale data poisoning via gradient matching') for technique (i) and to gu2019badnets ('Badnets: Evaluating backdooring attacks on deep neural networks') for technique (ii). geiping2020witches and gu2019badnets are not shown to disagree with each other -- both are merely referenced as inspirations for two different sub-components of the same zhang2023exploiting method.",,,,,,skipped_by_annotator
s0925,skipped,"not_genuine_contrast: gao2023dual (GraphTrip), wu2021learning, and wu2019learning are grouped jointly as examples of the SAME category -- graph-based methods capturing spatial dependencies. They agree with each other; 'Conversely' contrasts this whole category with a different (e.g. sequence-based) category discussed earlier and not present in cited_refs.",,,,,,skipped_by_annotator
s0929,skipped,"not_genuine_contrast: geva-etal-2019-discofuse (DiscoFuse) and lebanoff-etal-2020-learning ('Learning to fuse sentences with transformers for summarization') are cited jointly as two examples of the SAME category -- full-sentence fusion work -- contrasted against 'sub-sentence fusion' which received less emphasis, not against each other.",,,,,,skipped_by_annotator
s0930,skipped,"not_genuine_contrast: cao-etal-2023-assessing ('Assessing Cross-Cultural Alignment between ChatGPT and Human Societies', 2023) is credited with introducing Multi-turn Probing, and dammu2024they ('...Unveiling covert harms and social threats in llm generated conversations', 2024) is cited only as a 'see also' pointer for related work, not as an opposing claim.",,,,,,skipped_by_annotator
s0931,skipped,"not_genuine_contrast: an-etal-2023-sodapop ('SODAPOP: Open-Ended Discovery of Social Biases in Social Commonsense Reasoning Models', EACL 2023) reports a finding about LLMs implicitly associating names with demographic attributes -- a bias-evaluation result. quan-etal-2020-risawoz ('RiSAWOZ: A Large-Scale Multi-Domain Wizard-of-Oz Dataset...', EMNLP 2020) is a dataset-construction paper emphasizing preservation of named entities during multilingual data annotation/translation. These address different questions (LLM bias evaluation vs. dataset-annotation methodology for entity preservation) and are not shown to make opposing claims about the same phenomenon; the 'on the other hand' signals a shift in topic/framing rather than a genuine two-sided disagreement.",,,,,,skipped_by_annotator
s0932,skipped,"not_genuine_contrast: schick2023toolformer (Toolformer) and qin2023toolllm (ToolLLM) are cited jointly as two examples of the SAME claim -- that LMs can manipulate real-world information via tools (calendars, emails respectively). They are complementary examples, not opposing findings.",,,,,,skipped_by_annotator
s0934,skipped,"not_genuine_contrast: GFMsurvey ('Towards graph foundation models: A survey and beyond', Liu et al., 2023) is described as emphasizing architecture design, while LGMsurvey ('Graph meets llms: Towards large graph models', Zhang et al., 2023) and GFMposition ('Position: Graph foundation models are already here', Mao et al., ICML 2024) are described as focused on future-direction outlooks. This is a difference in survey scope/emphasis among three overview papers, not a factual disagreement or competing claim/finding -- none of these papers is shown to contradict what another actually found or argued.",,,,,,skipped_by_annotator
s0935,skipped,"not_genuine_contrast: GLM-TKDE24, LLMsurvey2404, and LLMsurveyKDD are grouped jointly as three LLM-based graph surveys sharing the SAME described limitation (overemphasizing language-model architecture/textual attributes while overlooking graph structure). They agree with each other in this critique, not disagree.",,,,,,skipped_by_annotator
s0938,skipped,"not_genuine_contrast: ibarra2007normal ('Normal forms for spiking neural P systems', Ibarra et al., Theoretical Computer Science 2007) and garcia2007spiking ('Spiking neural P systems: Stronger normal forms', Garcia Arnau et al., 2007) are cited jointly as two studies of the SAME topic -- normal forms for restricted SNPS variants. No disagreement between them is indicated.",,,,,,skipped_by_annotator
s0939,skipped,"not_genuine_contrast: booth2023perils ('The perils of trial-and-error reward design...', Booth et al., AAAI 2023) and hadfield2017inverse ('Inverse reward design', Hadfield-Menell et al., NeurIPS 2017) are cited jointly as two pieces of evidence for the SAME overarching claim -- that manually designed reward functions are often problematic (sub-optimal or leading to unintended behavior). They are not opposed to each other.",,,,,,skipped_by_annotator
s0942,skipped,"not_genuine_contrast: gallotta2024large ('Large language models and games: A survey and roadmap', IEEE Trans. Games 2024) and sweetser2024large ('Large language models and video games: A preliminary scoping review', 2024) are grouped jointly as sharing the SAME described gap -- both emphasize game development/education/content generation while leaving LLM-based game agents underexplored. They agree with each other.",,,,,,skipped_by_annotator
s0944,skipped,"not_genuine_contrast: This sentence is a LaTeX-commented-out line (prefixed with '%', meaning it does not even appear in the rendered survey text). Even setting that aside, floridi2020gpt ('GPT-3: Its nature, scope, limits, and consequences', Floridi & Chiriatti, 2020) and chowdhery2023palm ('Palm: Scaling language modeling with pathways', Chowdhery et al., 2023) are cited jointly as two examples of the SAME category -- autoregressive LLMs predicting the next token via the same described mechanism. No disagreement between them is indicated.",,,,,,skipped_by_annotator
s0949,skipped,"not_genuine_contrast: lin2021truthfulqa (TruthfulQA), umapathi2023med (Med-HALT), cheng2023evaluating (hallucination evaluation in Chinese LLMs), kasai2022realtime (RealTime QA), and vu2023freshllms (FreshLLMs) are all cited jointly as examples illustrating different angles (domain, language, evolving knowledge) of the SAME overarching claim -- that extrinsic-hallucination benchmarks address the issue from multiple angles. None of these is shown to disagree with another; they are complementary examples in a list.",,,,,,skipped_by_annotator
s0962,skipped,"not_genuine_contrast: aristodemou2021identifying ('Identifying valuable patents: A deep learning approach', PhD thesis, 2021) and erdogan2022predicting ('Predicting patent quality based on machine learning approach', Erdogan et al., IEEE Trans. Eng. Manag. 2022) are cited jointly as two examples of the SAME category -- generic patent quality analysis based on well-known measures. No disagreement indicated.",,,,,,skipped_by_annotator
s0965,skipped,"not_genuine_contrast: Ye_2023_Transformer-Based ('A transformer-based substitute recommendation model...', Ye et al., 2023) is described as using Conneau2019UnsupervisedCR (XLM-R, Conneau et al., 2019) as its transformer backbone component -- a use/build-on relationship, not an opposition.",,,,,,skipped_by_annotator
s0966,skipped,"not_genuine_contrast: Zhang_2019_Identifying, Dai_2022_Decomposing, and Yang_2022_Inferring are grouped jointly as three works sharing the SAME described technique -- use of cross-entropy loss functions (with Zhang specifically using categorical cross-entropy as a sub-detail). They are not shown to disagree.",,,,,,skipped_by_annotator
s0968,skipped,"not_genuine_contrast: hochreiter1997LSTM (Hochreiter & Schmidhuber, 'Long short-term memory', 1997) and cho2014GRUs (Cho et al., 'Learning phrase representations using rnn encoder-decoder for statistical machine translation', EMNLP 2014) are cited jointly as two examples of the SAME family -- RNN variants (LSTM, GRU) that dominate sequence-based learning. They agree, not disagree.",,,,,,skipped_by_annotator
s0973,skipped,"not_genuine_contrast: chowdhery2022_palm (PaLM), li2023_starcoder (StarCoder), and roziere2024_codeLLaMA (Code Llama) are grouped jointly, all associated with the SAME claim about the HumanEval benchmark being used to evaluate Python code generation models. No disagreement between them is indicated.",,,,,,skipped_by_annotator
s0974,skipped,"not_genuine_contrast: shazeer2020_glu (SwiGLU), agarap2019_relu (ReLU), Dauphin2017_glu (GeLU/GLU), Ramachandran2017_SwishAS (Swish), and Wang2021_gptj (GPT-J parallel layers) are all cited jointly as a list of alternative activation-function/architecture components that PaLM incorporates instead of a traditional serialized approach. This is a descriptive list of PaLM's design choices, not a pairwise disagreement between two of the cited works' own findings.",,,,,,skipped_by_annotator
s0981,skipped,"not_genuine_contrast: metzler2021rethinking ('Rethinking search: making domain experts out of dilettantes', 2021), EvaluatingVerifiability ('Evaluating Verifiability in Generative Search Engines', Liu et al., EMNLP Findings 2023), and Huang2023Citation_A_Key ('Citation: A Key to Building Responsible and Accountable Large Language Models', Huang & Chang, 2023) are grouped jointly as examples of the SAME research direction -- reducing plagiarism via correctly-cited generated text. No disagreement indicated.",,,,,,skipped_by_annotator
s0982,skipped,"not_genuine_contrast: gpt (Radford et al., 'Improving language understanding by generative pre-training', 2018) and gpt2 (Radford et al., 'Language models are unsupervised multitask learners', 2019) are cited jointly as two examples of the SAME architectural category -- decoder-only Transformer models. They agree, not disagree.",,,,,,skipped_by_annotator
s0983,skipped,"not_genuine_contrast: toolformer (Toolformer), toolalpaca (ToolAlpaca), and ToolLLM are cited jointly as three examples of the SAME category -- tool-augmentation methods for LLMs. No disagreement indicated.",,,,,,skipped_by_annotator
s0994,skipped,"not_genuine_contrast: hendrycks2023aligning (Hendrycks et al., 'Aligning AI with Shared Human Values'), rafailov2024dpo (Rafailov et al., DPO), and ji2024ai (Ji et al., 'AI Alignment: A Comprehensive Survey') are cited jointly as three examples of the same 'SL-based approaches' category that trains directly on human-preference datasets. 'Conversely' contrasts this whole category against an earlier RL-based-approaches clause that is not among the resolved cited_refs, not a disagreement among these three works, which all illustrate the same supervised-preference-training paradigm.",,,,,,skipped_by_annotator
s1001,skipped,"not_genuine_contrast: LastFM (Kumar et al./JODIE), Enron (Shetty & Adibi dataset report), and Flights (Schafer et al./OpenSky) are jointly listed as three examples sharing the same property -- lacking node feature details, possibly due to privacy concerns. They are not in disagreement with each other; the sentence groups them as co-members of one category of datasets.",,,,,,skipped_by_annotator
s1002,skipped,"not_genuine_contrast: Nemirovski (1994, 'Efficient methods in convex programming') and Nesterov (1998, 'Introductory lectures on convex programming') are cited jointly merely as the textbook/lecture-note sources for the accelerated proximal method (APM) that RMTL uses -- they are optimization-theory references, not competing empirical works, and are not in any disagreement with each other. The 'on the other hand' contrasts RMTL against a different, earlier-described method not among these cited_refs.",,,,,,skipped_by_annotator
s1005,skipped,"not_genuine_contrast: caron2018deep (DeepCluster), caron2020unsupervised (SwAV), goyal2021self (SEER), and li2020prototypical (PCL) are jointly cited as four examples of 'other methods' that employ clustering algorithms contrasting representations by class prototypes -- a joint list of methods sharing the same approach, not a pairwise disagreement between any two of them.",,,,,,skipped_by_annotator
s1007,skipped,"same_finding_different_wording: the sentence explicitly states that 'both' ref 132 (Mao et al., 'Generation-augmented retrieval for open-domain QA') and ref 38 (Madaan et al., 'Memory-assisted prompt editing to improve GPT-3 after deployment') proposed the same idea -- using language models to generate new queries to improve sparse-vector retrieval accuracy. This is joint agreement/same-finding, not a disagreement, despite the 'on the other hand' marker.",,,,,,skipped_by_annotator
s1012,skipped,"not_genuine_contrast: LADA (Kim, Song, Jang, Moon, NeurIPS 2021) and BGADL (Tran, Do et al., ICML 2019) are jointly described as both proposing new data-augmentation methods that create more samples based on original labeled samples used as pseudo-labels -- the same category of technique, not opposing claims.",,,,,,skipped_by_annotator
s1024,skipped,"not_genuine_contrast: the InstructGPT paper (Ouyang et al., cited as the basis for ChatGPT) and the Gemini technical report (Gemini Team) are jointly listed as two examples of closed-source/commercial LLMs, both described with the same characterization (state-of-the-art performance, commercially maintained, access-restricted) -- a joint example list, not a disagreement between the two works.",,,,,,skipped_by_annotator
s1030,skipped,"not_genuine_contrast: li2023 (Li et al., 'How Does ChatGPT Affect Fake News Detection Systems?') and Stiff2022 (Stiff & Johansson, 'Detecting computer-generated disinformation') are cited together in joint support of the single claim that LLM-generated content is hard to detect/label as machine-generated -- both works' findings point the same direction (detection is difficult/imperfect), not opposing conclusions.",,,,,,skipped_by_annotator
s1032,skipped,"not_genuine_contrast: RAGServey (Gao et al., 'Retrieval-Augmented Generation for LLMs: A Survey') and Zhang2023c (Zhang et al., 'A Survey for Efficient Open Domain Question Answering') are cited jointly as general supporting references for the statement that RAG system complexity is compounded by external databases and diverse downstream tasks -- both are broad surveys cited in agreement/support, not works that disagree with each other.",,,,,,skipped_by_annotator
s1035,skipped,"not_genuine_contrast: fu2022label (Fu et al., 'Label inference attacks against vertical federated learning') and li2021label (Li et al., 'Label leakage and protection in two-party split learning') are cited jointly as two supporting studies for the single claim that label privacy can be inferred from gradients returned by the server -- both works reach the same conclusion (label leakage is a real risk), not opposing findings.",,,,,,skipped_by_annotator
s1042,skipped,"not_genuine_contrast: NeRF (Mildenhall et al.) and 3D Gaussian Splatting (Kerbl et al.) are cited jointly as two examples of '3D Reconstruction technology... getting a lot of attention including in robotics research' -- a joint example list of related techniques, not a disagreement between them.",,,,,,skipped_by_annotator
s1043,skipped,"insufficient_context: the sentence is truncated at 500 characters mid-clause ('...trainable embeddings that are optimiz[ed]...'), cutting off before it states what the 'soft prompts' approach (implicitly jin2024timellm / Time-LLM, per topic match) actually claims or how it differs qualitatively from PromptCast (xue2023promptcast). No explicit \cite tag for jin2024timellm is visible in the retained text confirming that attribution, and without the completed clause there isn't enough to state jin2024timellm's specific claim as a self-contained hypothesis.",,,,,,skipped_by_annotator
s1046,skipped,"not_genuine_contrast: parameter-efficient fine-tuning (Ding et al.), split edge learning (Lin et al.), and QLoRA quantized training (Dettmers et al.) are jointly listed as three different techniques that can all be applied to reduce computational resource demand in fine-tuning/inference -- a joint enumeration of complementary techniques, not a disagreement between any two of them.",,,,,,skipped_by_annotator
s1047,skipped,"not_genuine_contrast: Ferrara (2023), Wang et al. (2022), Levy et al. (2023), and Yeh et al. (2023) are cited jointly as four supporting references for the single claim that LLMs inherit demographic biases from internet training data -- all four works document the same phenomenon (bias in LLMs), not a disagreement among them. (The sentence is also LaTeX-commented out with a leading '%', but the underlying prose is real and the joint-support pattern is the primary reason to skip.)",,,,,,skipped_by_annotator
s1051,skipped,"not_genuine_contrast: Debon & Garcia-Diaz (2012), Hutchison/Simic et al. (2014), and Song et al. (2022) are jointly cited as three papers that 'utilized the single decision tree as a prediction algorithm' -- a joint list of works sharing the same modeling choice, not a pairwise disagreement.",,,,,,skipped_by_annotator
s1052,skipped,"not_genuine_contrast: NUS (Kreyssig et al.), HUS (Gur et al.), and VHDA (Yoo et al.) are three different neural user-simulation techniques (RNN-based sequence generation vs. variational-inference latent-space modeling) presented as a landscape of methodological options within the same taxonomy, not as works that dispute each other's findings or claims. This is descriptive enumeration of technique diversity, not a genuine two-sided disagreement.",,,,,,skipped_by_annotator
s1054,skipped,"not_genuine_contrast: the four cited works are the sequential GPT/GPT-2/GPT-3/GPT-4 papers, jointly cited as one family of Transformer-decoder models with the shared property of strong natural-language generation -- a joint lineage description, not a disagreement between any two of them.",,,,,,skipped_by_annotator
s1060,skipped,"not_genuine_contrast: the cited works (surveys on vertical FL, medical FL, smart-city FL, multimodal FL, and FL security in healthcare) are jointly listed as examples of surveys that 'focus on specific applications, offering detailed reviews' -- a joint example list of complementary application-focused surveys, not works in disagreement.",,,,,,skipped_by_annotator
s1062,skipped,"not_genuine_contrast: ProTIP (Anantha et al.), API-Bank (Li et al.), and ToolAlpaca (Tang et al.) are jointly cited as three 'other studies' that share the same design choice of treating each API as an independent tool -- a joint list of works following the same approach, not a disagreement.",,,,,,skipped_by_annotator
s1063,skipped,"not_genuine_contrast: Sentence-BERT, ANCE, TAS-B, coCondenser, and the Izacard et al. contrastive dense-retrieval paper are jointly cited as five examples under the 'Semantic-based Methods' heading, all sharing the same approach (neural dense retrieval using embedding similarity) -- a joint category listing, not a pairwise disagreement.",,,,,,skipped_by_annotator
s1065,skipped,"not_genuine_contrast: APIBench, ToolBench1, API-BLEND, and Seal-Tools are jointly cited as four benchmarks/datasets that all 'concentrate on the abilities of LLMs to accurately choose the right tool and configure the correct parameters' -- a joint list of similarly-purposed benchmarks, not works in disagreement.",,,,,,skipped_by_annotator
s1067,skipped,"not_genuine_contrast: CLINC150 (Larson et al.) and HWU64 (Liu et al.) are two of the component datasets that PLE (Li et al., 'Continual few-shot intent detection') consolidates into a single benchmark of nine intent-detection datasets -- they are ingredients of the same compiled resource, not opposing works, and there is no disagreement among the three cited_refs here. (Sentence also has an unclosed \highlight{ markup artifact from truncation, but the underlying prose meaning is still discernible.)",,,,,,skipped_by_annotator
s1068,skipped,"not_genuine_contrast: identical underlying content to s1067 -- CLINC150 (Larson et al.) and HWU64 (Liu et al.) are component datasets consolidated within the PLE benchmark (Li et al., 'Continual few-shot intent detection'), not disagreeing works; the three cited_refs are not in any pairwise contradiction.",,,,,,skipped_by_annotator
s1070,skipped,"not_genuine_contrast: Wang et al. (2023, explainable multi-agent VQA), Jiang et al. (2024, Multi-Agent VQA), and Zhao & Xu (2023, zero-shot scene graph generation) are jointly cited as three supporting examples for the single claim that visual agents can provide verification/support within multi-agent VQA systems -- joint support, not a disagreement between any two.",,,,,,skipped_by_annotator
s1071,skipped,"not_genuine_contrast: Zheng et al. (2024, 'Judging LLM-as-a-judge with MT-Bench and Chatbot Arena') and Zhao et al. (2023, 'A Survey of Large Language Models') are cited jointly as the sources for the observation that LLM judges exhibit self-enhancement bias -- both are cited in agreement/support of the same claim, not in disagreement with each other.",,,,,,skipped_by_annotator
s1072,skipped,"not_genuine_contrast: WizardLM (Xu et al.) and its 'coding-oriented counterpart' WizardCoder (Luo et al.) are both Microsoft-affiliated models presented as a sequential product lineage (general instruction-tuned LLM, then a coding-specialized derivative) -- not two works that disagree with each other, just a description of related releases from the same organization.",,,,,,skipped_by_annotator
s1074,skipped,"not_genuine_contrast: li2024guiding (DSP, Li et al.) appears on BOTH sides of the 'on the other hand' -- first grouped with hu2023enhancing as works that 'explore prompt augmentations', then cited alone again as DSP training a policy model to generate hints. The same work cannot be its own contrast partner, so this is not a genuine two-work disagreement; it looks like a citation-resolution artifact where the true contrast target for hu2023enhancing (whose actual topic, per context, is 'look-forward motivated goals' in task-oriented dialogue, not prompt augmentation) was merged incorrectly with li2024guiding.",,,,,,skipped_by_annotator
s1075,skipped,"not_genuine_contrast: Sordoni et al. (2015) and StarSpace (Wu et al., 2018) are jointly cited as two pre-LLM-era methods that both 'rank the most similar utterance in the dataset and generate a candidate reply' -- the same retrieval-based approach, not a disagreement. (The sentence is also LaTeX-commented out with a leading '%', but the underlying prose reads as real content describing joint agreement.)",,,,,,skipped_by_annotator
s1088,skipped,"not_genuine_contrast: Hateful Memes (Kiela et al.), MAMI (Fersini et al.), Memotion 1 (Sharma et al.), Memotion 2 (Ramamoorthy et al.), and MET-Meme (Xu et al.) are jointly listed as five 'larger datasets' that all hover around the 10,000-sample mark -- a joint enumeration sharing the same property (size), not a disagreement between any two.",,,,,,skipped_by_annotator
s1089,skipped,"not_genuine_contrast: EmoffMeme (Kumari et al., 2023) and the offensive-meme fairness paper (Kumari et al., 2024) are jointly cited as two datasets/methods that 'utilize a multi-label multi-class approach' with the same list of emotion categories -- the same annotation scheme, not a disagreement.",,,,,,skipped_by_annotator
s1093,skipped,"not_genuine_contrast: instgpt (Ouyang et al., InstructGPT) and l2sum (Stiennon et al., 'Learning to summarize with human feedback') are cited in joint support of the single claim that foundation LLMs struggle to follow human instructions because imitation-based pre-training doesn't enforce intent-following -- both works document the same limitation, not opposing findings.",,,,,,skipped_by_annotator
s1094,skipped,"not_genuine_contrast: l2sum (Stiennon et al.) and instgpt (Ouyang et al.) are cited jointly to support the single claim that pre-training corpora don't include guidelines/examples for following human intent -- joint support of the same point, not a disagreement between the two works.",,,,,,skipped_by_annotator
s1095,skipped,"not_genuine_contrast: InstructGPT (Ouyang et al.), GPT-4 (OpenAI), and Llama 2 (Touvron et al.) are jointly cited as three examples supporting the claim that LLMs become increasingly capable and aligned after learning from direct human feedback -- a joint example list, not a pairwise disagreement.",,,,,,skipped_by_annotator
s1096,skipped,"not_genuine_contrast: Llama 2 (Touvron et al.), RLAIF (Lee et al.), and UltraFeedback (Cui et al.) are jointly cited as sources illustrating that pairwise human-preference comparisons still omit certain information (degree of preference, reasons for preference) -- cited in agreement to make the same point about a shared limitation, not in disagreement with each other.",,,,,,skipped_by_annotator
s1098,skipped,"not_genuine_contrast: QMSum (Zhong et al.) and NEWTS (Bahrainian et al.) are jointly cited as two example datasets/benchmarks illustrating query-focused summarization (QFS), which 'aims to generate a summary that specifically addresses an input query' -- a joint example list for the same task category, not a disagreement between the two.",,,,,,skipped_by_annotator
s1106,skipped,"not_genuine_contrast: the three GAN-based style-transfer works (Kaneko et al., Liu et al., Kazemi et al.) and the two diffusion-based style-transfer works (Wang et al.'s StyleDiffusion, Wu et al.) are jointly cited as two families of techniques that both achieve the same stated capability -- learning, extracting, and applying image style -- not as works whose findings contradict each other; this is a joint enumeration of technique families accomplishing the same goal.",,,,,,skipped_by_annotator
s1107,skipped,"not_genuine_contrast: FakeTagger (Wang et al., 2021) and SepMark (Wu et al., 2023) are cited jointly in support of the single claim that deepfake watermarking methods 'do not prevent, but rather detect the deepfakes' -- both works share the same characterization, not a disagreement between them.",,,,,,skipped_by_annotator
s1115,skipped,"exact_duplicate_within_round16: identical hypothesis pair to s1113 (same survey, same two cited works s-34/ehr-58, same underlying comparison -- two separate sentences in the source text describing the same Kuo-et-al.-vs-Tian-et-al. EHR-diffusion contrast). Canonical pair kept at s1113 per project duplicate-handling policy.",,,,,,skipped_by_annotator
s1116,skipped,"not_genuine_contrast: MedDIFF (He et al., s-15) and TabDDPM (Ceritli et al., s-12) are described as two different diffusion-based architectures for generating synthetic tabular EHR data (a modified U-net with 1D convolutions and no pre-trained encoder, vs. a 'mixed diffusion approach' for mixed-type tabular data) -- the sentence catalogues them as parallel technique variants within the survey's method overview rather than articulating a specific point where one work's claim is disputed by the other, unlike the more explicit post-processing-required-vs-not contrast seen elsewhere in this same survey (cf. s-34 vs ehr-58).",,,,,,skipped_by_annotator
s1117,skipped,"not_genuine_contrast: r-233 (a diffusion-based State Space Augmented Transformer) outperforming s-42 (SSSD-ECG) on the survey's benchmark is ordinary ""new method beats an earlier baseline"" framing, not two works making opposing scientific claims/hypotheses -- SSSD-ECG (Alcaraz & Strodthoff) makes no stated claim that r-233 contradicts; it is described only as a strong, well-evaluated baseline method, not as advancing a position r-233 disagrees with. Controller-level review demoted this from the implementer's original pair_created (implementer itself flagged this exact case as a borderline ""outperforms"" framing worth a second look).",,,,,,skipped_by_annotator
s1124,skipped,"not_genuine_contrast: Wellawatte2023-rw (Wellawatte & Schwaller, XpertAI) provides data-specific/visual XAI explanations, and Zheng2023-em (Zheng et al.) prompts an LLM to generate explanatory rules from data. The sentence itself introduces Zheng et al.'s work as having ""a similar goal"" to XpertAI, i.e., explicitly complementary rather than opposed — both are parallel approaches to LLM-based explanation in chemistry, not competing or contradictory claims.",,,,,,skipped_by_annotator
s1129,skipped,"not_genuine_contrast: kamoi-etal-2023-wice (WiCE entailment dataset, Kamoi et al.) and ni-etal-2024-afacta (AFaCTA claim-detection framework, Ni et al.) are cited jointly as the sources supporting a single shared critique — that decomposition-based fact-checking risks over- or under-segmentation. Neither work argues against the other; they are grouped as joint evidence for one limitation claim, not opposing positions.",,,,,,skipped_by_annotator
s1134,skipped,"not_genuine_contrast: hasnul2021electrocardiogram (Hasnul et al., ECG-based emotion recognition review) and sarkar2020self (Sarkar & Etemad, self-supervised ECG representation learning for emotion recognition) are cited together purely as joint support for the single claim that ECG signals reflect emotional states — both agree with this claim, neither contradicts the other.",,,,,,skipped_by_annotator
s1141,skipped,"not_genuine_contrast: task_arithmetic (Ilharco et al., task-arithmetic model editing) and ties (Yadav et al., TIES-merging) are cited together merely as example techniques used to realize model merging (M-MTC), not as opposing claims — both are complementary merging methods listed side by side.",,,,,,skipped_by_annotator
s1143,skipped,"not_genuine_contrast: this commented-out line lists five works (GShard, Switch Transformer, GLaM for load balancing; Qwen1.5-MoE, DeepSeekMoE for knowledge redundancy) purely as illustrative examples of two different MoE challenge categories. None of the cited works make claims opposing another cited work — it is a taxonomy/list, not a pairwise disagreement.",,,,,,skipped_by_annotator
s1144,skipped,"not_genuine_contrast: aghajanyan2021intrinsic (Aghajanyan et al., intrinsic-dimensionality paper that introduces SAID) is cited as the origin of the SAID method being named, while liu2022few (Liu et al., few-shot PEFT vs. in-context learning) is cited as support for the claim that PEFT methods are costly. The two works are not making competing claims about the same question — one introduces a method, the other is an unrelated supporting citation for a cost claim.",,,,,,skipped_by_annotator
s1145,skipped,"not_genuine_contrast: gao2022parameter (Gao et al., parameter-efficient MoE architecture) and gao2024higher (Gao et al., ""Higher Layers Need More LoRA Experts"") are cited jointly as the two sources supporting the single claim that redundancy exists in MoE — both support the same finding, not opposing it.",,,,,,skipped_by_annotator
s1146,skipped,"not_genuine_contrast: radoglou2018anomaly (Radoglou-Grammatikis & Sarigiannidis, CART-based smart-grid intrusion detection) and boumkheld2016intrusion (Boumkheld et al., blackhole-attack IDS for smart grid) are cited jointly as joint evidence that classifiers like Naive Bayes detect DoS/blackhole attacks in smart grids — both support the same claim, no disagreement between them.",,,,,,skipped_by_annotator
s1149,skipped,"not_genuine_contrast: gakis2015analysis (Gakis, Panagiotakopoulos, Sgarbas & Tsalidis, 2015, lexical-ambiguity analysis using a computational lexicon) and gakis2012 (same author group, 2012, design/implementation of the underlying electronic lexicon) are sequential works by the same research group — the 2012 paper built the lexicon resource that the 2015 paper then used for ambiguity analysis. This is a resource-and-application relationship, not a disagreement.",,,,,,skipped_by_annotator
s1153,skipped,"not_genuine_contrast: DBLP:...abs-1901-08149 (Wolf et al., TransferTransfo) and song2020profile (Song et al., profile consistency identification) are cited jointly merely as examples of prior work using ""explicit personas,"" both illustrating the same concept (dense persona descriptions), not disagreeing with each other.",,,,,,skipped_by_annotator
s1155,skipped,"not_genuine_contrast: the ""on one hand / on the other hand"" structure here contrasts two different negative *consequences* of growth in publications — added pressure on peer review (Lee et al. 2013 on bias; Björk & Solomon 2013 on publishing delay) versus quality dilution harming the research milieu (Kelly et al. 2014; Liu & Shah 2023's ReviewerGPT study) — these are complementary effects of the same underlying trend, not works whose findings contradict each other. No pairing among the four citations represents an actual disagreement.",,,,,,skipped_by_annotator
s1158,skipped,"not_genuine_contrast: chen2023gpt (GPT-Sentinel) and yu2023cheat (CHEAT dataset) are cited jointly as examples of open-source AI-generated-text datasets built via the OpenAI API — both illustrate the same descriptive point about dataset construction, not opposing claims.",,,,,,skipped_by_annotator
s1161,skipped,"not_genuine_contrast: the four citations (Huang et al.'s hallucination survey; Xu et al.'s ""hallucination is inevitable""; Farquhar et al.'s semantic-entropy detection method; Chen et al.'s multi-object hallucination in VLMs) are cited jointly simply to support a definition of ""hallucination"" — none is set up as contradicting another.",,,,,,skipped_by_annotator
s1164,skipped,"not_genuine_contrast: shang2024ai (Shang et al., AI-native memory) and the RAG survey (Zhao et al., DBLP:...abs-2402-19473) are cited together as joint sources for one shared limitation claim (retrieval being resource-intensive). The sentence is also truncated/garbled (a stray ""}"" from a footnote), but even so both citations support one claim rather than opposing each other.",,,,,,skipped_by_annotator
s1169,skipped,"not_genuine_contrast: shahgir2023asymmetric (Shahgir et al., asymmetric-bias adversarial attacks) and zhang2024revealing (Zhang, Wang & Liu, targeted attacks on Stable Diffusion) are described as both pursuing white-box attacks, merely using different specific techniques (Greedy Coordinate Gradient vs. proxy-embedding optimization) ""respectively"" — a parallel enumeration of two similar attack methods, not a disagreement between them.",,,,,,skipped_by_annotator
s1178,skipped,"likely_latex_artifact: what remains after the section's LaTeX is stripped is almost entirely an equation block (the F1_abs formula) followed by an itemize fragment defining ""Coverage/Acceptance Rate"" that is truncated mid-word (""the model pr...""). Only cao2023defending (Cao et al., robustly aligned LLM defense) appears in the surviving text; no coherent two-sided claim, and no second opposing work, survives the markup and truncation to evaluate.",,,,,,skipped_by_annotator
s1182,skipped,"not_genuine_contrast: nguyen2020variational, golatkar2020forgetting, chundawat2023can, and chundawat2023zero are cited jointly purely as a list of example approximate-unlearning methods illustrating one definitional claim (approximate unlearning trades exact retraining for efficiency) — none of these works is set against another.",,,,,,skipped_by_annotator
s1188,skipped,"not_genuine_contrast: xu2023rethinking (LIFT), cao2023instruction (InstructionMining), and bhatt2024experimental (FL) are described identically as jointly developing ""composite methods... together with GPT scoring"" — all three are grouped as examples of the same category of approach, not opposed to each other.",,,,,,skipped_by_annotator
s1191,skipped,"not_genuine_contrast: yang2024guardt2i (GuardT2I), rando2022red (red-teaming the Stable Diffusion safety filter), and chin2023prompting4debugging (P4D) are cited jointly as examples of the same red-teaming defense category, not as disagreeing works.",,,,,,skipped_by_annotator
s1194,skipped,"not_genuine_contrast: torremans2007copyright (a general copyright-law handbook) and karamolegkou-etal-2023-copyright (Karamolegkou et al., copyright violations and LLMs via verbatim memorization) are cited together simply to support a definitional statement about what copyright covers — one is a general legal reference, the other an empirical LLM study; neither contradicts the other.",,,,,,skipped_by_annotator
s1195,skipped,"not_genuine_contrast: Geng2022RecommendationAL (P5), Li2022PersonalizedPL (personalized prompt learning for explainable recommendation), and Ma2024XRecLL (XRec) are cited jointly as three examples of the same line of research on LLM-generated personalized explanations — grouped in support of one claim, not opposed to each other.",,,,,,skipped_by_annotator
s1198,skipped,"not_genuine_contrast: the five citations (cross-stitch networks; latent MTL architecture learning; soft layer ordering; adaptive knowledge sharing; AdaShare) are cited jointly purely as examples illustrating how MTL architectures flexibly integrate task-specific components — a list of same-category approaches, not a disagreement.",,,,,,skipped_by_annotator
s1203,skipped,"not_genuine_contrast: T5 (Raffel et al.), GPT-4 (OpenAI), and LLaMA-3 (Dubey et al.) are cited jointly as examples of encoder-decoder/decoder-only models that are ""adept at both discriminative and generative tasks"" — grouped as illustrative examples of the same claim, not disagreeing works.",,,,,,skipped_by_annotator
s1204,skipped,"not_genuine_contrast: DALK (query rewriting via retrieved graph data), temple-mqa (LLM-generated reasoning plans for multi-hop QA under temporal knowledge editing), and GrapeQA/QA-GNN (enhancing GNNs with query-relevant graph representations) each pursue a different specific technique within the same overall graph-RAG QA space — a taxonomy-style enumeration of complementary approaches, not a pairwise contradiction between any two of them.",,,,,,skipped_by_annotator
s1205,skipped,"not_genuine_contrast: GrapeQA, QA-GNN, the triplet-retrieval graph-reasoning paper (ref:noname2), SAFE, and GreaseLM are cited jointly as examples of GNN/discriminative models trained with specialized task-specific loss functions — a list supporting one claim, not opposing works.",,,,,,skipped_by_annotator
s1227,skipped,"not_genuine_contrast: nowak.1999 (Nowak & Krakauer, ""The evolution of language"") and mihai.2021 (Mihai & Hare, emergence of visual semantics through communication games) are cited jointly as joint support for the claim that the necessity of collaboration precedes the evolution of communication — both support the same point, no contradiction.",,,,,,skipped_by_annotator
s1228,skipped,"not_genuine_contrast: bouchacourt.2019 (Bouchacourt & Baroni, emergent communication about object affordances) and dubova.2020 (Dubova, Moskvichev & Goldstone, reinforcement communication learning across social-network structures) are cited jointly as joint support for the claim that symmetric settings foster richer bidirectional communication — both agree, no contradiction.",,,,,,skipped_by_annotator
s1232,skipped,"not_genuine_contrast: MetaGPT (Hong et al.), rasheed (Rasheed et al., autonomous agents vision paper), and low-code-llm (Cai et al.) are cited jointly as three examples of LLM-agent frameworks whose manager roles perform task decomposition/allocation — a grouped illustrative list, not a disagreement.",,,,,,skipped_by_annotator
s1233,skipped,"not_genuine_contrast: Co-Learning (Qian et al., experiential co-learning of software agents) and MAGIS (Tao et al., multi-agent GitHub issue resolution) are cited together purely as joint support for the claim that leveraging memory reduces token consumption/context-window burden. The sentence's actual contrasting clause (""limited memory storage... result[s] in finite memory records"") is not attached to any resolved citation, so there is no pairwise disagreement among the cited_refs themselves.",,,,,,skipped_by_annotator
s1238,skipped,"not_genuine_contrast: shao2024VisualCoT (Visual CoT dataset/benchmark) and wang2024videocot (VideoCoT dataset) are cited jointly as two examples of the same category of chain-of-thought benchmarks, both illustrating the same claim about breaking problems into sequential steps.",,,,,,skipped_by_annotator
s1240,skipped,"not_genuine_contrast: Vaccine (Huang, Hu & Liu, perturbation-aware alignment defense) and CTRL (Liu et al., ""Robustifying Safety-Aligned LLMs through Clean Data Curation"") are described identically as both needing to use the referenced dataset to align an unaligned model — grouped as the same category of approach, not disagreeing with each other.",,,,,,skipped_by_annotator
s1241,skipped,"not_genuine_contrast: zhao2025weaktostrongjailbreakinglargelanguage (Zhao et al., weak-to-strong jailbreaking) and qi2024safety (Qi et al., ""Safety Alignment Should Be Made More Than Just a Few Tokens Deep"") are cited jointly as supporting evidence for the premise (safety alignment is shallow) that motivates kazdan2025no's design — they are complementary supporting citations for kazdan et al.'s own claim, not works disagreeing with kazdan or with each other.",,,,,,skipped_by_annotator
s1248,skipped,"not_genuine_contrast: Bui et al. (spatio-temporal GNN traffic forecasting survey), Luo & Zhou (spatio-temporal deep-learning traffic-flow survey), and Tascikaraoglu (spatio-temporal forecasting for smart cities) are cited jointly as three examples of spatio-temporal-forecasting surveys, grouped to illustrate the same category of prior work, not opposing claims.",,,,,,skipped_by_annotator
s1249,skipped,"not_genuine_contrast: zhu2024vision (Vision Mamba, bidirectional SSM) and qiao2024vl (VL-Mamba) are cited jointly as joint examples of models that use bidirectional scanning across both image directions — both illustrate the same technique, not a disagreement.",,,,,,skipped_by_annotator
s1253,skipped,"not_genuine_contrast: ID7paper (Wen & Chaudhuri, batched LoRA) and IDsnow27paper (Goh et al., English-to-ASIC hardware LLM implementation) are cited together purely as joint support for the general statistic that PEFT/LoRA retains 80-90% of full fine-tuning benefit at 10-20% of the cost; neither abstract/context is detailed enough to show either work stating a claim that competes with the other, and they are not opposed to each other.",,,,,,skipped_by_annotator
s1256,skipped,"not_genuine_contrast: gupta2015deep (limited numerical precision), jacob2018quantization (integer-arithmetic quantization), and guo2022squant (SQuant) are cited jointly as three example PTQ techniques illustrating one claim (post-training quantization converts float models to lower-bit models without training data) — a grouped list, not a disagreement.",,,,,,skipped_by_annotator
s1257,skipped,"not_genuine_contrast: the actual contrast in the sentence is between Zhao et al.'s (zhao2023survey) definition of BERT-style models as ""small-scale language models"" and this survey's own choice to focus on GPT-style models ≥ GPT-2 size — i.e., the opposition is between the cited work and the survey authors' own scoping decision, not between two cited works. The second citation (gpt-2, Radford et al.) is merely a factual reference for GPT-2's parameter count, not a competing claim.",,,,,,skipped_by_annotator
s1266,skipped,"not_genuine_contrast: jawanpuria-etal-2020-geometry (geometry-aware domain adaptation for word embeddings), zhao-etal-2020-relaxed (relaxed matching for unsupervised BLI), and kementchedjhieva-etal-2020-generalizing (generalizing Procrustes analysis) are cited jointly as three works sharing the same reported limitation (reporting results mainly for high-frequency words) — grouped as joint evidence for one critique, not opposing each other.",,,,,,skipped_by_annotator
s1272,skipped,"not_genuine_contrast: SconeLongPL16 (Long, Pasupat & Liang, simpler context-dependent logical forms) and KimS23 (Kim & Schuster, entity tracking in language models) are cited jointly as two examples of ""several others"" who build simple synthetic datasets for predefined actions/states — grouped in support of the same descriptive claim, not disagreeing.",,,,,,skipped_by_annotator
s1274,skipped,"not_genuine_contrast: AndroidEnv (Toyama et al. 2021) is a pixel-based RL platform for Android and Lexi (Banerjee et al. 2023) is a self-supervised UI-language model extending UI understanding to mobile and desktop; the sentence merely describes two different systems' distinct scopes within the same broad UI-agent space, not a disagreement over a shared claim.",,,,,,skipped_by_annotator
s1276,skipped,"not_genuine_contrast: Ishihara 2023 (survey on training-data extraction) and Shi et al. 2023 (""Detecting pretraining data from large language models"") are cited together purely as supporting sources for the formal definition that a bounded-precision contamination score of 0 means no instances are contaminated; they are not disagreeing about anything.",,,,,,skipped_by_annotator
s1277,skipped,"not_genuine_contrast: Ishihara 2023, Shi et al. 2023, and Maini et al. 2024 (""LLM dataset inference"") are jointly cited as supporting evidence for the same formal definition (an approximate-contamination score of 0 implies almost no contaminated instances); no pairwise disagreement exists among the three, and grouping any two as opposed would be arbitrary.",,,,,,skipped_by_annotator
s1278,skipped,"not_genuine_contrast: Li et al. 2024 (""Challenging Large Language Models with New Tasks"") and Zong et al. 2023 (""Fool your (vision and) language model with embarrassingly simple permutations"") are cited as two instances of the same strategy -- designing novel tasks assumed unseen by the LM to test generalization -- not as works with opposing claims.",,,,,,skipped_by_annotator
s1284,skipped,"not_genuine_contrast: five GUI/mobile agent systems (Auto-GUI, UI-VLM, COCO-Agent, Octo-planner, AutoDroid) are jointly listed as examples achieving performance improvements ""through strategies such as"" several techniques; they are a shared list of examples on one side of a broader contrast (vs. an unresolved comparison group), with no pairwise disagreement identifiable among any two of them.",,,,,,skipped_by_annotator
s1285,skipped,"not_genuine_contrast: LLaVA (Liu et al. 2023) and Qwen-VL (Bai et al. 2023) are cited together purely as examples of ""training-based methods"" that fine-tune multimodal models for mobile applications; they exemplify the same category/strategy rather than disagreeing with each other.",,,,,,skipped_by_annotator
s1286,skipped,"not_genuine_contrast: ShortGPT (Men et al. 2024, layer-redundancy pruning) and LLM-Pruner (Ma et al. 2023, structural pruning) are both cited as examples of ""structured pruning"" sharing the same described trade-off (simpler implementation, faster accuracy degradation); they are grouped as instances of one approach, not disputing each other.",,,,,,skipped_by_annotator
s1301,skipped,"not_genuine_contrast: CrowS-Pairs (Nangia et al. 2020) and WinoQueer (Felkner et al. 2023) are jointly cited as examples of the ""unmasked sentence-pair"" bias-evaluation paradigm (present sentence pairs, ask which is more likely); they share the same evaluation methodology and are not shown to disagree.",,,,,,skipped_by_annotator
s1302,skipped,"not_genuine_contrast: BBQ (Parrish et al. 2022) and Grep-BiasIR (Krieg et al. 2023) are jointly cited as examples of the QA-format bias-evaluation paradigm; both employ the same methodology, so there is no disagreement between them.",,,,,,skipped_by_annotator
s1303,skipped,"not_genuine_contrast: five adversarial-defense works (Zhou et al. 2021, Dong et al. 2021, Wang et al. 2020 InfoBERT, Liu et al. 2022 Flooding-X, Le et al. 2020 SHIELD) are jointly listed as examples of ""model-level defenses"" concerned with model architecture/parameters; they are grouped under one shared category, with no pairwise disagreement identifiable.",,,,,,skipped_by_annotator
s1308,skipped,"not_genuine_contrast: CodeGPT (via the CodeXGLUE benchmark paper, Lu et al. 2021) and Codex (Chen et al. 2021) are cited jointly as examples of decoder-only models ""focused on generative tasks like code completion and code generation""; the actual contrast in the sentence is with encoder-based models described in the preceding (truncated) clause, not between CodeGPT and Codex themselves.",,,,,,skipped_by_annotator
s1310,skipped,"not_genuine_contrast: Wu et al. (""Word alignment as preference for machine translation""), Zeng et al. (""Teaching large language models to translate with comparison""), and Chen et al. (""Improving translation faithfulness of large language models via augmenting instructions"") are jointly cited as supporting the same claim -- that translation-instruction fine-tuning can cause hallucination or over/under-translation; they are shared supporting evidence, not disagreeing works.",,,,,,skipped_by_annotator
s1313,skipped,"likely_latex_artifact: Khurana2020 (the academic paper) and Khurana2020patent (the US patent filing, same authors, same ""Semantic annotation for tabular data"" method) are the same C² system cited twice under two publication forms -- there is no second, independent work to disagree with the first.",,,,,,skipped_by_annotator
s1317,skipped,"not_genuine_contrast: SPIRAL (Huang et al. 2022) and finite scalar quantization (Mentzer et al. 2023) are tools/techniques that EMOVA (Chen et al. 2024) itself incorporates into its own speech encoder per the sentence, not independent works disagreeing with EMOVA or each other; the actual ""on the other hand"" contrast target (the spoken-dialogue model being compared against, from the truncated earlier clause) is not among the resolved cited_refs.",,,,,,skipped_by_annotator
s1318,skipped,"not_genuine_contrast: LauraGPT, Mini-Omni, Mini-Omni2, and OmniFlatten are jointly listed as spoken-dialogue systems that all use the Qwen LLM family (Bai et al. 2023; Yang et al. 2024) as backbone; they share the same design choice rather than disagreeing, and the Qwen citations are the common backbone, not an opposing side.",,,,,,skipped_by_annotator
s1321,skipped,"not_genuine_contrast: AgentMove (Feng et al. 2025) and CAMS (Du et al. 2025) are jointly cited as both using CityGPT-based/enhanced urban geospatial knowledge (Feng et al. 2024) to model human mobility patterns; they are complementary applications of the same underlying resource, not opposing claims.",,,,,,skipped_by_annotator
s1324,skipped,not_genuine_contrast: the sentence describes Vision Transformer (Dosovitskiy et al. 2020) as applying the Transformer architecture (Vaswani et al. 2017) to images -- a building-on relationship in which ViT uses the Transformer framework -- not a disagreement between the two works.,,,,,,skipped_by_annotator
s1326,skipped,"not_genuine_contrast: BEiT (Wang et al. 2022, ""Image as a Foreign Language"") and Flamingo (Alayrac et al. 2022) are jointly cited as examples of the same strategy -- ""blindly"" adding audio-visual signals as additional inputs to text-generation models; they exemplify one shared approach rather than disputing each other.",,,,,,skipped_by_annotator
s1327,skipped,"not_genuine_contrast: MMRec (Tian et al. 2024) and Wei et al. 2024 (""Towards unified multi-modal personalization"") are jointly cited as examples of encoding visual and textual information into shared latent representations for item modeling; they represent the same modeling strategy, not opposing findings.",,,,,,skipped_by_annotator
s1328,skipped,"not_genuine_contrast: MMRec, Xu et al. 2024 (""Align and retrieve""), and Hu et al. 2024 (""Lightweight modality adaptation"") are each cited for a different sub-application (item-level augmentation, user-item fusion, cross-task transfer) but all illustrate the same broader strategy of using MLLM multimodal-representation abilities for recommendation; they are complementary examples, not competing claims.",,,,,,skipped_by_annotator
s1340,skipped,"not_genuine_contrast: BERT (Devlin et al. 2018), ERNIE (Sun et al. 2019), and GPT-3 (Brown et al. 2020) are jointly cited as examples of NLU/NLG self-supervised pretraining ""as commonly done""; the sentence's actual contrast is between vision-language tasks and NLP self-supervision generally -- these three NLP works agree with and complement each other as instances of the same self-supervised paradigm, they do not disagree.",,,,,,skipped_by_annotator
s1343,skipped,"not_genuine_contrast: despite the explicit ""on the one hand / on the other hand"" phrasing, the two citations support non-contradictory observations about LLM-based embedders -- Wang et al. 2024 (""Improving text embeddings with large language models"") show data augmentation improves embedding quality, while Zhang et al. 2023 (""Language models are universal embedders"") note embedders generalize less well to unseen languages. These are complementary strengths/limitations of the same technology on different axes (quality-improvement technique vs. cross-lingual generalization gap), not two works making opposing claims about the same question.",,,,,,skipped_by_annotator
s1344,skipped,not_genuine_contrast: ReVeal (Chakraborty et al. 2021) and DiverseVul (Chen et al. 2023) are jointly cited as supporting evidence for the same claim -- that realistic vulnerability datasets have too few vulnerable samples to train models well and bias them toward benign predictions; they agree with each other on this data-imbalance issue rather than disagreeing.,,,,,,skipped_by_annotator
s1346,skipped,"not_genuine_contrast: the sentence describes a developmental progression of cross-modal capability -- from ImageBind-LLM's (Han et al. 2023) joint 3D-image/audio-image reasoning ""to"" CoDi-2's (Tang et al. 2024) interleaved audio-image generation capability -- a chronological/scope comparison, not a disagreement between the two works' claims.",,,,,,skipped_by_annotator
s1349,skipped,"not_genuine_contrast: Jiang et al. 2023 (""Scaling sentence embeddings with large language models"") and PromptReps (Zhuang et al. 2024) are jointly cited as examples of the same new paradigm, ""Direct Prompt for Embedding""; they exemplify the same approach rather than disagreeing.",,,,,,skipped_by_annotator
s1363,skipped,"not_genuine_contrast: Nunes et al. 2023 and Goudman et al. 2022 (Reddit-based chronic-pain studies) and Sarker et al. 2023 (Twitter chronic-pain cohort) are jointly cited as examples of unstructured social-media data sources that ""require advanced NLP techniques""; all three agree on this same point about unstructured data needing NLP processing -- the different platforms (Reddit vs. Twitter) do not represent a disagreement between the works' claims.",,,,,,skipped_by_annotator
s1365,skipped,"not_genuine_contrast: James & Engelhardt 2012 and Mayer et al. 2020 are jointly cited by ""some experts"" as supporting the same disadvantage-side claim that technology use in education can hinder imagination/critical thinking; they are grouped as complementary examples, not shown disagreeing. Note James et al. 2012's actual abstract concerns handwriting vs. typing/tracing effects on brain development in preliterate children, not directly ""hindering imagination,"" making even a single confident claim from it (let alone an opposition to Mayer et al.) unsupported by the given context.",,,,,,skipped_by_annotator
s1366,skipped,"not_genuine_contrast: BERT (Devlin 2018) and GPT (Radford 2018) are jointly cited as the two flagship examples of the same pre-train/fine-tune paradigm shift being described in the sentence; they are grouped as agreeing illustrations of one paradigm, not as works that disagree with each other.",,,,,,skipped_by_annotator
s1367,skipped,"not_genuine_contrast: Ratnam et al. 2023, Memarian & Doleck 2023, and Farhi et al. 2023 are jointly cited as supporting the same ""concern"" side of the discussion (over-reliance undermining learning; false information/academic-integrity concerns); they agree with each other about ChatGPT's downsides in education rather than presenting a two-sided dispute.",,,,,,skipped_by_annotator
s1369,skipped,"not_genuine_contrast: Bengio et al. 2024 (""Managing extreme AI risks amid rapid progress"") and Shavit et al. 2023 (""Practices for governing agentic AI systems"") are jointly cited as examples of AI-safety literature focused on aligning advanced AI's behavior and goals with human values; they agree on the AI-safety concern rather than opposing each other.",,,,,,skipped_by_annotator
s1370,skipped,"not_genuine_contrast: the DLA Piper comparison and Engler 2023 (""The EU and U.S. diverge on AI regulation"") are jointly cited as supporting the same descriptive claim about the U.S.'s flexible, industry-specific AI regulatory approach; the sentence's actual contrast is with the EU's approach (discussed earlier in the source text, not present in cited_refs), not between these two sources.",,,,,,skipped_by_annotator
s1372,skipped,"not_genuine_contrast: Unified-IO, Chameleon, Emu3, MIO, SEED-LLaMA, and OFA (six works) are jointly listed as examples of LMMs that choose VQVAE as their tokenizer for multimodal generation; all six exemplify the same design choice with no pairwise disagreement identifiable, and with six works grouped together there is no principled basis to single out any two as opposed.",,,,,,skipped_by_annotator
s1373,skipped,"not_genuine_contrast: LLaVA, Emu (via two Sun et al. 2023 papers), and Qwen-VL are jointly cited as all using CLIP (Radford et al. 2021) or EVA-CLIP (Sun et al. 2023) encoders with contrastive loss for cross-modal alignment; they share the same encoder strategy rather than disagreeing about it.",,,,,,skipped_by_annotator
s1374,skipped,"not_genuine_contrast: Temporal 3D ConvNets (Diba et al. 2017), VideoMAE (Tong et al. 2022), and ViViT (Arnab et al. 2021) are jointly listed as examples of ""full spatial-temporal fusion"" models using 3D convolutions/attention structures; they exemplify one shared architectural category, not a disagreement between any two of them.",,,,,,skipped_by_annotator
s1375,skipped,"not_genuine_contrast: QuaRot (Ashkboos et al. 2024) and QServe (Lin et al. 2024) are jointly cited as researchers who ""introduce equivalent transformation function-based approaches"" to address the same quantization-outlier issue; they are grouped as sharing the same solution strategy, not disagreeing with each other.",,,,,,skipped_by_annotator
s1376,skipped,"not_genuine_contrast: Tang et al. 2024 (transformer compression survey), Wan et al. 2023 (""Efficient large language models: A survey""), and Xu et al. 2023 (parameter-efficient fine-tuning survey) are all cited in the preceding ""similarly"" clause as providing holistic, multi-level analyses; the sentence's actual ""on the other hand"" contrast is with unnamed ""some surveys [that] focus on more specialized aspects,"" which resolves to no specific citation in cited_refs -- the three resolved refs are all on the same (holistic) side and agree with each other.",,,,,,skipped_by_annotator
s1377,skipped,"not_genuine_contrast: Shojafar et al. 2019 (vehicular cloud resource management), Chen et al. 2019 (trust-based mobile cloud IoT service management), and Aloqaily et al. 2019 (data/service management in crowded environments) are jointly cited as background for the same definitional claim about ""service management"" concerning quality and delivery of network services; they support one definition rather than disagreeing with each other.",,,,,,skipped_by_annotator
s1378,skipped,"not_genuine_contrast: ToolLLM (Qin et al. 2023) is described as an example of LLMs interacting with APIs ""in ReAct style,"" where ReAct (Yao et al. 2022) is the reasoning/acting paradigm that ToolLLM's approach follows -- a building-on relationship, not two works disagreeing with each other.",,,,,,skipped_by_annotator
s1379,skipped,"not_genuine_contrast: PubChem (Kim et al. 2019), OPTIMADE (Evans et al. 2024), and the reaction-prediction (Pesciullesi et al. 2020) and retrosynthesis-planning (Segler et al. 2018) systems are jointly listed as diverse examples of ""numerous powerful chemistry tools""; this is a descriptive enumeration of different tool types for different sub-tasks, not a pairwise disagreement between any two of them.",,,,,,skipped_by_annotator
s1382,skipped,"not_genuine_contrast: LeVine et al. 2023, Kim et al. 2024, and Chen et al. 2024 (ODIN) are jointly cited as supporting the same claim that verifiers/reward models ""have limited generalization capabilities""; all three agree with each other on this limitation rather than presenting a two-sided disagreement.",,,,,,skipped_by_annotator
s1388,skipped,"not_genuine_contrast: AutoCite (Wang2023AutoCite) and BACO (Ge2021BACOAB) are cited together as joint examples of multimodal citation-generation models that both 'extend this work' by combining citation network structures with textual context; they share the same multimodal approach rather than opposing each other, and the 'on the other hand' contrast is really against an earlier (unresolved) baseline approach, not between these two works.",,,,,,skipped_by_annotator
s1395,skipped,"not_genuine_contrast: Imperial et al. (imperial2021pedophiles, on writing styles of child cybersex traffickers) and Iqbal et al. (iqbal2013unified, a unified data mining solution for authorship analysis) are grouped together as both having 'chose a clustering approach (unsupervised learning)' -- i.e. joint examples of the same methodological choice, not opposing findings. The actual contrast ('on the other hand') is against supervised-learning approaches discussed earlier in the survey, which are not among these cited_refs.",,,,,,skipped_by_annotator
s1396,skipped,"not_genuine_contrast: xie2023defending (a jailbreak-defense method for ChatGPT) and gallegos2024bias (a survey on bias/fairness in LLMs) are jointly cited as supporting evidence for the generic forward-looking claim that 'improving this phase can further contribute to building responsible LLMs.' Both are complementary references for the same claim, not a two-sided disagreement between their findings.",,,,,,skipped_by_annotator
s1399,skipped,"not_genuine_contrast: Russell & Norvig's 'Artificial Intelligence: A Modern Approach' and Sutton & Barto's 'Reinforcement Learning: An Introduction' are both foundational textbooks cited jointly simply as sources supporting the claim that search algorithms are conventionally used for structured tasks; they are not in disagreement with one another, just cited together as examples/references.",,,,,,skipped_by_annotator
s1403,skipped,"not_genuine_contrast: all six cited works (Smith et al. 2022, Hecht et al. 2021, Shen et al. 2023, Wang et al. 2024 'Farsight', Do et al. 2023, Amershi et al. 2019) are jointly listed as part of a 'rising chorus of scholars' calling for reflection on negative impacts and responsible-AI practices. They are cumulative supporting citations for one claim, not two works whose findings actually oppose each other.",,,,,,skipped_by_annotator
s1418,skipped,not_genuine_contrast: Lewis et al. 2020 (RAG) and Huang et al. 2023 (survey on LLM hallucination) are cited together simply as joint sources for the claim that RAG is an alternative technique that increases zero-shot accuracy on specialized tasks; they do not present opposing findings about RAG or about each other.,,,,,,skipped_by_annotator
s1427,skipped,"not_genuine_contrast: Yoo et al. 2023 (yoo-etal-2023-robust, Bit Error Rate metric for multi-bit watermarking) and Yoo et al. 2024 (yoo-etal-2024-advancing, bit-accuracy metric), with substantially overlapping author teams, are cited as two different complementary evaluation metrics used to assess the same task (multi-bit watermark extraction); this is an enumeration of metrics, not opposing claims or competing hypotheses.",,,,,,skipped_by_annotator
s1434,skipped,"not_genuine_contrast: He et al. 2016 (ResNet) and Devlin et al. 2019 (BERT) are jointly listed as examples of 'cloud-appropriate,' resource-heavy architectures that both offer improved accuracy from cloud environments; they agree in illustrating the same category rather than disagreeing with each other.",,,,,,skipped_by_annotator
s1435,skipped,not_genuine_contrast: Yang et al. 2023 (PALR) and Zhai et al. 2024 (trillion-parameter sequential transducers for generative recommendations) are jointly cited as examples supporting the single claim that LLM-based recommender systems excel at processing textual descriptions; there is no opposing claim between them.,,,,,,skipped_by_annotator
s1436,skipped,"not_genuine_contrast: the sentence describes InstaFlow's (liu2023instaflow) one-step-generator formulation; zhu2025slimflow (SlimFlow) is cited alongside it as a follow-on/related work in the same rectified-flow one-step-distillation research line (per its own title, 'Training Smaller One-Step Diffusion Models with Rectified Flow'), not as a work making an opposing claim. Context gives no indication of disagreement between the two.",,,,,,skipped_by_annotator
s1441,skipped,"not_genuine_contrast: Flickr30K (Young et al. 2014) and Fashionpedia are jointly listed as examples of 'smaller, meticulously curated datasets' that both prioritize annotation quality over scale; they agree in exemplifying the same category rather than disagreeing, and the real contrast is against large-scale datasets discussed earlier in the survey, which are not resolved in these cited_refs.",,,,,,skipped_by_annotator
s1444,skipped,"insufficient_context: the visible 'on the other hand' contrasts an unresolved prior method (DRAG, not present in cited_refs) with a multilingual guardrail model trained via curriculum learning and GRPO. shao2024deepseekmathpushinglimitsmathematical is cited only as the source of the GRPO technique used as a component, not as a work making a competing claim, and the actual guardrail-model work (yang2025mr, i.e. 'Mr. Guard') is not quoted before the 500-char truncation, so no genuine two-sided disagreement between the two resolved cited_refs can be established.",,,,,,skipped_by_annotator
s1445,skipped,"not_genuine_contrast: Gao et al. 2024 (generative news recommendation) and Chen et al. 2024 (LKPNR) are cited together as joint examples supporting the claim that 'limited research has focused on modeling user representations using GLLMs'; they are not opposed to each other, just cited as instances of the (limited) existing work.",,,,,,skipped_by_annotator
s1450,skipped,"likely_latex_artifact: the sentence contains a LaTeX comment marker (%) that comments out the entire '\citet{kim2025scalingevaluationtimecomputereasoning} compares validity and utility using critic models' clause along with the 'On the other hand' transition; in the actual rendered paper only the bare fragment '\citet{bigelow2024forkingpathsneuraltext}' survives with no completing verb or clause, so no real rendered-prose contrast between the two works exists to evaluate.",,,,,,skipped_by_annotator
s1463,skipped,"not_genuine_contrast: DTV (Zhou et al. 2024, zhou2024don) is described as utilizing Isabelle (Nipkow et al. 2002, nipkow2002isabelle) as its automated theorem prover -- a tool-use relationship, not a disagreement. Isabelle is the proof assistant DTV relies on to verify solutions, not a work making a competing claim.",,,,,,skipped_by_annotator
s1472,skipped,not_genuine_contrast: gat-etal-2023-discreteslm and borsos-etal-2023-audiolm are cited jointly simply as examples of 'studies on tokenization methods for speech language modeling' that both show speech tokenization can affect model performance; they support the same conclusion rather than disagreeing with each other.,,,,,,skipped_by_annotator
s1473,skipped,"likely_latex_artifact: nearly the entire sentence is composed of LaTeX-commented-out clauses (multiple % markers removing 'On the other hand, as have textual explanation forms...', 'have also been used to explain medical decisions...', and 'to explain the rationales behind dementia diagnosis...'); the only text that survives as actual rendered prose is 'Shen et al. applied an example-based XAI method, which retrieves similar clinical cases through Case-Based Reasoning,' which contains no contrast between any two works at all.",,,,,,skipped_by_annotator
s1482,skipped,not_genuine_contrast: Yang et al. 2025 (symbolic-abstraction/induction/retrieval circuits) and Li et al. 2025 (pathway restructuring in grokking) are cited together as two parallel examples of 'identified internal reorganisation' that both count as stronger evidence of genuine emergence than accuracy curves alone; they illustrate the same point rather than disagreeing with each other.,,,,,,skipped_by_annotator
s1486,skipped,"not_genuine_contrast: EDF (Ryu et al. 2022, ryu2022equivariant) is described as achieving local equivariance BY UTILIZING the locality properties of Equiformer (liao2022equiformer) and the SE(3)-Transformer (se3t) -- a uses/builds-upon relationship, not a disagreement among the three works.",,,,,,skipped_by_annotator
s1487,skipped,not_genuine_contrast: Teng et al. 2022 (Lie-algebra cost function design for control on Lie groups) and Bullo & Murray 1995 (PD control on the Euclidean group) are cited together simply as joint sources supporting the general statement that 'the Lie algebra-based potential function can be constructed'; there is no opposing claim between them.,,,,,,skipped_by_annotator
s1488,skipped,not_genuine_contrast: Bullo & Murray 1995 and Park 1995 (distance metrics on rigid-body motions) are cited jointly as the sources establishing the shared mathematical fact that no symmetric bilinear form on se(3) is both positive definite and bi-invariant; they agree on this fact rather than disagreeing with each other.,,,,,,skipped_by_annotator
s1489,skipped,"not_genuine_contrast: (same survey, arXiv 2503.09829, as a near-duplicate of the EDF sentence) EDFs (Ryu et al. 2022) is described as achieving local equivariance by utilizing the locality of Equiformer and SE(3)-Transformer -- a uses/builds-upon relationship among the three works, not a disagreement.",,,,,,skipped_by_annotator
s1490,skipped,"not_genuine_contrast: Seo et al. 2023 (geometric impedance control on SE(3)) and Seo et al. 2024 (comparison of Lie-group- vs Lie-algebra-based potential functions), overlapping author teams, are jointly cited as recent work on SE(3)-manifold control design; they are not presented as opposing claims about the same question.",,,,,,skipped_by_annotator
s1492,skipped,not_genuine_contrast: Dawy et al. 2016 and Bockelmann et al. 2016 (key 7565189) are jointly cited as sources for the shared definition of 'massive MTC' (machine-type communications) and its QoS requirements; they agree on the definition rather than disagreeing with each other.,,,,,,skipped_by_annotator
s1493,skipped,not_genuine_contrast: DeepSeek-V3 (Liu et al. 2024) and GPT-4o (Hurst et al. 2024) are jointly listed as examples of decoder-only architectures that are 'good at predictive modeling and automated troubleshooting'; they exemplify the same category rather than presenting opposing claims.,,,,,,skipped_by_annotator
s1496,skipped,"not_genuine_contrast: Gemini Nano (Team 2023) and Phi-3 (Abdin et al. 2024) are jointly listed as examples of small language models (SLMs) that both offer lightweight, deployment-efficient but less generalizable alternatives; they agree in exemplifying the same category rather than disagreeing with each other.",,,,,,skipped_by_annotator
s1498,skipped,"not_genuine_contrast: Kim et al. 2024 (Multi-Modal Forecaster), Deznabi et al. 2021, and Khadanga et al. 2019 are jointly cited as examples of works that use a concatenation strategy for multi-modal representations; they are grouped in joint support of describing one technique, not disagreeing with each other.",,,,,,skipped_by_annotator
s1500,skipped,"not_genuine_contrast: Ren et al. 2022/2023 (ren2022out, RMD-based uncertainty from hidden states) and Vazhentsev et al. 2023 (vazhentsev2023huq) are described sequentially, with the latter explicitly building on/extending Relative Mahalanobis Distance from the former ('propose a new uncertainty estimation method... based on RMD') rather than opposing it; both are grouped on the same 'not using logits' side, contrasted against an external logit-based approach that is not in cited_refs.",,,,,,skipped_by_annotator
s1504,skipped,not_genuine_contrast: Ouyang et al. 2024 (Pluto and Charon) and Wang et al. 2023 (PrivateLoRA) are jointly cited as examples of 'joint training and inference paradigms leveraging both cloud and edge resources'; they exemplify the same proposed future-research category rather than disagreeing with each other.,,,,,,skipped_by_annotator
s1505,skipped,not_genuine_contrast: Das et al. 2023 (gradient-based pruning decisions) and Yang et al. (sparse gradient compression for fine-tuning) are jointly listed as two candidate future-research directions ('could be the next future direction') for gradient compression; they are not presented as opposing claims about the same question.,,,,,,skipped_by_annotator
s1506,skipped,"not_genuine_contrast: the federated-learning survey/benchmark (Huang et al. 2024, key 10571602) and FederatedScope-LLM (Kuang et al. 2024) are jointly cited as supporting the single claim that federated learning is a privacy-preserving solution for personalization in black-box scenarios; they are not opposing findings.",,,,,,skipped_by_annotator
s1507,skipped,"not_genuine_contrast: this sentence enumerates a taxonomy of positional-encoding technique categories (APE exemplified by BERT, LPE by the GPT series, RPE by T5/Transformer-XL, RoPE), each illustrated by a different citation; this is a classificatory list of technique types (six works total), not a pairwise disagreement between any two of the cited works.",,,,,,skipped_by_annotator
s1508,skipped,not_genuine_contrast: Hu et al. 2024 and Teng et al. 2024 (key 10.1145/3651671.3651702) are jointly cited as examples of 'multi-turn instruction techniques' that both handle instructions across conversational turns while keeping context; they agree in illustrating the same technique category rather than disagreeing.,,,,,,skipped_by_annotator
s1509,skipped,"not_genuine_contrast: Gordon et al. 2020, Ma et al. 2023 (LLM-Pruner), Dery et al. 2024 (Bonsai pruner), and Gao et al. 2024 are jointly enumerated as 'some of the recent structured pruning methods' -- a taxonomic list of related techniques (four works total), not a pairwise disagreement between any two of them.",,,,,,skipped_by_annotator
s1516,skipped,"not_genuine_contrast: Lee et al. 2024 ('Can Long-Context LMs Subsume Retrieval, RAG, SQL, and More?') and Yen et al. 2024 (HELMET) are jointly cited as sources for the general claim that retrieval and reranking performance can serve as indicators of long-context capability; both support the same claim rather than disagreeing with each other.",,,,,,skipped_by_annotator
s1517,skipped,not_genuine_contrast: Hsieh et al. 2024 (RULER) and An et al. 2024 are jointly cited as demonstrating the same finding -- a significant gap between models' claimed and effective context length; they agree with each other rather than presenting opposing claims.,,,,,,skipped_by_annotator
s1520,skipped,"not_genuine_contrast: Text2World (Hu et al. 2025, context is a bare bibliography entry with no abstract) is described as addressing 'the limitations of narrow domain scope' attributed to LLM+P (liu2023llmpempoweringlargelanguage); this is an improves-upon/extends relationship (a successor benchmark/pipeline addressing a predecessor's limitation) rather than two works making opposing claims about the same question, and neither work's own abstract/context independently corroborates the 'narrow domain scope' characterization -- it comes only from the citing survey's framing, which is too thin a basis for a genuine two-sided contradiction.",,,,,,skipped_by_annotator
s1522,skipped,"not_genuine_contrast: Three ML advances (Borisov et al. 2021 tabular-data DL survey, De Lange et al. 2022 continual learning survey, Bommasani et al. 2021 foundation models report) are cited jointly as parallel EXAMPLES of ""recent advances in the machine learning community"" that have not been transferred to quantitative investment; none of the three cited works make a claim that contradicts either of the other two -- they are simply co-listed as three separate ML subfields, and the actual ""on the other hand"" contrast is with the quant-investment field described earlier in the sentence, which is not present in cited_refs.",,,,,,skipped_by_annotator
s1528,skipped,"not_genuine_contrast: wang2025mixllm, ong2025routellm, pan-etal-2024-dynathink, saha2024system, and ding_hybrid_2024 are cited jointly as five parallel examples of routing/dynamic-effort methods that let a model ""autonomously determine the appropriate level of cognitive effort"" -- all five support the same claim about adaptive-effort systems rather than disagreeing with one another; the contrast (""on the other hand"") is with a different class of methods discussed earlier in the source text, not present among these refs.",,,,,,skipped_by_annotator
s1533,skipped,"not_genuine_contrast: LLAVIDAL (Reilly et al. 2024, object-centric embeddings for ADL video understanding) and EventLens (Ma et al. 2024, event-aware tokens for visual commonsense reasoning) are presented as two parallel examples (""respectively"") of the same broader category -- models that ""uniquely integrate domain-specific visual elements... directly within LLM architectures."" They use different specific techniques for different tasks but neither work's claim contradicts the other; this is enumeration, not disagreement.",,,,,,skipped_by_annotator
s1531,skipped,"not_genuine_contrast: Lim et al. 2019 (on selecting intelligibility/explanation types) and Sokol & Vogt 2024 (on validating XAI evaluation building blocks) are cited together simply to support the same definitional claim that ""comprehensibility... focus[es] on ease of understanding""; both abstracts/context give no indication either work disputes the other's claims about the same phenomenon.",,,,,,skipped_by_annotator
s1536,skipped,"not_genuine_contrast: MINT (Wang et al.) and MT-Bench 101 (Bai et al. 2024) are cited jointly as two benchmarks whose ""broader analyses... reveal"" the SAME finding -- that generalized RLHF methods yield limited/negative impacts in multi-turn settings. This is joint corroborating evidence for one claim, not two opposing claims.",,,,,,skipped_by_annotator
s1539,skipped,"not_genuine_contrast: Only one substantive cited work describes an actual study (Yuan et al. 2023, testing ChatGPT with zero-shot/CoT prompting on temporal relation extraction); the second ref (Wei et al. 2022) is simply the foundational chain-of-thought-prompting citation being referenced as a technique Yuan et al. used, not a competing claim or finding. There is no second position to disagree with.",,,,,,skipped_by_annotator
s1541,skipped,"not_genuine_contrast: The two cited works (Miaschi et al. 2020 on Italian transformers, and Lin/Tan/Frank 2019 ""Open Sesame"") are both grouped under ""Conversely, other works find..."" as two separate findings about positional/hierarchical encoding, but neither directly contradicts the other -- one concerns whether syntax trees depend on positional information, the other concerns how positional vs. hierarchical encoding is distributed across layers. Both are offered as complementary evidence against an earlier (not-included) claim, not against each other.",,,,,,skipped_by_annotator
s1544,skipped,"not_genuine_contrast: Reif et al. 2019 (semantic information better captured in lower layers of BERT) and Mikhailov et al. 2021 (RuSentEval: for LaBSE, semantic information found in lower-to-middle layers) report compatible, not contradictory, findings -- both locate semantic information toward the lower end of the network; the ""and"" framing shows they are additive evidence, not opposing claims.",,,,,,skipped_by_annotator
s1545,skipped,"not_genuine_contrast: The sentence itself states there is ""a consensus"" across the three cited works (Papadimitriou et al. 2022, Sajjad et al. 2022, Vulic et al. 2020) that lower Transformer layers are lexical -- explicit agreement, not disagreement.",,,,,,skipped_by_annotator
s1546,skipped,"not_genuine_contrast: DeSTA (Lu et al., Interspeech 2024) and DeSTA2 (Lu et al., ICASSP 2025) are the same research line's original and follow-up systems (DeSTA2 is an explicit successor extending DeSTA's speech-text alignment idea), cited jointly as one paradigm (""the more recent DeSTA and DeSTA2 propose...""), not as opposing approaches.",,,,,,skipped_by_annotator
s1547,skipped,"not_genuine_contrast: Align-SLM (Lin et al., first to use AI-feedback RL for a pure speech LM) and Wu et al. 2025 (""Aligning spoken dialogue models..."") are explicitly described as agreeing -- the sentence states the AI-feedback strategy ""has also proven useful"" in the second work, i.e. corroboration/extension, not disagreement.",,,,,,skipped_by_annotator
s1549,skipped,"not_genuine_contrast: Gagliardone et al. 2015 (UNESCO report on countering online hate speech) and Sellars 2016 (Berkman Klein report ""Defining Hate Speech"") are cited jointly simply to support the general claim that social-media platforms ""formulate varying definitions"" of hate speech for moderation; context/titles give no indication the two works make competing claims about each other's findings.",,,,,,skipped_by_annotator
s1551,skipped,"not_genuine_contrast: Three surveys (embodied navigation, GIS/geoscience AI, climate-precipitation diffusion modeling) are listed as three separate example application domains of spatial intelligence, not as competing claims; each is cited for a different, non-overlapping application area.",,,,,,skipped_by_annotator
s1553,skipped,"not_genuine_contrast: Duan et al. 2022 (embodied AI survey), Wang et al. 2024 (LLM agents survey), and Cui et al. 2024 (multimodal LLMs for autonomous driving survey) are listed as three parallel example domains where ""efficient reasoning is also essential,"" not as competing or contradictory claims.",,,,,,skipped_by_annotator
s1555,skipped,"not_genuine_contrast: Trans-LoRA (Wang et al. 2024) and RoseLoRA (Wang et al. 2024) are both cited as parallel examples of LoRA extended to transfer-learning/domain-adaptation scenarios -- grouped together under one category (""extend LoRA to transfer learning scenarios""), not opposed to one another.",,,,,,skipped_by_annotator
s1556,skipped,"not_genuine_contrast: Zhou et al. 2024 (""Trustworthiness in RAG systems: A survey"") and Yu et al. 2024 (""Evaluation of RAG: A survey"") are cited jointly to support the general claim that LLMs serve various roles within RAG pipelines; both are survey papers cataloguing the same landscape, not making opposing claims.",,,,,,skipped_by_annotator
s1558,skipped,"insufficient_context: Both cited_refs (Seger et al. 2023 ""Open-sourcing highly capable foundation models: risks, benefits, alternatives""; Urbina et al. 2022 ""Dual use of artificial-intelligence-powered drug discovery"") have empty abstracts, and context supplies only bibliographic metadata (author/title/venue), not any stated finding or position. The titles suggest a balanced risk-benefit framework paper and a dual-use case study respectively, but there is not enough information here to state a specific claim from each that directly opposes the other -- insufficient to confidently construct a genuine two-sided contradiction.",,,,,,skipped_by_annotator
s1560,skipped,"not_genuine_contrast: LaVie (Wang et al. 2023) and Phenaki (Villegas et al. 2022) are cited together as two examples of models that ""utilize 2D VAEs"" with the same described trade-off (efficiency vs. weaker temporal modeling) -- they share the same characteristic being described, not opposing ones.",,,,,,skipped_by_annotator
s1561,skipped,"not_genuine_contrast: Ricci et al. 2015 (Recommender Systems Handbook intro) and Zhang et al. 2019 (deep-learning-based recommender systems survey) are cited jointly simply to support a general definitional statement about item metadata/multimodal features; both are general recommender-system survey/reference works, not competing claims.",,,,,,skipped_by_annotator
s1565,skipped,"not_genuine_contrast: The two refs actually inside the live (non-commented) sentence text -- Liu et al. 2024 (ZhoBLiMP, Chinese linguistic minimal-pairs benchmark) and Zhou et al. 2025 (in-context learning as error-driven learning / inverse frequency effect) -- are cited jointly to support one claim, that ""LLM learning patterns mirror aspects of human language acquisition,"" not to state opposing findings. Note: Holmberg 2000 and Sheehan et al. 2017 (on Finnish/FOFC syntax) appear in cited_refs but sit inside a ""%""-commented-out LaTeX fragment preceding the live sentence and are irrelevant to the live claim.",,,,,,skipped_by_annotator
s1566,skipped,"not_genuine_contrast: The sentence lists complementary, not contradictory, empirical findings: Strachan et al. 2024 and Jones et al. 2024 are grouped together as showing LLMs ""pass certain ToM-style probes while still differing on harder variants"" (a single nuanced joint finding), and Cheung et al. 2025 (PNAS, omission-bias amplification) is a separate, additional finding about a different phenomenon (moral-judgment bias) -- none of the three works make a claim that contradicts another cited work.",,,,,,skipped_by_annotator
s1570,skipped,"not_genuine_contrast: Light-R1 (Wen et al. 2025) and Logic-RL (Xie et al. 2025) are cited jointly as two examples that ""retain the KL loss and also report substantial improvements"" -- the same finding/design choice, offered as joint corroboration, not disagreement.",,,,,,skipped_by_annotator
s1574,skipped,"not_genuine_contrast: TGI (Hugging Face) and TensorRT-LLM (NVIDIA) are cited jointly as two examples sharing the same described property -- ""stagnant commit activity and limited model support"" -- joint characterization, not opposing claims.",,,,,,skipped_by_annotator
s1577,skipped,"not_genuine_contrast: Five works are cited as three separate example groups (source-code summarization x3, code review x1, code search x2) illustrating sub-tasks of ""code understanding"" -- a taxonomy/enumeration, not a pairwise disagreement between any two of the works.",,,,,,skipped_by_annotator
s1579,skipped,"not_genuine_contrast: Niyogi & Bhattacharya 2024 (Paramanu) and Holiel et al. 2023 (English-Arabic translation/summarization) are cited jointly simply as two examples of studies that ""omit metrics relating to the size of their datasets"" -- the same shared shortcoming, not a disagreement.",,,,,,skipped_by_annotator
s1580,skipped,"not_genuine_contrast: Gerz et al. 2018 (morphologically-rich-language LM study) and the BanglaGPT paper (Salim et al. 2023) are cited jointly as two examples of ""studies contributing a general language model that can be adapted and fine-tuned for different tasks"" -- a shared category, not opposing claims.",,,,,,skipped_by_annotator
s1581,skipped,"not_genuine_contrast: VQAv2 (Antol et al.) and DocVQA (Mathew et al. 2021) are contrasted only in their evaluation-metric design (partial-credit multi-answer matching vs. Levenshtein-distance scoring) because they measure different task types (open-ended VQA vs. OCR-based document QA); this is a descriptive comparison of methodology choices for different benchmarks, not a scientific disagreement or competing hypothesis about the same phenomenon.",,,,,,skipped_by_annotator
s1586,skipped,"not_genuine_contrast: Six works are cited as three separate example pairs (image synthesis x2, text generation x2, code completion x2) illustrating different generative/analytical LLM application areas -- an enumerated list, not a pairwise contradiction.",,,,,,skipped_by_annotator
s1589,skipped,"not_genuine_contrast: Zhang et al.'s GeoCAD evaluation explicitly reuses/extends the metrics ""as in"" FlexCAD (Zhang et al. 2025) -- i.e., GeoCAD builds directly on FlexCAD's evaluation protocol (adding vertex/VLM-based scores and a realism metric) rather than contradicting it; this is methodological extension, not disagreement.",,,,,,skipped_by_annotator
s1591,skipped,"not_genuine_contrast: Serapio-Garcia et al. 2025 (psychometric framework for personality traits in LLMs) and Ye et al. 2025 (GPV, measuring human/AI values) are cited jointly to support the single claim that ""personality and values are considered meaningful for LLMs"" -- joint corroboration, not opposing findings.",,,,,,skipped_by_annotator
s1595,skipped,"not_genuine_contrast: Wu & Braun 2025 and Wang et al. 2023 (both on ultra-low-latency/low-algorithmic-latency speech enhancement) are cited jointly as supporting evidence for the general latency-constraint claim in the sentence; both papers pursue the same goal (satisfying strict latency requirements), not opposing claims about longer analysis windows.",,,,,,skipped_by_annotator
s1598,skipped,"not_genuine_contrast: CTRL (Li et al. 2023) and PAD (Wang et al. 2024) are cited jointly as two examples of the same ""alignment"" category of methods relying on Contrastive Learning/VAEs, grouped together in contrast with a different (FT-based) category mentioned in the same sentence but not resolved to refs -- not a disagreement between CTRL and PAD themselves.",,,,,,skipped_by_annotator
s1602,skipped,"not_genuine_contrast: leakage1 (Hu et al. 2024, VLSBench), leakage2 (Cao et al. 2024, GenCeption), and leakage3 (Chen et al. 2024, ""Are we on the right way..."") are cited jointly as three example sources supporting the single claim that manually collected benchmarks ""frequently reuse diagrams... introducing data leakage"" -- joint corroborating citations, not competing claims.",,,,,,skipped_by_annotator
s1608,skipped,"not_genuine_contrast: koch2016abc (introducing the ABC stereotype model) and koch2020groupswarmth (Koch et al. 2020, reconciling/extending consensus on stereotype dimensions) are the same research program's foundational and follow-up papers, cited together to describe one model (the ABC model), not opposing claims.",,,,,,skipped_by_annotator
s1609,skipped,not_genuine_contrast: Chan et al. 2025 (on prior confidence and belief updating) and Benjamin 2019 (errors in probabilistic reasoning/judgment biases) are cited jointly to support one claim -- that low-confidence agents over-update on new signals (base-rate neglect) -- not to state opposing findings about the same question.,,,,,,skipped_by_annotator
s1611,skipped,not_genuine_contrast: Zhang et al. 2002 (text chunking via Winnow) and Minaee et al. 2024 (general LLM survey) are cited jointly as general support for the single claim that overly short chunks hinder learning long-range dependencies; neither reference states a claim that contradicts the other.,,,,,,skipped_by_annotator
s1614,skipped,"not_genuine_contrast: Surynek et al. 2016 and Surynek 2022 (same lead author) are cited jointly simply to describe/exemplify ""compilation-based methods"" for MAPF (transforming it into SAT/ILP formulations) -- descriptive support for one category, not opposing claims.",,,,,,skipped_by_annotator
s1619,skipped,"not_genuine_contrast: Four works (Louie et al. 2024 Roleplay-doh, Liu et al. 2025 Eeyore, Hsu et al. 2025, Kampman et al. 2025) are cited jointly as four parallel examples of NLP tools simulating client personas to train counselors -- an enumerated list of similar systems, not a pairwise disagreement.",,,,,,skipped_by_annotator
s1629,skipped,"not_genuine_contrast: The sentence explicitly states that all four cited works (Bird 2020, Mager et al. 2023, Kolhatkar & Verma 2023, Cooper et al. 2024) ""reached the same conclusion"" regarding ethical considerations for indigenous-language NLP -- stated agreement, not disagreement.",,,,,,skipped_by_annotator
s1630,skipped,"not_genuine_contrast: This entire line is a ""%""-commented-out LaTeX duplicate of sentence s1629's claim, and even taken at face value it explicitly states the three cited works (Mager et al. 2023, Kolhatkar & Verma 2023, Cooper et al. 2024) ""reach the same conclusion"" -- stated agreement, not disagreement, so there is no genuine contrast to recover even setting aside that the line is commented out.",,,,,,skipped_by_annotator
s1632,skipped,"not_genuine_contrast: r-valueEval5 (Sung et al., ""Verila: A human-centered evaluation framework for interpretable verification of LLM agent failures"") and r-valueEval6 (Tennant et al., ""Moral alignment for LLM agents"") are cited jointly as illustrative examples of challenges (limited generalization of evaluators, data-bias propagation) facing value-alignment research. Both are grouped in agreement as examples of the same problem category, not as two works whose findings oppose each other; the bib-entry context gives no basis for a pairwise disagreement.",,,,,,skipped_by_annotator
s1640,skipped,"not_genuine_contrast: SUC (Sui et al.), TableBench (Wu et al.), and ToRR (Ashury-Tahan et al.) are three benchmarks jointly grouped as examples that ""emphasize the evaluation of LLMs' structural understanding, rather than content comprehension"" — all three illustrate the same evaluation trend in agreement with one another. The implied contrast (""on the other hand"") is with content-comprehension-focused benchmarks discussed earlier in the survey, which are outside this cited_refs list, not a disagreement among SUC/TableBench/ToRR themselves.",,,,,,skipped_by_annotator
s1642,skipped,"not_genuine_contrast: Ji et al. (survey of NLG hallucination), Banerjee et al. (""LLMs will always hallucinate""), and Huang et al. (survey on LLM hallucination taxonomy) are cited jointly as the basis (""in light of the categorizations provided by..."") for the authors adopting their own broad hallucination definition. This is additive/definitional citation of three concordant surveys, not a pairwise contradiction between any two of them; the line is also commented out (leading %) in the LaTeX source.",,,,,,skipped_by_annotator
s1643,skipped,"not_genuine_contrast: Ji et al., Banerjee et al., and Huang et al. are again cited together, this time as prior works whose definitions the authors are summarizing/synthesizing into their own broad hallucination definition. This is a synthesis of agreeing definitions, not a disagreement between any two of the three works; the line is commented out (leading %) in the source.",,,,,,skipped_by_annotator
s1645,skipped,"not_genuine_contrast: CelebV-Text (Yu et al.) is described as emphasizing lip-sync features useful for training mouth-movement algorithms, while VOCA (Cudeiro et al., mislabeled with key 'williams-no-date') provides high-quality 3D facial motion-capture data. These describe two datasets with different but complementary properties (2D lip-sync video-text vs. 3D motion capture) being catalogued in a talking-head-generation survey, not a factual disagreement between the two works.",,,,,,skipped_by_annotator
s1650,skipped,"not_genuine_contrast: GPT-3 (Brown et al.) and GPT-4 (Bubeck et al. / OpenAI technical report) are jointly cited as examples of decoder-only models that ""excel in generating coherent and contextually appropriate text"" — grouped together in agreement to illustrate the same architectural category. The ""on the other hand"" contrast is with encoder-based or other architecture types discussed earlier in the survey (outside these cited_refs), not between GPT-3 and GPT-4 themselves.",,,,,,skipped_by_annotator
s1654,skipped,"not_genuine_contrast: FRVA (Fan et al., fact-retrieval and verification augmented entailment tree generation) and ALR2 (Li et al., retrieve-then-reason framework) are cited together simply as two examples of medical-reasoning approaches that ""retrieve literature for accurate diagnostics."" This is a joint illustrative pairing supporting one claim about the specialized-area category, not a stated disagreement between the two systems.",,,,,,skipped_by_annotator
s1655,skipped,"not_genuine_contrast: AirRAG, MCTS-RAG, and SeRTS are jointly listed as three examples of MCTS-based approaches that all ""employ probabilistic tree search, dynamically prioritizing exploration based on heuristic probabilities"" — the same underlying technique shared by all three, presented in agreement, not as a disagreement between any two of them.",,,,,,skipped_by_annotator
s1659,skipped,"not_genuine_contrast: mPLUG-DocOwl/mPLUG-DocOwl 1.5 (LoRA-style updates) and TextMonkey/TextHawk (cross-attention mechanisms) are grouped as two technique sub-families under the ""Adaptors"" category for efficient task-specific tuning. This is a taxonomy listing of four works into two complementary mechanism types, not a pairwise disagreement between two specific works, and the split is 2-vs-2 rather than a genuine two-sided contrast between individual cited works.",,,,,,skipped_by_annotator
s1660,skipped,"not_genuine_contrast: xue2023promptcast, huang2024demystifying, sun2024art, and le2024prelog are cited together merely as examples of failure-perception works that rely on smaller pretrained models (T5, GPT-2) rather than large-scale LLMs. All four jointly illustrate the same observation about model scale in this subfield; there is no disagreement stated among them.",,,,,,skipped_by_annotator
s1662,skipped,"not_genuine_contrast: a44_Generative2024Wang, 13_Generative2025Song, a20_Dynamic2024Li, and a19_Enhancing2024Sheikh are jointly cited as four examples supporting one claim — that GAI/LLMs enable intelligent, data-driven network management (real-time decision-making, dynamic resource allocation, network design/orchestration). All four support the same point about GAI/LLM benefits rather than opposing each other.",,,,,,skipped_by_annotator
s1664,skipped,"not_genuine_contrast: touvron2023llama is simply the citation for the Llama 2 model that ogawa2024applying (the actual ""recent work"" under discussion) employs to improve C7DASR transcription results via LLM-based n-best rescoring. It is a model citation, not an independent work making a competing claim, so there is no genuine second side to contrast against ogawa2024applying's finding.",,,,,,skipped_by_annotator
s1665,skipped,"not_genuine_contrast: kamo2024ntt (NTT's C8DASR system) and kamo2023ntt (NTT's C7DASR system) both rely on the same EEND-VC technique described in kinoshita2021advances and kinoshita2021integrating — all four references describe one consistent technical lineage (successive NTT systems built on EEND-VC for overlapped-speech diarization), not a disagreement between any of them. The line is also commented out (leading %) in the LaTeX source.",,,,,,skipped_by_annotator
s1672,skipped,"not_genuine_contrast: VAQ (Paparrizos et al., adapts codebook sizes to subspaces via importance-based dimensionality reduction) and PTQ (Yuan & Liu, introduces tree-structured codebooks relaxing PQ's subspace-independence assumption) are two different quantization refinements, both framed as improvements over baseline product quantization (PQ) to reduce distortion. They are complementary alternative techniques rather than a stated disagreement with each other; the ""on the other hand"" contrast is with the baseline PQ method, which lies outside this cited_refs pair.",,,,,,skipped_by_annotator
s1675,skipped,"not_genuine_contrast: RQ-Transformer (Lee et al.) and DnD-Transformer (Chen et al.) are jointly cited as two works that both quantize image feature maps via RQ-VAE based on residual vector quantization (RVQ) for 2D autoregressive image generation. They share the same underlying technique and are listed in agreement, not opposition.",,,,,,skipped_by_annotator
s1677,skipped,"not_genuine_contrast: Fawkes (Shan et al., protects individual privacy against unauthorized facial recognition) and Adi et al.'s backdoor-based DNN watermarking (protects model IP against unauthorized extraction) are jointly listed as two examples of ""beneficial applications"" of adversarial techniques. Both illustrate the same overarching point — that adversarial methods can be beneficial — rather than disagreeing with each other.",,,,,,skipped_by_annotator
s1680,skipped,"not_genuine_contrast: Park et al.'s Generative Agents (simulating believable daily-life human behavior) and Li et al.'s Agent Hospital (simulating an entire hospital process with patients, nurses, and doctors) are jointly cited as two examples of multi-agent LLM systems simulating human social activities. They support the same illustrative point about multi-agent social simulation, not a disagreement.",,,,,,skipped_by_annotator
s1682,skipped,"not_genuine_contrast: ger20 (Shi et al., introduces a gradient-variance loss on pix2pixHD to better capture fine detail such as blood vessels/textures) and ger21 (Kang et al., CycleEBGAN, uses an energy-based loss to avoid image clustering problems and pattern/mode collapse) are two different fundus-to-angiography image-translation techniques addressing different problems — detail fidelity versus training-stability/mode-collapse. The survey describes them sequentially as separate methodological contributions in the same subfield, not as two sides of an actual disagreement about a shared claim.",,,,,,skipped_by_annotator
s1686,skipped,"not_genuine_contrast: CPE-CLIP (D'Alessandro et al.) and CLAP4CLIP (Jha et al.) are jointly cited as two examples of methods that ""deploy visual prompts and visually-guided attention to prevent text feature collapse."" They are grouped together in agreement to illustrate the same strategy (visual cues anchoring text components), not opposed to each other.",,,,,,skipped_by_annotator
s1693,skipped,"not_genuine_contrast: PATTERNREFRAME (Maddela et al., a public dataset of client thoughts for cognitive reframing) is simply the dataset that HealMe (Xiao et al.) leverages to simulate clients via ChatGPT. It is a resource used by HealMe's method, not an independent work making a competing claim, so there is no genuine second side to contrast.",,,,,,skipped_by_annotator
s1696,skipped,"not_genuine_contrast: MDD-5k (Yin et al.), e-therapist/PsyConv (Mishra et al.), Thousand Voices of Trauma (BN et al.), D4 (Yao et al.), and CACTUS (Lee et al.) are jointly cited as five examples of synthetic client/therapist-profile datasets illustrating the same point — that synthetic data generation can broaden demographic/linguistic/cultural coverage. This is an illustrative list in agreement, not a disagreement between any two of them.",,,,,,skipped_by_annotator
s1701,skipped,"not_genuine_contrast: Chiang & Lee (LLM evaluation alternative), Liu et al. (G-Eval), and Tang et al. (Struc-Bench) are jointly cited as three examples of direct LLM-prompting / Chain-of-Thought based evaluation approaches to content-structure similarity. They are grouped together to support one claim about direct-prompting methods, not a disagreement between any two of them.",,,,,,skipped_by_annotator
s1703,skipped,"not_genuine_contrast: AdaCoT (Lou et al., RL-trained gating network for adaptive Chain-of-Thought triggering) and the adaptive RAG work (Wang et al., adaptive retrieval-augmented generation for conversational systems) are jointly cited as two examples of ""implicit"" training-based switching criteria. Though they address different specific mechanisms (CoT triggering vs. retrieval decisions), the sentence lists them together in agreement as instances of the same broader category (implicit, training-based switching), not as opposing claims.",,,,,,skipped_by_annotator
s1704,skipped,"same_finding_different_wording: mams2019 (Jiang et al., MAMS challenge dataset for ABSA) and fei2026robustness (Fei et al., on the robustness of ABSA) are cited together as joint sources for a single claim — that SemEval datasets fail to cover implicit opinions and are overly simplified for robustness testing. Both papers support the same criticism of SemEval rather than disagreeing with each other.",,,,,,skipped_by_annotator
s1710,skipped,"not_genuine_contrast: MIMIC-CXR (Johnson et al.), CheXpertPlus (Chambon et al.), and PMC-CaseReport (Wu et al.) are jointly listed as three datasets that ""provide detailed diagnostic reports with finer-grained information"" derived from medical images. They are grouped in agreement to illustrate the same point about report-rich datasets, not opposed to each other.",,,,,,skipped_by_annotator
s1714,skipped,"not_genuine_contrast: WildGuard Jailbreak (Zhou et al., safety assessment of R1) and CNSafe_RT (Ying et al., safety-boundary evaluation of DeepSeek models) are two benchmark/evaluation-paper citations used together within the same experiment to support a single finding — that DeepSeek-R1 could identify jailbreak risk and provide a safe reasoning chain. They are jointly-used evaluation resources supporting one conclusion, not two works with opposing claims.",,,,,,skipped_by_annotator
s1716,skipped,"not_genuine_contrast: Bao et al. (""How Likely Do LLMs with CoT Mimic Human Reasoning?"") and Xiong et al. (""Measuring the Faithfulness of Thinking Drafts"") are cited together precisely because both argue the same thing — that larger models are generally more faithful. The sentence's ""Conversely"" signals a contrast with an earlier claim made elsewhere in the survey's own discussion (not among these cited_refs), not a disagreement between Bao et al. and Xiong et al. themselves, who are in agreement with each other.",,,,,,skipped_by_annotator
s1717,skipped,"not_genuine_contrast: Rakov & Rosenberg and Burkhardt et al. are jointly cited as two studies that both ""opt for an unguided approach"" to sarcasm detection/annotation, avoiding guidance to prevent bias. They agree with each other on methodology; there is no disagreement between them.",,,,,,skipped_by_annotator
s1718,skipped,"not_genuine_contrast: OpenFace 2 (Baltrusaitis et al.) is simply the facial-action-unit-extraction toolkit that Hasan et al.'s humor/sarcasm work implements to derive FAU features. It is a tool citation used by Hasan et al., not an independent work with a competing claim, so there is no genuine second side to contrast.",,,,,,skipped_by_annotator
s1720,skipped,"not_genuine_contrast: the top-1M/Kaggle list, Tranco list, and the Enron email-archive papers (Benston & Hartgraves; Shetty & Adibi) are jointly cited as four examples of sources for legitimate/benign data (URL lists and email archives) used in security-operations research. They are grouped in agreement to illustrate the same point about benign-data sourcing, not opposed to each other.",,,,,,skipped_by_annotator
s1724,skipped,"not_genuine_contrast: Dwivedi (""Social media marketing and advertising"") and Johnson & Myatt (""On the Simple Economics of Advertising, Marketing, and Product Design"") are jointly cited as general supporting references for the descriptive definition of ""campaign design"" and its marketing objectives. Both support the same descriptive claim; there is no disagreement between them, and neither abstract/context suggests any competing finding.",,,,,,skipped_by_annotator
s1727,skipped,"not_genuine_contrast: hosamo2022review and hamzah2024drone are jointly cited as examples of digital-twin applications in building maintenance and environmental monitoring, while 10570372 is cited separately for LLM contributions to digital-twin construction. None of these are framed as disagreeing with one another — it is a sequential listing of related digital-twin application areas, not a pairwise contradiction.",,,,,,skipped_by_annotator
s1731,skipped,"not_genuine_contrast: Jung et al. (CNN/RNN relevance propagation), Papanastasopoulos et al. (explainable AI for medical imaging), Freeborough (explainability in RNNs for financial time series), and Burkart & Huber (survey on explainability of supervised ML) are jointly cited as four examples of XAI methods studied in non-language-model domains. They are grouped in agreement to illustrate the same point about extensive prior XAI study, not a disagreement between any two of them.",,,,,,skipped_by_annotator
s1733,skipped,"not_genuine_contrast: raffel2020exploring (the T5 paper) and lewis2019bart...(the BART paper) are simply the model citations for the encoder-decoder LMs that Li et al. (li-etal-2021-implicit) probe using classifier-based probing. T5 and BART are the objects of investigation, not independent works making competing claims about world-representation, so there is no genuine disagreement between them to pair.",,,,,,skipped_by_annotator
s1736,skipped,"not_genuine_contrast: zhang2024vision (a VLM survey) and 11050020 (CAT+, an audio-visual LLM understanding work) are cited as jointly-supporting references for the claim that CLIP (Radford et al.) successfully mapped vision and language into a unified embedding space, enabling unprecedented perceptual generalization. These are supporting citations for one claim, not opposing claims between two works.",,,,,,skipped_by_annotator
s1737,skipped,"not_genuine_contrast: the DINO series — DINO (Zhang et al., DETR-based denoising anchor boxes), DINOv2 (Oquab et al.), and DINOv3 (Siméoni et al.) — are jointly cited as three successive works in the same self-supervised-training lineage exploring intrinsic visual-data properties. This is an evolving series of related/agreeing works, not a disagreement between any two of them.",,,,,,skipped_by_annotator
s1741,skipped,"not_genuine_contrast: AutoSurvey (Wang et al.), LLM×MapReduce-V2 (Wang et al.), and SurveyX (Liang et al.) are jointly cited as three examples of ""LLM4Survey"" methods that share the same tailored mechanisms (literature mining, automated citation management, structured chapter planning). They are grouped in agreement to illustrate the same category of survey-writing methods, not opposed to each other.",,,,,,skipped_by_annotator
s1743,skipped,"not_genuine_contrast: vladika2025correcting (a self-correcting hallucination-correction method for news summaries) and kamoi2024can (a critical survey of self-correction methods for LLMs) are jointly cited as examples related to segment-level ""partial regeneration"" correction granularity (sentences, paragraphs, reasoning steps). They are listed together in support of the same descriptive point about correction granularity, not disagreeing with each other; kamoi2024can is itself a survey rather than a competing method.",,,,,,skipped_by_annotator
s1745,skipped,"not_genuine_contrast: brown2020language (the GPT-3 paper) and raffel2020exploring (the T5 paper) are jointly cited merely as examples of ""modern LLMs"" whose improved fluency (per maynez2020faithfulness) makes hallucination harder to detect in their generated text. Both GPT and T5 are grouped together as instances of the same phenomenon (fluent modern LLMs), not as opposing claims about hallucination detection.",,,,,,skipped_by_annotator
s1750,skipped,"not_genuine_contrast: RoseTTAFold-AA (Krishna et al. 2024), AlphaFold3 (Abramson et al. 2024), and Chai-1 (Chai Discovery 2024) are cited jointly as three examples of the same trend -- state-of-the-art structural prediction models extended to cover all biomolecule types -- not as opposing claims. The 'On the other hand' marker contrasts this whole group against an earlier clause (likely about sequence-based or single-biomolecule-type models) that is not present among the resolved cited_refs.",,,,,,skipped_by_annotator
s1758,skipped,"not_genuine_contrast: guo2025deepseekr1 is DeepSeek-R1, an ORM-trained reasoning model cited as an example of ORM's empirical success; amodei2016concreteproblemsaisafety is a general AI-safety paper (Amodei et al. 2016) that only supplies the definitional/background reference for the term 'reward hacking'. It makes no claim about PRM vs ORM susceptibility, so the two works are not making opposing claims -- the PRM-vs-ORM comparison is the survey's own inference from DeepSeek-R1's success, not a contradiction between the two cited works.",,,,,,skipped_by_annotator
s1761,skipped,"not_genuine_contrast: SALT (Rawat et al. 2024) uses a small model to supply soft labels and flag informative hard examples to accelerate large-model pretraining, while Ankner et al. (2024, 'Perplexed by Perplexity') use a small reference model for perplexity-based filtering to prune low-yield data. Both are non-contradictory techniques pursuing the same broader goal (using small LMs to make LLM pretraining more efficient); 'Conversely' here marks a shift to a different specific technique, not a disagreement about what's true.",,,,,,skipped_by_annotator
s1767,skipped,"not_genuine_contrast: all five works (Subramani et al. 2020, Ding et al. 2024, Nandi & Sathya 2024, Van Landeghem et al. 2023, Ding et al. 2025) are cited jointly as prior surveys/datasets on document understanding, all supporting the single claim that document understanding has been extensively reviewed. None are presented as opposing each other; the real contrast ('existing surveys rarely address multimodal RAG') targets a gap outside these five works, not a disagreement between them.",,,,,,skipped_by_annotator
s1769,skipped,"not_genuine_contrast: ZeroSearch (Sun et al. 2025) and AgentGym-RL (Xi et al. 2025) are cited together as two examples of works that both question the necessity of SFT -- they agree with each other, they are not on opposite sides of a disagreement.",,,,,,skipped_by_annotator
s1774,skipped,"not_genuine_contrast: GPTBias (Zhao et al. 2023) and CommunityLM (Jiang et al. 2022) are cited jointly merely as two examples ('e.g.') of studies investigating LLM capabilities/biases without explicit downstream usage -- a joint illustrative list, not two works in disagreement.",,,,,,skipped_by_annotator
s1775,skipped,not_genuine_contrast: Wang et al. 2024 and Cheng et al. 2023 (COMPOST) are cited together as two works reaching the SAME finding -- that LLMs simulating a US population are prone to stereotyping and caricature -- they agree with each other rather than disagreeing.,,,,,,skipped_by_annotator
s1777,skipped,"same_finding_different_wording: both citations (Strzelecki & Rutecka 2019 and Strzelecki & Rutecka 2020) are by the same two authors and are cited together reporting the same finding, that Wikipedia is the most common source for featured snippets -- not a disagreement.",,,,,,skipped_by_annotator
s1779,skipped,"not_genuine_contrast: StarCoder (Li et al. 2023), Code Llama (Roziere et al. 2024), DeepSeek-Coder-V2 (2024), CodeGemma (Zhao et al. 2024), and Qwen2.5/3-Coder are jointly listed as examples of specialized code LLMs that all support the same claim -- that focused code pretraining yields superior code-benchmark performance. They are not presented as disagreeing with each other.",,,,,,skipped_by_annotator
s1782,skipped,"not_genuine_contrast: both clauses of this sentence cite the same source, {Anthropic}'s Claude Fable 5 announcement (2026), once for its SWE-Bench Pro score and once as generic support for 'issue resolution is a key evaluation task'; SWEbenchPro (Deng et al. 2025) is cited only as the benchmark the score was measured on. There is no second work making an opposing claim -- this is not a two-sided contradiction.",,,,,,skipped_by_annotator
s1784,skipped,"not_genuine_contrast: five works (Chen et al. 2024, Dai et al. 2024, Chen et al. 2025, Puthiya Parambath et al. 2024, Atalar et al. 2025) are jointly listed as examples of different bandit-enabled tasks (model selection, tool invocation, generation control, inference strategy selection) all supporting the same claim that bandit methods aid LLM-based adaptive decision-making. This is an enumerated list of applications, not a pairwise disagreement.",,,,,,skipped_by_annotator
s1785,skipped,"not_genuine_contrast: abt-buy/Amazon-Google/Walmart-Amazon/DBLP-Scholar/DBLP-ACM (Kopcke et al. 2010, resolved key 'abt-buy' reused across several benchmark names), the Magellan Data Repository (Das et al.), and WDC Products (Peeters et al. 2024) are jointly listed as examples of 'tuple-pair' entity-matching benchmarks that all share the same characterization (pairwise comparison for record-level alignment). This is an enumerated benchmark list, not a disagreement between works.",,,,,,skipped_by_annotator
s1786,skipped,"not_genuine_contrast: this line is a near-duplicate of the abt-buy/Magellan/WDC Products benchmark list found elsewhere in the same survey (commented out with a LaTeX '%' but still real prose once stripped). abt-buy (Kopcke et al. 2010), the Magellan Data Repository (Das et al.), and WDC Products (Peeters et al. 2024) are jointly listed as examples sharing the same characterization (tuple-pair benchmarks for entity resolution), not works in disagreement.",,,,,,skipped_by_annotator
s1788,skipped,"not_genuine_contrast: four survey papers (Li et al. 2023 on LLM attribution, Gupta et al. 2024 and Gao et al. 2023 on RAG, Zhang et al. 2023 'Siren's Song' on hallucination) are jointly grouped as sharing the same limitation -- they examine attribution or RAG evolution but fail to link hallucination types to mitigation strategies. All four are on the same side of this critique, not opposing each other.",,,,,,skipped_by_annotator
s1789,skipped,"not_genuine_contrast: 'Reasoning models don't always say what they think' (Chen et al. 2025, Anthropic) and Turpin et al. 2025 are cited jointly as two works reporting the same phenomenon -- models perform reward hacking without verbalizing the intent in their CoT -- they agree, not disagree.",,,,,,skipped_by_annotator
s1796,skipped,"not_genuine_contrast: default mode network (Raichle 2015), frontoparietal network (Marek & Dosenbach 2018), basal ganglia habit formation (Yin & Knowlton 2006), and controlled/automatic processing (Schneider & Shiffrin 1977) are jointly listed as four examples of brain regions/mechanisms suited to stable, routine processing -- an enumerated list supporting one claim, not a pairwise disagreement.",,,,,,skipped_by_annotator
s1798,skipped,not_genuine_contrast: OSWorld (Xie et al. 2024) and WebArena (Zhou et al. 2024) are cited jointly as two examples of the same category -- agent-centric benchmarks that measure functional memory application via task success rates. They are not presented as disagreeing.,,,,,,skipped_by_annotator
s1800,skipped,not_genuine_contrast: Liu et al. 2021 ('What makes good in-context examples for GPT-3?') and Chen et al. 2023 (understanding in-context learning in vision-language models) are cited jointly merely as examples of open questions about how demonstrations trigger relevant knowledge -- not as opposing claims.,,,,,,skipped_by_annotator
s1801,skipped,"not_genuine_contrast: Mehrabi et al. 2021 (fairness attacks that exacerbate bias) and Guo et al. 2022 (Auto-Debias, a bias-mitigation method) are lumped together under a single claim that data poisoning can introduce or exacerbate bias in foundation models. The sentence does not frame them as opposing each other -- if anything the second citation (a debiasing defense) sits oddly with the claim, suggesting an imprecise joint citation rather than a genuine two-sided contradiction.",,,,,,skipped_by_annotator
s1805,skipped,"not_genuine_contrast: five works (Hendrycks et al. 2021, Liu et al. 2021, Yang et al. 2023, Xia et al. 2024, Nan et al. 2024) are jointly cited as examples of OOD-generalization research sharing the same goal (robustness under unseen environments) -- an enumerated supporting list, not a pairwise disagreement.",,,,,,skipped_by_annotator
s1806,skipped,"not_genuine_contrast: CultureLLM (Li et al. 2024) synthesizes culture-specific instruction data, and the sentence explicitly says MBIAS (Raza et al. 2024) is proposed 'further' -- i.e. as an additional, complementary contribution, not a work that contradicts CultureLLM. This is an additive relationship, not a disagreement.",,,,,,skipped_by_annotator
s1807,skipped,"insufficient_context: the sentence is a garbled/truncated fragment ('\citealt{mghabbar2020building} apply \citealt{tan2019multilingual}), and, conversely, domain adaptation methods are sometimes transferred to multilingual settings (e.g.'). The two resolved refs (Mghabbar & Ratnamogan 2020, Tan et al. 2019) are on the SAME side of the described relationship -- Mghabbar et al. apply Tan et al.'s knowledge-distillation method -- while the citation(s) illustrating the actual 'conversely' clause (domain adaptation transferred to multilingual settings) are cut off before the 500-char truncation and are not present in cited_refs.",,,,,,skipped_by_annotator
s1808,skipped,"not_genuine_contrast: all four works (Piper et al. 2021, Piper 2023, Gervas 2024, Hamilton et al. 2026 NarraBench) are cited together only as prior examples of using narrative theory as an organizational framework for research (in the \redtext{} clause). The actual 'conversely' contrast in this sentence ('theories inform pipelines, conversely LLM research can refine those theories') is the survey's own bidirectional framing of its own contribution, not a claim attributed to any specific pair of these cited works, so there is no disagreement between resolved citations here.",,,,,,skipped_by_annotator
s1811,skipped,not_genuine_contrast: Thought Calibration (Wu et al. 2025) and Adaptive Overclocking (Jiang et al. 2025) are cited jointly as two examples of the same approach -- probing an LLM mid-reasoning to decide whether to continue or stop early -- they support the same claim rather than opposing each other.,,,,,,skipped_by_annotator
s1814,skipped,"not_genuine_contrast: LATTE (Bucker et al. 2023) and 'Yell At Your Robot' (Shi et al. 2024) are cited jointly as two examples supporting the same claim -- that natural language can serve as an intuitive channel for fine-grained trajectory correction. They agree, not disagree.",,,,,,skipped_by_annotator
s1815,skipped,"not_genuine_contrast: five works (Sharma et al. 2025 Constitutional Classifiers, LlamaFirewall, DataSentinel: Liu et al. 2025, PromptShield: Jacob et al. 2024, Shi et al. 2025) are jointly listed as examples of model-based detection (training small classifiers or prompting LLMs) for malicious-prompt filtering -- an enumerated methods list all supporting the same claim about model-based detection, not a pairwise disagreement.",,,,,,skipped_by_annotator
s1816,skipped,not_genuine_contrast: Zhang et al. 2026 (edge general intelligence) and Bhardwaj et al. 2024 (LLMs in edge computing survey) are cited jointly as sharing the same limitation -- treating AI inference as a black-box workload without accounting for agentic demands. Both are on the same side of this critique.,,,,,,skipped_by_annotator
s1818,skipped,"not_genuine_contrast: zhao2021calibrate (Zhao et al. 2021, 'Calibrate before use') is cited as supporting evidence for the survey's own critique of EHR-Bench/EHR-R1 (Liao et al. 2025) -- that token-probability-based evaluation may disadvantage uncalibrated models. This is a support relationship (one work's finding is used to critique another benchmark's design), not a contradiction between what the two works themselves claim.",,,,,,skipped_by_annotator
s1819,skipped,"not_genuine_contrast: MedQA (Jin et al. 2021) and HealthBench (Arora et al. 2025) are used as two representative examples in the survey's own taxonomy of benchmark types (exam-style QA vs. open-ended judge-based), each said to have a different weakness. This is a taxonomic comparison of two complementary benchmark paradigms with different drawbacks, not a claim-vs-claim contradiction between what the two works themselves assert.",,,,,,skipped_by_annotator
s1820,skipped,"not_genuine_contrast: five works (Shen et al. 2023 fine-tuning, Gandikota et al. 2024 Concept Sliders, Chuang et al. 2023 debiasing prompts, Li et al. 2025 fair mapping, Zhang et al. 2023 ITI-GEN) are jointly grouped as sharing the same drawback -- high computational cost and lack of holistic pipeline coverage. All five are on the same side of this critique, not opposing each other.",,,,,,skipped_by_annotator
s1822,skipped,"not_genuine_contrast: CaMeL (Debenedetti et al. 2025) and RobustRAG (Xiang et al. 2024) are cited as examples of single-session mitigations, while MemGPT (Packer et al. 2023), MemoryBank (Zhong et al. 2024), Mem0 (Chhikara et al. 2025), and the memory-poisoning attack paper (Zou et al. 2026) are cited as examples of persistent-memory systems those mitigations don't cover. All six works jointly support one overarching claim (existing mitigations are limited for long-term-memory security) rather than two works disagreeing with each other.",,,,,,skipped_by_annotator
s1823,skipped,"not_genuine_contrast: RT-1 (Brohan et al. 2022), DROID (Khazatsky et al. 2024), and BridgeData V2 (Walke et al. 2023) are jointly listed as three examples of the same category -- single-embodiment datasets -- sharing the same described tradeoff (cleaner formats but narrower embodiment coverage). Not a disagreement between them.",,,,,,skipped_by_annotator
s1824,skipped,"not_genuine_contrast: the sentence itself describes chen2025brightplus (BRIGHT+) as 'its cleaned extension' of su2025bright (BRIGHT) -- a direct lineage/improvement relationship, not a competing or contradictory claim.",,,,,,skipped_by_annotator
s1825,skipped,"not_genuine_contrast: this is the survey's own taxonomy splitting agent-memory research into two complementary paradigms -- an OS/storage-engineering paradigm (MemGPT: Packer et al. 2023, HiAgent: Hu et al. 2024, Memory OS: Kang et al. 2025) versus a cognitive-science-inspired paradigm (MemoryBank: Zhong et al. 2023, 'my agent understands me better': Hou et al. 2024, A-MEM: Xu et al. 2025). Both groups are legitimate, coexisting research directions rather than works making contradictory claims about the same question.",,,,,,skipped_by_annotator
s1826,skipped,"not_genuine_contrast: this is again a taxonomic split of benchmark research into two complementary groups -- benchmarks measuring extraction/internalization of experience (StreamBench: Wu et al. 2024, MemoryBench: Ai et al. 2025) versus benchmarks measuring transfer of experience (Evo-Memory: Wei et al. 2025, LifelongAgentBench: Zheng et al. 2025). Both groups measure different, complementary aspects of agent memory rather than making contradictory claims about the same question.",,,,,,skipped_by_annotator
s1828,skipped,not_genuine_contrast: G-Designer (Zhang et al. 2024) and AFlow (Zhang et al. 2025) are cited jointly as two examples of the same category -- offline-persistent multi-agent systems that lock in a globally optimal architecture before deployment. They are not presented as disagreeing.,,,,,,skipped_by_annotator
s1832,skipped,"not_genuine_contrast: this sentence is a purely descriptive enumeration of three different BEA shared tasks (item-difficulty/response-time prediction in 2024, multilingual lexical simplification in 2024, and AI-tutor pedagogical assessment in 2025), each addressing a distinct topic in a different year. There is no contrast or disagreement being asserted between any of them at all.",,,,,,skipped_by_annotator
s1837,skipped,not_genuine_contrast: VER-Bench (Qiang et al. 2025) and MAC (Jiang et al. 2025) are cited jointly as two examples sharing the same limitation -- remaining decoupled from practical downstream applications. They support the same claim rather than opposing each other.,,,,,,skipped_by_annotator
s1841,skipped,"not_genuine_contrast: Garg 2023 and Bucur et al. 2026 are both survey papers about the abundance of social-media mental-health datasets, cited jointly on the SAME side of the sentence's contrast (many social-media datasets exist). The actual opposing side of the contrast -- clinical datasets being scarce -- has no citations among cited_refs, so the two resolved works are not disagreeing with each other.",,,,,,skipped_by_annotator
s1842,skipped,"not_genuine_contrast: The sentence lists four works (Zhang et al. 2024 'Common sense reasoning for deepfake detection', Yu et al. 2025 LVLM-based deepfake detection, Shen et al. 2025 AuthGuard, Gao et al. 2025 DAVID-XR1) as joint examples of the same 'common-sense and reasoning-heavy detection' trajectory the sentence endorses -- they are not opposed to each other, they all instantiate fact-level/reasoning-based deepfake detection. The 'Conversely' marker contrasts this whole group against an earlier clause about generators that suppress artifacts and visual-only cues becoming insufficient, which is not itself a cited work in cited_refs, so there is no genuine pairwise disagreement among the four resolved citations.",,,,,,skipped_by_annotator
s1848,skipped,"not_genuine_contrast: zhang2023videollama (Video-LLaMA) is cited as an example of a zero-shot video-language model whose benchmark score (3.44) the survey found weak, while app4fans_com_li2025multi (a soccer-commentary RAG paper) is cited only as an example of the RAG technique offered as a possible remedy for the linguistic gap. These are not two works making opposing claims about the same question -- one is a demonstration of failure, the other is an example of a proposed fix -- so there is no genuine two-sided disagreement between their actual findings; additionally both context fields contain only bibliographic metadata with no abstract, so even if a contrast were intended there is not enough content about either work's actual claims to build grounded hypotheses.",,,,,,skipped_by_annotator
s1851,skipped,"not_genuine_contrast: wang2024survey, guo2024large, li2024survey, and ferrag2025llm are four domain-general LLM-agent survey papers cited together in joint support of a single claim -- that such surveys collectively 'seldom address time-series-specific challenges.' They are not disagreeing with each other; the sentence groups them as shared examples of a gap, so there is no pairwise contradiction among the resolved citations.",,,,,,skipped_by_annotator
s1853,skipped,"not_genuine_contrast: RaR (Gunjal et al., 'Rubrics as Rewards') and Rubric-ARM (Xu et al., 'Alternating Reinforcement Learning for Rubric-Based Reward Modeling') are cited jointly as two examples of the same category ('instance-specific frameworks') that share the same drawback -- both require online synthesis of conditional rubrics with per-instance overhead. The sentence does not pit them against each other; it groups them as agreeing exemplars of one side of a taxonomy, with the actual contrasted category (cacheable/static rubric approaches) appearing earlier in the source text outside the resolved cited_refs.",,,,,,skipped_by_annotator
s1854,skipped,"not_genuine_contrast: The three CNN-based steganalysis papers (Yang et al. 2020 TS-CSW, Xue et al. 2022 hierarchical mutual learning, Xu et al. 2023 local+global feature steganalysis) are cited together as joint examples sharing the same property described in the sentence -- focusing on local text fragments and short n-grams. They agree with each other rather than disagreeing; the 'on the other hand' marker contrasts this CNN-based group against a different (e.g., RNN/Transformer-based) family of methods discussed earlier in the survey that is not among these cited_refs.",,,,,,skipped_by_annotator
s1855,skipped,"not_genuine_contrast: zhao2020linear, jain2020trained, and Sakr2022OptimalCA are three hardware-aware quantization papers cited together as joint examples of the same approach -- restricting ranges to symmetric/fixed-point thresholds for integer-only compatibility. They are not opposed to one another; the 'On the other hand' marker contrasts this whole group against a different (e.g., software-only/floating-range) family of methods discussed earlier in the survey, not among these cited_refs.",,,,,,skipped_by_annotator
s1856,skipped,"not_genuine_contrast: xu2023qa (QA-LoRA), ke2024dl (DL-QAT), lee-etal-2024-qeft (QEFT), and jeon2025l4q (L4Q) are four Q-PEFT methods cited together as joint examples subject to the same critique in the sentence -- that their reported MMLU/commonsense gains may reflect adaptation rather than quantization quality. They are not disagreeing with each other; they are grouped as exemplars of one class of methods sharing the same limitation.",,,,,,skipped_by_annotator
s1858,skipped,"not_genuine_contrast: yang2025worldrft (WorldRFT) and zheng2025world4drive (World4Drive) are both latent world-model planning papers for autonomous driving from overlapping author teams, cited together as joint examples of the 'latent rollout that is not human-readable' side of the sentence's contrast. Both works are on the SAME side of the stated opposition (interpretable textual explanation vs. non-human-readable latent rollout); the other side (textual/interpretable explanation methods) has no citation in cited_refs, so there is no pairwise disagreement between the two resolved works.",,,,,,skipped_by_annotator
s1859,skipped,"not_genuine_contrast: li2020federated (FedProx) and yao2020continual are cited jointly with li2021model (MOON, Model-Contrastive Federated Learning) as examples of objective-modification approaches that penalize divergence from the global model. li2021model is then cited again for the 'conversely' clause (encouraging deviation from the previous local model) because MOON's contrastive loss term does both simultaneously -- pulling representations toward the global model and away from the previous local model -- so it is the same method instantiating both facets of one taxonomy, not a different work disagreeing with the first group. There is no genuine two-sided disagreement between two distinct cited works here.",,,,,,skipped_by_annotator
