file,sentence,cited_keys,survey_arxiv_id,survey_title
2_bibliography_research.tex,"\begin{examps} \item $X$ wrote $Y$.\label{pattern1} \item $Y$ was written by $X$.\label{pattern2} \item $X$ is the writer of $Y$.\label{pattern3} \end{examps} Textual entailment methods, on the other hand, recognize, generate, or extract pairs $\left<T, H\right>$ of natural language expressions, such that a human who reads (and trusts) $T$ would infer that $H$ is most likely also true \cite{Dagan2006}.",Dagan2006,0912.3747,A Survey of Paraphrasing and Textual Entailment Methods
robots.tex,"RHINO, on the other hand \cite{Rhino}, could respond to tour-start commands, but then, again, just offered a pre-programmed tour with fixed programmer-defined verbal descriptions.",Rhino,1401.4994,A Review of Verbal and Non-Verbal Human-Robot Interactive Communication
robots.tex,"On the other hand, consider a dialogue such as (from the robot BIRON at Bielefeld, dialogue in \cite{wrede2006analyses}), which is an example of a dialogue with limited mixed initiative: R: ``Hello Human!'' H: ``Hello!",wrede2006analyses,1401.4994,A Review of Verbal and Non-Verbal Human-Robot Interactive Communication
part-methods.tex,"% On the other hand, \textbf{string-to-tree} methods \cite{Yamada:02a,Galley:04,Marcu:06,Shen:10} employ syntax as a way to restrict translation hypotheses to well-formed target language sentences --- ruling out, for instance, a translation that fails to reorder the translated verb \textit{renewed} with respect to its subject.","Yamada:02a,Galley:04,Marcu:06,Shen:10",1502.04938,A Survey of Word Reordering in Statistical Machine Translation: Computational Models and Language Phenomena
conclusion.tex,"On the other hand, much work in the CL community has focused on structured modeling approaches that take a step towards addressing these issues \cite{joshi2012multi,joshi2013s}.","joshi2012multi,joshi2013s",1508.07544,Computational Sociolinguistics: A Survey
methods.tex,"On the other hand, more recently the agency of speakers is playing a more central role as well in variationist sociolinguistics \cite{eckert2012three}.",eckert2012three,1508.07544,Computational Sociolinguistics: A Survey
main.tex,"On the other hand, \citeN{15} present a balanced dataset of 15k tweets.",15,1602.03426,Automatic Sarcasm Detection: A Survey
article_main.tex,"On the other hand, a considerable amount of literature has been published on the techniques used to identify spam and spammers as well as different type of analysis on this topic \cite{Heydari2015, Crawford2015}.","Heydari2015, Crawford2015",1703.03609,NetSpam: a Network-based Spam Detection Framework for Reviews in Online Social Media
evaluation.tex,"On the other hand, in the evaluation of {\sc bt-nurse}, a successor to {\sc bt-45} which summarised patient data collected over a twelve-hour shift \cite{Hunter2012}, the system was evaluated on-ward using live patient data, but ethical considerations precluded a task-based evaluation.",Hunter2012,1703.09902,"Survey of the State of the Art in Natural Language Generation: Core tasks, applications and evaluation"
introduction.tex,"Conversely, a data-to-text generation system could conceivably rely on text-to-text generation techniques for learning how to express pieces of data in different or creative ways \cite{Mcintyre2009,Gatt2009,Kondadadi2013}.","Mcintyre2009,Gatt2009,Kondadadi2013",1703.09902,"Survey of the State of the Art in Natural Language Generation: Core tasks, applications and evaluation"
relatedwork.tex,On the other hand in \cite{Galvis} authors devised the same topic modeling using LDA to identify requirements that can be used by engineers to revise the app for subsequent releases.,Galvis,1708.04968,Fault in your stars: An Analysis of Android App Reviews
review-comp-opin.tex,"On the other hand, Liu et al.~\cite{Liu5} studied analysing and comparing competing products based on opinions rather than on comparative sentences as a whole.",Liu5,1712.08941,Comparative Opinion Mining: A Review
review-comp-opin.tex,"On the other hand, Ganapathibhotla \& Jindal~\cite{Ganapathibhotla8} worked on opinion in comparative sentences in which they made use of opinionated comparative words, context and application domain in detecting opinion in comparative sentences.",Ganapathibhotla8,1712.08941,Comparative Opinion Mining: A Review
main.tex,"On the other hand, the softmax probability of word generation is computed based on decoder's hidden state at time $h_t$, the input context vector $c^e_t$, and decoder context vector $c_t^d$: %$$p(y_t|s_t=0) = \text{softmax}f(h_t,c^e_t, c_t^d).$$The final probably distribution for words at time step $t$ is then the same as in \cite{abs4_SeeLM17}.",abs4_SeeLM17,1804.04589,A Survey on Neural Network-Based Summarization Methods
ShortSurvey.tex,"% TJB: ref for XGBoost % TSJ: ref added \cite{barbaresi1} found that gradient boosting gave better results than RFs, while conversely, \cite{martinc1} found that LR gave better results than gradient boosting.",barbaresi1;martinc1,1804.08186,Automatic Language Identification in Texts: A Survey
ShortSurvey.tex,"Conversely \cite{jauhiainen6} found that, for the same method, the best results for the evaluation set were attained with 20,000 features per language.",jauhiainen6,1804.08186,Automatic Language Identification in Texts: A Survey
arXiv-tem.tex,~\cite{risch2016detecting} on the other hand studied and used LDA for detecting Twitter topics.,risch2016detecting,1804.08234,PeRView: A Framework for Personalized Review Selection Using Micro-Reviews
arXiv-tem.tex,Liu~{et~al.}~\cite{LiuMSZ10a}[27] on the other hand used feature selection approach used in data mining and its utility in reducing complexity in data mining procedures.,LiuMSZ10a,1804.08234,PeRView: A Framework for Personalized Review Selection Using Micro-Reviews
misinfo-survey-clean.tex,"Conversely, disinformation is spread \emph{with} the intent to deceive~\cite{pomerantsev2014menace}.",pomerantsev2014menace,1804.08559,False Information on Web and Social Media: A Survey
sample.tex,"On the other hand, collaboratively-constructed resources (e.g., Wikipedia or Wiktionary) provide features such as encyclopedic information, wider coverage, multilinguality and up-to-dateness.\footnote{In addition to these two types of resource, another recent branch is investigating the automatic construction of knowledge resources (particularly WordNet-like) from scratch \cite{khodak2017automated,ustalov2017watset}.","khodak2017automated,ustalov2017watset",1805.04032,From Word to Sense Embeddings: A Survey on Vector Representations of Meaning
anaphora-and-coreference-resolution.tex,"Lappin and Leass~\citep{lappin1994algorithm} algorithm, on the other hand, can be seen as a hybrid since it was both syntax- and discourse-based.",lappin1994algorithm,1805.11824,Anaphora and Coreference Resolution: A Review
coling2018.tex,"On the other hand, the model centric category focuses on NMT models that are specialized for domain adaptation, which can be either the training objective \cite{luong2015stanford,sennrich-haddow-birch:2016:P16-11,domspec,domfast,iwnmt,costweighting,varga:2017,dakw:17fine,chu:2017:ACL,micelibarone-EtAl:2017:EMNLP2017}, the NMT architecture \cite{domcont,DBLP:journals/corr/GulcehreFXCBLBS15,britz-le-pryzant:2017:WMT} or the decoding algorithm \cite{DBLP:journals/corr/GulcehreFXCBLBS15,dakw:17fine,","luong2015stanford,sennrich-haddow-birch:2016:P16-11,domspec,domfast,iwnmt,costweighting,varga:2017,dakw:17fine,chu:2017:ACL,micelibarone-EtAl:2017:EMNLP2017;domcont,DBLP:journals/corr/GulcehreFXCBLBS15,britz-le-pryzant:2017:WMT;DBLP:journals/corr/GulcehreFXCBLBS15,dakw:17fine,khayrallah-EtAl:2017:I17-2",1806.00258,A Survey of Domain Adaptation for Neural Machine Translation
main.tex,"On the other hand, hybrid approaches \cite{yang2013joint} combine the robustness and the high accuracy of Machine Learning (ML) algorithms with the fine-grained modeling of linguistic rules.",yang2013joint,1806.07787,Opinion Dynamics Modeling for Movie Review Transcripts Classification with Hidden Conditional Random Fields
2_typology.tex,"%Example for phonemic: consonant phoneme inventory \cite{lindblom1988phonetic} On the other hand, \textit{semantic} typology studies languages at the semantic and pragmatic levels.",lindblom1988phonetic,1807.00914,Modeling Language Variation and Universals: A Survey on Typological Linguistics for Natural Language Processing
2_typology.tex,"On the other hand, functional principles allow the speakers to draw similar inferences from similar contexts, leading to locally motivated pathways of diachronic change through the process known as \textit{grammaticalization} \citep{greenberg1966synchronic,greenberg1978diachrony,bybee1988diachronic}.","greenberg1966synchronic,greenberg1978diachrony,bybee1988diachronic",1807.00914,Modeling Language Variation and Universals: A Survey on Typological Linguistics for Natural Language Processing
samplebody-conf-v1.tex,"On the other hand, \cite{knijnenburg2012explaining} indicates users' subjective reviews of their interaction influence others experience, but they have not gain observable attention.",knijnenburg2012explaining,1807.06978,Improving Explainable Recommendations with Synthetic Reviews
samplebody-conf-v1.tex,"On the other hand, \cite{knijnenburg2012explaining} indicates users' subjective reviews of their interaction influence others experience, but they have not gain observable attention.",knijnenburg2012explaining,1807.06978,Improving Explainable Recommendations with Synthetic Reviews
samplebody-conf-v1.tex,"On the other hand, deep learning techniques have improved the machine generated text, especially recurrent neural networks (RNNs) \cite{sutskever2011generating}.",sutskever2011generating,1807.06978,Improving Explainable Recommendations with Synthetic Reviews
samplebody-conf-v1.tex,"On the other hand, neural network has recently shown improvements in natural language processing (NLP) domain, such as text classification \cite{hughes2017medical}, sentiment analysis \cite{wang2018sentiment}, and text generation \cite{DBLP:conf/iui/CostaODL18, sutskever2011generating}.","hughes2017medical;wang2018sentiment;DBLP:conf/iui/CostaODL18, sutskever2011generating",1807.06978,Improving Explainable Recommendations with Synthetic Reviews
samplebody-conf-v1.tex,"On the other hand, neural network also performed marvelous performance in natural language process (NLP) domain recently, such as text classification \cite{hughes2017medical}, sentiment analysis \cite{wang2018sentiment}, and text generation \cite{DBLP:conf/iui/CostaODL18, sutskever2011generating}.","hughes2017medical;wang2018sentiment;DBLP:conf/iui/CostaODL18, sutskever2011generating",1807.06978,Improving Explainable Recommendations with Synthetic Reviews
samplebody-conf-v1.tex,"On the other hand, we use DeepCoNN \cite{zheng2017joint} to analyze our generated reviews on recommendation task.",zheng2017joint,1807.06978,Improving Explainable Recommendations with Synthetic Reviews
samplebody-conf-v1.tex,"On the other hand, we use DeepCoNN \cite{zheng2017joint}, a novel deep learning recommender system making use of reviews for rating prediction, to analyze our generated reviews on recommendation point.",zheng2017joint,1807.06978,Improving Explainable Recommendations with Synthetic Reviews
samplebody-conf-v2.tex,"On the other hand, deep learning techniques have improved the machine generated text, especially recurrent neural networks (RNNs) \cite{sutskever2011generating}.",sutskever2011generating,1807.06978,Improving Explainable Recommendations with Synthetic Reviews
samplebody-conf-v2.tex,"On the other hand, neural networks have recently shown improvements in the natural language processing (NLP) domain, such as text classification \cite{hughes2017medical}, sentiment analysis \cite{wang2018sentiment}, and text generation \cite{DBLP:conf/iui/CostaODL18, sutskever2011generating}.","hughes2017medical;wang2018sentiment;DBLP:conf/iui/CostaODL18, sutskever2011generating",1807.06978,Improving Explainable Recommendations with Synthetic Reviews
captioning.tex,"On the other hand, template-based models \cite{Kulkarni2013,Yang2016} focused on extracting words or grammatical units from query images.","Kulkarni2013,Yang2016",1807.10854,A Survey of the Usages of Deep Learning in Natural Language Processing
main1.tex,"%On the other hand, the authors in \cite{c8} used the ML approach, they developed a framework that analyze Arabic tweets and comments and then classify them to positive, negative, or neutral sentiment.",c8,1809.02782,Sentiment analysis for Arabic language: A brief survey of approaches and techniques
discussion.tex,"On the other hand, the existing HIPAA Safe Harbor standard may already limit researchers’ ability to perform various studies by masking relevant information, such as restricting location to three-digit zip codes (applicable to many social and public health studies), which may limit accuracy in health research (\cite{benitez2010beyond}).",benitez2010beyond,1810.06765,A survey of automatic de-identification of longitudinal clinical narratives
icis.tex,"On the other hand, the results of, for example, \citet{Mudambi.2010} indicate the greater helpfulness of positive reviews.",Mudambi.2010,1810.10942,Understanding the Role of Two-Sided Argumentation in Online Consumer Reviews: A Language-Based Perspective
samplebody-journals.tex,"On the other hand, these (discriminative) attributes identified can be used to automatically detect fake news using its writing style, where a typical study using supervised learning can be seen in \cite{zhou2019content}; we will provide further details in Section \ref{sec::style}.",zhou2019content,1812.00315,"A Survey of Fake News: Fundamental Theories, Detection Methods, and Opportunities"
samplebody-journals.tex,"On the other hand, to be further processed by neural networks such as VGG-16/19~\cite{simonyan2014very} to obtain a latent representation, each image is often embedded as a pixel matrix or tensor with size $width\times height\times \#channel(s)$, where channels can be the gray value (\#channels=1) or RGB data (\#channels=3).",simonyan2014very,1812.00315,"A Survey of Fake News: Fundamental Theories, Detection Methods, and Opportunities"
samplebody-journals.tex,"On the other hand, these (discriminative) attributes identified can be used to automatically detect fake news using its writing style, where a typical study using supervised learning can be seen in \cite{zhou2019content}; we will provide further details in Section \ref{sec::style}.",zhou2019content,1812.00315,"A Survey of Fake News: Fundamental Theories, Detection Methods, and Opportunities"
samplebody-journals.tex,"On the other hand, to be further processed by neural networks such as VGG-16/19~\cite{simonyan2014very} to obtain a latent representation, each image is often embedded as a pixel matrix or tensor with size $width\times height\times \#channel(s)$, where channels can be the gray value (\#channels=1) or RGB data (\#channels=3).",simonyan2014very,1812.00315,"A Survey of Fake News: Fundamental Theories, Detection Methods, and Opportunities"
early_attempts.tex,"On the other hand, \citet{zelle1996learning} build a framework which converts the natural language sentence to a database query, facilitating straightforward evaluation: by implementing the query on the database, one can check if the answer returned is satisfactory.",zelle1996learning,1812.00978,A Survey on Semantic Parsing
task.tex,"On the other hand, when the language is noisy, \textit{floating rules} have the advantage of being able to capture ill formed sentences such as those produced when dealing with crowd sourced utterances \cite{wang2015building}, at the cost of producing many more candidate derivations \cite{berant2014semantic,pasupat2015compositional}.","wang2015building;berant2014semantic,pasupat2015compositional",1812.00978,A Survey on Semantic Parsing
from_denotations.tex,"On the other hand, unstructured QA \cite{das2017question,chen2017reading,wang2018r3,sun2018open} mainly focuses on the retrieval task of matching queries to documents and then obtaining the answer using some local context such as the paragraph or sentence that is retrieved.","das2017question,chen2017reading,wang2018r3,sun2018open",1812.00978,A Survey on Semantic Parsing
early_attempts.tex,"On the other hand, \citet{zelle1996learning} build a framework which converts the natural language sentence to a database query, facilitating straightforward evaluation: by implementing the query on the database, one can check if the answer returned is satisfactory.",zelle1996learning,1812.00978,A Survey on Semantic Parsing
task.tex,"On the other hand, when the language is noisy, \textit{floating rules} have the advantage of being able to capture ill formed sentences such as those produced when dealing with crowd sourced utterances \cite{wang2015building}, at the cost of producing many more candidate derivations \cite{berant2014semantic,pasupat2015compositional}.","wang2015building;berant2014semantic,pasupat2015compositional",1812.00978,A Survey on Semantic Parsing
from_denotations.tex,"On the other hand, unstructured QA \cite{das2017question,chen2017reading,wang2018r3,sun2018open} mainly focuses on the retrieval task of matching queries to documents and then obtaining the answer using some local context such as the paragraph or sentence that is retrieved.","das2017question,chen2017reading,wang2018r3,sun2018open",1812.00978,A Survey on Semantic Parsing
aistats2019.tex,"%Inspired by variational auto-encoders (VAE) \cite{kingma2013auto, rezende2014stochastic}, %Probabilistic approaches on the other hand, allows for designing the structure corresponding to data, as well as tendency to learn interpretable topics therefore learning representation that potentially can be used for various tasks, inference quickly becomes a difficult task as the model becomes more complicated due to replying on conjugacy.","kingma2013auto, rezende2014stochastic",1812.05035,Structured Neural Topic Models for Reviews
SurveyFinal.tex,"On the other hand, Transformer encoder is faster than recursive layers when the length of the sequence $n$ is smaller than the dimensionality of the representation $d$ (complexities: self-attention $\mathcal{O} (n^2 \cdot d)$ and recurrent $\mathcal{O} (n\cdot d^2)$) \cite{vaswani2017attention}.",vaswani2017attention,1812.09449,A Survey on Deep Learning for Named Entity Recognition
content.tex,"On the other hand, network embedding contains other non-deep learning methods such as matrix factorization \cite{IJCAI-18-Shen,ICDM-18-Hong} and random walks \cite{perozzi2014deepwalk}.","IJCAI-18-Shen,ICDM-18-Hong;perozzi2014deepwalk",1901.00596,A Comprehensive Survey on Graph Neural Networks
content.tex,"On the other hand, network embedding contains other non-deep learning methods such as matrix factorization \cite{IJCAI-18-Shen,ICDM-18-Hong} and random walks \cite{perozzi2014deepwalk}.","IJCAI-18-Shen,ICDM-18-Hong;perozzi2014deepwalk",1901.00596,A Comprehensive Survey on Graph Neural Networks
discourse-nmt-eval.tex,"Conversely, non-WSD errors are equated to cohesion errors, although the authors concede that ``these types are not mutually exclusive and the distinction is not always so clear.'' While cohesion errors \emph{per se} can in principle be counted automatically \citep{D12-1097}, WSD errors, as well as non-WSD errors not related to cohesion (e.g.\ due to collocations or terminology) are more difficult to spot without human intervention.",D12-1097,1901.09115,Context in Neural Machine Translation: A Review of Models and Evaluations
Towards_a_Robust_Deep_Neural_Network_in_Texts_A_Survey.tex,"On the other hand, enhancing the transferability is meaningful in more practical black-box attacks, and the combination of optimization-based and transferability-based methods is another viable way like the work in \cite{fsjcdeyt2020}.",fsjcdeyt2020,1902.07285,Towards a Robust Deep Neural Network in Texts: A Survey
content.tex,"On the other hand, \cite{shao2017efficient} use co-mentions in tweets to create a social network of users.",shao2017efficient,1903.05801,Survey of Text-based Epidemic Intelligence: A Computational Linguistic Perspective
main.tex,"On the other hand, consumers tend to research on consumer electronics products because these products change very frequently, with new products and updates of existing ones~\cite{chakraborty2018effects}.",chakraborty2018effects,1903.12452,A framework for fake review detection in online consumer electronics retailers
2-benchmarks.tex,"On the other hand, since the linguistic structures which refer to specific events are much more flexible than those for entities \cite{chenGraphbasedEventCoreference2009}, disambiguating event references may be more challenging than the existing benchmarks for entity reference resolution.",chenGraphbasedEventCoreference2009,1904.01172,"Recent Advances in Natural Language Inference: A Survey of Benchmarks, Resources, and Approaches"
2-benchmarks.tex,"Conversely, on large benchmarks with over 100,000 examples, such as SQuAD 1.1 \cite{rajpurkarSQuAD1000002016}, SWAG \cite{zellersSWAGLargeScaleAdversarial2018}, and GLUE \cite{wangGLUEMultiTaskBenchmark2018}, we see the highest state-of-the-art performance, and some of the biggest improvements in state-of-the-art performance since release.} \textcolor{black}{While this is intuitive, we do see some anomalies.",rajpurkarSQuAD1000002016;zellersSWAGLargeScaleAdversarial2018;wangGLUEMultiTaskBenchmark2018,1904.01172,"Recent Advances in Natural Language Inference: A Survey of Benchmarks, Resources, and Approaches"
1-intro.tex,"While domain-specific knowledge is obviously useful for domain-specific applications, much of this knowledge may not be needed for general-purpose communication with humans.} \paragraph{Commonsense knowledge.} \textcolor{black}{\textit{Commonsense knowledge}, on the other hand, is typically unstated, as it is considered obvious to most humans \cite{cambriaIsanetteCommonCommon2011a}, and consists of universally accepted beliefs about the world \cite{nunbergPositionPaperCommonsense1987}.",cambriaIsanetteCommonCommon2011a;nunbergPositionPaperCommonsense1987,1904.01172,"Recent Advances in Natural Language Inference: A Survey of Benchmarks, Resources, and Approaches"
3-resources.tex,"Information for using Wikidata can be found at \url{https://www.wikidata.org/}.} \subsubsection{Commonsense Knowledge Resources}\label{representation commonsense} Commonsense knowledge, on the other hand, is considered obvious to most humans, and not likely to be explicitly stated \cite{cambriaIsanetteCommonCommon2011a}.",cambriaIsanetteCommonCommon2011a,1904.01172,"Recent Advances in Natural Language Inference: A Survey of Benchmarks, Resources, and Approaches"
tist-acmsmall.tex,"On the other hand, ViLBERT \cite{NEURIPS2019_c74d97b0} and LXMERT \cite{DBLP:conf/emnlp/TanB19} fall in the multi-stream category, where independent Transformers for used for each modality first and later cross-modal representations are learned using another co-attentional Transformer.",NEURIPS2019_c74d97b0;DBLP:conf/emnlp/TanB19,1904.02874,An Attentive Survey of Attention Models
information-479316.tex,"Accuracy and error~($\frac{FP+FN}{TP+TN+FP+FN}=1-\text{accuracy}$), on the other hand, are not widely used for text classification applications because they are insensitive to variations in the number of correct decisions due to the large value of the denominator~($TP+TN$)~\cite{yang1999evaluation}.",yang1999evaluation,1904.08067,Text Classification Algorithms: A Survey
main.tex,"Supervised methods on the other hand, have more powerful modeling capabilities and typically achieve higher accuracy than the unsupervised ones according to previous studies \citep{DBLP:journals/lre/KimMKB13, caragea2014citation, meng2017deep}.","DBLP:journals/lre/KimMKB13, caragea2014citation, meng2017deep",1905.05044,A Review of Keyphrase Extraction
transfer_learning.tex,"On the other hand, \citet{nguyen17} utilized the lexical similarity between related source languages using a small subword vocabulary.",nguyen17,1905.05395,A Brief Survey of Multilingual Neural Machine Translation
auxiliary.tex,"On the other hand, \citet{C18-1263} propose a simple modification to \citet{johnson17} by augmenting the model input.",C18-1263;johnson17,1905.05395,A Brief Survey of Multilingual Neural Machine Translation
auxiliary.tex,"On the other hand, \citet{D18-1039} improved upon \citet{C18-1263} to generate parameters on the fly for different language pairs.",D18-1039;C18-1263,1905.05395,A Brief Survey of Multilingual Neural Machine Translation
multiway.tex,"On the other hand, \citet{firat16} proposed a model comprised of separate embeddings, encoders and decoders for each language.",firat16,1905.05395,A Brief Survey of Multilingual Neural Machine Translation
multiway.tex,"On the other hand, \citet{platanios18} improved upon \citet{blackwood18} to generate parameters on the fly for different language pairs.",platanios18;blackwood18,1905.05395,A Brief Survey of Multilingual Neural Machine Translation
main.tex,"Humans, on the other hand, need twenty minutes~\cite{maldonado2015detecting} to assess if those 100 comments a for ``self-admitted technical debt'' (defined later in this paper).",maldonado2015detecting,1905.08297,Better Technical Debt Detection via SURVEYing
05_discussion.tex,"On the other hand, previous studies suggested the use of mobile devices may prevent people from entering quality answers to open-ended questions \cite{mavletova2013data,wells2014comparison,antoun2017effects}.","mavletova2013data,wells2014comparison,antoun2017effects",1905.10700,Tell Me About Yourself: Using an AI-Powered Chatbot to Conduct Conversational Surveys with Open-ended Questions
02_relatedwork.tex,"On the other hand, chatbots can naturally employ a diverse set of conversation prompts to elicit information interactively, such as question prompts ~\cite{zhang2018towards}, follow-up probes \cite{tallyn2018ethnobot}, and topic-specific discussions ~\cite{ricci2015recommender,radlinski2017theoretical}.","zhang2018towards;tallyn2018ethnobot;ricci2015recommender,radlinski2017theoretical",1905.10700,Tell Me About Yourself: Using an AI-Powered Chatbot to Conduct Conversational Surveys with Open-ended Questions
05_discussion.tex,"On the other hand, previous studies suggested the use of mobile devices may prevent people from entering quality answers to open-ended questions \cite{mavletova2013data,wells2014comparison,antoun2017effects}.","mavletova2013data,wells2014comparison,antoun2017effects",1905.10700,Tell Me About Yourself: Using an AI-Powered Chatbot to Conduct Conversational Surveys with Open-ended Questions
02_relatedwork.tex,"On the other hand, chatbots can naturally employ a diverse set of conversation prompts to elicit information interactively, such as question prompts ~\cite{zhang2018towards}, follow-up probes \cite{tallyn2018ethnobot}, and topic-specific discussions ~\cite{ricci2015recommender,radlinski2017theoretical}.","zhang2018towards;tallyn2018ethnobot;ricci2015recommender,radlinski2017theoretical",1905.10700,Tell Me About Yourself: Using an AI-Powered Chatbot to Conduct Conversational Surveys with Open-ended Questions
03_Sinhala.tex,"On the other hand, the most prolific single project of Sinhala NLP we have observed so far is an attempt to create an end-to-end Sinhala-to-English translator~\cite{hettige2006morphological,hettige2006parser,hettige2006first,hettige2007developing,hettige2007transliteration,hettige2007using,hettige2008web,hettige2008web1,hettige2009theoretical,hettige2010evaluation,hettige2010varanageema,hettige2011computational,hettige2013selected,hettige2012multi,hettige2013masmt,hettige2014sinhala,hettige2016m","hettige2006morphological,hettige2006parser,hettige2006first,hettige2007developing,hettige2007transliteration,hettige2007using,hettige2008web,hettige2008web1,hettige2009theoretical,hettige2010evaluation,hettige2010varanageema,hettige2011computational,hettige2013selected,hettige2012multi,hettige2013masmt,hettige2014sinhala,hettige2016multi,hettige2017phrase,hettige2021masmt4",1906.02358,Survey on Publicly Available Sinhala Natural Language Processing Tools and Research
03_Sinhala.tex,"\citet{nayanathara2025enhancing}, on the other hand, propose to use the \texttt{VITS} architecture~\cite{kim2021conditional}\footURL{https://github.com/jaywalnut310/vits} for the same task.",nayanathara2025enhancing;kim2021conditional,1906.02358,Survey on Publicly Available Sinhala Natural Language Processing Tools and Research
03_Sinhala.tex,% \citet{sen2019parallel} on the other hand attempted to improve the quality of the Sinhala-English parallel corpora using fuzzy string matching where they tried to match the English translation of the given Sinhala sentence to the English sentence in the dataset pair.,sen2019parallel,1906.02358,Survey on Publicly Available Sinhala Natural Language Processing Tools and Research
03_Sinhala.tex,\citet{thennakon2025real} on the other hand reports 96\% accuracy in recognising real-time Sinhala Sign Language signs.,thennakon2025real,1906.02358,Survey on Publicly Available Sinhala Natural Language Processing Tools and Research
stance_and_fakenews.tex,"The same goes for \textit{veracity classification} which, on the other hand, is the task of resolving some claim by analysing crowd reactions\cite{derczynski17}.",derczynski17,1907.00181,Fake News Detection using Stance Classification: A Survey
stance_and_fakenews.tex,"""Denmark is the most environmentally-friendly country in the world"" on the other hand could be considered fake news, as Denmark ranks 3 by EPI\footnote{see https://epi.envirocenter.yale.edu/epi-topline} and since the intention could be to lead people to buy specific environmentally-friendly products \texttt{PHEME} is a project dealing with the fake news detection problem described above, focusing on veracity of data in social media and on the web\cite{pheme}.",pheme,1907.00181,Fake News Detection using Stance Classification: A Survey
charnets_long.tex,"With character graphs in particular, on the one hand too large windows will miss many details, as relationships in works of fiction can evolve quickly, and on the other hand too small windows will result in very unstable networks, which may hide relevant information~\cite{Oelke2013}.",Oelke2013,1907.02704,Extraction and Analysis of Fictional Character Networks: A Survey
XAISurvey.tex,"On the other hand, the exposition \cite{pmid30790315} argues that a certain degree of opaqueness is acceptable, i.e.",pmid30790315,1907.07374,A Survey on Explainable Artificial Intelligence (XAI): Towards Medical XAI
coling2020.tex,"The second best approach \cite{spmmmp}, with macro F$_1$ $75.52\%$, on the other hand, employed an ensemble of CNNs whose outputs were fed to a meta classifier for final prediction.",spmmmp,1908.06024,Tackling Online Abuse: A Survey of Automated Abuse Detection Methods
coling2020.tex,"On the other hand, automated systems can invalidate abusive experiences, particularly for victims whose experiences may not lie in the realm of \textit{typical} ones \cite{blackwell2017classification}.",blackwell2017classification,1908.06024,Tackling Online Abuse: A Survey of Automated Abuse Detection Methods
acl2019.tex,"On the other hand, the injection of fine-grained polarity information has been shown to be a key ingredient to build competitive sentiment predictors by \citet{socher2013recursive}.",socher2013recursive,1908.11216,From the Token to the Review: A Hierarchical Multimodal approach to Opinion Mining
emnlp2016.tex,"On the other hand, the system by \cite{hhu:16} was the best performing at both tweet and token level for the MSA-DA data set.",hhu:16,1909.13016,Overview for the Second Shared Task on Language Identification in Code-Switched Data
fruct.tex,"Authors of \cite{Villmow2018}, on the other hand, utilized a more complex neural network structure based on LSTMs (Long Short-Term Memory) to build an end-to-end keyphrase extraction system that eliminates the need for manual engineering of statistical features.",Villmow2018,1910.05059,Keyphrase Generation: A Multi-Aspect Survey
fruct.tex,"TS studies, on the other hand, have been mostly based on news articles (e.g., \cite{McKeown1995}, \cite{Kaikhah2004} or \cite{Harabagiu2005}).",McKeown1995;Kaikhah2004;Harabagiu2005,1910.05059,Keyphrase Generation: A Multi-Aspect Survey
main.tex,"On the other hand, Obj-GAN~\citep{DBLP:journals/corr/abs-1902-10740} focuses on object centered text-to-image synthesis.",DBLP:journals/corr/abs-1902-10740,1910.09399,A Survey and Taxonomy of Adversarial Neural Networks for Text-to-Image Synthesis
Applications.tex,"%} On the other hand, DKRL~\cite{xie2016representation} has been evaluated on all kinds of link prediction tasks: head, tail, and relation predictions.",xie2016representation,1910.12507,A Survey on Knowledge Graph Embeddings with Literals: Which model links better Literal-ly?
Applications.tex,"On the other hand, data linking and document classification tasks have been used in LiteralE with blocking \cite{de2018towards} and KGlove with literals \cite{cochez2018first} respectively (refer to \cite{de2018towards} and \cite{cochez2018first} for more details).",de2018towards;cochez2018first;de2018towards;cochez2018first,1910.12507,A Survey on Knowledge Graph Embeddings with Literals: Which model links better Literal-ly?
sec2-background.tex,"Beam search \cite{Graves:12}, on the other hand, keeps a fixed number (\textit{b}) of translation hypotheses with the highest log-probability at each timestep.",Graves:12,1912.08494,A Survey on Document-level Neural Machine Translation: Methods and Evaluation
main.tex,"I.e., the label distribution of a predictive model reflects a human attribute in a way that diverges from a theoretically defined ``ideal distribution.'' For example, a Part Of Speech (POS) tagger reflecting how an older generation uses words \cite{hovy2015tagging} diverges from the population as a whole.",hovy2015tagging,1912.11078,Predictive Biases in Natural Language Processing Models: A Conceptual Framework and Overview
transfer_learning.tex,"Could you point out some limitations you can think of and some potential point of future focus?} %On the other hand, \citet{kocmi-bojar:2018:WMT} showed that transfer learning improves low-resource language translation, even when neither the source nor the target languages are shared between the resource-rich and poor language pairs.",kocmi-bojar:2018:WMT,2001.01115,A Comprehensive Survey of Multilingual Neural Machine Translation
domain_adaptation.tex,"On the other hand, data selection approaches in domain adaptation that select out-of-domain sentences which are similar to in-domain sentences \cite{wang-EtAl:2017:Short3} have not been applied to MNMT.",wang-EtAl:2017:Short3,2001.01115,A Comprehensive Survey of Multilingual Neural Machine Translation
auxiliary.tex,"On the other hand, \citet{C18-1263} propose a simple modification to \citet{johnson17} by augmenting the model input.",C18-1263;johnson17,2001.01115,A Comprehensive Survey of Multilingual Neural Machine Translation
auxiliary.tex,"On the other hand, \citet{D18-1039} improved upon \citet{C18-1263} to generate parameters on the fly for different language pairs.",D18-1039;C18-1263,2001.01115,A Comprehensive Survey of Multilingual Neural Machine Translation
multisource.tex,"On the other hand, \citet{Dabre-MTS2017} have shown that it is possible to perform naive ensembling\footnote{This means uniform avergaging of softmaxes of different models as opposed to weighted averaging.} and still get reasonable improvements in translation quality.",Dabre-MTS2017,2001.01115,A Comprehensive Survey of Multilingual Neural Machine Translation
multiway.tex,"On the other hand, \citet{platanios18} learned the degree of parameter sharing from the training data.",platanios18,2001.01115,A Comprehensive Survey of Multilingual Neural Machine Translation
multiway.tex,"On the other hand, \citet{kiperwasser-ballesteros-2018-scheduled} proposed a multi-task learning model for learning syntax and translation where they showed different effects of their model for high-resource and low resource language pairs.",kiperwasser-ballesteros-2018-scheduled,2001.01115,A Comprehensive Survey of Multilingual Neural Machine Translation
multiway.tex,"On the other hand, \citet{platanios18} improved upon \citet{blackwood18} to generate parameters on the fly for different language pairs.",platanios18;blackwood18,2001.01115,A Comprehensive Survey of Multilingual Neural Machine Translation
Section1.tex,"On the other hand, some researchers limited their survey work on a special part related to NMT — the Attention Mechanism, but both of them have a general scope that oriented to all kinds of AI tasks with Attention \cite{Chaudhari2019}\cite{Galassi2019}.",Chaudhari2019;Galassi2019,2002.07526,A Survey of Deep Learning Techniques for Neural Machine Translation
Section2.tex,"While further research of the aforementioned LM with statistical method has become almost stagnant, Neural Language Model (NLM)\cite{Bengio2003}, on the other hand, uses a neural network to build a language model that models text data directly.",Bengio2003,2002.07526,A Survey of Deep Learning Techniques for Neural Machine Translation
5_end.tex,"% % On the other hand, GNN have not been widely applied, but the interest of applying GNN boosts recently in many domains \cite{yang2017differentiable,chen2019reinforcement,weber2019anti,PhysRevLett.120.145301,park2019developing}.","yang2017differentiable,chen2019reinforcement,weber2019anti,PhysRevLett.120.145301,park2019developing",2002.11867,Bridging the Gap between Spatial and Spectral Domains: A Survey on Graph Neural Networks
2_spatial.tex,"On the other hand, if the order number is large, GNNs may average all node representations, causing an over-smoothing issue and losing its focus on the local neighborhood~\cite{li2018deeper}.",li2018deeper,2002.11867,Bridging the Gap between Spatial and Spectral Domains: A Survey on Graph Neural Networks
main.tex,"On the other hand, in abstractive summarization, it was ~\cite{rush2015neural} which, for the first time, used attention over a sequence-to-sequence (seq2seq) model for the problem of headline generation.",rush2015neural,2003.01200,Natural Language Processing Advancements By Deep Learning: A Survey
survey.tex,The benefit of pre-trained network for transfer learning decrease as the target task diverges from the original task of the pre-trained network~\cite{yosinskiHowTransferableAre2014}.,yosinskiHowTransferableAre2014,2003.04241,Deep Neural Networks for Automatic Speech Processing: A Survey from Large Corpora to Limited Data
main.tex,"On the other hand, approaches that are \emph{entirely} based on natural language interactions include task-oriented dialogue systems like the early proposal from \cite{RICH1979329}, the explanation-aware conversational system proposed in \cite{Pecune:HAI2019}, as well as more recent (deep) learning-based approaches, e.g., \cite{Greco2017,liao2019deep,DBLP:conf/aaai/GhazvininejadBC18}.","RICH1979329;Pecune:HAI2019;Greco2017,liao2019deep,DBLP:conf/aaai/GhazvininejadBC18",2004.00646,A Survey on Conversational Recommender Systems
main.tex,"The work presented in \cite{Yu:2019:VDA:3292500.3330991}, on the other hand, supports a hybrid visual/natural language interaction mechanism, where recommendations are displayed visually, and users can provide feedback to certain features in a critiquing-like form in natural language.",Yu:2019:VDA:3292500.3330991,2004.00646,A Survey on Conversational Recommender Systems
template.tex,"On the other hand, based upon pre-trained deep models, meta-learning adapts task-specific learners to unseen tasks rapidly without precision loss \cite{Munkhdalai2018}.",Munkhdalai2018,2004.11149,A Comprehensive Overview and Survey of Recent Advances in Meta-Learning
template.tex,"On the other hand, unsupervised learning allows parameter adaptation in the inner loop to be independent of data labels \cite{Metz2019}.",Metz2019,2004.11149,A Comprehensive Overview and Survey of Recent Advances in Meta-Learning
sample-acmsmall.tex,"\cite{HadjTaieb2019}, on the other hand, describe various semantic relatedness methods and Berna Altınel et al.",HadjTaieb2019,2004.13820,Evolution of Semantic Similarity -- A Survey
approaches.tex,"On the other hand, for applications that need specific invertible features, still the framework in \cite{PLC2016} will be useful.",PLC2016,2005.07794,On Deep Speech Packet Loss Concealment: A Mini-Survey
approaches.tex,"On the other hand, for applications that need specific invertible features, still the framework in \cite{PLC2016} will be useful.",PLC2016,2005.07794,On Deep Speech Packet Loss Concealment: A Mini-Survey
elsarticle-template.tex,"In terms of dividing the products into two parts, search goods, and experience goods,\ \cite{mudambi2010makes} demonstrated that the extreme reviews are less helpful than moderate reviews for the former products; on the contrary, extreme reviews are more helpful for the latter.\ \cite{willemsen2011highly} found negative information in reviews are more paramount in making purchase decision, while only for experience products rather than search products, comparing to positive information; converse",mudambi2010makes;willemsen2011highly;huang2017social,2005.09837,Positive emotions help rank negative reviews in e-commerce
main.tex,"On the other hand, \citet{severyn_opinion_2014} proposed a systematic approach to mine user comments that relies on tree kernel models.",severyn_opinion_2014,2005.13362,A Multi-modal Approach to Fine-grained Opinion Mining on Video Reviews
main.tex,On the other hand \citet{pham_seq2seq2sentiment:_2018} introduced multi-modal sequence-to-sequence models which perform specially well in bi-modal settings.,pham_seq2seq2sentiment:_2018,2005.13362,A Multi-modal Approach to Fine-grained Opinion Mining on Video Reviews
main.tex,"On the other hand, in this work we model video feature extraction using I3D \cite{carreira2017quo}.",carreira2017quo,2005.13362,A Multi-modal Approach to Fine-grained Opinion Mining on Video Reviews
coling2020.tex,"On the other hand, large-scale datasets \cite{Bowman2015,rajpurkar2016squad,Williams2018} provide sufficient examples to optimise large neural models that are capable of outperforming the human baseline on multiple tasks \cite{Raffel2019ExploringTransformer,Lan2020ALBERT:Representations}.","Bowman2015,rajpurkar2016squad,Williams2018;Raffel2019ExploringTransformer,Lan2020ALBERT:Representations",2005.14709,Beyond Leaderboards: A survey of methods for revealing weaknesses in Natural Language Inference data and models
coling2020.tex,"On the other hand, QuAC baseline model BiDAF++ w/ 2-ctx \cite{BERT_w/2-ctx} and GraphFlow \cite{GraphFlow} append only the history questions to the current question and encode relative dialog-turn number within each question embedding to differentiate.",BERT_w/2-ctx;GraphFlow,2006.00671,Conversational Machine Comprehension: a Literature Review
coling2020.tex,"On the other hand, HAM \cite{ham} ignores the history questions and uses the current question as a query with positional History Answer Embeddings (section \ref{history_modelling}), thus generating one output sequence per conversation turn.",ham,2006.00671,Conversational Machine Comprehension: a Literature Review
related.tex,"Our ILP-based summarization framework, on the other hand, draws its motivation from \textit{unsupervised} approaches such as \cite{Zhao2020WeaklySupervisedOS, Angelidis2018SummarizingOA, Rudra2018IdentifyingSA}.","Zhao2020WeaklySupervisedOS, Angelidis2018SummarizingOA, Rudra2018IdentifyingSA",2006.04660,Read what you need: Controllable Aspect-based Opinion Summarization of Tourist Reviews
survey-syntax-semantic.tex,"On the other hand, from the view of NLP applications, parsing can be beneficial for a number of tasks, such as machine translation, question answering, information extraction, sentiment analysis and generation \cite{yamada-knight-2001-syntax,chan-roth-2011-exploiting,zou2015sentiment}, and the performance of parsing matters greatly.","yamada-knight-2001-syntax,chan-roth-2011-exploiting,zou2015sentiment",2006.11056,A Survey of Syntactic-Semantic Parsing Based on Constituent and Dependency Structures
000_all.tex,"The \textsc{masi} metric \citep{gatt-etal-2008-tuna}, on the other hand, adapts the Jaccard coefficient, which biases it in favour of similarity when a set of attributes is a subset of the other attribute set.",gatt-etal-2008-tuna,2006.14799,Evaluation of Text Generation: A Survey
000_all.tex,"On the other hand, \textbf{\textsc{quick-thought}} \citep{logeswaran2018an} is based on an unsupervised model of universal sentence embeddings trained on consecutive sentences.",logeswaran2018an,2006.14799,Evaluation of Text Generation: A Survey
000_all.tex,"\cite{Joty2017}, on the other hand, compare the source and target documents based on the similarity of their discourse trees.",Joty2017,2006.14799,Evaluation of Text Generation: A Survey
survey.tex,"Conversely, \cite{LocalScaleInvariance} process multiple scaled versions of the same input obtained using bi-linear interpolation at each convolutional layer.",LocalScaleInvariance,2006.16867,Boosting Deep Neural Networks with Geometrical Prior Knowledge: A Survey
main2.tex,"On the other hand, \citet{wei2019novel}, which also utilizes BERT, achieved best results on the distantly supervised NYT dataset.",wei2019novel,2007.04247,Neural relation extraction: a survey
related.tex,"On the other hand, \citet{wei2019novel}, which also utilizes BERT, achieved best results on the distantly supervised NYT dataset.",wei2019novel,2007.04247,Neural relation extraction: a survey
main.tex,"On the other hand, CBMT \citewpar{dauphin-lux-1996-corpus,carl-2000-model} depends on a large number of aligned sentences such as Statistical Machine Translation (SMT) \citewpar{kondrak-etal-2003-cognates,setiawan-etal-2005-phrase,Koehn:2005,koehn2007moses, green-etal-2014-empirical,junczys-dowmunt-grundkiewicz-2016-phrase} and Neural Machine Translation (NMT) \citewpar{Sutskever:2014:SSL:2969033.2969173, cho2014learning, Bahdanau2016, zhang-etal-2017-incorporating}.","dauphin-lux-1996-corpus,carl-2000-model;kondrak-etal-2003-cognates,setiawan-etal-2005-phrase,Koehn:2005,koehn2007moses, green-etal-2014-empirical,junczys-dowmunt-grundkiewicz-2016-phrase;Sutskever:2014:SSL:2969033.2969173, cho2014learning, Bahdanau2016, zhang-etal-2017-incorporating",2008.01391,A Survey of Orthographic Information in Machine Translation
LML.tex,"On the other hand, some methods construct kernel spaces directly by mapping data non-linearly to new low-dimension subspaces \cite{rahimi2008random,lu2016large,mutny2018efficient}.","rahimi2008random,lu2016large,mutny2018efficient",2008.03911,A Survey on Large-scale Machine Learning
LML.tex,"On the other hand, although the accuracy of anchor graphs is lightly worse than sparse graphs \cite{liu2010large}, they are more potent on handling very large datasets.",liu2010large,2008.03911,A Survey on Large-scale Machine Learning
LML.tex,"On the other hand, local histogram aggregation resulted in smaller numbers of iterations than the global one by refining the histogram strategy \cite{chen2016xgboost}.",chen2016xgboost,2008.03911,A Survey on Large-scale Machine Learning
LML.tex,"On the other hand, SAG utilizes the average of its gradients over time to reduce the variances of current gradients \cite{schmidt2017minimizing}, and SVRG develops a memory-efficient version which only needs to reserve the scalars to constrict the gradients at subsequent iterations \cite{johnson2013accelerating}.",schmidt2017minimizing;johnson2013accelerating,2008.03911,A Survey on Large-scale Machine Learning
LML.tex,"On the other hand, Gauss-Southwell (GS) rules propose to take advantage of gradient information for the selection, which can be regarded as performing the steepest descent \cite{shi2016primer}.",shi2016primer,2008.03911,A Survey on Large-scale Machine Learning
LML.tex,"On the other hand, for solving lasso, APG only required 20\% time of the basic proximal gradient, and ADMM further saved 50\% time costs \cite{parikh2014proximal}.",parikh2014proximal,2008.03911,A Survey on Large-scale Machine Learning
LML.tex,"On the other hand, {Spark} employs the immutable distributed collection of objects RDD as its architectural foundation \cite{Zaharia2012Resilient} and distributes the data over a cluster in the memory to speed up iterative computations \cite{Zaharia2010Spark}.",Zaharia2012Resilient;Zaharia2010Spark,2008.03911,A Survey on Large-scale Machine Learning
human_eval_NLG.tex,"On the other hand, in a comparison setup, an annotator could either be asked to simultaneously rate the multiple outputs (from competing systems) \cite{DBLP:conf/emnlp/NovikovaDCR17} or be asked to preferentially rank the multiple outputs presented \cite{DBLP:conf/cvpr/VedantamZP15_CIDEr,DBLP:conf/eacl/KilickayaEIE17_wmd_ic,DBLP:journals/csl/DusekNR20_e2enlg}.","DBLP:conf/emnlp/NovikovaDCR17;DBLP:conf/cvpr/VedantamZP15_CIDEr,DBLP:conf/eacl/KilickayaEIE17_wmd_ic,DBLP:journals/csl/DusekNR20_e2enlg",2008.12009,A Survey of Evaluation Metrics Used for NLG Systems
main.tex,"On the other hand, Active-iNAS (Active Learning with incremental Neural Architecture Search) \cite{Geifman2019Deep} notices that most previous DeepAL methods \cite{Aghdam2019Active, Alahmari2019Automatic, Kwolek2019Breast} assume that a suitable DL model has been designed for the current task, meaning that their primary focus is on how to design an effective query mechanism; however, the existing DL model is not necessarily optimal for the current DeepAL task.","Geifman2019Deep;Aghdam2019Active, Alahmari2019Automatic, Kwolek2019Breast",2009.00236,A Survey of Deep Active Learning
ms.tex,"Conversely, EGNN~\cite{kim2019edge} exchanged the roles of both nodes and edges in GNN~\cite{garcia2018few}, transforming it from a node-labeling framework to an edge-labeling one.",kim2019edge;garcia2018few,2009.02653,A Survey on Machine Learning from Few Samples
main.tex,"On the other hand, the Linformer~\citep{wang2020linformer} focuses on subsets of the GLUE~\citep{wang-etal-2018-glue} benchmark.",wang2020linformer;wang-etal-2018-glue,2009.06732,Efficient Transformers: A Survey
main.tex,"On the other hand, the Quaternion Transformer~\citep{tay2019lightweight} proposes a weight sharing scheme inspired by Hamilton products that locally shares the components in the linear transformation layers.",tay2019lightweight,2009.06732,Efficient Transformers: A Survey
main.tex,"On the other hand, \citet{lagunas2021block} proposes a ``block'' pruning approach which can make a Transformer 2.4x faster with little loss in predictive performance on language tasks.",lagunas2021block,2009.06732,Efficient Transformers: A Survey
3b_literature_review.tex,"On the other hand, there are methods such as B2T2 \cite{alberti2019fusion}, VisualBERT \cite{li2019visualbert}, Unicoder-VL \cite{li2020unicoder}, UNITER \cite{chen2019uniter}, Pixel-BERT \cite{huang2020pixel}, and VL-BERT \cite{su2019vl} which, apply single-stream architecture where two modalities are directly fused in the early stage and a single transformer is applied to both image and text modalities.",alberti2019fusion;li2019visualbert;li2020unicoder;chen2019uniter;huang2020pixel;su2019vl,2009.08395,A Multimodal Memes Classification: A Survey and Open Research Issues
template.tex,"On the other hand, the reconstruction error is assumed or expected to be higher for samples which are not normal \citep{gong_2019_memory_deep_ae, sabokrou_2016_sparsity_reconstruction_error_ae}.","gong_2019_memory_deep_ae, sabokrou_2016_sparsity_reconstruction_error_ae",2009.14146,A Survey on Deep Learning Techniques for Video Anomaly Detection
template.tex,"& Scoring & \begin{tabular}[c]{@{}l@{}}Gaussian Mixture\\ Fully Convolutional\\ Variational Autoencoders\end{tabular} \\ \hline \end{tabular} \end{table} On the other hand, \cite{narasimhan_2018_sparse_denoising_ae} proposed a method that makes use of local and global descriptors whose aim is utilize both spatial and temporal domains.",narasimhan_2018_sparse_denoising_ae,2009.14146,A Survey on Deep Learning Techniques for Video Anomaly Detection
main.tex,"On the other hand, the goal of explainability is the design of \emph{inherently interpretable} models, capable of performing transparent inference through the generation of an \emph{explanation} for the final prediction \cite{miller2019explanation}.",miller2019explanation,2010.00389,A Survey on Explainability in Machine Reading Comprehension
main.tex,"On the other hand, \cite{jansen2018worldtree} observe that complete explanations for science questions require an average of 6 facts classified in three main explanatory roles: \emph{grounding facts} and \emph{lexical glues} have the function of connecting the specific concepts in the question with abstract conceptual categories, while \emph{central facts} refer to high-level explanatory knowledge.",jansen2018worldtree,2010.00389,A Survey on Explainability in Machine Reading Comprehension
how-well.tex,"%On the other hand, \cite{ling-etal-2017-program} produces explanations that contain, in addition to the mathematical formulas, text describing \textit{the thought process} behind the derived solution, thus covering a bigger part of the prediction process.",ling-etal-2017-program,2010.00711,A Survey of the State of Explainable AI for Natural Language Processing
how-well.tex,"On the other hand, the explanations produced by \cite{ling-etal-2017-program} augment the mathematical formulas with text describing \textit{the thought process} behind the derived solution, thus covering a bigger part of the prediction process.",ling-etal-2017-program,2010.00711,A Survey of the State of Explainable AI for Natural Language Processing
paper_final.tex,"On the other hand, in the work of~\citet{liu:20} (see~\tabref{tab:pointwise_pairwise}), we observe that there is variation between the two losses on the dev and on the test set.",liu:20,2010.03001,A Review on Fact Extraction and Verification
paper_final.tex,"\revisedgiannis{Note that this gap can become larger in other datasets (see \eg the performance of the model of~\citet{liu:20,liu-etal-2020-adapting-open} on SCIFACT~\cite{wadden:20}).} On the other hand, the use of pre-trained BERT in the FEVER task~\cite{soleimani:20} gave a significant boost over the ESIM models.","liu:20,liu-etal-2020-adapting-open;wadden:20;soleimani:20",2010.03001,A Review on Fact Extraction and Verification
overview.tex,"Yet, modification of the data and/or model output may have legal implications \cite{barocas2016} and can mean models are less interpretable \cite{lepri2018, lum2016}, which may be at odds with current data protection legislation with respect to explainability.","barocas2016;lepri2018, lum2016",2010.04053,Fairness in Machine Learning: A Survey
dilemma.tex,%A closely related problem is a prevalent ``gotcha'' mentality at the social policy level \cite{veale2018}: the Washington Post reported that in 2018 more CEOs were forced out for ethical lapses than poor financial performance.\footnote{See: https://wapo.st/2KJb0k4 -- last accessed 19/08/2019} Related is the observation that some mechanisms to increase fairness are at odds with legislative policies \cite{barocas2016}.,veale2018;barocas2016,2010.04053,Fairness in Machine Learning: A Survey
dilemma.tex,"Pre-processing methods, which modify the training data, are at odds with policies like \gdpr 's right to an explanation, and can introduce new subjectivity biases \cite{veale2017}.",veale2017,2010.04053,Fairness in Machine Learning: A Survey
transformation.tex,"Many handle this by simply removing these samples, yet this may raise other methodological issues; 6) transformation makes the model less interpretable \cite{lepri2018, lum2016}, which may be at odds with current data protection legislation; and 7) there are no guarantees that a transformed data set has ``repaired'' potentially discriminatory latent relationships with proxy variables \cite{calmon2017}.","lepri2018, lum2016;calmon2017",2010.04053,Fairness in Machine Learning: A Survey
overview.tex,"Yet, modification of the data and/or model output may have legal implications \cite{barocas2016} and can mean models are less interpretable \cite{lepri2018, lum2016}, which may be at odds with current data protection legislation with respect to explainability.","barocas2016;lepri2018, lum2016",2010.04053,Fairness in Machine Learning: A Survey
dilemma.tex,%A closely related problem is a prevalent ``gotcha'' mentality at the social policy level \cite{veale2018}: the Washington Post reported that in 2018 more CEOs were forced out for ethical lapses than poor financial performance.\footnote{See: https://wapo.st/2KJb0k4 -- last accessed 19/08/2019} Related is the observation that some mechanisms to increase fairness are at odds with legislative policies \cite{barocas2016}.,veale2018;barocas2016,2010.04053,Fairness in Machine Learning: A Survey
dilemma.tex,"Pre-processing methods, which modify the training data, are at odds with policies like \gdpr 's right to an explanation, and can introduce new subjectivity biases \cite{veale2017}.",veale2017,2010.04053,Fairness in Machine Learning: A Survey
transformation.tex,"Many handle this by simply removing these samples, yet this may raise other methodological issues; 6) transformation makes the model less interpretable \cite{lepri2018, lum2016}, which may be at odds with current data protection legislation; and 7) there are no guarantees that a transformed data set has ``repaired'' potentially discriminatory latent relationships with proxy variables \cite{calmon2017}.","lepri2018, lum2016;calmon2017",2010.04053,Fairness in Machine Learning: A Survey
main.tex,"On the other hand, the indication may contain additional information not present in the image, such as a patient's previous condition, which in some cases may be essential to address the task \cite{maksoud2019coral8}.",maksoud2019coral8,2010.10563,A Survey on Deep Learning and Explainability for Automatic Report Generation from Medical Images
survey.tex,"Ditto \cite{Li2020-jp}, on the other hand, explicitly incorporate attribute name sub-word tokens in the input sequence, which gives more information to the Transformer network to perform schema matching.",Li2020-jp,2010.11075,Neural Networks for Entity Matching: A Survey
divergence_and_tasks.tex,"On the other hand, CORAL~\cite{DBLP:series/acvpr/SunFS17} considers second order moments and CMD~\cite{Zellinger2017CentralMD} considers higher order moments.",DBLP:series/acvpr/SunFS17;Zellinger2017CentralMD,2010.12198,Domain Divergences: a Survey and Empirical Analysis
divergence_and_tasks.tex,"On the other hand, CORAL~\cite{DBLP:series/acvpr/SunFS17} considers second order moments and CMD~\cite{Zellinger2017CentralMD} considers higher order moments.",DBLP:series/acvpr/SunFS17;Zellinger2017CentralMD,2010.12198,Domain Divergences: a Survey and Empirical Analysis
main.tex,"%$KL(P_{\phi'} \Vert Q_{\psi'}) - KL(P_{\phi} \Vert Q_{\psi})$ On the other hand, in TSCL~\cite{matiisen2019teacher}, the authors set the reward as the absolute value of the slope of the learning curve (the absolute difference between the performance scores of two successive epochs) %\footnote{It means the absolute difference value between the performance scores of two successive epochs.} on a specific task.",matiisen2019teacher,2010.13166,A Survey on Curriculum Learning
main.tex,"On the beneficial side, On the other hand, TGMs can have unfortunate uses by (even low-skilled) adversaries for malicious purposes, such as fake news generation~\cite{zellers_neurips19,brown2020language,uchendu_emnlp20}, fake product reviews generation~\cite{adelani_aina20}, and spamming/phishing~\cite{weiss_ts19}.","zellers_neurips19,brown2020language,uchendu_emnlp20;adelani_aina20;weiss_ts19",2011.01314,Automatic Detection of Machine Generated Text: A Critical Survey
Multi-doc_survey.tex,"Conversely, MDS generates more comprehensive and accurate summaries from documents written at different times, covering different perspectives, but is accordingly more complicated as it tries to resolve potentially diverse and redundant information \cite{tas2007survey}.",tas2007survey,2011.04843,Multi-document Summarization via Deep Learning Techniques: A Survey
access.tex,"Semantics, on the other hand, can play a vital role in identifying correct aspects employing objective metric~\cite{kastrati2015semcon}.",kastrati2015semcon,2011.05806,The Potential of Machine Learning and NLP for Handling Students' Feedback (A Short Survey)
access.tex,"Semantics, on the other hand, can play a vital role in identifying correct aspects employing objective metric~\cite{kastrati2015semcon}.",kastrati2015semcon,2011.05806,The Potential of Machine Learning and NLP for Handling Students' Feedback (A Short Survey)
survey2.0.tex,"On the other hand, machine learning-based approaches, such as statistical parametric methods \cite{271}, are much less rigid and do allow for things such as combining data from multiple speakers, model adaptation using small amounts of training data, joint modeling of timbre and expression, etc.",271,2011.06801,"A Comprehensive Survey on Deep Music Generation: Multi-level Representations, Algorithms, Evaluations, and Future Directions"
2-Existing_Surveys.tex,"On the other hand, spatially discrete approaches consider the image as a graph, and include the well-known graph cut and normalized cuts approaches \citep{shi2000normalized,boykov2006graph}, to name a few.","shi2000normalized,boykov2006graph",2011.08018,High-level Prior-based Loss Functions for Medical Image Segmentation: A Survey
arxiv_2020_6_som-recent-work.tex,"On the other hand, Kumar and Garg \cite{Kumar2019} propose a multi-modal sentiment analysis model for Twitter, where the sentiment polarity and strength is extracted from tweets based on their text and images (typographic and/or infographic).",Kumar2019,2012.03091,Over a Decade of Social Opinion Mining: A Systematic Review
arxiv_2020_6_som-recent-work.tex,"On the other hand, in \cite{Mishev2020} Mishev et al.",Mishev2020,2012.03091,Over a Decade of Social Opinion Mining: A Systematic Review
arxiv_2020_1_introduction.tex,"On the other hand, Liu discusses that ``opinions are usually subjective expressions that describe people's sentiments, appraisals or feelings toward entities, events and their properties"" \cite{Liu2010}.",Liu2010,2012.03091,Over a Decade of Social Opinion Mining: A Systematic Review
main.tex,"% On the other hand, within the dynamic topic modelling approach, % % inheriting the Bayesian perspective from topic models % the parameters of models like Latent Dirichlet Allocation are defined to follow known stochastic processes in time \cite{wang2012continuous,yogatama2014dynamic}.","wang2012continuous,yogatama2014dynamic",2012.05684,Recurrent Point Review Models
related.tex,"Its reasonableness is confirmed on the one hand by relatively high agreement among reviewers, and on the other hand by the model performance on texts from heterogeneous sources, see e.g.~\cite{DBLP:conf/webi/FrommF019}.",DBLP:conf/webi/FrommF019,2012.07743,Argument Mining Driven Analysis of Peer-Reviews
main.tex,"On the other hand, NMT often leads to over-translation and under-translation~\cite{tu2016modeling}, which raises the need for adding prior knowledge to NMT.",tu2016modeling,2012.15515,"Neural Machine Translation: A Review of Methods, Resources, and Tools"
access.tex,"GraphVAE \cite{simonovsky2018graphvae}, on the other hand, proposes another VAE-based generative model that learns from a dataset of graphs.",simonovsky2018graphvae,2012.15544,Deep Graph Generators: A Survey
access.tex,"The decoder, on the other hand, takes a scaffold $S$ as input and extends it by making sequential decisions of node and edge additions in the same way as DeepGMG\cite{li2018learning}, except that it also incorporates the latent vector $\textbf{z}$ in the graph propagation process so that updating node and edge features during the generation is directly affected by $\textbf{z}$.",li2018learning,2012.15544,Deep Graph Generators: A Survey
access.tex,"The second set, on the other hand, contains metrics assessing special chemical properties of the molecules, namely, \textit{synthetic accessibility score (SA score)}\cite{ertl2009estimation}, \textit{drug-likeness score (QED)}\cite{bickerton2012quantifying}, \textit{molecular weight (MW)}, \textit{log partition coefficient (logP)}, \textit{penalized logP}, and \textit{topological polar surface area (TPSA)}.",ertl2009estimation;bickerton2012quantifying,2012.15544,Deep Graph Generators: A Survey
04_Challenge.tex,"On the other hand, with the \texttt{implicit} approach, a large amount of knowledge~\cite{Petroni2020Language} can be stored in underlying parameters learned from massive texts by pre-trained language models such as BERT~\cite{Devlin2018Bert}, XLNet~\cite{Dai2019XLNet} and T5~\cite{Raffel2019T5}, which can be applied smoothly in downstream tasks.",Petroni2020Language;Devlin2018Bert;Dai2019XLNet;Raffel2019T5,2101.00774,Retrieving and Reading: A Comprehensive Survey on Open-domain Question Answering
after_revision_arxiv_update.tex,"On the other hand, global attention \cite{vaswani2017attention} which attend to all spatial locations of the input can be computationally intensive and is preferred on down-sampled small images, image patches \cite{vision_transformer} or augmenting the convolutional features space \cite{bello2019attention}.",vaswani2017attention;vision_transformer;bello2019attention,2101.01169,Transformers in Vision: A Survey
Main.tex,"On the other hand, with a wide range of (health and wellbeing) situations in mind, affective computing focuses on the elementary sensing of affects using often primitive and generalistic (continuous) emotional dimensions, making it very broadly applicable~\cite{luneski2010affective}.",luneski2010affective,2101.06053,"The Multimodal Sentiment Analysis in Car Reviews (MuSe-CaR) Dataset: Collection, Insights and Improvements"
survey.tex,"On the other hand, storyboards are not restricted by timing or synchronization issues and, therefore, they offer more flexibility in terms of data organization for browsing and navigation purposes \cite{4265619,4284941}.","4265619,4284941",2101.06072,Video Summarization Using Deep Neural Networks: A Survey
NLU-Survey2020.tex,"On the other hand, \cite{daha2019deep} use only character embedding.",daha2019deep,2101.08091,A survey of joint intent detection and slot-filling models in natural language understanding
main_arxiv.tex,"Conversely, joint modeling of segmentation and clustering \cite{zhang2019fully}, joint modeling of speech separation and speaker diarization \cite{von2019all} or fully end-to-end neural diarization system \cite{fujita2019end,fujita2019end2} is categorized into the ``Joint optimization'' class.","zhang2019fully;von2019all;fujita2019end,fujita2019end2",2101.09624,A Review of Speaker Diarization: Recent Advances with Deep Learning
main_arxiv.tex,"On the other hand, single-channel speech separation techniques \cite{hershey2016deep,kolbaek2017multitalker,luo2019conv} do not often show any significant effectiveness in realistic multispeaker scenarios, such as the LibriCSS \cite{chen2020continuous} or the CHiME-6 tasks \cite{watanabe2020chime}, where speech signals are continuous and contain both overlapping and overlap-free speech regions.","hershey2016deep,kolbaek2017multitalker,luo2019conv;chen2020continuous;watanabe2020chime",2101.09624,A Review of Speaker Diarization: Recent Advances with Deep Learning
main_arxiv.tex,"On the other hand, while there are several pioneering studies~\cite{Araki18}, it is unclear what the best strategies are for consolidating multiple asynchronous audio streams and to what extent they work for natural meetings in online and offline setups.",Araki18,2101.09624,A Review of Speaker Diarization: Recent Advances with Deep Learning
manuscript.tex,"\textit{\textbf{MEDIQA-AnS}} \citep{savery2020question}, on the other hand, is a summarization dataset.",savery2020question,2102.05281,Biomedical Question Answering: A Survey of Approaches and Challenges
neurips_2021.tex,"This is a more precise, but more costly measurement as it requires collecting human judgments for every model and its variations.} On the other hand, a highlight that is both sufficient (implies the prediction, \sect{sec:terminology}; first example in Table \ref{tab:explanation_examples_two}) and comprehensive (its complement in the input does \emph{not} imply the prediction, \sect{sec:terminology}; second example in Table \ref{tab:explanation_examples_two}) is regarded as faithful to the predic","deyoung-etal-2020-eraser, carton-etal-2020-evaluating",2102.12060,Teach Me to Explain: A Review of Datasets for Explainable Natural Language Processing
neurips_2021.tex,"% %Conversely, \citet{carton-etal-2020-evaluating} deem \textsc{\small FEVER} highlights non-comprehensive by design.",carton-etal-2020-evaluating,2102.12060,Teach Me to Explain: A Review of Datasets for Explainable Natural Language Processing
content.tex,"For example, \methodHL{GCA} \cite{zhu2020graph} keeps important node features unmasked while assigning a higher masking probability for those unimportant nodes, where the importance is measured by node centrality.% On the other hand, instead of masking a part of the feature matrix, \textbf{node feature shuffle (NFS)} \cite{velivckovic2018deep, opolka2019spatio, ren2019heterogeneous} partially and row-wisely perturbs the node feature matrix.","zhu2020graph;velivckovic2018deep, opolka2019spatio, ren2019heterogeneous",2103.00111,Graph Self-Supervised Learning: A Survey
content.tex,"\methodHL{GraphSAGE} \cite{hamilton2017inductive}, on the other hand, extends aforementioned two methods to attributed graphs, and proposes a novel GNN to calculate node embedding in an inductive manner, which applies RW as its internal sampling strategy as well.",hamilton2017inductive,2103.00111,Graph Self-Supervised Learning: A Survey
content.tex,"% On the other hand, \methodHL{HeCo} \cite{wang2021self} is contrasting on heterogeneous graphs, where two contrastive views are generated from two perspectives, i.e., network schema and meta-path, while the encoder is trained by maximizing the MI between the embeddings of the same node in two views.",wang2021self,2103.00111,Graph Self-Supervised Learning: A Survey
content.tex,"\methodHL{MERIT} \cite{Jin2021MultiScaleCS}, on the other hand, proposes to combine the advantages of Siamese knowledge distillation and conventional graph contrastive learning.",Jin2021MultiScaleCS,2103.00111,Graph Self-Supervised Learning: A Survey
content.tex,"On the other hand, regarding to the knowledge-distillation, \methodHL{IGSD} \cite{zhang2020iterative} is leveraging the concept of BYOL \cite{grill2020bootstrap} and similar to MERIT \cite{Jin2021MultiScaleCS}.",zhang2020iterative;grill2020bootstrap;Jin2021MultiScaleCS,2103.00111,Graph Self-Supervised Learning: A Survey
content.tex,"\methodHL{SUBG-CON} \cite{jiao2020sub}, on the other hand, inherits the objective of MVGRL while it adopts different graph augmentations.",jiao2020sub,2103.00111,Graph Self-Supervised Learning: A Survey
content.tex,"For example, \methodHL{GCA} \cite{zhu2020graph} keeps important node features unmasked while assigning a higher masking probability for those unimportant nodes, where the importance is measured by node centrality.% On the other hand, instead of masking a part of the feature matrix, \textbf{node feature shuffle (NFS)} \cite{velivckovic2018deep, opolka2019spatio, ren2019heterogeneous} partially and row-wisely perturbs the node feature matrix.","zhu2020graph;velivckovic2018deep, opolka2019spatio, ren2019heterogeneous",2103.00111,Graph Self-Supervised Learning: A Survey
content.tex,"\methodHL{GraphSAGE} \cite{hamilton2017inductive}, on the other hand, extends aforementioned two methods to attributed graphs, and proposes a novel GNN to calculate node embedding in an inductive manner, which applies RW as its internal sampling strategy as well.",hamilton2017inductive,2103.00111,Graph Self-Supervised Learning: A Survey
content.tex,"% On the other hand, \methodHL{HeCo} \cite{wang2021self} is contrasting on heterogeneous graphs, where two contrastive views are generated from two perspectives, i.e., network schema and meta-path, while the encoder is trained by maximizing the MI between the embeddings of the same node in two views.",wang2021self,2103.00111,Graph Self-Supervised Learning: A Survey
content.tex,"\methodHL{MERIT} \cite{Jin2021MultiScaleCS}, on the other hand, proposes to combine the advantages of Siamese knowledge distillation and conventional graph contrastive learning.",Jin2021MultiScaleCS,2103.00111,Graph Self-Supervised Learning: A Survey
content.tex,"On the other hand, regarding to the knowledge-distillation, \methodHL{IGSD} \cite{zhang2020iterative} is leveraging the concept of BYOL \cite{grill2020bootstrap} and similar to MERIT \cite{Jin2021MultiScaleCS}.",zhang2020iterative;grill2020bootstrap;Jin2021MultiScaleCS,2103.00111,Graph Self-Supervised Learning: A Survey
content.tex,"\methodHL{SUBG-CON} \cite{jiao2020sub}, on the other hand, inherits the objective of MVGRL while it adopts different graph augmentations.",jiao2020sub,2103.00111,Graph Self-Supervised Learning: A Survey
main.tex,"On the other hand, greedy search, used in \citet{Michel2019Evaluation,Wallace2020Imitation}, is computationally less demanding but can get stuck in local minima and may not find the global optimum.","Michel2019Evaluation,Wallace2020Imitation",2103.00676,Token-Modification Adversarial Attacks for Natural Language Processing: A Survey
main.tex,"On the other hand, adversarial machine learning against watermarking has also been explored in \cite{quiring2018adversarial}, adopting a neural network to detect and remove the watermark.",quiring2018adversarial,2103.01607,A Brief Survey on Deep Learning Based Data Hiding
main.tex,"On the other hand, TTT differs from DA in that only a single~\cite{zhang2021memo} or mini-batch~\cite{iwasawa2021test} test data is used for model \emph{tuning}, which is often done in an online manner~\cite{sun2020test} and of course, without human supervision.",zhang2021memo;iwasawa2021test;sun2020test,2103.02503,Domain Generalization: A Survey
arxiv.tex,"On the other hand, \citet{li2018auto-tuning,choi2018deep,cohen2020lightweight} introduce lossy compression techniques to intermediate stages in DNN models, which may affect the final prediction results.","li2018auto-tuning,choi2018deep,cohen2020lightweight",2103.04505,Split Computing and Early Exiting for Deep Learning Applications: Survey and Research Challenges
arxiv.tex,"Conversely, it was shown in~\cite{matsubara2019distilled} how challenging it is to inject bottlenecks when considering complex vision tasks such as classification on the ImageNet dataset~\cite{russakovsky2015imagenet}.",matsubara2019distilled;russakovsky2015imagenet,2103.04505,Split Computing and Early Exiting for Deep Learning Applications: Survey and Research Challenges
bare_jrnl_new_sample4.tex,"On the other hand, simulators such as ThreeDWorld and VRKitchen \cite{gan2020threedworld,gao2019vrkitchen} fall under the human-computer interaction category as they are constructed to provide a highly realistic physics-based simulation and multiple state changes.","gan2020threedworld,gao2019vrkitchen",2103.04918,A Survey of Embodied AI: From Simulators to Research Tasks
bare_jrnl_new_sample4.tex,"On the other hand, learning-based approaches that typically use RGB and/or depth sensors are more robust to noise \cite{chaplot2020learning, chen2019learning}.","chaplot2020learning, chen2019learning",2103.04918,A Survey of Embodied AI: From Simulators to Research Tasks
DL_based_malware_analysis_review.tex,"With respect to the two types of adversarial attacks, the majority of sources (14 studies, 87\%\%) discuss evasion attacks and protections for DL-based Android malware defense models, and conversely, only two recent studies focus on poisoning attacks~\cite{li2021backdoor,severi2021explanation}.","li2021backdoor,severi2021explanation",2103.05292,Deep Learning for Android Malware Defenses: a Systematic Literature Review
DL_based_malware_analysis_review.tex,"Conversely, only two studies propose on-device approaches~\cite{feng2019mobidroid,feng2020performance}.","feng2019mobidroid,feng2020performance",2103.05292,Deep Learning for Android Malware Defenses: a Systematic Literature Review
DL_based_malware_analysis_review.tex,"Conversely, public research datasets such as Drebin~\cite{arp2014drebin}, AMD~\cite{wei2017deep}, and Genome~\cite{zhou2012dissecting} are more popular to gather malicious applications.",arp2014drebin;wei2017deep;zhou2012dissecting,2103.05292,Deep Learning for Android Malware Defenses: a Systematic Literature Review
DL_based_malware_analysis_review.tex,"Conversely, only two primary studies~\cite{li2021backdoor, severi2021explanation} investigated poisoning attacks, where the adversary's objective is to victimize the model training process.","li2021backdoor, severi2021explanation",2103.05292,Deep Learning for Android Malware Defenses: a Systematic Literature Review
sec04-why.tex,"Deep learning models such as DNNs are often overparameterized with high complexity, which on the one hand enables them to learn effectively from big data, but on the other hand results in the fact that they may have unnecessarily high capacity of memorizing the noise or the details of a given training dataset~\cite{song2017machine,zhang2021understanding,carlini2019secret,murakonda2020ml}.","song2017machine,zhang2021understanding,carlini2019secret,murakonda2020ml",2103.07853,Membership Inference Attacks on Machine Learning: A Survey
introduction.tex,"On the other hand, its misuse has given rise to the proliferation of hostility online \cite{brooke-2019-condescending,joksimovic-etal-2019-automated}, resulting in offensive content in the form of fake news, hate speech \cite{schmidt-wiegand-2017-survey,davidson2017automated}, propaganda \cite{EMNLP19DaSanMartino}, cyberbullying \cite{van-hee-etal-2015-detection}, etc.","brooke-2019-condescending,joksimovic-etal-2019-automated;schmidt-wiegand-2017-survey,davidson2017automated;EMNLP19DaSanMartino;van-hee-etal-2015-detection",2103.12541,A Survey on Multimodal Disinformation Detection
description-generation.tex,"On the other hand, \citet{Venugopalan2015TranslatingNetworks} followed the single frame-based approach analyzed in Section~\ref{sec:single-frame}, using a previously trained CNN~\citep{Krizhevsky2012ImageNetNetworks}.",Venugopalan2015TranslatingNetworks;Krizhevsky2012ImageNetNetworks,2103.14785,A Comprehensive Review of the Video-to-Text Problem
main.tex,"On the other hand, attention mechanisms are also at the heart of transformers \cite{vaswani2017attention}, which can detect globally important variables for the prediction problem, persistent temporal patterns, and significant events that lead to significant changes in temporal dynamics \cite{lim2019temporal}.",vaswani2017attention;lim2019temporal,2104.00950,Explainable Artificial Intelligence (XAI) on TimeSeries Data: A Survey
main.tex,"On the other hand the term Social-Cyber-Physical-Systems (SCPS) was also used in \cite{Kannisto2016,Xu2017,inproceedings, horvath2012beyond}.","Kannisto2016,Xu2017,inproceedings, horvath2012beyond",2104.05710,Systemic formalisation of Cyber-Physical-Social System (CPSS): A systematic literature review
01-intro.tex,"On the other hand, schemas are ``ontological commitments''~\cite{davis-etal-1993-what-is} that limit flexibility in how knowledge is stored, expressed, and accessed.",davis-etal-1993-what-is,2104.05837,Relational World Knowledge Representation in Contextual Language Models: A Review
04-entity.tex,"Such approaches rely heavily on the quality of the externally-learned embeddings, which is both a strength and a drawback: Such embeddings may contain useful implicit structural information about the \kb{}, but on the other hand may propagate errors into the \lm~\cite{shen-etal-2020-exploiting}.",shen-etal-2020-exploiting,2104.05837,Relational World Knowledge Representation in Contextual Language Models: A Review
CFD-2021.tex,"Transformer-based masked language models on the other hand require subtokenisation as they must use a smaller vocabulary to make the token prediction task efficient~\cite{Yang:2018ab,Li:2019a}.","Yang:2018ab,Li:2019a",2104.06893,"I Wish I Would Have Loved This One, But I Didn't -- A Multilingual Dataset for Counterfactual Detection in Product Reviews"
introduction.tex,"Abstractive summarization, on the other hand, is a technique in which the summary is generated by generating novel sentences by either rephrasing or using the new words, instead of simply extracting the important sentences \cite{GUPTA201949}.",GUPTA201949,2104.14839,The Factual Inconsistency Problem in Abstractive Text Summarization: A Survey
introduction.tex,"Abstractive summarization, on the other hand, is a technique in which the summary is generated by generating novel sentences by either rephrasing or using the new words, instead of simply extracting the important sentences \cite{GUPTA201949}.",GUPTA201949,2104.14839,The Factual Inconsistency Problem in Abstractive Text Summarization: A Survey
main-3207-Lertvittayakumjorn.tex,"On the other hand, explanations can benefit the AI systems as well, e.g., when explanations are used to promote system acceptance \cite{cramer2008effects}, to verify the model reasoning \cite{caruana2015intelligible}, and to find potential causes of errors \cite{han-etal-2020-explaining}.",cramer2008effects;caruana2015intelligible;han-etal-2020-explaining,2104.15135,Explanation-Based Human Debugging of NLP Models: A Survey
main-3207-Lertvittayakumjorn.tex,"Conversely, \citet{yao2021refining} compared the time humans need to do \EBHD versus instance labelling in order to achieve the equivalent degree of correctness improvement (step 2).",yao2021refining,2104.15135,Explanation-Based Human Debugging of NLP Models: A Survey
1-intro.tex,"On the other hand, another transformer-based effort (which omitted langauge model fine tuning) struggled \cite{lima2020denmark}, a number of other deep learning efforts had mediocre effectiveness, and classic linear models based on lexical features and trained by active learning were highly competitive (leading on one measure)~\cite{wang2020participation,macavaney2020sledgeArXiv}.","lima2020denmark;wang2020participation,macavaney2020sledgeArXiv",2105.01044,Goldilocks: Just-Right Tuning of BERT for Technology-Assisted Review
methodology.tex,"% On the other hand,~\cite{liang2018dynamic} integrates a Kalman filter (as a prior for the time evolution of user and word embedding) into \texttt{Skip-gram} model to generate dynamic embeddings for user profiling in Twitter.",liang2018dynamic,2105.07996,Learning User Embeddings from Temporal Social Media Data: A Survey
intro.tex,"Current observation: for pre-trained models, directly sentence-level fine-tuning gets the best result.} On the other hand, although distant supervision generates huge amount of labeled data without human efforts, the sample efficiency and quality of DS-RE data are far worse than supervised ones~\cite{yao2019docred}.",yao2019docred,2105.09543,Manual Evaluation Matters: Reviewing Test Protocols of Distantly Supervised Relation Extraction
ontology.tex,"% %On the other hand, \FT{Alternatively, relations may amount to} \emph{taxonomies} (e.g., \FT{as in} Graph2Taxo % \footnote{https://github.com/IBM/gnn-taxo-construction} \cite{RefWorks:doc:5f380b18e4b0f05471536f61}) %represent \FT{amounting to} \textit{is a} relations where a node's children are more specialised forms of that node (e.g., the parent may be \textit{camera} and one of its children may be \textit{digital camera}).",RefWorks:doc:5f380b18e4b0f05471536f61,2105.10966,Automatic Product Ontology Extraction from Textual Reviews
main.tex,"On the other hand, the work by \citeauthor{Poletto} is mainly focused on HS datasets corpora.",Poletto,2106.00742,A systematic review of Hate Speech automatic detection using Natural Language Processing
springer.tex,"Graph Flow \cite{DBLP:conf/ijcai/0022WZ20}, on the other hand, constructs a dynamic context graph encoding not only the passage itself but also the question as well as the conversation history.",DBLP:conf/ijcai/0022WZ20,2106.00874,Conversational Question Answering: A Survey
sample.tex,"On the other hand, speech2vec \cite{chung2018speech2vec} employs a training methodology borrowed directly from the word2vec framework using the skipgram objective.",chung2018speech2vec,2106.04897,Unsupervised Automatic Speech Recognition: A Review
sample.tex,"Operating at the word level, on the other hand, would make it possible to align speech with raw text; however, such models rely on the lexical segmentation accuracy and may require acoustic word embeddings that encode semantic features such as speech2vec (see, for example, \citet{chung2018unsupervised}).",chung2018unsupervised,2106.04897,Unsupervised Automatic Speech Recognition: A Review
graph4nlp.tex,"% Others~\citet{wu-etal-2020-knowledge,ye2019vectorized,bansal2019a2n,yang2019aligning,gupta-etal-2019-care,malaviya2020commonsense,xu2020coordinated,wang2018cross,xu-etal-2019-cross-lingual,xu2019dynamically,shang2019end,jin-etal-2019-fine,saxena-etal-2020-improving,Wang_Kapanipathi_Musa_Yu_Talamadupula_Abdelaziz_Chang_Fokoue_Makni_Mattei_Witbrock_2019,wang-etal-2019-incorporating,teru2020inductive,Kapanipathi2020InfusingKI,wu2019jointly,lin-etal-2019-kagnet,ghosal-etal-2020-kingdom,sun2020know","wu-etal-2020-knowledge,ye2019vectorized,bansal2019a2n,yang2019aligning,gupta-etal-2019-care,malaviya2020commonsense,xu2020coordinated,wang2018cross,xu-etal-2019-cross-lingual,xu2019dynamically,shang2019end,jin-etal-2019-fine,saxena-etal-2020-improving,Wang_Kapanipathi_Musa_Yu_Talamadupula_Abdelaziz_Chang_Fokoue_Makni_Mattei_Witbrock_2019,wang-etal-2019-incorporating,teru2020inductive,Kapanipathi2020InfusingKI,wu2019jointly,lin-etal-2019-kagnet,ghosal-etal-2020-kingdom,sun2020knowledge,wang-etal-2020-knowledge-graph,zhao-etal-2020-knowledge,nathani-etal-2019-learning,wang2019logic,zhang-etal-2019-long,schlichtkrull2018modeling,sorokin2018modeling,cao2019multi,han-etal-2020-open,sun-etal-2018-open,sun-etal-2019-pullnet,xie2020reinceptione,wu2019relation,zhang2020relational,wang2019robust,feng2020scalable;wu-etal-2020-knowledge,ye2019vectorized,bansal2019a2n,yang2019aligning;suchanek2008yago;speer2017conceptnet;zhao-etal-2020-knowledge",2106.06090,Graph Neural Networks for Natural Language Processing: A Survey
main.tex,"mainly to demonstrate that the system safely performs the intended function, the key role of robustness is twofold: on one hand and according to ED-12C/DO-178C, it is \emph{the extent to which software can continue to operate correctly despite abnormal inputs and conditions.} On the other hand and more specifically to ML application, \citet{roadmapEASA2020} states that ML system is robust when it \emph{produces the same outputs for an input varying in a region of the state space}.",roadmapEASA2020,2106.07221,Certification of embedded systems based on Machine Learning: A survey
AMHafiz.tex,"Deep learning \cite{dl_main,dl_book,dl_review} based convolutional neural networks (CNNs) \cite{cnn1,cnn2} on the other hand do not have such problems significantly.","dl_main,dl_book,dl_review;cnn1,cnn2",2106.07550,Attention mechanisms and deep learning for machine vision: A survey of the state of the art
3_1_published_research.tex,"%On the other hand, in S1 \cite{Bavaresco2020-md} they report daily life conversational agents as a residual domain.",Bavaresco2020-md,2106.10901,"Software-Based Dialogue Systems: Survey, Taxonomy and Challenges"
3_3_technical_methods.tex,"On the other hand, \textit{domain-dependent} agents include open or \textit{cross-domain} (i.e., integrating multiple or several knowledge bases and domain data sources \cite{Savenkov2016-a}) and \textit{closed-domain} (i.e., focusing on a single, expert knowledge base \cite{Kucherbaev2018-bh}), which are the two main categories covered by Hussain et al.",Savenkov2016-a;Kucherbaev2018-bh,2106.10901,"Software-Based Dialogue Systems: Survey, Taxonomy and Challenges"
3_4_training_testing_eval.tex,"On the other hand, \textit{user satisfaction questionnaires} cover the topics related to the \textit{usability} quality characteristics reported in Figure \ref{fig:f9-2-sum}, including examples like emotional awareness, learning and relevancy of content \cite{Fitzpatrick2017-dv}.",Fitzpatrick2017-dv,2106.10901,"Software-Based Dialogue Systems: Survey, Taxonomy and Challenges"
3_4_training_testing_eval.tex,"On the other hand, qualitative analysis evaluation is predominantly oriented towards quality characteristics focused on the capacity of conversational agents to accurately match and suit the specific goals and needs of their users \add{\cite{Kocaballi2019-my}}.",Kocaballi2019-my,2106.10901,"Software-Based Dialogue Systems: Survey, Taxonomy and Challenges"
3_2_hci_features.tex,"\noindentparagraph{\textbf{Absence of communicational features towards individual similarity.}} The only reference is the capability of the agent to express content from past conversations with the users \add{\cite{Hastie_2016}}, which on the other hand is reported to be undoubtedly positive in terms of trust and perceived naturalness of the agent \add{\cite{Feine2019-vc}}.",Hastie_2016;Feine2019-vc,2106.10901,"Software-Based Dialogue Systems: Survey, Taxonomy and Challenges"
3_2_hci_features.tex,"On the other hand, human similarity in kinesics and appearance report mixed or context-dependent results in terms of impact, as reproducing some human behaviours (e.g., eye monitoring, facial features) can have a negative impact in some contexts in terms of anxiety \add{\cite{Rickenberg_2000}} and performance \add{\cite{Salem2011}}.",Rickenberg_2000;Salem2011,2106.10901,"Software-Based Dialogue Systems: Survey, Taxonomy and Challenges"
transfer_new.tex,"On the other hand, transfer learning using pre-trained multi-NMT parent models has received only limited attention~\cite{neubig2018rapid, gu2018universal, goyal-etal-2020-efficient}.","neubig2018rapid, gu2018universal, goyal-etal-2020-efficient",2106.15115,Neural Machine Translation for Low-Resource Languages: A Survey
unsupervised.tex,"On the other hand, those methods that add a loss function include embedding agreement \cite{sun-etal-2019-unsupervised}, edit and extract \cite{wu-etal-2019-extract}, and comparative translations \cite{sun-etal-2019-unsupervised}.",sun-etal-2019-unsupervised;wu-etal-2019-extract;sun-etal-2019-unsupervised,2106.15115,Neural Machine Translation for Low-Resource Languages: A Survey
emnlp2021.tex,IndicBERT \cite{kakwani2020indicnlpsuite} on the other hand is trained on custom crawled data in Indian languages.,kakwani2020indicnlpsuite,2107.00676,A Primer on Pretrained Multilingual Language Models
emnlp2021.tex,"On the other hand, there exist symmetries in the representations of multiple languages as evidenced by isomorphic embedding spaces \cite{conneau-etal-2020-emerging}.",conneau-etal-2020-emerging,2107.00676,A Primer on Pretrained Multilingual Language Models
emnlp2021.tex,IndicBERT \cite{kakwani2020indicnlpsuite} on the other hand is trained on custom crawled data in Indian languages.,kakwani2020indicnlpsuite,2107.00676,A Primer on Pretrained Multilingual Language Models
emnlp2021.tex,"On the other hand, there exist symmetries in the representations of multiple languages as evidenced by isomorphic embedding spaces \cite{conneau-etal-2020-emerging}.",conneau-etal-2020-emerging,2107.00676,A Primer on Pretrained Multilingual Language Models
5-future-direction.tex,"On the other hand, thanks to the scale of massive group data and the variety in patterns that individuals exhibit when they gather into groups, Crowd Sensing organizers could discover much collective knowledge by considering the characteristics such as behavioral patterns, pathological symptoms, age groups, or other settings, of unique groups of people \cite{guo2015building}.",guo2015building,2107.00948,From Personalized Medicine to Population Health: A Survey of mHealth Sensing Techniques
main.tex,"On the other hand, users have to grant explicitly dangerous permissions because such permissions request to access users' sensitive data such as contact lists, call logs or certain system features such as camera, microphone \citep{permOverview}.",permOverview,2107.03072,Android Security using NLP Techniques: A Review
project_final_edited.tex,"On the other hand, local features, known as short-term or segmental features, express the temporal features, in which the main goal is to approximate the stationary state\cite{huang2019speech}\cite{lim2016speech}.",huang2019speech;lim2016speech,2107.05989,Emotion Recognition for Healthcare Surveillance Systems Using Neural Networks: A Survey
04-training_strategies.tex,"On the other hand, cross-entropy has also been used when pre-training on noisy captions~\cite{cornia2021universal,wang2021simvlm}, sometimes also employing prefixes.","cornia2021universal,wang2021simvlm",2107.06912,From Show to Tell: A Survey on Deep Learning-based Image Captioning
cas-dc-template.tex,"On the other hand, full code prediction is associated with a five characters (numeric or alphanumeric) code where, the first three characters specify the disease category, while the latter two characters provide a more meticulous division of the disease \cite{Donglin2020}.",Donglin2020,2107.10652,A Systematic Literature Review of Automated ICD Coding and Classification Systems using Discharge Summaries
cas-dc-template.tex,"On the other hand, full code prediction is associated with a five characters (numeric or alphanumeric) code where, the first three characters specify the disease category, while the latter two characters provide a more meticulous division of the disease \cite{Donglin2020}.",Donglin2020,2107.10652,A Systematic Literature Review of Automated ICD Coding and Classification Systems using Discharge Summaries
arXiv.tex,"On the other hand, the emergence of new tasks has far exceeded the speed of data updates, and annotating all samples is \p{labor-intensive and time-consuming.} To tackle this challenge, many researchers build new datasets by generating samples, thereby speeding up model iteration and reducing the cost of data annotation~\cite{li2020layoutgan,zhao2020differentiable,shen2021heterogeneous}.","li2020layoutgan,zhao2020differentiable,shen2021heterogeneous",2108.00941,A Survey of Human-in-the-loop for Machine Learning
Evaluation-NLPCC.tex,"On the other hand, Plato\footnote{https://github.com/uber-research/plato-research-dialogue-system} is a abstraction level platform, which is well-designed for easy of understanding and debugging for conversational agents~\cite{papangelis2020plato}.",papangelis2020plato,2108.01369,How to Evaluate Your Dialogue Models: A Review of Approaches
sec-con.tex,"% ~\glcomment{To modify} % On the other hand, with the new world knowledge generating, they fail to answer questions from before-unseen domains~\cite{Abujabal-WWW-2018} and they are limited to the understanding ability learned at training time.",Abujabal-WWW-2018,2108.06688,Complex Knowledge Base Question Answering: A Survey
sec-ir.tex,"On the other hand, to explain how they make the reasoning interpretable, I described how they predicted $\Tilde{\mathcal{A}}^{(t)}$ for each step.} % \begin{align*} % \hat{\mathcal{A}}^t_q = Softmax_{e \in \mathcal{N}_{e_q}}(\bm{e}^\intercal (\bm{i}^t + \bm{i}^{t-1})) % \end{align*} %\citeauthor{Xu-NAACL-2019}~(\citeyear{Xu-NAACL-2019}) developed a model based on memory network, which could output answers for each hop.",Xu-NAACL-2019;Xu-NAACL-2019,2108.06688,Complex Knowledge Base Question Answering: A Survey
Main.tex,\citeauthor{dazeley2021levels} \cite{dazeley2021levels} on the other hand refers to this same concept as disposition --- referring to an agent's internal disposition.,dazeley2021levels;dazeley2021levels,2108.09003,Explainable Reinforcement Learning for Broad-XAI: A Conceptual Framework and Survey
dataset.tex,"On the other hand, other efforts~\citep{Hanselowski2019ARA,kotonya2020explainable,gupta-srikumar-2021-x} performed normalization by post-processing the labels based on rules to simplify the veracity label.","Hanselowski2019ARA,kotonya2020explainable,gupta-srikumar-2021-x",2108.11896,A Survey on Automated Fact-Checking
definition.tex,"Conversely, claims \textit{originating from} marginalised groups may be subject to greater scrutiny than claims originating from the majority; for example, journalists have been shown to assign greater trust and therefore lower need for verification to stories produced by male sources % compared to other genders ~\citep{Barnoy2019}.",Barnoy2019,2108.11896,A Survey on Automated Fact-Checking
approach.tex,"On the other hand, the Gumbel-Softmax trick \citep{jang2016categorical}, in its standard form, would require encoding and backpropagating through all possible review subsets, making it computationally infeasible.",jang2016categorical,2109.04325,Learning Opinion Summarizers by Selecting Informative Reviews
main.tex,"Almost all the neural networks based multi-modal summarization frameworks \cite{li2018multi, palaskar2019multimodal, chen2018abstractive, chen2018extractive} on the other hand use the standard negative log-likelihood function over the output vocabulary as the training objective.","li2018multi, palaskar2019multimodal, chen2018abstractive, chen2018extractive",2109.05199,A Survey on Multi-modal Summarization
main.tex,\citet{jangra2021multimodal} on the other hand used Grey Wolf Optimizer \cite{mirjalili2014grey} based multi-objective optimization strategy to obtain the combined complementary-supplementary multi-modal summaries.,jangra2021multimodal;mirjalili2014grey,2109.05199,A Survey on Multi-modal Summarization
response.tex,"Almost all the neural networks based multi-modal summarization frameworks \cite{li2018multi, palaskar2019multimodal, chen2018abstractive, chen2018extractive} on the other hand use the standard negative log-likelihood function over the output vocabulary as the training objective.","li2018multi, palaskar2019multimodal, chen2018abstractive, chen2018extractive",2109.05199,A Survey on Multi-modal Summarization
response.tex,"Almost all the neural networks based multi-modal summarization frameworks \cite{li2018multi, palaskar2019multimodal, chen2018abstractive, chen2018extractive} on the other hand use the standard negative log-likelihood function over the output vocabulary as the training objective.","li2018multi, palaskar2019multimodal, chen2018abstractive, chen2018extractive",2109.05199,A Survey on Multi-modal Summarization
response.tex,"Almost all the neural networks based multi-modal summarization frameworks \cite{li2018multi, palaskar2019multimodal, chen2018abstractive, chen2018extractive} on the other hand use the standard negative log-likelihood function over the output vocabulary as the training objective.","li2018multi, palaskar2019multimodal, chen2018abstractive, chen2018extractive",2109.05199,A Survey on Multi-modal Summarization
response_new.tex,"On the other hand, there are 8 datasets that output text-image summaries, which can further be divided into 6 extractive text-image summary generation datasets \cite{xu2013cross, tiwari2018multimodal, bian2013multimedia} and 2 abstractive text-image summary generation datasets \cite{li2020vmsmo, chen2018abstractive}.","xu2013cross, tiwari2018multimodal, bian2013multimedia;li2020vmsmo, chen2018abstractive",2109.05199,A Survey on Multi-modal Summarization
backup.tex,"On the other hand, many studies focused on identifying low-level attack tactics, techniques, and procedures~\cite{husari2017ttpdrill, husari2018using}.","husari2017ttpdrill, husari2018using",2109.06808,What are the attackers doing now? Automating cyber threat intelligence extraction from text on pace with the changing threat landscape: A survey
01-Introduction.tex,"Formative assessment, on the other hand, occurs when teachers give students feedback in ways that help them learn more effectively, or when students can engage in a comparable, self-reflective process \cite{SA_FA_definition}.",SA_FA_definition,2109.07904,A literature survey on student feedback assessment tools and their usage in sentiment analysis
main.tex,"On the other hand, both UKP Snopes \cite{hanselowski_richly_2019} and RumourEval \cite{derczynski2017semeval,gorrell_rumoureval_2018} proposed to tackle the task by retrieving texts relevant to a story, determining the stance of those texts afterwards, to ultimately classify the veracity value of the story.","hanselowski_richly_2019;derczynski2017semeval,gorrell_rumoureval_2018",2109.11427,Automated Fact-Checking: A Survey
main.tex,"On the other hand, the study of online language highlights the differences between various age groups - younger people use chat-specific e-language and refer to themselves more frequently, while older people use more complex sentences and include more links and hashtags~\cite{nguyen2013old}.",nguyen2013old,2109.15144,A Review of Text Style Transfer using Deep Learning
main.tex,"Furthermore, previous studies suggest that some technological remedies are at odds with one another~\cite{dai2019style, li2020dgst, huang2020cycle}.","dai2019style, li2020dgst, huang2020cycle",2109.15144,A Review of Text Style Transfer using Deep Learning
main.tex,"Conversely, the inclusion of an adversarial loss often leads to a more successful generation of stylistic properties in the output sentence~\cite{logeswaran2018content}.",logeswaran2018content,2109.15144,A Review of Text Style Transfer using Deep Learning
survey.tex,"On the other hand, symbolic knowledge improves interpretability of knowledge usage in downstream tasks \cite{new32amizadeh2020neuro}.",new32amizadeh2020neuro,2110.00269,A Survey of Knowledge Enhanced Pre-trained Models
survey.tex,"\ref{survey1}.} \textcolor{black}{ Conversely, models such as ERNIE 1.0 \cite{174sun2019ernie} leverage entity boundary information to determine the masked span, thereby orienting the PLMs toward entity prediction during the pre-training phase.",174sun2019ernie,2110.00269,A Survey of Knowledge Enhanced Pre-trained Models
main.tex,"On the other hand, in the proposed model, increasing the probability of the sentence ""the cat is walking in the bedroom"" will increase the probability of all the sentences below and help us generalize better: \begin{verbatim} ""a dog was running in a room"" ""the cat is running in a room"" ""a dog is walking in a bedroom"" \end{verbatim} %%%%%%%%%%%%%%%%%%%%%%%%%%%%%%%%%%%%%%%%%%%%%%%%%%%%%%%%%%%%%%%%%%%%%%%%%%%%%%%%%% %%%%%%%%%%%%%%%%%%%%%%%%%%%%%%%%%%%%%%%%%%%%%%%%%%%%%%%%%%%%%%%%%%%%%%%%%%%%%%%%%% ",Bengio2003,2110.01804,A Survey On Neural Word Embeddings
main.tex,"On the other hand, they also create word embeddings by using the Skip-gram method \cite{mikolov2013b}.",mikolov2013b,2110.01804,A Survey On Neural Word Embeddings
main.tex,"On the other hand, \citet{cotterell2016} use a Gaussian graphical model where word embeddings are represented as the sum of their morphemes.",cotterell2016,2110.01804,A Survey On Neural Word Embeddings
ms.tex,"They show that with fine-tuned hyperparameters, mBert has an excellent performance in the mentioned tasks.\\ On the other hand, some studies have shown the inefficiency of multilingual models in some applications \citep{Ronnqvist2019}.",Ronnqvist2019,2110.02052,Transfer Learning for Multi-lingual Tasks -- a Survey
ms.tex,"On the other hand, there are other models that had extended the BERT architecture \citep{Zhang2019} or acted differently \citep{Peters2018} \citep{Lample2019}.",Zhang2019;Peters2018;Lample2019,2110.02052,Transfer Learning for Multi-lingual Tasks -- a Survey
main.tex,"On the other hand, lacking an effective evaluation criterion is one of the bottlenecks of text generation \cite{celikyilmaz2020evaluation}.",celikyilmaz2020evaluation,2110.05006,Pre-trained Language Models in Biomedical Domain: A Systematic Survey
Francesco_Semeraro_review_2docx-2021-07-27-15-19.tex,"Conversely, there are cases in which the user hands the object over to the robot \unskip~\cite{Huang2018, MaedaEwerton2017}.","Huang2018, MaedaEwerton2017",2110.07448,Human-robot collaboration and machine learning: a systematic review of recent research
Francesco_Semeraro_review_2docx-2021-07-27-15-19.tex,"Conversely, by sensing information about movements through time, the system is capable of inferring interaction forces with the user \unskip~\cite{ChenX2020Neural,Rozo2016a,Sasagawa2020}.","ChenX2020Neural,Rozo2016a,Sasagawa2020",2110.07448,Human-robot collaboration and machine learning: a systematic review of recent research
acl2021.tex,"% On the other hand, CTRLsum uses the fairseq translation model \cite{ott2019fairseq} , which may be more suitable for abstractive text generations.",ott2019fairseq,2110.07474,MReD: A Meta-Review Dataset for Structure-Controllable Text Generation
acl2021.tex,"% On the other hand, CTRLsum uses the fairseq translation model \cite{ott2019fairseq} , which may be more suitable for abstractive text generations.",ott2019fairseq,2110.07474,MReD: A Meta-Review Dataset for Structure-Controllable Text Generation
Survey.tex,"On the other hand, mono-style corpora that are representative of the attributes of concern might be accessible (e.g., datasets of texts written for children and datasets of scholarly papers), but they might have little content overlap -- thus making the learning of content preservation particularly challenging \citep{romanov-etal-2019-adversarial}.",romanov-etal-2019-adversarial,2110.15871,From Theories on Styles to their Transfer in Text: Bridging the Gap with a Hierarchical Survey
acl2021.tex,"On the other hand, it requires the storage of all the parameters, with makes it less applicable to small datasets \cite{liu2021pretrain}.",liu2021pretrain,2111.01243,Recent Advances in Natural Language Processing via Large Pre-Trained Language Models: A Survey
acl2021.tex,"On the other hand, \citet{schick-schutze-2021-exploiting} introduced PET, a semi-supervised training procedure that reformulates input examples as cloze-style phrases.",schick-schutze-2021-exploiting,2111.01243,Recent Advances in Natural Language Processing via Large Pre-Trained Language Models: A Survey
acl2021.tex,"% On the other hand, QA-Eval ~\cite{deutsch-tacl-metric-2021}, similarly to \citet{eyal-etal-2019-question}, addressed the quality of the summary, leveraging QG, to automatically derive question-answer pairs from the reference, and QA, to answer the questions against the candidate summary.",deutsch-tacl-metric-2021;eyal-etal-2019-question,2111.01243,Recent Advances in Natural Language Processing via Large Pre-Trained Language Models: A Survey
acl2021.tex,"On the other hand, \citet{zhang-etal-2021-need}, using the pre-train then fine-tune paradigm for NLU tasks, found that millions of words are not sufficient for key NLU skills, which instead may require billions of words and continue improvements with additional pre-training data.",zhang-etal-2021-need,2111.01243,Recent Advances in Natural Language Processing via Large Pre-Trained Language Models: A Survey
main.tex,"% (adopted from~\cite{GAO2021100309}) On the other hand, the generalization error is a standard metric to quantify the effectiveness of decisions made by supervised learning models.",GAO2021100309,2111.01968,A Survey on Epistemic (Model) Uncertainty in Supervised Learning: Recent Advances and Applications
main.tex,"On the other hand, the epistemic uncertainty is also referred to as ensemble ambiguity (diversity), which is viewed as a key factor of successful ensemble learning~\cite{Kuncheva:Diversity,Cavalcanti:Diversity}.","Kuncheva:Diversity,Cavalcanti:Diversity",2111.01968,A Survey on Epistemic (Model) Uncertainty in Supervised Learning: Recent Advances and Applications
main.tex,"% (adopted from~\cite{GAO2021100309}) On the other hand, the generalization error is a standard metric to quantify the effectiveness of decisions made by supervised learning models.",GAO2021100309,2111.01968,A Survey on Epistemic (Model) Uncertainty in Supervised Learning: Recent Advances and Applications
main.tex,"On the other hand, the epistemic uncertainty is also referred to as ensemble ambiguity (diversity), which is viewed as a key factor of successful ensemble learning~\cite{Kuncheva:Diversity,Cavalcanti:Diversity}.","Kuncheva:Diversity,Cavalcanti:Diversity",2111.01968,A Survey on Epistemic (Model) Uncertainty in Supervised Learning: Recent Advances and Applications
sample-manuscript.tex,"On the other hand, the effectiveness of disentangled representation learning has also been demonstrated even when the sensitive attributes are unobserved in the training data~\cite{locatello2019fairness}.",locatello2019fairness,2111.03015,Modeling Techniques for Machine Learning Fairness: A Survey
04-inference.tex,~\citet{DBLP:journals/spic/ZhouLLCZ19} conversely used neural networks to learn an appropriate CP rank for tensor decomposition.,DBLP:journals/spic/ZhouLLCZ19,2111.05193,A Survey on Green Deep Learning
main.tex,"On the other hand, to test the VQA methods' ability to retrieve relevant facts without a structured knowledge base, \citeauthor{marino2019ok} proposed the OK-VQA dataset, including only questions that require external knowledge resources.",marino2019ok,2111.10056,Medical Visual Question Answering: A Survey
main.tex,"Conversely, in a discriminator, the first and last layers of network extract low-level and high-level features, respectively \cite{krizhevsky2012imagenet}.",krizhevsky2012imagenet,2111.13282,Generative Adversarial Networks and Adversarial Autoencoders: Tutorial and Survey
main.tex,"% Whether the meaning of the text fragment is changed or not largely depends on the human understanding of the sentence, On the other hand, there are ways to generate samples where the changes, although being perceptible, are often ignored by human brain due to some psychological prior on how a human processes the text \cite{anastasopoulos2019neural,wang2020word}.","anastasopoulos2019neural,wang2020word",2112.08313,Measure and Improve Robustness in NLP Models: A Survey
main.tex,"On the other hand, domain adaptation of NLP sometimes studies the regime where the supports of the data differ, e.g., the vocabularies can be significantly different in cross-lingual studies \cite{abad2020cross, zhang2020unsupervised}.","abad2020cross, zhang2020unsupervised",2112.08313,Measure and Improve Robustness in NLP Models: A Survey
main.tex,"On the other hand, \citet{wang2020word} showed another approach by limiting the input space of the characters so that the models will be likely to perceive data typos and misspellings.",wang2020word,2112.08313,Measure and Improve Robustness in NLP Models: A Survey
main.tex,"The authors found that both patterns are possible: in some cases models can be inoculated via being exposed to a small amount of challenging data, similar to the data augmentation approaches mentioned in Section~\ref{sec:data-driven}; on the other hand, some challenging patterns remain difficult which connects to the larger question around generalizability to \textit{unseen} adversarial and counterfactual patterns \cite{huang-etal-2020-counterfactually,jha2020does,joshi2021investigation}, which ","huang-etal-2020-counterfactually,jha2020does,joshi2021investigation",2112.08313,Measure and Improve Robustness in NLP Models: A Survey
main.tex,"% Whether the meaning of the text fragment is changed or not largely depends on the human understanding of the sentence, On the other hand, there are ways to generate samples where the changes, although being perceptible, are often ignored by human brain due to some psychological prior on how a human processes the text \cite{anastasopoulos2019neural,wang2020word}.","anastasopoulos2019neural,wang2020word",2112.08313,Measure and Improve Robustness in NLP Models: A Survey
main.tex,"On the other hand, domain adaptation of NLP sometimes studies the regime where the supports of the data differ, e.g., the vocabularies can be significantly different in cross-lingual studies \cite{abad2020cross, zhang2020unsupervised}.","abad2020cross, zhang2020unsupervised",2112.08313,Measure and Improve Robustness in NLP Models: A Survey
main.tex,"On the other hand, \citet{wang2020word} showed another approach by limiting the input space of the characters so that the models will be likely to perceive data typos and misspellings.",wang2020word,2112.08313,Measure and Improve Robustness in NLP Models: A Survey
main.tex,"The authors found that both patterns are possible: in some cases models can be inoculated via being exposed to a small amount of challenging data, similar to the data augmentation approaches mentioned in Section~\ref{sec:data-driven}; on the other hand, some challenging patterns remain difficult which connects to the larger question around generalizability to \textit{unseen} adversarial and counterfactual patterns \cite{huang-etal-2020-counterfactually,jha2020does,joshi2021investigation}, which ","huang-etal-2020-counterfactually,jha2020does,joshi2021investigation",2112.08313,Measure and Improve Robustness in NLP Models: A Survey
performance_TODS.tex,"Conversely, ‘911bot’ \cite{911bot} is a chatbot that allows a user to describe an emergency situation, and because of this context, any artificial delays would not be appropriate.",911bot,2112.11176,"Task-oriented Dialogue Systems: performance vs. quality-optima, a review"
performance_TODS.tex,"On the other hand, automatic evaluation metrics have proven their utility with their efficiency and undemanding approach to dialogue assessment, but are still considered less reliable in comparison to human judgement \cite{wen2016multi}.",wen2016multi,2112.11176,"Task-oriented Dialogue Systems: performance vs. quality-optima, a review"
main.tex,"states in terms of the number of airline passengers that departed from that state in 2011, marketing email prediction \citep{guo2019visualizing} where the task is to predict the better email to send given customers reactions, and predicting overbooked airline flights \citep{binns2018s}, On the other hand, regression tasks include forecasting monthly sales of Ahold Delhaize's stores \cite{lucic2020does}, property price prediction \citep{poursabzi2018manipulating,abdul2020cogam}, apartment rent pr","guo2019visualizing;binns2018s;lucic2020does;poursabzi2018manipulating,abdul2020cogam;mcgrath2020does;binns2018s",2112.11471,Towards a Science of Human-AI Decision Making: A Survey of Empirical Studies
04_gender_bias.tex,"On the other hand, \textbf{interpretation bias} is a phenomenon of researchers assuming that gender is a relevant variable which ultimately leads to analyses that are incapable of revealing violations of this assumption \citep{Bamman2012GenderIA, koolen-van-cranenburgh-2017-stereotypes}.","Bamman2012GenderIA, koolen-van-cranenburgh-2017-stereotypes",2112.14168,A Survey on Gender Bias in Natural Language Processing
03_gender.tex,"On the other hand, as \citet{corbett_1991} highlights, all grammatical gender assignment systems have a semantic core, which usually entails lexicalizing different nouns for male and female referents, and assigning them to a matching grammatical gender (e.g.",corbett_1991,2112.14168,A Survey on Gender Bias in Natural Language Processing
08_mitigation.tex,"On the other hand, \citet{saunders-byrne-2020-reducing} consider gender bias in machine translation as a domain adaptation task and use a handcrafted gender-balanced dataset % (\textit{i.e.} with the same number of instances for male and female genders) together with a lattice re-scoring module to mitigate the consequences of initial training on unbalanced data.",saunders-byrne-2020-reducing,2112.14168,A Survey on Gender Bias in Natural Language Processing
04_gender_bias.tex,"On the other hand, \textbf{interpretation bias} is a phenomenon of researchers assuming that gender is a relevant variable which ultimately leads to analyses that are incapable of revealing violations of this assumption \citep{Bamman2012GenderIA, koolen-van-cranenburgh-2017-stereotypes}.","Bamman2012GenderIA, koolen-van-cranenburgh-2017-stereotypes",2112.14168,A Survey on Gender Bias in Natural Language Processing
03_gender.tex,"On the other hand, as \citet{corbett_1991} highlights, all grammatical gender assignment systems have a semantic core, which usually entails lexicalizing different nouns for male and female referents, and assigning them to a matching grammatical gender (e.g.",corbett_1991,2112.14168,A Survey on Gender Bias in Natural Language Processing
08_mitigation.tex,"On the other hand, \citet{saunders-byrne-2020-reducing} consider gender bias in machine translation as a domain adaptation task and use a handcrafted gender-balanced dataset % (\textit{i.e.} with the same number of instances for male and female genders) together with a lattice re-scoring module to mitigate the consequences of initial training on unbalanced data.",saunders-byrne-2020-reducing,2112.14168,A Survey on Gender Bias in Natural Language Processing
main.tex,"On the other hand, the intermediate feature maps can present more advanced information about the training data and some distillation methods~\cite{zagoruyko2016paying,wang2019distilling,chung2020feature} aim to transfer deep feature knowledge for model compression.","zagoruyko2016paying,wang2019distilling,chung2020feature",2112.15278,Data-Free Knowledge Transfer: A Survey
main.tex,"On the other hand, substring representations from~\cite{CoxHolographic2011} with HRR, and symbols-at-correlated positions representations from~\cite{RachkovskijEquivariant2021} with SBDR using permutations as well as the ones from~\cite{RachkovskijRecursiveBinding2022} with FHRR met all the restrictions for certain choices of the similarity measure and values of a scheme's hyperparameters.",CoxHolographic2011;RachkovskijEquivariant2021;RachkovskijRecursiveBinding2022,2112.15424,"A Survey on Hyperdimensional Computing aka Vector Symbolic Architectures, Part II: Applications, Cognitive Models, and Challenges"
main.tex,"On the other hand, since Bound Encoding of the Aggregate Language Environment has been proposed within cognitive science community, it still plays an important role in modeling cognitive phenomena related to memory and semantics~\cite{JamiesonITS2018, CrumpRetrieval2020}.","JamiesonITS2018, CrumpRetrieval2020",2112.15424,"A Survey on Hyperdimensional Computing aka Vector Symbolic Architectures, Part II: Applications, Cognitive Models, and Challenges"
08_analysis.tex,"On the other hand, \citet{shi-etal-2018-tree} noted that trivial trees (i.e., balanced or linear trees) achieve performance similar to or better than latently induced trees or external parse trees on a variety of classification and generation tasks, casting doubt on the real source of performance improvement.",shi-etal-2018-tree,2201.00490,Learning with Latent Structures in Natural Language Processing: A Survey
01_intro.tex,"On the other hand, human languages possess inherent structures, such as syntactic, semantic, and discourse structures~\citep{chomsky1965aspects,heim1998semantics}.","chomsky1965aspects,heim1998semantics",2201.00490,Learning with Latent Structures in Natural Language Processing: A Survey
sample-sigconf.tex,"On the other hand, Long Short-Term Memory (LSTM) architecture \cite{hochreiter1997long} is shown to be an effective solution for tackling this problem.",hochreiter1997long,2201.10978,Machine Learning for Food Review and Recommendation
survey_arxiv.tex,"On the other hand, \citet{b-etal-2021-overview} largely classified the biases as related to either data source, label/annotation, and embedding representation.",b-etal-2021-overview,2202.00126,Handling Bias in Toxic Speech Detection: A Survey
survey_arxiv.tex,"On the other hand, \citet{paper10} investigated methods that have been effective on other NLU debiasing tasks \cite{aflite,datamaps}.","paper10;aflite,datamaps",2202.00126,Handling Bias in Toxic Speech Detection: A Survey
sec-dialogue-generation.tex,"On the other hand, the generation-based models \cite{shang-lu-li:2015:ACL-IJCNLP,vinyals2015neural,li-EtAl:2016:N16-11} generate a new utterance from scratch.","shang-lu-li:2015:ACL-IJCNLP,vinyals2015neural,li-EtAl:2016:N16-11",2202.01110,A Survey on Retrieval-Augmented Text Generation
sec-dialogue-generation.tex,"On the other hand, the generation-based models \cite{shang-lu-li:2015:ACL-IJCNLP,vinyals2015neural,li-EtAl:2016:N16-11} generate a new utterance from scratch.","shang-lu-li:2015:ACL-IJCNLP,vinyals2015neural,li-EtAl:2016:N16-11",2202.01110,A Survey on Retrieval-Augmented Text Generation
LLM.tex,"Conversely, \citet{AlpaGasus2023} point out that widely used fine-tuning datasets e.g.",AlpaGasus2023,2202.03629,Survey of Hallucination in Natural Language Generation
main.tex,"When encoders learn wrong correlations between different parts of the training data, it could result in erroneous generation that diverges from the input~\cite{tian2020sticking, feng2020modeling,aralikatte2021focus,li2018ensure}.","tian2020sticking, feng2020modeling,aralikatte2021focus,li2018ensure",2202.03629,Survey of Hallucination in Natural Language Generation
main.tex,"On the other hand, current research works~\cite{yin-etal-2023-large, burns2022discovering, rajpurkar2018know, kadavath2022language, Manakul2023SelfCheckGPT} highlight a discrepancy between surface realization and inherent knowledge of the model in NLG tasks.","yin-etal-2023-large, burns2022discovering, rajpurkar2018know, kadavath2022language, Manakul2023SelfCheckGPT",2202.03629,Survey of Hallucination in Natural Language Generation
main.tex,"On the other hand, \citet{balakrishnan-etal-2019-constrained} introduce a novel metric called the tree accuracy, which determines whether the prediction's tree structure is identical to that of the input meaning representations.",balakrishnan-etal-2019-constrained,2202.03629,Survey of Hallucination in Natural Language Generation
main.tex,"Conversely, under-translation is skipping the words that need to be translated~\cite{tu2016modeling}.",tu2016modeling,2202.03629,Survey of Hallucination in Natural Language Generation
main.tex,The mean entropy returned by hallucinatory models diverges from the mean of the models that do not produce hallucinations spontaneously~\cite{lee2018hallucinations}.,lee2018hallucinations,2202.03629,Survey of Hallucination in Natural Language Generation
IEEEabrv_new.tex,"% On the other hand, there is an increasing demand for the multi-modality of knowledge to break through the bottleneck of real-world applications~\cite{shi2019knowledge, niu2021counterfactual, zhao2021boosting}.","shi2019knowledge, niu2021counterfactual, zhao2021boosting",2202.05786,Multi-Modal Knowledge Graph Construction and Application: A Survey
8gda-sl.tex,"% On the other hand, ifMixup~\cite{guo2021intrusion} directly applies Mixup on the graph data instead of the latent space.",guo2021intrusion,2202.08871,Graph Data Augmentation for Graph Machine Learning: A Survey
3simple-aug.tex,"On the other hand, \citet{you2020graph} focused on self-supervised graph representation learning with contrastive targets.",you2020graph,2202.08871,Graph Data Augmentation for Graph Machine Learning: A Survey
3simple-aug.tex,"On the other hand, GraphCrop~\cite{wang2020graphcrop} crops a contiguous subgraph from each of the given graph object.",wang2020graphcrop,2202.08871,Graph Data Augmentation for Graph Machine Learning: A Survey
3simple-aug.tex,"On the other hand, ifMixup~\cite{guo2021intrusion} directly applies Mixup on the graph data instead of the latent space for graph-level tasks.",guo2021intrusion,2202.08871,Graph Data Augmentation for Graph Machine Learning: A Survey
4learned-aug.tex,"%In addition, an adversarial training strategy designed for network embedding is proposed in~\cite{dai} On the other hand, there are some works focusing on perturbing the input features to serve as adversarial examples.",dai,2202.08871,Graph Data Augmentation for Graph Machine Learning: A Survey
main.tex,"Conversely, a single paradigm can be deployed to multiple tasks with a compatible format~\cite{DBLP:journals/ijautcomp/SunLQH22}.",DBLP:journals/ijautcomp/SunLQH22,2202.10587,Knowledge-informed Molecular Learning: A Survey on Paradigm Transfer
main.tex,"On the other hand, G2G~\cite{DBLP:conf/icml/ShiXG0T20} completes the second step via a series of graph transformations, where a synthon can be translated into a reactant by sampling action sequences from the distribution.",DBLP:conf/icml/ShiXG0T20,2202.10587,Knowledge-informed Molecular Learning: A Survey on Paradigm Transfer
SPECOM2022.tex,"On the other hand, genetic algorithms have also been used to fool speech recognition systems \cite{alzantot2018did, Taori:2019}.","alzantot2018did, Taori:2019",2202.10594,Adversarial Attacks on Speech Recognition Systems for Mission-Critical Applications: A Survey
SPECOM2022.tex,"On the other hand, using denoising techniques such as GAN \cite{Latif:2018} to eliminate the adversarial perturbation is also an encouraging method to prevent the adversarial examples.",Latif:2018,2202.10594,Adversarial Attacks on Speech Recognition Systems for Mission-Critical Applications: A Survey
sec-background.tex,"On the other hand, Pre-training and Fine-tuning for image models has made several breakthroughs such as BEiT~\cite{bao2021beit} and MAE~\cite{he2021masked}.",bao2021beit;he2021masked,2202.10936,A Survey of Vision-Language Pre-Trained Models
NeSy_for_NLP_Review.tex,"On the other hand, \cite{Zhang_Wang_Yu_Wang_Wang_Jiang_Lim_2021} generate a novel interpretable reasoning graph as the output of their model.} \label{fig:implicit_explicit-kr-goals} \end{figure} \subsubsection{Linguistic and Relational Structure} % \cite{HEIDL} Each Semantic Linguistic Structure (SLS) refers to the shallow semantic representations corresponding to each sentence and generated automatically with natural language processing techniques such as semantic role labeling and syntactic pa",Zhang_Wang_Yu_Wang_Wang_Jiang_Lim_2021;HEIDL,2202.12205,Is Neuro-Symbolic AI Meeting its Promise in Natural Language Processing? A Structured Review
discussion.tex,"On the other hand, the best model from the `2020 Semeval Multilingual Offensive Language Identification in Social Media task' achieved a $F1_1$ score of 92.04\%~\cite{zampieri2020semeval}.",zampieri2020semeval,2202.13056,Automated Identification of Toxic Code Reviews Using ToxiCR
background.tex,"On the other hand, the Pew Research Center marks a text as toxic if it contains threat, offensive call, or sexually expletive words \cite{duggan2017online}.",duggan2017online,2202.13056,Automated Identification of Toxic Code Reviews Using ToxiCR
survey.tex,"On the other hand, some works \citep{liu_iterative_2017,wu_switch-based_2018,peng_deep_2018} adopted the approach in \citet{mrksic_neural_2017} where the state representations were directly learned from user's utterances.","liu_iterative_2017,wu_switch-based_2018,peng_deep_2018;mrksic_neural_2017",2202.13675,A Survey on Recent Advances and Challenges in Reinforcement Learning Methods for Task-Oriented Dialogue Policy Learning
main.tex,"On the other hand, TOWE aims to extract the corresponding opinion terms given a specific aspect term within the text \citep{naacl19-towe}.",naacl19-towe,2203.01054,"A Survey on Aspect-Based Sentiment Analysis: Tasks, Methods, and Challenges"
audiosslsurvey.tex,"On the other hand, according to the theoretical analysis in \cite{saunshi2019theoretical}, a too large number of negative samples may not be profitable for training contrastive SSL models.",saunshi2019theoretical,2203.01205,Audio Self-supervised Learning: A Survey
main.tex,"On the other hand, Discriminator-based metrics (also known as the optimal discriminator) \cite{bowman-etal-2016-generating,kannan2017adversarial,hu2017toward} are trained through constructive learning to distinguish machine-generated text from human-written text.","bowman-etal-2016-generating,kannan2017adversarial,hu2017toward",2203.03047,Recent Advances in Neural Text Generation: A Task-Agnostic Survey
main.tex,"On the other hand, the Referenced human-centric metrics \cite{li2019acute,clark2021choose,kiritchenko2017best,deriu2020spot}, which require crowd workers to give a relative rank for given systems (or natural language), are more complicated and domain-oriented (ad-hoc questions).","li2019acute,clark2021choose,kiritchenko2017best,deriu2020spot",2203.03047,Recent Advances in Neural Text Generation: A Task-Agnostic Survey
survey.tex,"Hard-constrained generation \citep{hokamp_lexically_2017,post_fast_2018,hu2019improved,miao2019cgmh,welleck2019non}, on the other hand, requires that all the lexical constraints be present in the output sentence.","hokamp_lexically_2017,post_fast_2018,hu2019improved,miao2019cgmh,welleck2019non",2203.05227,"Faithfulness in Natural Language Generation: A Systematic Survey of Analysis, Evaluation and Optimization Methods"
sample-acmlarge.tex,"On the other hand, abstractive summarization is a data-driven approach that involves training a machine learning model to create a summary using the learned language in the available data \cite{DBLP:conf/nips/HermannKGEKSB15, xsum}.","DBLP:conf/nips/HermannKGEKSB15, xsum",2203.06414,A Survey of Adversarial Defences and Robustness in NLP
sample-acmlarge.tex,"On the other hand, abstractive summarization is a data-driven approach that involves training a machine learning model to create a summary using the learned language in the available data \cite{DBLP:conf/nips/HermannKGEKSB15, xsum}.","DBLP:conf/nips/HermannKGEKSB15, xsum",2203.06414,A Survey of Adversarial Defences and Robustness in NLP
introduction.tex,"% \iffalse % On the other hand, the development of science is also highly related to the successful combinations between different domains of scientific discoveries and inventions~\cite{foster2015tradition}.",foster2015tradition,2203.10922,Who Should Review Your Proposal? Interdisciplinary Topic Path Detection for Research Proposals
main.tex,"The discriminator, on the other hand, would be used for some pretext tasks such as replaced token detection~\cite{clark2020electra} or replaced entity detection~\cite{xiong2019pretrained}.",clark2020electra;xiong2019pretrained,2203.12000,Text Transformations in Contrastive Self-Supervised Learning: A Review
main-4017-Wang.tex,"For instance, on the manually translated DUC 2001 dataset, PBCS~\cite{yao-etal-2015-phrase}, as a Trans-Sum method, outperforms its Sum-Trans baseline by 8\%/8.4\%/10.4\% in terms of ROUGE-1/2/L.} % On the other hand, the Trans-Sum methods are less efficient since they need to translate the whole documents rather than a few summaries.",yao-etal-2015-phrase,2203.12515,A Survey on Cross-Lingual Summarization
manuscript.tex,"Sentence-level ABSA approaches, on the other hand, attempt to identify all aspects for each sentence individually, determine the sentiment associated with these aspects, and possibly aggregate sentiment at the review-level \cite{pontiki2016semeval}.",pontiki2016semeval,2203.14266,A Survey on Aspect-Based Sentiment Classification
manuscript.tex,Sarcasm is the act of deliberately ridiculing or questioning subjects by using language that is counter to its meaning \cite{joshi2018investigations}.,joshi2018investigations,2203.14266,A Survey on Aspect-Based Sentiment Classification
ijcai22.tex,"%On the other hand, the explosion of the large-scale pre-training technology triggers the wave of exploring a highly effective pre-training model~\cite{fang2021compressing,gan2021playing,wang2020minivlm,sun2021lightningdot}.","fang2021compressing,gan2021playing,wang2020minivlm,sun2021lightningdot",2203.14713,Image-text Retrieval: A Survey on Recent Research and Development
ijcai22-multiauthor.tex,"In \cite{langlet2015improving}, on the other hand, the coding scheme relies on a smaller and turn-based unit, the adjacency pair, for annotation of shared likes and dislikes of the interaction partners.",langlet2015improving,2203.16891,A survey of neural models for the automatic analysis of conversation: Towards a better integration of the social sciences
naacl2021.tex,on the other hand \citep{Serrano2019IsAI} had found that alternative weights did not necessarily resulted in outcome change.,Serrano2019IsAI,2203.17081,Interpretation of Black Box NLP Models: A Survey
main.tex,"On the other hand, it is also seen if the student model is similar to the teacher model architecture, it will produce outputs identical to the teacher \cite{heo2019comprehensive,sun2020mobilebert}.","heo2019comprehensive,sun2020mobilebert",2204.03326,Enabling All In-Edge Deep Learning: A Literature Review
main.tex,"On the other hand, differential privacy introduces random noise to either the data or the model parameters~\cite{girgis2021shuffled,zhang2021privacy,truex2020ldp,zhao2020local}.","girgis2021shuffled,zhang2021privacy,truex2020ldp,zhao2020local",2204.03326,Enabling All In-Edge Deep Learning: A Literature Review
main.tex,"On the other hand, it is also seen if the student model is similar to the teacher model architecture, it will produce outputs identical to the teacher \cite{heo2019comprehensive,sun2020mobilebert}.","heo2019comprehensive,sun2020mobilebert",2204.03326,Enabling All In-Edge Deep Learning: A Literature Review
main.tex,"On the other hand, it was demonstrated that well hand-engineered features that capture complex properties of the text based on prior knowledge can be beneficial for the overall system performance: knowledge extracted from the text by embedding-based representations is complementary to that of previously proposed syntactical, semantic, and lexical features~\cite{Roy2016AnIT}.",Roy2016AnIT,2204.03503,Survey on Automated Short Answer Grading with Deep Learning: from Word Embeddings to Transformers
survey.tex,"\citet{zeyrek2018,zeyrek2020}, on the other hand, focus on annotating discourse markers in the transcripts of TED talks in six languages (i.e., English, German, Polish, European Portuguese, Russian and Turkish).","zeyrek2018,zeyrek2020",2204.05042,Resources for Turkish Natural Language Processing: A critical survey
5_consistency.tex,"On the other hand, \citet{kassner_beliefbank_2021} use a feedback mechanism that issues relevant information from a symbolic memory of beliefs as input to the system during test-time in order to improve consistency under entailment.",kassner_beliefbank_2021,2204.06031,A Review on Language Models as Knowledge Bases
2_preliminaries.tex,"On the other hand, recent work has shown that LMs can perform different forms of reasoning when finetuned on datasets that elicit reasoning capabilities within LMs \cite{west_symbolic_2021, talmor_leap--thought_2020, talmor_olmpics_2020, hase_language_2021}.","west_symbolic_2021, talmor_leap--thought_2020, talmor_olmpics_2020, hase_language_2021",2204.06031,A Review on Language Models as Knowledge Bases
2_preliminaries.tex,"On the other hand, interpretability, while not latent in KBs, is still an important aspect to apply to LMs \cite{Lipton2018TheMO} that we also focus on for the purposes of the survey.",Lipton2018TheMO,2204.06031,A Review on Language Models as Knowledge Bases
2_preliminaries.tex,"On the other hand, structured KBs are built with consistency in mind; several efficient algorithms have been proposed to detect inconsistencies in KBs \cite{andersen01} so such conflicts can be easily resolved, while other work aimed at quantifying the degree of which inconsistency arises in KBs \cite{muino11}.",andersen01;muino11,2204.06031,A Review on Language Models as Knowledge Bases
3_access.tex,"On the other hand, \citet{Liu2021PretrainPA} has recently shown that prompting shows promise as an effective method to directly access this knowledge without any additional finetuning.",Liu2021PretrainPA,2204.06031,A Review on Language Models as Knowledge Bases
3_access.tex,"On the other hand, prompting has emerged as an alternative method to extract the wanted knowledge directly from a LM \cite{qin2021learning}.",qin2021learning,2204.06031,A Review on Language Models as Knowledge Bases
3_access.tex,"On the other hand, \citet{LoganIV2021CuttingDO} takes a more manual approach to crafting prompts with comparable accuracy to manual prompts by creating \textit{null prompts}, those of which are task-agnostic and are a simple concatenation of the input and a \texttt{[MASK]} token.",LoganIV2021CuttingDO,2204.06031,A Review on Language Models as Knowledge Bases
a_models.tex,"On the other hand, in TOME \cite{dejong2021mention}, they employ attention over an entire VKB within a transformer model to retrieve the relevant pieces of knowledge.",dejong2021mention,2204.06031,A Review on Language Models as Knowledge Bases
5_consistency.tex,"On the other hand, \citet{kassner_beliefbank_2021} use a feedback mechanism that issues relevant information from a symbolic memory of beliefs as input to the system during test-time in order to improve consistency under entailment.",kassner_beliefbank_2021,2204.06031,A Review on Language Models as Knowledge Bases
2_preliminaries.tex,"On the other hand, recent work has shown that LMs can perform different forms of reasoning when finetuned on datasets that elicit reasoning capabilities within LMs \cite{west_symbolic_2021, talmor_leap--thought_2020, talmor_olmpics_2020, hase_language_2021}.","west_symbolic_2021, talmor_leap--thought_2020, talmor_olmpics_2020, hase_language_2021",2204.06031,A Review on Language Models as Knowledge Bases
2_preliminaries.tex,"On the other hand, interpretability, while not latent in KBs, is still an important aspect to apply to LMs \cite{Lipton2018TheMO} that we also focus on for the purposes of the survey.",Lipton2018TheMO,2204.06031,A Review on Language Models as Knowledge Bases
2_preliminaries.tex,"On the other hand, structured KBs are built with consistency in mind; several efficient algorithms have been proposed to detect inconsistencies in KBs \cite{andersen01} so such conflicts can be easily resolved, while other work aimed at quantifying the degree of which inconsistency arises in KBs \cite{muino11}.",andersen01;muino11,2204.06031,A Review on Language Models as Knowledge Bases
3_access.tex,"On the other hand, \citet{Liu2021PretrainPA} has recently shown that prompting shows promise as an effective method to directly access this knowledge without any additional finetuning.",Liu2021PretrainPA,2204.06031,A Review on Language Models as Knowledge Bases
3_access.tex,"On the other hand, prompting has emerged as an alternative method to extract the wanted knowledge directly from a LM \cite{qin2021learning}.",qin2021learning,2204.06031,A Review on Language Models as Knowledge Bases
3_access.tex,"On the other hand, \citet{LoganIV2021CuttingDO} takes a more manual approach to crafting prompts with comparable accuracy to manual prompts by creating \textit{null prompts}, those of which are task-agnostic and are a simple concatenation of the input and a \texttt{[MASK]} token.",LoganIV2021CuttingDO,2204.06031,A Review on Language Models as Knowledge Bases
a_models.tex,"On the other hand, in TOME \cite{dejong2021mention}, they employ attention over an entire VKB within a transformer model to retrieve the relevant pieces of knowledge.",dejong2021mention,2204.06031,A Review on Language Models as Knowledge Bases
ijcai22-multiauthor.tex,"On the other hand, dual-encoder based VLPMs with \textit{VSE-based V-LIM} all regard CA as a ranking problem for finding the best match and apply the contrastive learning objective for optimization~\cite{clip,lightningdot,align,cookie}.","clip,lightningdot,align,cookie",2204.07356,Vision-and-Language Pretrained Models: A Survey
methods.tex,"On the other hand, hard attention \cite{show_attend} attends to important regions or tokens only and disregards others.",show_attend,2204.07756,Visual Attention Methods in Deep Learning: An In-Depth Survey
meta-embedding-survey.tex,"On the other hand, \emph{contextualised} word embedding methods~\citep{Elmo,BERT,XLNET,ALBERT,RoBERTa} represent the same word with different embeddings in its different contexts.","Elmo,BERT,XLNET,ALBERT,RoBERTa",2204.11660,A Survey on Word Meta-Embedding Learning
tmp.tex,"On the other hand, we should start investing more efforts in pre-model interpretability, since understanding first the data distribution that we are dealing with will contribute to an increase of confidence with the posterior decisions and explanations that a given machine learning model is capable of providing~\cite{silva_how_2019}; and in in-model interpretability, since models that are inherently interpretable provide their explanations and are faithful to what the machine learning model actu",silva_how_2019;rudin_stop_2019,2204.12406,A survey on attention mechanisms for medical applications: are we moving towards better algorithms?
background.tex,"On the other hand, oppositely to this generalized use of RNN-based architectures, in~\cite{ping2017deep}, the authors proposed a fully-convolutional network (FCN) with an attention block that uses the dot-product operation trained to generate text from speech.",ping2017deep,2204.12406,A survey on attention mechanisms for medical applications: are we moving towards better algorithms?
background.tex,"On the other hand, opposite to the trend on the increase of model complexity, Merity~\cite{merity2019single} revisited the fundamentals of LSTMs and proposed a~\textit{single-head attention} that could represent an alternative to the use of Transformer-based architectures.",merity2019single,2204.12406,A survey on attention mechanisms for medical applications: are we moving towards better algorithms?
sota.tex,"On the other hand, Chen et al.~\cite{chen2020generating} proposed to generate radiology reports with a memory-driven Transformer, where a relational memory is designed to record key information of the generation process and a memory-driven conditional layer normalisation is applied to incorporate the memory into the decoder of Transformer.",chen2020generating,2204.12406,A survey on attention mechanisms for medical applications: are we moving towards better algorithms?
eacl2021.tex,"On the other hand, recently, universal models for a wide range of NLP problems have been emgered~\citep{raffel2019exploring,chen2021speechnet,ao2021speecht5}.","raffel2019exploring,chen2021speechnet,ao2021speecht5",2205.01500,Meta Learning for Natural Language Processing: A Survey
eacl2021.tex,"\textcolor{black}{ Domain adaptation in Section~\ref{sec:cross-domain} uses little domain-specific data to adapt the model\footnote{The domain-specific data are usually labelled, but unlabelled domain-specific data can be leveraged as well~\cite{UnsuperviedDomainSurvey}, which is out of scope here.}.} On the other hand, \textit{domain generalization} techniques attempt to alleviate the domain mismatch issue by producing models that generalize well to novel testing domains.",UnsuperviedDomainSurvey,2205.01500,Meta Learning for Natural Language Processing: A Survey
main.tex,"On the other hand, we recall that all BERT-based methods evaluated herein can only be used in combination with the WordPiece Tokenizer \cite{Wu2016-en} based on a subword segmentation algorithm, because it is required by the current BERT implementations.",Wu2016-en,2205.08740,A reproducible experimental survey on biomedical sentence similarity: a string-based method sets the state of the art
06_conclusions.tex,"But we have not been aware of any publication in this direction when writing this paper.} On the other hand, non-streaming architectures in models such as the bidirectional Transformer have hindered the representation model used in streaming scenarios, leading to studies that address these problems~\cite{StreamingW2v}.",StreamingW2v,2205.10643,Self-Supervised Speech Representation Learning: A Review
Wiley_Interdisciplinary_Reviews__WIREs_.tex,"On the other hand, \cite{koncel2015parsing, mitra2016learning} used domain knowledge to constrain the search space.","koncel2015parsing, mitra2016learning",2205.15683,Why are NLP Models Fumbling at Elementary Math? A Survey of Deep Learning based Word Problem Solvers
elsarticle-template.tex,"\vspace{5pt} On the other hand, a number of reviews have limited their work to specific templates for requirements \cite{amna2022ambiguity,raharjana2021user}.","amna2022ambiguity,raharjana2021user",2206.00421,The Use of NLP-Based Text Representation Techniques to Support Requirement Engineering Tasks: A Systematic Mapping Review
SCCL.tex,"On the one hand, the compilation volume of the sentiment lexicon was reduced through LSTM, and on the other hand, the model performance was improved compared with standard LSTM and BERT\cite{tol2}.",tol2,2206.02160,Sentiment Analysis of Online Travel Reviews Based on Capsule Network and Sentiment Lexicon
12_discussion.tex,"On the other hand, even the most advanced DL systems today struggle with compositionality~\cite{nichol2021glide,ramesh2021zero}, so there is a need for neural network based systems that attempt to tackle the binding problem more explicitly like capsule networks.","nichol2021glide,ramesh2021zero",2206.02664,Learning with Capsules: A Survey
8_generative.tex,"On the other hand, in the work presented in~\cite{edraki2020subspace}, a new CapsNet model (Figure~\ref{fig:subspace}) was proposed, called Subspace Capsule Network (SCN), which are built upon the idea of modeling the properties of an entity through a group of capsule subspaces instead of simply grouping neurons to create capsules.",edraki2020subspace,2206.02664,Learning with Capsules: A Survey
rl.tex,"However, despite conceptual similarities, the two fields have mainly focused on different goals: on the one hand, the RL community has focused on building algorithms to \emph{maximize rewards}; on the other hand, the focus in the causality literature has been on the \emph{identifiability and} inferences of or based on given causal structure \cite{learning_by_doing}.",learning_by_doing,2206.15475,Causal Machine Learning: A Survey and Open Problems
8.Limitations.tex,"On the other hand, \citet{manakul2021longspan} have found that extending window size of efficient Transformers to increase number of attended tokens per token do not affect the average distance of attended neighbor, suggesting that local attention to neighboring tokens will be sufficient for the long document summarization task.",manakul2021longspan,2207.00939,"An Empirical Survey on Long Document Summarization: Datasets, Models and Metrics"
8.Limitations.tex,"LoBART \cite{manakul2021longspan}, on the other hand, did not design the content selection and abstractive summarizer in an end-to-end manner.",manakul2021longspan,2207.00939,"An Empirical Survey on Long Document Summarization: Datasets, Models and Metrics"
4.Model.tex,"On the other hand, mimicking how humans write summaries, the abstractive summarization approach presents a blue-sky potential of generating summaries that are fluent, concise and relevant to the source document \cite{see2017get}.",see2017get,2207.00939,"An Empirical Survey on Long Document Summarization: Datasets, Models and Metrics"
4.Model.tex,"On the other hand, to improve the centrality scoring mechanism, PacSum \cite{zheng2019sentence} and FAR \cite{liang2021improving} adjust the centrality score of a sentence based on whether the other sentences come before or after it, while HipoRank \cite{dong2021discourse} exploits the discourse structure contained in by adjusting the centrality score with positional and sectional bias.",zheng2019sentence;liang2021improving;dong2021discourse,2207.00939,"An Empirical Survey on Long Document Summarization: Datasets, Models and Metrics"
3.Datasets.tex,"On the other hand, Reddit-TIFU is a dataset collected from the subreddit r/TIFU \cite{kim2019abstractive}, while the WikiHow benchmark is created using the first sentence of each WikiHow web page's paragraph as the summary and the rest as source text \cite{Koupaee2018WikiHowAL}.",kim2019abstractive;Koupaee2018WikiHowAL,2207.00939,"An Empirical Survey on Long Document Summarization: Datasets, Models and Metrics"
sample-manuscript.tex,"%Conversely, according to \citep{gazpne2}, over half of informative tweets during emergencies contain at least one location reference, which refer to admin units, such as states and cities, and finer and more precise locations, such as streets, intersections, churches, schools, and home addresses.",gazpne2,2207.01683,Location reference recognition from texts: A survey and comparison
templateArxiv.tex,"Conversely, bilinear pooling needs the decomposition of weight tensors to permit the related model to be trained appropriately and effectively due to its enormous dimensionality (usually on the scale of hundreds of thousands to millions of dimensions) \cite{Ye2019}.",Ye2019,2207.02160,A Comprehensive Review of Visual-Textual Sentiment Analysis from Social Media Networks
main.tex,"The robustness of FL systems, on the other hand, can be degraded using poisoning attacks on the model to corrupt the model or training data \cite{DBLP:journals/corr/abs-2007-05084,pmlr-v108-bagdasaryan20a, pmlr-v97-bhagoji19a}.","DBLP:journals/corr/abs-2007-05084,pmlr-v108-bagdasaryan20a, pmlr-v97-bhagoji19a",2207.02337,Federated and Transfer Learning: A Survey on Adversaries and Defense Mechanisms
main.tex,"On the other hand, local \cite{6736718} and distributed DP \cite{10.1145/2873069, dwork2006our} both assume that the aggregator is not trusted, which perfectly complies with the FDL paradigm.","6736718;10.1145/2873069, dwork2006our",2207.02337,Federated and Transfer Learning: A Survey on Adversaries and Defense Mechanisms
main.tex,"On the other hand, most industrial applications deal with imbalanced data \cite{8892480}, and similarly, FL data is often imbalanced among parties that does not comply with this assumption.",8892480,2207.02337,Federated and Transfer Learning: A Survey on Adversaries and Defense Mechanisms
evaluation.tex,"al.} \cite{howcroft:20}, on the other hand, note that the definitions of \textit{fluency} and \textit{accuracy} for which these scales are employed lack consistency among the papers investigated.",howcroft:20,2207.12571,Innovations in Neural Data-to-text Generation: A Survey
encoders.tex,"al.} \cite{iso:20}, on the other hand, avoid precomputing content plans $z$ by dynamically choosing data records during decoding - an additional memory state $h^{ent}$ remembers mentioned entities and updates the language model state $h^{lm}$ accordingly.",iso:20,2207.12571,Innovations in Neural Data-to-text Generation: A Survey
PLMs.tex,"On the other hand, inspired by \textit{task-adaptive} pretraining strategies for text classification \cite{gururangan:20}, Ribeiro \textit{et.",gururangan:20,2207.12571,Innovations in Neural Data-to-text Generation: A Survey
pretraining.tex,"al.} \cite{ke:21} propose three graph-specific pretraining strategies based on the KGTEXT dataset - reconstructing masked narratives based on the input graph, conversely, reconstructing masked graph entities based on the narrative, and matching the graph and narrative embeddings with optimal transport.",ke:21,2207.12571,Innovations in Neural Data-to-text Generation: A Survey
main.tex,"Unfortunately, robustness may be at odds with accuracy \cite{tsipras2018robustness}, potentially due to predictive but ``nonrobust'' features in a dataset \cite{ilyas2019adversarial}.",tsipras2018robustness;ilyas2019adversarial,2207.13243,Toward Transparent AI: A Survey on Interpreting the Inner Structures of Deep Neural Networks
main_arXiv.tex,"On the other hand, high-level semantic features have the property of being robust to spatial transformation (like random crop) and style change (like color jittering)~\cite{misra2020self}, and thus joint embedding approaches adopt a global loss on the features after global average pooling to encourage the learned representation to be augmentation-invariant.",misra2020self,2208.00173,A Survey on Masked Autoencoder for Self-supervised Learning in Vision and Beyond
conference_101719.tex,"Semantic networks, on the other hand, can be studied using network analysis methodologies to gain quantitative and qualitative insights \cite{b5}.",b5,2208.00479,The impact of Twitter on political influence on the choice of a running mate: Social Network Analysis and Semantic Analysis -- A Review
main.tex,"On the other hand, systems for dialogue act labeling, such as DAMSL \citep{allen1997draft, core1997coding} or DiAML \citep{bunt-etal-2010-towards,bunt-etal-2012-iso}, place more emphasis on interactive acts such as \textit{stalling} to hold the floor, \textit{assessing} other discourse moves, \textit{suggesting} or \textit{informing}.","allen1997draft, core1997coding;bunt-etal-2010-towards,bunt-etal-2012-iso",2208.04163,Abstractive Meeting Summarization: A Survey
NLG-Jones-et-al.tex,"On the other hand, \emph{sBLEU} and \emph{Cosine Similarity} are the mostly used for non-parallel settings~\citep{HLAZ2020}.",HLAZ2020,2208.05757,A Comprehensive Survey of Natural Language Generation Advances from the Perspective of Digital Deception
NLG-Jones-et-al.tex,"On the other hand, \emph{sBLEU} and \emph{Cosine Similarity} are the mostly used for non-parallel settings~\citep{HLAZ2020}.",HLAZ2020,2208.05757,A Comprehensive Survey of Natural Language Generation Advances from the Perspective of Digital Deception
main.tex,"On the other hand, it could simply mean that many reported findings are of little importance or are not robust, which would arguably not make NLP unique among sciences~\citep{ioannidis2005why}.",ioannidis2005why,2208.12852,What Do NLP Researchers Believe? Results of the NLP Community Metasurvey
08_evaluation.tex,"Conversely, unstructured sparsity techniques can significantly minimize the overall number of FLOPs, yet in practice, it introduces low-level operations that can lead to far higher memory requirements to store the indices that indicate what part of the matrix is sparse~\citep{qu_dota_2022}.",qu_dota_2022,2209.00099,Efficient Methods for Natural Language Processing: A Survey
combinations.tex,"The Autoregressive Diffusion Model (ARDM) \cite{hoogeboom2021autoregressive}, on the other hand, is capable of generating arbitrary-order data, including order-agnostic autoregressive models and discrete diffusion models as special cases \cite{sohldickstein2015diffusion,hoogeboom2021argmax,austin2021structured}.","hoogeboom2021autoregressive;sohldickstein2015diffusion,hoogeboom2021argmax,austin2021structured",2209.00796,Diffusion Models: A Comprehensive Survey of Methods and Applications
combinations.tex,"On the other hand, Autoregressive conditional score models (AR-CSM) \cite{meng2020autoregressive} proposes a score matching method to model the conditional distribution of autoregressive model.",meng2020autoregressive,2209.00796,Diffusion Models: A Comprehensive Survey of Methods and Applications
applications.tex,"% On the other hand, unCLIP (DALLE-2) \cite{ramesh2022hierarchical} proposes a two-stage approach, a prior model that can generate a CLIP-based image embedding conditioned on a text caption, and a diffusion-based decoder that can generate an image conditioned on the image embedding.",ramesh2022hierarchical,2209.00796,Diffusion Models: A Comprehensive Survey of Methods and Applications
main.tex,"Sparse expert models, on the other hand, activate entire blocks of parameters (i.e.\@ entire matrices), and thus easily translate theoretical FLOPs savings to practical time savings on modern hardware \citep{fedus2021switch,rajbhandari2022deepspeed}.","fedus2021switch,rajbhandari2022deepspeed",2209.01667,A Review of Sparse Expert Models in Deep Learning
main.tex,"Sparse expert models, on the other hand, activate entire blocks of parameters (i.e.\@ entire matrices), and thus easily translate theoretical FLOPs savings to practical time savings on modern hardware \citep{fedus2021switch,rajbhandari2022deepspeed}.","fedus2021switch,rajbhandari2022deepspeed",2209.01667,A Review of Sparse Expert Models in Deep Learning
survey.tex,"% On the other hand, Sample Reweighting \cite{schuster-etal-2019-towards} reduces the contribution of biased samples towards the loss, while Confidence Regularization \cite{utama-etal-2020-mind} aims to encourage the model to produce higher-entropy answers for biased questions by smoothing the labels based on the bias level.",schuster-etal-2019-towards;utama-etal-2020-mind,2209.01824,A Survey on Measuring and Mitigating Reasoning Shortcuts in Machine Reading Comprehension
main.tex,"On the other hand, diffusion models enable parallel text generation, offering faster speed but relatively weaker semantic coherence~\cite{zou2023diffusion,li2023diffusion}.","zou2023diffusion,li2023diffusion",2209.02646,A Survey on Generative Diffusion Model
main.tex,"EDGE~\cite{chen2023efficient} and DiffFormer~\cite{wu2022difformer}, on the other hand, utilize node degree and energy constraints, respectively, as conditions to enable discrete and continuous generation of adjacency matrices and latent embeddings, thereby broadening the range of generation possibilities.",chen2023efficient;wu2022difformer,2209.02646,A Survey on Generative Diffusion Model
sn-article.tex,"\cite{ghosh2018sarcasm}, on the other hand, chose LSTM and conditional LSTM networks for verifying the effectiveness of conversational context in identifying sarcasm.",ghosh2018sarcasm,2209.06170,Computational Sarcasm Analysis on Social Media: A Systematic Review
sn-article.tex,"On the other hand, the recent diffusion of e-health and m-health systems offers increasing opportunities for remote health monitoring and decision making that heavily rely on the analysis of Multivariate Time Series (MTS) \cite{kok2022explainable}.",kok2022explainable,2209.06528,Explainable AI for clinical and remote health applications: a survey on tabular and time series data
2.5-self-explanatory_models.tex,"On the other hand, \citet{ye_unreliability_2022} find that such few-shot model-generated explanations are often non-factual (i.e., not correctly grounded in the input) and inconsistent (i.e., not entailing the prediction).",ye_unreliability_2022,2209.11326,Towards Faithful Model Explanation in NLP: A Survey
bias_kg_survey.tex,"Predictive parity is given, on the other hand, if the probability of true positive predictions (\textit{positive predictive value} or \textit{precision}) is equal between groups \citep{chouldechova2017fair}.",chouldechova2017fair,2210.03353,"The Lifecycle of ""Facts"": A Survey of Social Bias in Knowledge Graphs"
sec4.tex,"\citet{zheng-etal-2019-doc2edag}, on the other hand, proposed an end-to-end model named Doc2EDAG.",zheng-etal-2019-doc2edag,2210.03419,Event Extraction: A Survey
sec3.tex,"Edge-Enhanced Graph Convolution Network (EE-GCN), on the other hand, simultaneously exploited syntactic structure and typed dependency label information \cite{cui-etal-2020-edge}.",cui-etal-2020-edge,2210.03419,Event Extraction: A Survey
sec3.tex,"\citet{huang-etal-2020-biomedical}, on the other hand, argues that the word embedding does not provide adequate clues for event extraction in extreme cases such as non-indicative trigger words and nested structures.",huang-etal-2020-biomedical,2210.03419,Event Extraction: A Survey
sec3.tex,"\citet{huang-etal-2016-liberal}, on the other hand, employs a word-sense disambiguation model to predict the word-sense label for unlabeled text.",huang-etal-2016-liberal,2210.03419,Event Extraction: A Survey
sec5.tex,"\citet{lyu-etal-2021-zero}, on the other hand, explore the Textual Entailment (TE) task and/or Question Answering (QA) task for zero-shot event extraction.",lyu-etal-2021-zero,2210.03419,Event Extraction: A Survey
sec5.tex,"\cite{deng2020meta}, on the other hand, proposed a Dynamic-Memory-Based Prototypical Network (DMB-PN).",deng2020meta,2210.03419,Event Extraction: A Survey
eacl2023_camera_ready.tex,"On the other hand, a counseling session between a therapist and a patient is asymmetric, where the therapist attempts to emotionally support the patient by employing social influence skills~\cite{althoff2016large}.",althoff2016large,2210.05664,Social Influence Dialogue Systems: A Survey of Datasets and Models For Social Influence Tasks
eacl2023.tex,"Neural text classifiers, on the other hand, can incorporate contextual information and have been shown to be more robust \citep{gamback2017using, pitsilis2018effective}.","gamback2017using, pitsilis2018effective",2210.07700,Language Generation Models Can Cause Harm: So What Can We Do About It? An Actionable Survey
main.tex,"In computer science, on the other hand, ontologies are defined as a formal and explicit specification of a shared conceptualization~\cite{Studer1998Knowledge}.",Studer1998Knowledge,2210.08119,A Survey on Knowledge Graph-based Methods for Automated Driving
al4nlp_main.tex,"On the other hand, AL can be utilized to address the data imbalance problem and build better data \citep{ertekin2007learning,tomanek2009reducing,attenberg2013class,mottaghi2020medical,mussmann-etal-2020-importance}.","ertekin2007learning,tomanek2009reducing,attenberg2013class,mottaghi2020medical,mussmann-etal-2020-importance",2210.10109,A Survey of Active Learning for Natural Language Processing
measurements.tex,"%\cite{cai2019effects, rader2018explanations} On the other hand, agreement to simple subjective statements such as \textit{``I understand this decision algorithm''} \cite{cheng2019explaining}, \textit{``I understand how the AI...''} \cite{buccinca2020proxy, cai2019effects} or \textit{``The explanation(s) help me to understand...''} \cite{radensky2022exploring} can be collected to assess subjective understanding.","cai2019effects, rader2018explanations;cheng2019explaining;buccinca2020proxy, cai2019effects;radensky2022exploring",2210.11584,Towards Human-centered Explainable AI: A Survey of User Studies for Model Explanations
main.tex,"On the other hand, studies in \cite{guo2022improving,gu-etal-2022-ppt} show that prompt tuning under-performs finetuning in few-shot settings.","guo2022improving,gu-etal-2022-ppt",2211.03154,On the Domain Adaptation and Generalization of Pretrained Language Models: A Survey
7.system_comparison.tex,"In terms of artificial data, the trend is somewhat mixed, as on the one hand, \citet{stahlberg-kumar-2021-synthetic} introduced a system trained on more than half a billion synthetic sentences, but on the other hand, they were still outperformed by systems that used orders of magnitude less data \citep{lai-etal-2022-type,tarnavskyi-etal-2022-ensembling}.","stahlberg-kumar-2021-synthetic;lai-etal-2022-type,tarnavskyi-etal-2022-ensembling",2211.05166,Grammatical Error Correction: A Survey of the State of the Art
2_background.tex,"On the other hand, the policy in the actor-critic architecture can also be updated through the deterministic policy gradient~(DPG)~\cite{DPG,DDPG,TD3} for continuous control: \begin{align} \nabla_\phi \mathcal{J}(\mu_\phi) = \mathbb{E}_{s\sim \rho^{\mu}}\left[\nabla_a Q^\mu(s,a)|_{a=\mu_{\phi}(s)} \nabla_\phi \mu_{\phi}(s)\right].\nonumber \end{align} where $\mu_{\phi}(s): \mathcal{S} \to \mathcal{A}$ % with parameters $\phi$ is a deterministic policy.","DPG,DDPG,TD3",2211.06665,"A Survey on Explainable Reinforcement Learning: Concepts, Algorithms, Challenges"
main.tex,"Conversely, DensePhrases \cite{lee-etal-2021-learning-dense} omits the sparse representations of phrases, and only leverages the dense ones.",lee-etal-2021-learning-dense,2211.07886,A Survey for Efficient Open Domain Question Answering
sample-1col.tex,"The submitted traditional approaches, on the other hand, were all engineered with features, such as token frequency or character-level n-grams, that have been proven to be useful for hate speech and offensive language identification \cite{mandl2019overview, mandl2020, hasoc2021mergeoverview}.","mandl2019overview, mandl2020, hasoc2021mergeoverview",2211.10163,Overview of the HASOC Subtrack at FIRE 2022: Offensive Language Identification in Marathi
sn-article.tex,"On the other hand, \textbf{\textit{generative}} tasks demonstrate an interesting variability in architectural approaches: while language generation tasks conditioned on image are addressed by architectures based on RNNs or Transformers, image generation tasks conditioned on text are mainly tackled by Generative Adversarial Networks (GANs) \cite{gan}, and more recently by Vision Transformers \cite{transformers-imgen} and Diffusion models \cite{diffusion}.",gan;transformers-imgen;diffusion,2211.12328,A survey on knowledge-enhanced multimodal learning
sn-article.tex,"On the other hand, VRE (as an extension of purely linguistic referring expressions \cite{survey3}) involves generating or retrieving textual descriptions that refer to specific visual elements or regions within an image, aiming to describe and identify those elements in natural language.",survey3,2211.12328,A survey on knowledge-enhanced multimodal learning
sn-article.tex,"On the other hand, knowledge-enhanced VL models usually target a single task, and only a few knowledge-enhanced multi-task models \cite{multi2, multi3, multi4, multi5, multi6} have been developed.","multi2, multi3, multi4, multi5, multi6",2211.12328,A survey on knowledge-enhanced multimodal learning
conference_101719.tex,"can help humans interpret the content and concept that they represent.``Explainability"", on the other hand, has been put forth as ``the collection of features of the interpretable domain that contribute to a certain decision"" \cite{montavon2018methods}.",montavon2018methods,2211.15351,Testing the effectiveness of saliency-based explainability in NLP using randomized survey-based experiments
main.tex,"On the other hand, well-meaning ML experts may try to share their expertise through media such as blog posts, but they run the risk of ``parachuting'' into unfamiliar fields with ill-adapted solutions~\cite{adame2021meaningful,summers2021artificial}.","adame2021meaningful,summers2021artificial",2211.15971,Democratizing Machine Learning for Interdisciplinary Scholars: Report on Organizing the NLP+CSS Online Tutorial Series
Datasets.tex,"% On the other hand, there are two datasets, StudyForrest\cite{Dataset_StudyForrest} and Vim-1\cite{Dataset_Vim1}, which, despite having high citations, do not get used in medical studies.",Dataset_StudyForrest;Dataset_Vim1,2212.03176,Domain Adaptation and Generalization on Functional Medical Images: A Systematic Survey
Datasets.tex,"% On the other hand, there are two datasets, StudyForrest\cite{Dataset_StudyForrest} and Vim-1\cite{Dataset_Vim1}, which, despite having high citations, do not get used in medical studies.",Dataset_StudyForrest;Dataset_Vim1,2212.03176,Domain Adaptation and Generalization on Functional Medical Images: A Systematic Survey
DG_Learning_Scenarios.tex,"On the other hand, in non-contrastive methods, there are no negative pairs, and self-supervised learning is performed only within positive pairs \cite{Tian2021UnderstandingSL}.",Tian2021UnderstandingSL,2212.03176,Domain Adaptation and Generalization on Functional Medical Images: A Systematic Survey
DG_Learning_Scenarios.tex,"On the other hand, in non-contrastive methods, there are no negative pairs, and self-supervised learning is performed only within positive pairs \cite{Tian2021UnderstandingSL}.",Tian2021UnderstandingSL,2212.03176,Domain Adaptation and Generalization on Functional Medical Images: A Systematic Survey
doc-ranking-qe-based.tex,"% Multiplex, on the other hand, attempted to explain three NRMs (DRMM, monoBERT and DPR~\cite{dpr}) using a combination of three simple rankers: i) term matching (BM25), ii) position aware, and iii) semantic similarity.",dpr,2212.07126,Explainability of Text Processing and Retrieval Methods: A Survey
bare_jrnl_new_sample4.tex,"Conversely, graphs with distinct edge weights, as observed in social networks where weights signify closeness \cite{Wang2022Minority} or in e-commerce networks where weights represent ratings \cite{Zhou2021Core}, provide additional information.",Wang2022Minority;Zhou2021Core,2212.08966,Graph Learning and Its Advancements on Large Language Models: A Holistic Survey
acl2023.tex,"Conversely, large-scale models such as GPT-Neo~\cite{gpt-neo} and GPT-J~\cite{gpt-j}, despite their billion-level parameter scale, have been found to have limited power in the \nlcode task due to the small amount of code in their training corpus.",gpt-neo;gpt-j,2212.09420,Large Language Models Meet NL2Code: A Survey
acl_latex.tex,"On the other hand, for grammatically distinct languages, \citet{winata2019code,tan-joty-2021-code} treat parallel sentences as linear structure and only allow switching on non-crossing alignments.","winata2019code,tan-joty-2021-code",2212.09660,The Decades Progress on Code-Switching Research in NLP: A Systematic Survey on Trends and Challenges
acl_latex.tex,"On the other hand, catastrophic forgetting is observed in pre-trained models \cite{shah2020learning}, and human speakers \cite[known as language attrition]{hirvonen2000code,du2009language} in a CSW environment.",shah2020learning,2212.09660,The Decades Progress on Code-Switching Research in NLP: A Systematic Survey on Trends and Challenges
body_v2_acl.tex,"On the other hand, pre-trained language models (such as BERT) and newer large language models (such as GPT-3) use subword tokenization techniques \cite{wu2016google,sennrich2016neural} to split numbers into atomic tokens.","wu2016google,sennrich2016neural",2212.10535,A Survey of Deep Learning for Mathematical Reasoning
body_v2_acl.tex,"On the other hand, \citet{lewkowycz2022solving} did not find evidence of memorization in complex outputs, yet their training set and model are not available for inspection.",lewkowycz2022solving,2212.10535,A Survey of Deep Learning for Mathematical Reasoning
body_v1_arxiv.tex,"On the other hand, pre-trained language models (such as BERT) and newer large language models (such as GPT-3) use subword tokenization techniques \cite{wu2016google,sennrich2016neural} to split numbers into atomic tokens.","wu2016google,sennrich2016neural",2212.10535,A Survey of Deep Learning for Mathematical Reasoning
body_v1_arxiv.tex,"On the other hand, \citet{lewkowycz2022solving} did not find evidence of memorization in complex outputs, yet their training set and model are not available for inspection.",lewkowycz2022solving,2212.10535,A Survey of Deep Learning for Mathematical Reasoning
body_v3_acl_camera.tex,"On the other hand, pre-trained language models (such as BERT) and newer large language models (such as GPT-3) use subword tokenization techniques \cite{wu2016google,sennrich2016neural} to split numbers into atomic tokens.","wu2016google,sennrich2016neural",2212.10535,A Survey of Deep Learning for Mathematical Reasoning
body_v3_acl_camera.tex,"On the other hand, \citet{lewkowycz2022solving} did not find evidence of memorization in complex outputs, yet their training set and model are not available for inspection.",lewkowycz2022solving,2212.10535,A Survey of Deep Learning for Mathematical Reasoning
1_Introduction.tex,"On the other hand, Cutmix~\cite{yun2019cutmix} cuts a patch from one image (source image) and then pastes it onto the corresponding region of another image (target image) from a \textit{locality} point of view.",yun2019cutmix,2212.10888,"A Survey of Mix-based Data Augmentation: Taxonomy, Methods, Applications, and Explainability"
analysis.tex,"On the other hand, Rizzo and Van~\cite{Rizzo:20} proposed an extension of the standard SeqGAN by employing context adaptation of global word embeddings and a self-attention discriminator.",Rizzo:20,2212.11119,A survey on text generation using generative adversarial networks
analysis.tex,"On the other hand, Zhang et al.~\cite{CZhang:19} improved the standard actor-critic methodology by proposing a transformer-based architecture for the generator, denoted as Transformer Generative Adversarial Network (TranGAN).",CZhang:19,2212.11119,A survey on text generation using generative adversarial networks
keplm.tex,"Cao et al.~\cite{b175} and LEFA~\cite{b176}, on the other hand, attempted to locate the knowledge stored in the model.",b175;b176,2212.13428,A Survey on Knowledge-Enhanced Pre-trained Language Models
main.tex,"On the other hand, as a particular type of knowledge graphs, commonsense knowledge graphs (CKGs) like ATOMIC~\cite{sap2019atomic} and ConceptNet~\cite{speer2013conceptnet}, where entities and relations are composed of free-form text, gain less attention from embedding-based models.",sap2019atomic;speer2013conceptnet,2301.01172,A Survey On Few-shot Knowledge Graph Completion with Structural and Commonsense Knowledge
main.tex,"On the other hand, prompt-tuning proposed in GPT3~\cite{brown2020language} as an arising methodology has been used for tasks like relation extraction names, entity recognition, etc.",brown2020language,2301.01172,A Survey On Few-shot Knowledge Graph Completion with Structural and Commonsense Knowledge
main.tex,"On the other hand, GPT models~\cite{brown2020language, radford2018improving} show that pre-trained language models originally contain structural knowledge as well, some models take a step further to totally depend on pre-trained LMs.","brown2020language, radford2018improving",2301.01172,A Survey On Few-shot Knowledge Graph Completion with Structural and Commonsense Knowledge
main.tex,"On the other hand, generation-based models like OntoZSL~\cite{geng2021ontozsl} are not biased to seen or unseen classes in prediction compared with the widely explored mapping-based methods~\cite{chen2021low}.",geng2021ontozsl;chen2021low,2301.01172,A Survey On Few-shot Knowledge Graph Completion with Structural and Commonsense Knowledge
04-method.tex,"On the other hand, \rebuttal{\citet{hansen2021stabilizing} find ViT-based architecture is prone to overfitting and address the promblem with data-augmentation.",hansen2021stabilizing,2301.03044,A Survey on Transformers in Reinforcement Learning
main.tex,"On the other hand, generative methods are more adept at handling low-data scenarios and can even achieve notable performance improvements when data is extremely scarce, such as with only 10 images \cite{kong2023understanding}.",kong2023understanding,2301.05712,"A Survey on Self-supervised Learning: Algorithms, Applications, and Future Trends"
main.tex,"On the other hand, \cite{zhou2021ibot} draws inspiration from both BEiT and DINO \cite{caron2021emerging}.",zhou2021ibot;caron2021emerging,2301.05712,"A Survey on Self-supervised Learning: Algorithms, Applications, and Future Trends"
main.tex,"On the other hand, RVSA~\cite{wang2022advancing} introduces a novel rotated varied-size window attention mechanism that advances the plain vision transformer to serve as a fundamental model for various remote sensing tasks.",wang2022advancing,2301.05712,"A Survey on Self-supervised Learning: Algorithms, Applications, and Future Trends"
tkde.tex,"On the other hand, DGMs-centric surveys typically highlight model structures and training strategies, frequently overlooking the integral role of causality \cite{oussidi2018deep,harshvardhan2020comprehensive,bond2021deep}.","oussidi2018deep,harshvardhan2020comprehensive,bond2021deep",2301.12351,Emerging Synergies in Causality and Deep Generative Models: A Survey
sec_Causality4DGMs.tex,"% However, CGN diverges from CausalGAN in its primary objective: it aims to develop more robust and interpretable classifiers while mitigating the tendency of classifiers to learn shortcuts \cite{Geirhos2020ShortcutLI}.",Geirhos2020ShortcutLI,2301.12351,Emerging Synergies in Causality and Deep Generative Models: A Survey
sec_DGMs4Causality.tex,"Conversely, \cite{von2023nonparametric} identifies bi-variate latent variables across different datasets without requiring the causal graph, emphasizing the removal of parental influences through perfect interventions.",von2023nonparametric,2301.12351,Emerging Synergies in Causality and Deep Generative Models: A Survey
future.tex,"On the other hand, future CIL methods are also encouraged to handle specific learning scenarios, \eg, \cite{wang2022sparcl} addresses training CIL systems under resource-limited scenarios.",wang2022sparcl,2302.03648,Class-Incremental Learning: A Survey
future.tex,"On the other hand, pre-trained language-vision models~\cite{radford2021learning} have shown powerful generalizability in recent years, and exploring the ensemble of various pre-trained models is also an exciting topic.",radford2021learning,2302.03648,Class-Incremental Learning: A Survey
categorize_algorithm.tex,"On the other hand, IL2M~\cite{belouadah2019il2m} suggests re-scaling the outputs with historical statistics.",belouadah2019il2m,2302.03648,Class-Incremental Learning: A Survey
intro.tex,"On the other hand, DIL concentrates on the scenario with concept drift or distribution change~\cite{lu2018learning}, where new tasks contain instances from different domains but with the same label space.",lu2018learning,2302.03648,Class-Incremental Learning: A Survey
intro.tex,"On the other hand, with the prosperity of Vision Transformer (ViT)~\cite{dosovitskiy2020image} and pre-trained models, a heated discussion about ViT in CIL is attracting the attention of the community.",dosovitskiy2020image,2302.03648,Class-Incremental Learning: A Survey
categorize_model.tex,"On the other hand, several works~\cite{ostapenko2021continual,ermismemory} propose to design specific modules for incremental new tasks, \eg, adapters~\cite{rebuffi2017learning}.","ostapenko2021continual,ermismemory;rebuffi2017learning",2302.03648,Class-Incremental Learning: A Survey
categorize_model.tex,"On the other hand, the importance matrix may conflict at different incremental stages~\cite{zhou2021co}, making it hard to optimize the model and achieve poor performance on new tasks.",zhou2021co,2302.03648,Class-Incremental Learning: A Survey
categorize_data.tex,"On the other hand, some works assume the updating rule can be meta-learned~\cite{finn2017model,chao2020revisiting} from a series of related tasks.","finn2017model,chao2020revisiting",2302.03648,Class-Incremental Learning: A Survey
TAI_template.tex,"Conversely, graph embedding refers to the techniques that transform a graph into a lower dimensional representation while preserving the original graph’s topology~\cite{interdonato2020multilayer}.",interdonato2020multilayer,2302.06114,A Comprehensive Survey on Graph Summarization with Graph Neural Networks
main.tex,"\citet{yang2022seqzero}, on the other hand, decomposes using rule-based principles and slot-filling prompting to translate questions into a series of SQL operations.",yang2022seqzero,2302.07842,Augmented Language Models: a Survey
main.tex,"On the other hand, the ability to perform reasoning with chain-of-thoughts from a few in-context examples only emerges as models reach a certain size \citep{wei2022emergent,chung2022scaling}, and performance depends heavily on the format in which examples are presented \citep{jiang-etal-2020-know,min2022rethinking}, the choice of few-shot examples, and the order in which they are presented \citep{kumar-talukdar-2021-reordering,lu-etal-2022-fantastically,zhou2022least}.","wei2022emergent,chung2022scaling;jiang-etal-2020-know,min2022rethinking;kumar-talukdar-2021-reordering,lu-etal-2022-fantastically,zhou2022least",2302.07842,Augmented Language Models: a Survey
main.tex,"On the other hand, new data collection and filtering methods are developed to reduce bias in downstream learning tasks \cite{jo2020lessons}.",jo2020lessons,2302.08406,Entity Aware Modelling: A Survey
main.tex,"This includes, for instance, the consideration of the environmental impacts of ML approaches when benchmarking models~\cite{zhou2020hulk}, but also, conversely, considering the impact on robustness and bias of model distillation techniques that improve model efficiency~\cite{hooker2020characterising,xu2022can}.","zhou2020hulk;hooker2020characterising,xu2022can",2302.08476,Counting Carbon: A Survey of Factors Influencing the Emissions of Machine Learning
aimlaiws.tex,"On the other hand, explainability directs the focus back to human understanding by examining the relationship between input features and model predictions in a human-understandable format \cite{e23010018}.",e23010018,2302.09304,Interpretability in Activation Space Analysis of Transformers: A Focused Survey
11-appendix.tex,"On the other hand, video generation tasks contains future prediction~\cite{oord2018representation}, video action recoginition~\cite{lorre2020temporal}, video generation~\cite{vondrick2016generating, tulyakov2018mocogan}, and video representaion~\cite{wang2015unsupervised}.","oord2018representation;lorre2020temporal;vondrick2016generating, tulyakov2018mocogan;wang2015unsupervised",2302.09419,A Comprehensive Survey on Pretrained Foundation Models: A History from BERT to ChatGPT
taxonomy.tex,"On the other hand, the dual perspective frames the objective as maximizing PI coverage probability subject to a fixed global budget constraint on average PI width in a batch setting \cite{rosenfeld2018discriminative}.",rosenfeld2018discriminative,2302.13425,A Survey on Uncertainty Quantification Methods for Deep Learning
taxonomy.tex,"On the other hand, evidential deep learning aims to predict the \textit{evidence} for each class $\boldsymbol{\alpha} = \{\alpha_1,\alpha_2, \alpha_3 \}$ with the constraint $\boldsymbol{\alpha} > 0 $, which can be considered as the parameters of Dirichlet distribution \cite{sensoy2018evidential}.",sensoy2018evidential,2302.13425,A Survey on Uncertainty Quantification Methods for Deep Learning
_s3_scheduling.tex,"On the other hand,~\cite{li2021analytical, huang2021cosa} leverage the regularities in the ML workloads and hardware to formulate the mapping as optimization problems, which can then be directly solved by off-the-shelf solvers.","li2021analytical, huang2021cosa",2302.14017,Full Stack Optimization of Transformer Inference: a Survey
_region_.tex,"~\cite{li2021analytical, huang2021cosa}, on the other hand, leverage the regularities in the ML workloads and hardware to formulate the mapping as an optimization problem that can be directly solved by off-the-shelf solvers.","li2021analytical, huang2021cosa",2302.14017,Full Stack Optimization of Transformer Inference: a Survey
_s3_scheduling.tex,"On the other hand,~\cite{li2021analytical, huang2021cosa} leverage the regularities in the ML workloads and hardware to formulate the mapping as optimization problems, which can then be directly solved by off-the-shelf solvers.","li2021analytical, huang2021cosa",2302.14017,Full Stack Optimization of Transformer Inference: a Survey
_region_.tex,"~\cite{li2021analytical, huang2021cosa}, on the other hand, leverage the regularities in the ML workloads and hardware to formulate the mapping as an optimization problem that can be directly solved by off-the-shelf solvers.","li2021analytical, huang2021cosa",2302.14017,Full Stack Optimization of Transformer Inference: a Survey
paper.tex,"On the other hand, \textit{informal} reasoning is mostly based on a generic experience and intuition of the world, thus being prone to errors, while however being more flexible \cite{reasoning}.",reasoning,2303.02411,The Contribution of Knowledge in Visiolinguistic Learning: A Survey on Tasks and Challenges
paper.tex,"Therefore, if the golden prompt \cite{cot} \textit{let's think step by step} has been defined via extended experimentation, there is no guarantee regarding its optimality and reliability; on the other hand, if there is a certain methodology behind, it seems that it has not been fully unlocked (or at least released to the public).",cot,2303.02411,The Contribution of Knowledge in Visiolinguistic Learning: A Survey on Tasks and Challenges
decoding.tex,"However, it is known that the degradation of the greedy search algorithm is not so large \cite{chan2016listen,sak2017recurrent}, especially when the model is well trained in matched conditions\footnote{On the other hand, in the AED models, increasing the search space does not consistently improve the speech recognition performance \cite{chorowski2017towards,Zhou+Schlueter+:Interspeech2020}, which is also observed in neural machine translation \cite{koehn2017six}.}.","chan2016listen,sak2017recurrent;chorowski2017towards,Zhou+Schlueter+:Interspeech2020;koehn2017six",2303.03329,End-to-End Speech Recognition: A Survey
intro.tex,"The potential of deep learning on the other hand initiated successful approaches to integrate formerly separate modeling steps, e.g.\ integrating speech signal preprocessing and feature extraction into acoustic modeling \cite{Tuske+:2014,Sainath+:2015}.","Tuske+:2014,Sainath+:2015",2303.03329,End-to-End Speech Recognition: A Survey
intro.tex,"On the other hand, methods to generate subword vocabularies based on characters, like the currently popular byte pair encoding (BPE) approach \cite{Sennrich+:2015}, might be seen as secondary approaches outside the \EtoE\ objective.",Sennrich+:2015,2303.03329,End-to-End Speech Recognition: A Survey
main_survey.tex,"The target word ""\emph{Milwaukee}"", on the other hand, is a word on the decision boundary, meaning that it can be either labeled as non-complex or complex by a CWI classifier even though its typography may be evidently complex to those whom are unfamiliar with North American loanwords or proper nouns \footnote{It is important to mention that \citet{maddela2018word} may have attempted to avoid such neutral labeling by recruiting an uneven number of annotators, being 11 in total.",maddela2018word,2303.04851,Lexical Complexity Prediction: An Overview
main_survey.tex,"On the other hand, \citet{gooding-kochmar-2019-complex} improved their winning system at CWI-2018 \cite{yiman-EtAl:2018:BEA}: SV000gg, by capturing contextual information as a result of converting their model to a sequence labelling task and by using word-embeddings.",gooding-kochmar-2019-complex;yiman-EtAl:2018:BEA,2303.04851,Lexical Complexity Prediction: An Overview
main.tex,"On the other hand, the evolution of the DALL-E model has progressed from the autoregressive DALL-E~\cite{ramesh2021zero}, to the diffusion-based DALL-E2 ~\cite{ramesh2022hierarchical}, and most recently, DALLE-3~\cite{openai-dall-e-3}.",ramesh2021zero;ramesh2022hierarchical;openai-dall-e-3,2303.07909,Text-to-image Diffusion Models in Generative AI: A Survey
2022000149.tex,"On the other hand, the paper by~\cite{hargreaves2023words} addresses the ethical use of AI language models like ChatGPT in law school assessments, proposing ways to teach students appropriate and ethical AI usage.",hargreaves2023words,2303.09136,A Short Survey of Viewing Large Language Models in Legal Aspect
2_background.tex,"Conversely, incorporating visual information % from images and/or videos also aids language understanding and generation~\citep{zhou2020unified, lei2021less, otter}.","zhou2020unified, lei2021less, otter",2303.10868,Retrieving Multimodal Information for Augmented Generation: A Survey
main__2_.tex,"Conversely, transformers for speech take a sequence of acoustic features as input and output a sequence of phonemes or words that represent the speech content \cite{subakan2022using,kim2022squeezeformer}.","subakan2022using,kim2022squeezeformer",2303.11607,Transformers in Speech Processing: A Survey
main__2_.tex,"On the other hand, inspired by the success of BERT, different modalities can integrate as early as at the input stage \cite{sun2019videobert,li2019visualbert,chen2020uniter,li2020unicoder,li2020oscar,huang2020pixel,zhu2020actbert,qi2020imagebert,nagrani2021attention,zhuge2021kaleidobert}.","sun2019videobert,li2019visualbert,chen2020uniter,li2020unicoder,li2020oscar,huang2020pixel,zhu2020actbert,qi2020imagebert,nagrani2021attention,zhuge2021kaleidobert",2303.11607,Transformers in Speech Processing: A Survey
main_AIGC_text.tex,"DALL-E 2~\cite{ramesh2022hierarchical}, on the other hand, used approximately 650M images.",ramesh2022hierarchical,2303.11717,A Complete Survey on Generative AI (AIGC): Is ChatGPT from GPT-4 to GPT-5 All You Need?
main_AIGC_text.tex,"On the other hand, end-to-end models directly predict the transcriptions from the audio input~\cite{hori2018end,li2019jasper, nakatani2019improving, wang2019semantic, li2020comparison}.","hori2018end,li2019jasper, nakatani2019improving, wang2019semantic, li2020comparison",2303.11717,A Complete Survey on Generative AI (AIGC): Is ChatGPT from GPT-4 to GPT-5 All You Need?
main_AIGC_text.tex,"On the other hand, DiffEdit~\cite{couairon2022diffedit} proposes to predict the mask automatically that indicates which part to be edited.",couairon2022diffedit,2303.11717,A Complete Survey on Generative AI (AIGC): Is ChatGPT from GPT-4 to GPT-5 All You Need?
main_AIGC_text.tex,"On the other hand,~\cite{shi2021learning, xie2021crystal, anand2022protein, zaman2022particlegrid} concentrate on goal-directed graph generation, which generates graphs that optimizes given objects, like molecular and material generation.","shi2021learning, xie2021crystal, anand2022protein, zaman2022particlegrid",2303.11717,A Complete Survey on Generative AI (AIGC): Is ChatGPT from GPT-4 to GPT-5 All You Need?
main_text.tex,"On the other hand, different from prior models that the initial and target sampling rates are fixed, NU-Wave 2~\cite{han2022nu} defines a new task \textit{general neural audio upsampling} that the inputs can be any sampling rate for a single model.",han2022nu,2303.13336,A Survey on Audio Diffusion Models: Text To Speech Synthesis and Enhancement in Generative AI
2_background.tex,"On the other hand, \citet{wollny2021we} have systematically reviewed areas of education where chatbots have already been applied.",wollny2021we,2303.13379,Practical and Ethical Challenges of Large Language Models in Education: A Systematic Scoping Review
2_background.tex,"On the other hand, \citet{sallam2023utility} systematically reviewed the implications and limitations of ChatGPT in healthcare education and identified potential utility around personalisation and automation.",sallam2023utility,2303.13379,Practical and Ethical Challenges of Large Language Models in Education: A Systematic Scoping Review
Reasoning.tex,"On the other hand, PLMs are found to learn spurious correlations on multi-hop reasoning, theorem proving and commonsense reasoning~\cite{single-hop-rc19,paradox22,RICA21}.","single-hop-rc19,paradox22,RICA21",2303.14725,"Natural Language Reasoning, A Survey"
application.tex,"% On the other hand, many recent studies shift to a more direct fact triples extraction from LLMs themselves considering the large amount of parameters and training tokens of LLMs~\cite{Petroni-EMNLP-19-Language, West-NAACL-22-Symbolic}, \eg directly querying LLMs in zero-shot or few-shot~\cite{Zhu-arxiv-23-LLMs} and prompting LLMs with cloze-style questions~\cite{Heinzerling-ACL-21-Lan}.","Petroni-EMNLP-19-Language, West-NAACL-22-Symbolic;Zhu-arxiv-23-LLMs;Heinzerling-ACL-21-Lan",2303.18223,A Survey of Large Language Models
application.tex,"%\textcolor{blue} {When high-quality reference texts are available during evaluation, LLMs can be instructed to score texts under the guidance provided by references~\cite{Zheng-2023-arxiv-Judging,Wang-arxiv-2023-SciBench,Sawada-arxiv-2023-ARB}.} On the other hand, language-based evaluation focuses on generating critiques and suggestions, offering qualitative explanation beyond simple quantitative scoring~\cite{Bai-arXiv-2022-Constitutional,Lee-23-arxiv-RLAIF,Wang-23-arxiv-Shepherd,Cui-23-arxiv-","Zheng-2023-arxiv-Judging,Wang-arxiv-2023-SciBench,Sawada-arxiv-2023-ARB;Bai-arXiv-2022-Constitutional,Lee-23-arxiv-RLAIF,Wang-23-arxiv-Shepherd,Cui-23-arxiv-UltraFeedback",2303.18223,A Survey of Large Language Models
quantization.tex,"The black-box approach~\cite{Hsieh-ACL-2023-distilling}, on the other hand, can only make use of the textual response of the teacher model for training the student model.",Hsieh-ACL-2023-distilling,2303.18223,A Survey of Large Language Models
template.tex,"On the other hand, Further considered clustering algorithms are Gaussian Mixture Models (GMMs) (e.g.,~\cite{rother2020cmce}), agglomerative clustering (AGG) (e.g.,~\cite{arefyev2020bos}), DBSCAN (e.g.,~\cite{karnysheva2020tue}), HDBSCAN (e.g.,~\cite{rother2020cmce}), Balanced Iterative Reducing and Clustering using Hierarchies (BIRCH) (e.g.,~\cite{rother2020cmce}), A-Posteriori affinity Propagation (APP) (e.g.,~\cite{periti2022what}), and Incremental Affinity Propagation based on Nearest neighbo",rother2020cmce;arefyev2020bos;karnysheva2020tue;rother2020cmce;rother2020cmce;periti2022what;periti2022what,2304.01666,A Survey on Contextualised Semantic Shift Detection
sn-article.tex,"On the other hand, \citep{puflovic2016supervised} created a model based on character and word n-grams.",puflovic2016supervised,2304.05468,A Survey of Resources and Methods for Natural Language Processing of Serbian Language
main.tex,"On the other hand, most popular fine-tuned models can obtain much better performance~\cite{duchene2023benchmark}.",duchene2023benchmark,2304.13712,Harnessing the Power of LLMs in Practice: A Survey on ChatGPT and Beyond
main.tex,"On the other hand, the upper limit of capabilities of fine-tuned models is not reached, and some methods like FLAN-tuning~\cite{longpre2023flan} can further boost the performance on NLU tasks.",longpre2023flan,2304.13712,Harnessing the Power of LLMs in Practice: A Survey on ChatGPT and Beyond
training.tex,"% The recent work by \cite{xie2020efficient} and \cite{pokutta2020deep}, on the other hand, enforce structure on $\parameterset$ directly using Frank-Wolfe ---more precisely, stochastic versions of it.\\ \cite{xie2020efficient} use a stochastic Frank-Wolfe approach to impose an $\ell_1$-norm constraint on the weights and biases $\weights$ when training a neural network with 1 hidden layer.",xie2020efficient;pokutta2020deep;xie2020efficient,2305.00241,When Deep Learning Meets Polyhedral Theory: A Survey
optimizingover.tex,"On the other hand, strategies such as ExactReach~\citep{xiang2017reachable} exploit polyhedral theory to compute reachable sets: given an input set to a ReLU function defined as a union of polytopes, the output reachable set is also a union of polytopes.",xiang2017reachable,2305.00241,When Deep Learning Meets Polyhedral Theory: A Survey
optimizingover.tex,"On the other hand, robust optimization can be employed to find $p$-norm adversarial regions (rather than verifying robustness), as opposed to a single point adversary \citep{maragno2023finding}.",maragno2023finding,2305.00241,When Deep Learning Meets Polyhedral Theory: A Survey
linearregions.tex,"In fact, \cite{zhu2020local} observed that the boundaries of the linear regions move away from the training data; and \cite{HashEncoders} conjectured that the linear regions near training samples becomes smaller through training, or that conversely the activation patterns are denser around the training samples.",zhu2020local;HashEncoders,2305.00241,When Deep Learning Meets Polyhedral Theory: A Survey
template.tex,"On the other hand, this may heavily depend on the quality of annotations on explicit labelling tasks, as implicit feedback has been found to be superior in an online setting for product translations \cite{kreutzer-etal-2018-neural}.",kreutzer-etal-2018-neural,2305.00955,Bridging the Gap: A Survey on Integrating (Human) Feedback for Natural Language Generation
600_collecting_feedback.tex,"On the other hand, this may heavily depend on the quality of annotations on explicit labelling tasks, as implicit feedback has been found to be superior in an online setting for product translations \citet{kreutzer-etal-2018-neural}.",kreutzer-etal-2018-neural,2305.00955,Bridging the Gap: A Survey on Integrating (Human) Feedback for Natural Language Generation
main.tex,"On the one hand, speech modality can extract text features, and on the other hand, speech tone can be recognized to reveal the state of text at each time point\cite{favaro2023multi}.",favaro2023multi,2305.07611,Multimodal Sentiment Analysis: A Survey
reference.tex,"On the other hand, following the strategy of studies in TS2Vec~\cite{yue2022ts2vec} and CoST~\cite{woo2022cost}, we compare and analyze the strategy~(using the target dataset to pretrain the base model) on time-series downstream classification, forecasting, and anomaly detection tasks.",yue2022ts2vec;woo2022cost,2305.10716,A Survey on Time-Series Pre-Trained Models
main.tex,"{Testing} methods, on the other hand, generate a set of test cases and use the generated test cases to evaluate the reliability (or other properties) of deep learning \cite{DBLP:journals/corr/abs-1803-04792}.",DBLP:journals/corr/abs-1803-04792,2305.11391,A Survey of Safety and Trustworthiness of Large Language Models through the Lens of Verification and Validation
main.tex,"Conversely of Boolean abstraction, \cite{DBLP:journals/corr/abs-1911-09032} %and \cite{cheng2020provablyrobust} consider box abstractions.",DBLP:journals/corr/abs-1911-09032;cheng2020provablyrobust,2305.11391,A Survey of Safety and Trustworthiness of Large Language Models through the Lens of Verification and Validation
acl2023.tex,"On the other hand, dialogue turns can be used as semantically related pairs of text for learning sentence representations \cite{zhou-etal-2022-learning}.",zhou-etal-2022-learning,2305.12641,A Comprehensive Survey of Sentence Representations: From the BERT Epoch to the ChatGPT Era and Beyond
emnlp2023.tex,"On the other hand, \textit{cheap fake} defines manipulated content created through more accessible methods % ,``cheap, accessible software, or no software at all'' ~\citep{paris2019deepfakes}, e.g.\ changing captions or speed of videos~\citep{DBLP:conf/mir/LaTTTDD22}.",paris2019deepfakes;DBLP:conf/mir/LaTTTDD22,2305.13507,
emnlp2023.tex,\citet{GueraD18} on the other hand include so-called ``deepfake'' videos scraped from video-hosting websites and unmanipulated videos from the HOHA dataset \todo{cite} in their manipulation dataset.,GueraD18,2305.13507,
emnlp2023.tex,% \citet{GueraD18} on the other hand include so-called ``deepfake'' videos scraped from video-hosting websites and unmanipulated videos from the HOHA dataset \todo{cite} in their manipulation dataset.,GueraD18,2305.13507,
model.tex,"% Combining subclaim-level and claim-level predictions is also used outside of graph contexts, e.g.~ Conversely, \citet{Zhou_2018_CVPR} and \citet{DBLP:conf/cvpr/0001AN19} use a multitask model for manipulation classification and identification of manipulated regions.",Zhou_2018_CVPR;DBLP:conf/cvpr/0001AN19,2305.13507,
main.tex,"On the other hand, MIM has been recognized as a tremendously powerful pretext task that enables generative SSL to reach and even surpass the results obtained with instance discrimination.~\citep{vit,beit,mae}.","vit,beit,mae",2305.13689,Know Your Self-supervised Learning: A Survey on Image-based Generative and Discriminative Training
main.tex,"Conversely,~\citet{scan} argue that an end-to-end approach with online training may lead to various problems and propose an approach called \texttt{SCAN} that replaces the use of K-Means for the purpose of clustering with the use of an advanced neighbor search.",scan,2305.13689,Know Your Self-supervised Learning: A Survey on Image-based Generative and Discriminative Training
background.tex,"GraphLab \cite{low2013graphlab, low2014graphlab}, on the other hand, stores the data graph with associated features in shared memory.","low2013graphlab, low2014graphlab",2305.13854,The Evolution of Distributed Systems for Graph Neural Networks and their Origin in Graph Processing and Deep Learning: A Survey
500evaluation.tex,"On the other hand, G-EVAL~\cite{DBLP:journals/corr/abs-2303-16634} assesses the quality of NLG outputs by utilizing chain-of-thought (CoT) and a form-filling paradigm.",DBLP:journals/corr/abs-2303-16634,2305.14647,"Scientific Opinion Summarization: Paper Meta-review Generation Dataset, Methods, and Evaluation"
01-introduction.tex,"However, on the other hand, in the literature~\cite{AliannejadiSigir19,zamani2020mimics,kumar2020clarq,feng2023towards}, a growing number of studies released publicly available datasets while showing a common interest in the ACQ research direction.","AliannejadiSigir19,zamani2020mimics,kumar2020clarq,feng2023towards",2305.15933,
02-framework.tex,"On the other hand, for social chatbots, instead of completing a particular task, their primary function is offering users an emotional connection and companionship while mimicking human conversations~\cite{gao2019neural}.",gao2019neural,2305.15933,
04-metrics.tex,"On the other hand, some common metrics for the generation route include (8) BLEU \cite{papineni2002bleu}, (9) METEOR \cite{banerjee2005meteor}, (10) ROUGE \cite{lin2004rouge}.",papineni2002bleu;banerjee2005meteor;lin2004rouge,2305.15933,
manuscript.tex,"On the other hand, an RNN is theoretically much more computationally powerful than an MLP: while the latter has the property of universal function approximation, the RNN is a Universal Turing Machine and is able to simulate any algorithm \cite{siegelman}.",siegelman,2305.16259,Neural Natural Language Processing for Long Texts: A Survey on Classification and Summarization
manuscript.tex,"On the other hand, RNNs/LSTMs struggle to conserve information and identify long-term dependencies over huge spans of text \cite{worsham_book}.",worsham_book,2305.16259,Neural Natural Language Processing for Long Texts: A Survey on Classification and Summarization
manuscript.tex,"On the other hand, the book genre recognizer of \cite{worsham} employs only minimal preprocessing, just enough to allow the DNN to run relatively efficiently.",worsham,2305.16259,Neural Natural Language Processing for Long Texts: A Survey on Classification and Summarization
acl2023.tex,"On the other hand, \citet{lauscher_zero_2020} and \citet{ahuja_multi_2022} obtained results containing evidence that word order may be more important for mBERT than for XLM-R.",lauscher_zero_2020;ahuja_multi_2022,2305.16768,Towards a Common Understanding of Contributing Factors for Cross-Lingual Transfer in Multilingual Language Models: A Review
acl2023.tex,"\citet{wu_beto_2019}, on the other hand, derived a correlation between transfer performance and lexical overlap from results on more tasks but fewer languages.",wu_beto_2019,2305.16768,Towards a Common Understanding of Contributing Factors for Cross-Lingual Transfer in Multilingual Language Models: A Review
acl2023.tex,"On the other hand, the authors referred to the ""curse of multilinguality"" \citep{conneau_unsupervised_2020} which states that, for a fixed model size, the number of languages a model can cover until its overall performance starts to decrease is limited.",conneau_unsupervised_2020,2305.16768,Towards a Common Understanding of Contributing Factors for Cross-Lingual Transfer in Multilingual Language Models: A Review
acl_latex.tex,"Conversely, dense retrieval deploys dense vector representations of queries, which consider the semantic meaning of the query and can catch synonyms and related concepts \citep{karpukhin-etal-2020-dense}.",karpukhin-etal-2020-dense,2305.16859,Scientific Fact-Checking: A Survey of Resources and Approaches
acl_latex.tex,"On the other hand, ParagraphJoint and ARSJoint used the dense vector representation BioSentVec \citep{Chen_2019}, which was trained from 30 million biomedical publications and clinical notes.",Chen_2019,2305.16859,Scientific Fact-Checking: A Survey of Resources and Approaches
GPTsurvey.tex,"On the other hand, the NLP capabilities of AIGC models facilitate high levels of anthropomorphism, resulting in unreasonable expectations and excessive reliance on AIGC services \cite{weidinger2021ethical}.",weidinger2021ethical,2305.18339,"A Survey on ChatGPT: AI-Generated Contents, Challenges, and Solutions"
application.tex,"On the other hand, LLM updates can lead to producing inconsistent code for the same prompt \cite{fakhoury2023towards}.",fakhoury2023towards,2305.18703,Domain Specialization as the Key to Make Large Language Models Disruptive: A Comprehensive Survey
acl_latex.tex,"On the other hand, \texttt{ACCENT}~\cite{zhou2022adversarial} and \texttt{RADAR} apply evaluation metrics such as BLEU~\cite{Papineni2002BleuAM} and CodeBLEU~\cite{ren2020codebleu} respectively to guide the selection and replacement process, aiming for maximum adversarial impact.",zhou2022adversarial;Papineni2002BleuAM;ren2020codebleu,2305.19915,Source Code Data Augmentation for Deep Learning: A Survey
4_2_others.tex,"On the other hand, GNNInterpreter \cite{gnninterpreter} is a generative global explainer that maximizes the likelihood of explanation graph being predicted as target class by the model.",gnninterpreter,2306.01958,A Survey on Explainability of Graph Neural Networks
4_1_applications.tex,"On the other hand, \textbf{GCAN} \cite{GCAN} uses sequence models.",GCAN,2306.01958,A Survey on Explainability of Graph Neural Networks
jbi.tex,"On the other hand, researchers start to construct KGs under the open-world assumption~\cite{shi2018open,das2020probabilistic,niu2021open,OERL,lu22:hakeGCN}, thus getting rid of the dependency on pre-defined schemas and exhaustive entity\&relation normalization.","shi2018open,das2020probabilistic,niu2021open,OERL,lu22:hakeGCN",2306.04802,"A Review on Knowledge Graphs for Healthcare: Resources, Applications, and Promises"
jbi.tex,"On the other hand, Symbolic logic models offer an interpretable approach to KG reasoning by mining logical rules from existing knowledge through techniques such as inductive logic programming~\cite{muggleton1992inductive}, association rule mining~\cite{galarraga2013amie}, or Markov logic networks~\cite{kok2005learning}.",muggleton1992inductive;galarraga2013amie;kok2005learning,2306.04802,"A Review on Knowledge Graphs for Healthcare: Resources, Applications, and Promises"
acl2023.tex,"Conversely, it has also prompted NLP researchers to start using neuroimaging data to evaluate and improve their models \citep{sogaard-2016-evaluating,bingel-etal-2016-extracting,Toneva2019InterpretingAI,hollenstein-etal-2019-cognival,loong_NLU_brain}.","sogaard-2016-evaluating,bingel-etal-2016-extracting,Toneva2019InterpretingAI,hollenstein-etal-2019-cognival,loong_NLU_brain",2306.05126,Mapping Brains with Language Models: A Survey
acl2023.tex,"% On the other hand, tasks such as paraphrase generation, summarization, and natural language inference led to better encoding performance for the \citet{narratives} data (audio).",narratives,2306.05126,Mapping Brains with Language Models: A Survey
results.tex,"On the other hand, Team PULSAR used Flan-T5~\cite{chung2022scaling} and GPT2XL~\cite{radford2019language}.",chung2022scaling;radford2019language,2306.05270,Overview of the Problem List Summarization (ProbSum) 2023 Shared Task on Summarizing Patients' Active Diagnoses and Problems from Electronic Health Record Progress Notes
introduction_new.tex,"On the other hand, large language models (LLM) implicitly store massive amount of open-world knowledge in their parameters~\cite{zhao2023survey}, and exhibit impressive emergent abilities (\eg, reasoning~\cite{huang2022towards}, instruction following~\cite{brown2020language} \xx{three examples is better, such as ""instruction following, logical reasoning, and problem-solving"".",zhao2023survey;huang2022towards;brown2020language,2306.05817,How Can Recommender Systems Benefit from Large Language Models: A Survey
introduction.tex,"As a result, these systems might lack recommendation explainability~\cite{gao2023chat,chen2023survey}, and cannot deal with conversational requirements from users~\cite{friedman2023leveraging,wang2022recindial,wang2022barcor}.} On the other hand, in the field of natural language processing (NLP), large language model (LLM) has shown impressive emergent abilities (\eg, logical reasoning~\cite{huang2022towards}, in-context few-shot learning~\cite{brown2020language}), as well as the vast reservoir ","gao2023chat,chen2023survey;friedman2023leveraging,wang2022recindial,wang2022barcor;huang2022towards;brown2020language;zhao2023survey",2306.05817,How Can Recommender Systems Benefit from Large Language Models: A Survey
iclr2021_conference.tex,"On the other hand, another survey worked on applying a bidirectional transformer encoder (BERT) in multi-layer as a word-embedding tool \citep{bert_survey_word_embedding}.",bert_survey_word_embedding,2306.07303,A Comprehensive Survey on Applications of Transformers for Deep Learning Tasks
iclr2021_conference.tex,"On the other hand, the supervised method has further improved the translation tasks \citep{XLM}.",XLM,2306.07303,A Comprehensive Survey on Applications of Transformers for Deep Learning Tasks
iclr2021_conference.tex,"VLBERT, on the other hand, is a single-stream model that is pre-trained and takes both the image and text embedding features as input, making this model simple yet powerful \citep{VL-BERT}.",VL-BERT,2306.07303,A Comprehensive Survey on Applications of Transformers for Deep Learning Tasks
03_methodology.tex,"% Implicit bias, on the other hand, refers to bias that is present in the model or data, but is not explicitly reflected in the model's parameters or features \cite{lauscher_general_2020}.",lauscher_general_2020,2306.08158,Sociodemographic Bias in Language Models: A Survey and Forward Path
GilClavel_NLP_and_Networks_for_LR.tex,"On the other hand, they might contain redundant information, which may result in a deficiency of information \cite{koh_empirical_2023,wang_systematic_2021,batista_quantitative_2015}.","koh_empirical_2023,wang_systematic_2021,batista_quantitative_2015",2306.09737,Using Natural Language Processing and Networks to Automate Structured Literature Reviews: An Application to Farmers Climate Change Adaptation
main_bkp.tex,"On the other hand, due to the small number of documents used in this study \cite{li2018automated}, it is noticeable that the F-measure was not exceptionally high.",li2018automated,2306.12834,Natural Language Processing in Electronic Health Records in Relation to Healthcare Decision-making: A Systematic Review
main_bkp.tex,"On the other hand, the fundamental concept behind LSTM was to implement ""gates"" to regulate the data flow to RNN units~\cite{haque2018image}.",haque2018image,2306.12834,Natural Language Processing in Electronic Health Records in Relation to Healthcare Decision-making: A Systematic Review
main.tex,"On the other hand, due to the small number of documents used in this study \cite{li2018automated}, it is noticeable that the F-measure was not exceptionally high.",li2018automated,2306.12834,Natural Language Processing in Electronic Health Records in Relation to Healthcare Decision-making: A Systematic Review
main.tex,"On the other hand, the fundamental concept behind LSTM was to implement ""gates"" to regulate the data flow to RNN units~\cite{haque2018image}.",haque2018image,2306.12834,Natural Language Processing in Electronic Health Records in Relation to Healthcare Decision-making: A Systematic Review
041_extensions.tex,"On the other hand, MLLMs are also extended to generate responses of more modalities, such as image~\cite{emu,zhan2024anygpt,wu2023next,aiello2023jointly}, audio~\cite{zhang2023speechgpt,rubenstein2023audiopalm,zhan2024anygpt,wu2023next}, and video~\cite{wu2023next,wang2024modaverse}.","emu,zhan2024anygpt,wu2023next,aiello2023jointly;zhang2023speechgpt,rubenstein2023audiopalm,zhan2024anygpt,wu2023next;wu2023next,wang2024modaverse",2306.13549,A Survey on Multimodal Large Language Models
arXiv_version.tex,"Prefix tuning, on the other hand, adds a task-specific prefix to the input sequence, which can modify the model's behavior in a more flexible way than LoRA or Adapters \cite{gui2023g}.",gui2023g,2306.14905,PRISMA-DFLLM: An Extension of PRISMA for Systematic Literature Reviews using Domain-specific Finetuned Large Language Models
sec_background.tex,"% % % On the other hand, Tiny machine learning (TinyML) DNN models \cite{Warden2019} have been investigated to run on small, battery-operated devices like microcontrollers, trading off prediction accuracy with respect to low-latency, low-power and low-bandwidth model inference of sensor data on edge devices.",Warden2019,2306.15552,A Survey on Deep Learning Hardware Accelerators for Heterogeneous HPC Platforms
sec_Body_Appendix_TECH.tex,"% On the other hand, Tiny machine learning (TinyML) DNN models \cite{Warden2019} have been investigated to run on small, battery-operated devices like microcontrollers, trading off prediction accuracy with respect to low-latency, low-power, and low-bandwidth model inference of sensor data on edge devices.",Warden2019,2306.15552,A Survey on Deep Learning Hardware Accelerators for Heterogeneous HPC Platforms
sec_Body_Appendix_TECH.tex,"%%%%Stef %%%%%%Stef Conversely, Goya \cite{medina2019hotchips} relies on PCIe 4.0 to interface to a host processor and exploits a design that uses a heterogenous approach comprising of a large General Matrix Multiply (GMM) engine, TPUs, and a large shared DDR4 memory pool.",medina2019hotchips,2306.15552,A Survey on Deep Learning Hardware Accelerators for Heterogeneous HPC Platforms
sec_Body_Appendix_TECH.tex,"On the other hand, SODA and ScaleHLS use a compiler infrastructure (MLIR, the Multi-Level Intermediate Representation from the LLVM project \cite{lattner2021mlir}) to progressively translate the input model through representations at different levels of abstraction, until they can be passed to the HLS tool as a C++ representation or an LLVM IR.",lattner2021mlir,2306.15552,A Survey on Deep Learning Hardware Accelerators for Heterogeneous HPC Platforms
ssec_RISC-V.tex,"%% On the other hand, this approach is also popular with emerging commercial platforms, such as Celerity~\cite{davidsonCelerityOpenSource511Core2018}, Esperanto~\cite{ditzelAcceleratingMLRecommendation2022}, Tenstorrent~\cite{vasiljevicComputeSubstrateSoftware2021}, and speedAI240~\cite{snelgroveSpeedAI2402Petaflop30Teraflops2023}.",davidsonCelerityOpenSource511Core2018;ditzelAcceleratingMLRecommendation2022;vasiljevicComputeSubstrateSoftware2021;snelgroveSpeedAI2402Petaflop30Teraflops2023,2306.15552,A Survey on Deep Learning Hardware Accelerators for Heterogeneous HPC Platforms
main.tex,"On the other hand, explicit feedback involves actively requesting users to provide ratings or comments on the recommendations they have received \cite{ref1}.",ref1,2307.01221,Filter Bubbles in Recommender Systems: Fact or Fallacy -- A Systematic Review
main.tex,"On the other hand, diversity modeling approaches, as suggested by \cite{ref18}, \cite{ref25}, and \cite{ref34}, involve modifying the core algorithm itself to make it more diversity-aware.",ref18;ref25;ref34,2307.01221,Filter Bubbles in Recommender Systems: Fact or Fallacy -- A Systematic Review
main.tex,"On the other hand, diversity modeling techniques modify the core algorithm to incorporate diversity-awareness (\cite{ref18,ref25,ref34}).","ref18,ref25,ref34",2307.01221,Filter Bubbles in Recommender Systems: Fact or Fallacy -- A Systematic Review
main.tex,"\citet{bennettOffpolicyEvaluationInfiniteHorizon2021a}, on the other hand, proposed a new estimator for OPE in infinite-horizon RL.",bennettOffpolicyEvaluationInfiniteHorizon2021a,2307.01452,Causal Reinforcement Learning: A Survey
main.tex,"\citet{wangProvablyEfficientCausal2021a}, on the other hand, studied how confounded observational data can facilitate exploration during online learning.",wangProvablyEfficientCausal2021a,2307.01452,Causal Reinforcement Learning: A Survey
main.tex,"\citet{wangCausalDynamicsLearning2022a}, on the other hand, studied task-independent state abstraction which only omits action-irrelevant variables that neither change with actions nor influence actions' results, identified through independence tests based on conditional mutual information.",wangCausalDynamicsLearning2022a,2307.01452,Causal Reinforcement Learning: A Survey
main.tex,"On the other hand, \citet{sontakkeCausalCuriosityRL2021a} introduced a method to learn self-supervised experiments based on the principle of independent causal mechanisms.",sontakkeCausalCuriosityRL2021a,2307.01452,Causal Reinforcement Learning: A Survey
main.tex,"On the other hand, intrinsic explanations can be achieved using interpretable algorithms, such as linear regression or decision trees, but the limited modeling capacity of these algorithms may prove insufficient in explaining complex behaviors~\citep{puiuttaExplainableReinforcementLearning2020}.",puiuttaExplainableReinforcementLearning2020,2307.01452,Causal Reinforcement Learning: A Survey
main.tex,"\citet{mesnardCounterfactualCreditAssignment2021a}, on the other hand, studied the temporal credit assignment problem, i.e., measuring an action’s influence on future rewards.",mesnardCounterfactualCreditAssignment2021a,2307.01452,Causal Reinforcement Learning: A Survey
main.tex,"On the other hand, \citet{everittRewardTamperingProblems2021a} studied a critical concern known as reward tampering, which refers to the potential for RL agents to manipulate their reward signals.",everittRewardTamperingProblems2021a,2307.01452,Causal Reinforcement Learning: A Survey
main.tex,"Meta-learning~\citep{duanRLFastReinforcement2016, finnModelAgnosticMetaLearningFast2017, guptaMetaReinforcementLearningStructured2018, xuMetaGradientReinforcementLearning2018}, on the other hand, involves training on a task distribution to gain the ability to adapt quickly to a new task.","duanRLFastReinforcement2016, finnModelAgnosticMetaLearningFast2017, guptaMetaReinforcementLearningStructured2018, xuMetaGradientReinforcementLearning2018",2307.01452,Causal Reinforcement Learning: A Survey
main.tex,"On the other hand, \citet{bilodeauAdaptivelyExploitingDSeparators2022a} studied the adaptivity issue concerning the d-separator, i.e., whether an algorithm can perform nearly as well as an algorithm with oracle knowledge of the presence or absence of a d-separator.",bilodeauAdaptivelyExploitingDSeparators2022a,2307.01452,Causal Reinforcement Learning: A Survey
sec-benchmark-dataset.tex,"On the other hand, SOCKET \citep{choi2023llms} serves as an NLP benchmark designed to evaluate the performance of \llms in learning and recognizing social knowledge concepts.",choi2023llms,2307.03109,A Survey on Evaluation of Large Language Models
sec-what-to-eval.tex,"On the other hand, \llms exhibit competence in handling decimal numbers, negative numbers, and irrational numbers \citep{yuan2023well}.",yuan2023well,2307.03109,A Survey on Evaluation of Large Language Models
graph_gen.tex,"On the other hand, the method requires that the Laplacian of the anonymized graph $G'$ is approximated to the original graph $G$ (i.e., see Eq.1 in~\cite{DBLP:conf/nips/AroraU19}).",DBLP:conf/nips/AroraU19,2307.04338,Privacy-Preserving Graph Machine Learning from Data to Computation: A Survey
cas-dc-template.tex,"On the other hand, RL works by maximizing cumulative rewards \cite{8793742,li2022efficient4} over time through interaction with the environment, and the network makes driving decisions to obtain rewards or penalties based on its actions.","8793742,li2022efficient4",2307.04370,Recent Advancements in End-to-End Autonomous Driving using Deep Learning: A Survey
review.tex,"On the other hand, chain-of-hindsight (CoH)~\cite{CoH} provides feedback to the model in language rather than reward, to learn good versus bad responses.\\ ~\emph{\textbf{Aligning with Synthetic Feedback:}} Aligning LLMs with human feedback is slow and costly.",CoH,2307.06435,A Comprehensive Overview of Large Language Models
aaai22.tex,"E.g., as Italian immigration to the US slowed in the 20th century and Italian Americans moved up the socioeconomic ladder, so too did the status of Italian food; conversely, Asian and Hispanic food remain lower status, since ongoing Asian and Hispanic immigration continues to populate low-wage jobs, especially in the restaurant industry~\cite{ray2007ethnic,ray2017bringing}.","ray2007ethnic,ray2017bringing",2307.07645,Othering and low status framing of immigrant cuisines in US restaurant reviews and large language models
aaai22.tex,"For example, as Italian immigration to the US slowed in the 20th century and Italian Americans assimilated up the socioeconomic ladder, so too did the prestige of Italian food; conversely, \textsc{As} and Hispanic food remain lower status, since ongoing \textsc{As} and Hispanic immigration continues to populate low-prestige jobs, particularly within the food service industry~\cite{ray2007ethnic,ray2017bringing}.","ray2007ethnic,ray2017bringing",2307.07645,Othering and low status framing of immigrant cuisines in US restaurant reviews and large language models
10_Pruning.tex,"On the other hand, other methods, such as VTP \cite{zhu2021vision}, comes with a drop in accuracy.",zhu2021vision,2307.07982,A Survey of Techniques for Optimizing Transformer Inference
quals.tex,"Chatbots, on the other hand, engage users in open-ended conversations without specific goals, making them non-collaborative as well \cite{huang2020challenges}.",huang2020challenges,2307.09021,Towards a Neural Era in Dialogue Management for Collaboration: A Literature Survey
training.tex,"Chain of Hindsight (CoH)~\cite{liu2023languages}, on the other hand, directly incorporates human preference as a pair of parallel responses discriminated as low-quality or high-quality using natural language prefixes.",liu2023languages,2307.12966,Aligning Large Language Models with Human: A Survey
instruction_collection.tex,"The experiments show the superior performance of LLMs trained on the resulting instructions.~\citet{chen2023alpagasus}, on the other hand, propose to leverage ChatGPT to directly evaluate the instruction quality by assigning scores.",chen2023alpagasus,2307.12966,Aligning Large Language Models with Human: A Survey
3.pedagogy.tex,"Conversely, the advent of tools like ~\cite{putra-etal-2020-tiara} has given rise to tree-based feedback.",putra-etal-2020-tiara,2307.15341,Teach Me How to Improve My Argumentation Skills: A Survey on Feedback in Argumentation
2-privacy.tex,"Conversely, FHE exhibits a high level of computational complexity that can render it infeasible for certain applications \cite{ogburn2013homomorphic}.",ogburn2013homomorphic,2307.15838,Holistic Survey of Privacy and Fairness in Machine Learning
main.tex,"On the other hand, adversarial attacks \citep{adv_1,adv_5} directly exploit vulnerabilities inherent in models.","adv_1,adv_5",2307.16680,On the Trustworthiness Landscape of State-of-the-art Generative Models: A Survey and Outlook
sample.tex,"On the other hand, it shows its effectiveness and accuracy-preserving~\cite{zhang2020mix} with highly competitive predictive and calibration performance.",zhang2020mix,2308.01222,Calibration in Deep Learning: A Survey of the State-of-the-Art
content.tex,"Conversely, \citet{Andreas2016} approached the task following the classical IC pipeline, a methodology often used in the literature~\citep{HawkinsKSG20,abs-2107-05697,abs-2110-05422}.","Andreas2016;HawkinsKSG20,abs-2107-05697,abs-2110-05422",2308.02541,Towards More Human-like AI Communication: A Review of Emergent Communication Research
content.tex,"On the other hand, semantic constraints (G) are implemented on a visual ground and capture how much of the message is based on the original semantic content~\citep{KielaCJN17}.",KielaCJN17,2308.02541,Towards More Human-like AI Communication: A Review of Emergent Communication Research
acl2023.tex,"Some studies \cite{Song_Zhou_Fu_Liu_Liu_2021, feng2022s}, on the other hand, focused on extracting subject-verb-object relationships in dependency trees to aid in metaphor detection.","Song_Zhou_Fu_Liu_Liu_2021, feng2022s",2308.04306,Deep Learning-Based Knowledge Injection for Metaphor Detection: A Comprehensive Review
acl2023.tex,"MOH-X \cite{Shutova_Kiela_Maillard_2016}, on the other hand, is a subset of the MOH dataset, excluding instances with pronouns and subordinate subjects or objects, and contains 647 verb samples.",Shutova_Kiela_Maillard_2016,2308.04306,Deep Learning-Based Knowledge Injection for Metaphor Detection: A Comprehensive Review
main.tex,"On the other hand, Xiang et al.~\cite{xiang2022temporal} argued that extracting financial knowledge directly from stock prices can be more efficient and less noisy than acquiring it from textual sources.",xiang2022temporal,2308.04947,Methods for Acquiring and Incorporating Knowledge into Stock Price Prediction: A Survey
main.tex,"On the other hand, the SMI is used to process social media knowledge, where it generates sentence-level tweet embeddings using universal sentence encoders (USE)~\cite{cer2018universal}.",cer2018universal,2308.04947,Methods for Acquiring and Incorporating Knowledge into Stock Price Prediction: A Survey
main.tex,"On the other hand, for graphs with heterogeneous entities, some researchers~\cite{li2019individualized} predefine the meta-path across different types of nodes and then use random walk-based methods to preserve related information for the stock nodes.",li2019individualized,2308.04947,Methods for Acquiring and Incorporating Knowledge into Stock Price Prediction: A Survey
robust.tex,"On the other hand, adversarial prompt engineering, if used properly, can serve the purpose of red teaming and provide the LLMs with a high-quality set of examples for alignment \cite{ganguli2022red}.",ganguli2022red,2308.05374,Trustworthy LLMs: a Survey and Guideline for Evaluating Large Language Models' Alignment
nationality_detection_paper.tex,"Test data, on the other hand, was taken from an open-source German review dataset \cite{Guhr.2020.Sentiment}, crawled from \url{holidaycheck.de} and consisting of more than $3.6 \text{M}$ anonymous reviews.\ The data was pre-processed and filtered identically, and $75$ sentences were randomly sampled with and without nationality terms.\ Three external annotators were provided with a definition of guest nationality reference and some examples (e.g., the Italian restaurant sentence as a negative e",Guhr.2020.Sentiment,2308.06175,Assessing Guest Nationality Composition from Hotel Reviews
A_survey_on_pruning.tex,"(5)~On the other hand, some recent works (\cite{ma2021sanity,liu2021lottery,liu2019rethinking}) revisit and challenge the existence of LTH.","ma2021sanity,liu2021lottery,liu2019rethinking",2308.06767,"A Survey on Deep Neural Network Pruning-Taxonomy, Comparison, Analysis, and Recommendations"
A_survey_on_pruning.tex,"On the other hand, \citet{li2017pruning} observe that training a subnetwork from scratch performs worse than fine-tuning it.",li2017pruning,2308.06767,"A Survey on Deep Neural Network Pruning-Taxonomy, Comparison, Analysis, and Recommendations"
A_survey_on_pruning.tex,"(5)~On the other hand, some recent works (\cite{ma2021sanity,liu2021lottery,liu2019rethinking}) revisit and challenge the existence of LTH.","ma2021sanity,liu2021lottery,liu2019rethinking",2308.06767,"A Survey on Deep Neural Network Pruning-Taxonomy, Comparison, Analysis, and Recommendations"
A_survey_on_pruning.tex,"On the other hand, \citet{li2017pruning} observe that training a subnetwork from scratch performs worse than fine-tuning it.",li2017pruning,2308.06767,"A Survey on Deep Neural Network Pruning-Taxonomy, Comparison, Analysis, and Recommendations"
S1-introduction.tex,"On the other hand, the larger LLMs have shown impressive emergent abilities when dealing with complex tasks~\cite{emergent_ability}, such as generalization and reasoning skills.",emergent_ability,2308.07107,Large Language Models for Information Retrieval: A Survey
S3-query-rewriter.tex,"On the other hand, in clinical terminology normalization, recent study~\cite{fan-etal-2024-rrnorm} also leverage large language models to decompose and reconstruct complex diagnostic mentions, improving the mapping to standard terms through a ""retrieve-and-rank"" framework to enhance overall performance.",fan-etal-2024-rrnorm,2308.07107,Large Language Models for Information Retrieval: A Survey
reasoning.tex,"On the other hand, benchmarks such as WikiQA~\cite{DBLP:conf/emnlp/YangYM15}, HotpotQA~\cite{DBLP:conf/emnlp/Yang0ZBCSM18}, and SciFact~\cite{DBLP:conf/emnlp/WaddenLLWZCH20} provide sentence-level coarse-grained textual segments as explanations for model classification results.",DBLP:conf/emnlp/YangYM15;DBLP:conf/emnlp/Yang0ZBCSM18;DBLP:conf/emnlp/WaddenLLWZCH20,2308.07902,Through the Lens of Core Competency: Survey on Evaluation of Large Language Models
template.tex,"CoFrNets, on the other hand, rely on the mathematics of continued fractions (CFs), typically represented as a ladder-like sequence: $a_0+\frac{b_1}{a_1+\frac{b_2}{a_2+\cdots}}$ which can represent any real number and any analytic function \cite{churchill2014ebook}.",churchill2014ebook,2308.08407,"Explainable AI for clinical risk prediction: a survey of concepts, methods, and modalities"
template.tex,"An advantage of perturbation-based methods, on the other hand, is their ability to query models repeatedly and their model-agnostic nature \cite{ivanovs2021perturbation}.",ivanovs2021perturbation,2308.08407,"Explainable AI for clinical risk prediction: a survey of concepts, methods, and modalities"
rq2.tex,"On the other hand, some papers focus on exploring how existing LLMs (e.g., ChatGPT) are used in SE tasks~\cite{white2023chatgpt} and do not specify the dataset used for model training, as these LLMs like ChatGPT often do not require users to prepare training data themselves for general usage scenarios.",white2023chatgpt,2308.10620,Large Language Models for Software Engineering: A Systematic Literature Review
main.tex,"Conversely, the GSM8K \cite{cobbe2021training} dataset contains 8,500 high-quality elementary school math problems, aimed at testing the basic mathematical reasoning abilities of models.",cobbe2021training,2308.10792,Instruction Tuning for Large Language Models: A Survey
main.tex,"On the other hand, prompt-based methods show that in principle one can align some models without any fine-tuning \cite{wang2023gpt,sun2023sentiment,sun2023pushing,wang2023sim,sun2023text}.","wang2023gpt,sun2023sentiment,sun2023pushing,wang2023sim,sun2023text",2308.10792,Instruction Tuning for Large Language Models: A Survey
main.tex,"Conversely, the GSM8K \cite{cobbe2021training} dataset contains 8,500 high-quality elementary school math problems, aimed at testing the basic mathematical reasoning abilities of models.",cobbe2021training,2308.10792,Instruction Tuning for Large Language Models: A Survey
main.tex,"On the other hand, prompt-based methods show that in principle one can align some models without any fine-tuning \cite{wang2023gpt,sun2023sentiment,sun2023pushing,wang2023sim,sun2023text}.","wang2023gpt,sun2023sentiment,sun2023pushing,wang2023sim,sun2023text",2308.10792,Instruction Tuning for Large Language Models: A Survey
main.tex,"On the other hand, ~\cite{yang2023harnessing} primarily focus on the applications of LLMs in various downstream tasks and the challenges associated with their deployment.",yang2023harnessing,2308.11432,A Survey on Large Language Model based Autonomous Agents
main.tex,"On the other hand, big models could generate responses that conflict with human preferences, such as discrimination and harmful messages, eliciting potential social risks~\cite{weidinger2021ethical_risk,bommasani2021opportunities_risks}.","weidinger2021ethical_risk,bommasani2021opportunities_risks",2308.12014,From Instructions to Intrinsic Human Values -- A Survey of Alignment Goals for Big Models
sample-sigconf.tex,"On the other hand, DALL$\cdot$E 2\cite{ramesh2022hierarchical} takes a different approach by performing the diffusion process directly on the embedding space of clip\cite{pmlr-v139-clip}.",ramesh2022hierarchical;pmlr-v139-clip,2308.13142,A Survey of Diffusion Based Image Generation Models: Issues and Their Solutions
main.tex,"On the other hand, DALL$\cdot$E 2~\cite{ramesh2022hierarchical} takes a different approach by performing the diffusion process directly on the embedding space of~\cite{pmlr-v139-clip}.",ramesh2022hierarchical;pmlr-v139-clip,2308.13142,A Survey of Diffusion Based Image Generation Models: Issues and Their Solutions
main.tex,"On the other hand, GLIGEN~\cite{Li_2023_GLIGEN} adopts common fine-tuning method from natural language processing (NLP), incorporating an adaptor layer between the self-attention and cross-attention layers.",Li_2023_GLIGEN,2308.13142,A Survey of Diffusion Based Image Generation Models: Issues and Their Solutions
main.tex,"On the other hand, SpaText~\cite{Avrahami_2023_SpaText} employs a specifically designed encoding mechanism to effectively capture and represent segmentation information.",Avrahami_2023_SpaText,2308.13142,A Survey of Diffusion Based Image Generation Models: Issues and Their Solutions
main.tex,"On the other hand, Re-imagen~\cite{chen2022reimagen} takes a different approach by conditioning its generation on both retrieved texts and images.",chen2022reimagen,2308.13142,A Survey of Diffusion Based Image Generation Models: Issues and Their Solutions
main.tex,"On the other hand, eDiff-i~\cite{balaji2022eDiff-I} calculated thresholds to separate the entire process into three stages.",balaji2022eDiff-I,2308.13142,A Survey of Diffusion Based Image Generation Models: Issues and Their Solutions
main.tex,"On the other hand, since attention may be one of the primary ways that bias is encoded in LLMs~\citep{jeoung2022changed}, attention-based loss function modifications may be more effective.",jeoung2022changed,2309.00770,Bias and Fairness in Large Language Models: A Survey
main.tex,"In fact, overly general evaluation tools may be completely at odds with the normative, subjective, and contextual nature of bias, and ""universal"" benchmarks often express the perspectives of dominant groups in the name of objectivity and neutrality and thus perpetuate further harm against marginalized groups~\citep{denton2020bringing}.",denton2020bringing,2309.00770,Bias and Fairness in Large Language Models: A Survey
experiments.tex,"Diffusion model, on the other hand, have demonstrated their capacity to achieve commendable synthetic outcomes even with moderate model parameters, as evident in the case of LDM \cite{stable_diffusion}.",stable_diffusion,2309.00810,RenAIssance: A Survey into AI Text-to-Image Generation in the Era of Large Model
experiments.tex,"On the other hand, DALLE-2 \cite{Dalle2}, Stable-Diffusion \cite{stablediffusionweb}, and GALIP \cite{galip} showcase exceptional image detailing and vivid color rendition.",Dalle2;stablediffusionweb;galip,2309.00810,RenAIssance: A Survey into AI Text-to-Image Generation in the Era of Large Model
6-mitigation.tex,"On the other hand, studies like~\citep{chen2023alpagasus, cao2023instruction, lee2023platypus} pursue automatic selection strategies, where LLMs act as evaluators or specific rules are devised to filter for high-quality data.","chen2023alpagasus, cao2023instruction, lee2023platypus",2309.01219,Siren's Song in the AI Ocean: A Survey on Hallucination in Large Language Models
6-mitigation.tex,"\citet{varshney2023stitch}, on the other hand, uses the logit-based method to detect false concepts in LLMs' responses with high uncertainty.",varshney2023stitch,2309.01219,Siren's Song in the AI Ocean: A Survey on Hallucination in Large Language Models
backup.tex,% %On the other hand traditional physics based approaches needs customized engineering and domain knowledge \cite{reichstein2019deep} for effective problem solving besides also being time consuming.,reichstein2019deep,2309.01909,A Survey on Physics Informed Reinforcement Learning: Review and Open Problems
main.tex,"Spanish, on the other hand, belongs to the small set of very resource-rich languages~\cite{joshi2020state}, which is good for this competition as there are many tools for Spanish that could be leveraged to see how well they work in this context.",joshi2020state,2309.06163,Overview of GUA-SPA at IberLEF 2023: Guarani-Spanish Code Switching Analysis
main.tex,"In traditional NLP tasks \citep{DBLP:conf/acl/MaynezNBM20}, hallucinations are often synonymous with \textit{faithfulness}: conflicting information leads to \textit{Intrinsic Hallucination}, i.e., LMs conflict with the input information when generating a response; Conversely, generating ambiguous supplementary information may leads to \textit{Extrinsic Hallucination}, i.e., LMs produce personal names, historical events, or technical documents that is challenging to verify.",DBLP:conf/acl/MaynezNBM20,2309.06794,Cognitive Mirage: A Review of Hallucinations in Large Language Models
Sec6.Discussion.tex,"On the other hand, natural language generation demands the agent to produce fluent, grammatically correct, and credible content while adapting appropriate tones and emotions within contextual circumstances \cite{DBLP:journals/corr/abs-2305-13711, DBLP:journals/corr/abs-2304-01746,DBLP:conf/conll/SeePSYM19}.","DBLP:journals/corr/abs-2305-13711, DBLP:journals/corr/abs-2304-01746,DBLP:conf/conll/SeePSYM19",2309.07864,The Rise and Potential of Large Language Model Based Agents: A Survey
Sec4.Application.tex,"On the other hand, there is a severe lack of suitable training data in scientific domains, making it difficult for agents to comprehend the entire domain knowledge \cite{DBLP:conf/emnlp/WangJCA22, DBLP:journals/corr/abs-2305-05091}.","DBLP:conf/emnlp/WangJCA22, DBLP:journals/corr/abs-2305-05091",2309.07864,The Rise and Potential of Large Language Model Based Agents: A Survey
main.tex,"On the other hand, chatbots are not as neutral as expected, raising ethical concerns among the general public \cite{paul2023chatgpt}.",paul2023chatgpt,2309.08836,Bias and Fairness in Chatbots: An Overview
main.tex,"On the other hand, in response to users, chatbots need to convert text-embedded responses generated by the chatbot to various modalities, such as text-to-speech (TTS) or speech synthesis \cite{tan2021survey, ning2019review}, text-to-image (TTI) \cite{zhang2023text, frolov2021adversarial}, etc.","tan2021survey, ning2019review;zhang2023text, frolov2021adversarial",2309.08836,Bias and Fairness in Chatbots: An Overview
main.tex,"On the other hand, some robots, such as those designed for stereotypically male tasks that need to show strength and leadership, use male personas \cite{costa2019ai}.",costa2019ai,2309.08836,Bias and Fairness in Chatbots: An Overview
introduction.tex,"On the other hand, citations also create meaningful and thoughtful links between citing and cited scientific documents, establishing valuable and rich ``web'' of knowledge~\cite{judge2007causes}.",judge2007causes,2309.09727,When Large Language Models Meet Citation: A Survey
introduction.tex,"From the bibliometrics domain, % ~\citet{ding2014content} generally talk about the concept of citation function classification task as well as its future development.~\citet{lyu2021classification}, on the other hand, focus on introducing a diverse and comprehensive set of citation function labels based on the previous research efforts.",ding2014content;lyu2021classification,2309.09727,When Large Language Models Meet Citation: A Survey
templateArxiv.tex,"On the other hand, weighting assigns higher weights to the minority class to penalize misclassifications of the rare class \cite{he2021weighting, chen2004using}.","he2021weighting, chen2004using",2309.11356,A Comprehensive Survey on Rare Event Prediction
main.tex,"On the other hand, RotL \cite{wang2021hyperbolic} investigates the necessity of introducing hyperbolic geometry in learning KGE and proposes two more efficient Euclidean space KGE while retaining the advantage of flexible normalization.",wang2021hyperbolic,2309.12501,Knowledge Graph Embedding: An Overview
main.tex,"CNNs{\cite{chiu2016named}}, on the other hand, can effectively capture local patterns and are particularly useful for character-level representations.",chiu2016named,2309.14084,"Comprehensive Overview of Named Entity Recognition: Models, Domain-Specific Applications and Challenges"
lrec-coling2024-example.tex,"On the other hand, the emergent abilities of Large Language Models~\cite{wei2022emergent} shows that LLMs are also good at reasoning which can help them learn from fault behavior.",wei2022emergent,2309.14365,An In-depth Survey of Large Language Model-based Artificial Intelligence Agents
main.tex,"On the other hand, \citet{zhao2017men} observe that gender biases exist in visual semantic role labeling due to imbalanced ratios of a specific gender towards stereotypical human activities, e.g., shopping for females and shooting for males.",zhao2017men,2309.14381,Survey of Social Bias in Vision-Language Models
main.tex,"On the other hand, most subsequential works~\cite{clip-vil,m6,pmlr-v139-cho21a,vlkd} adopt a separate encoder-decoder architecture, where the encoder is a unified VL encoder introduced in Section~\ref{sec:unified_vl_encoder} and the decoder is a GPT-style model that interacts with encoder's multimodal output through cross-attention layers.","clip-vil,m6,pmlr-v139-cho21a,vlkd",2309.14381,Survey of Social Bias in Vision-Language Models
main.tex,"On the other hand, LLMs can be used for illegal purposes, such as generating codes for cyber attacks \citep{zhang2021survey, chen2021evaluating}, or even creating lethal weapons \citep{sandbrink2023artificial}.","zhang2021survey, chen2021evaluating;sandbrink2023artificial",2309.15025,Large Language Model Alignment: A Survey
main.tex,"On the other hand, LLMs, as rapidly-developing language models, not only extend the frontiers of AI alignment research or even reframe the alignment landscape \citep{lesswrongAgentizedLLMs}, but also might provide tools to AI alignment.",lesswrongAgentizedLLMs,2309.15025,Large Language Model Alignment: A Survey
main.tex,"On the other hand, \citet{liang2023encouraging} leverage multi-agent debate to address degeneration-of-thought (DoT) problem, where LLMs fail to generate new insights once they are confident in their answers.",liang2023encouraging,2309.15025,Large Language Model Alignment: A Survey
main.tex,The evaluation methodology employed in Social Chemistry 101 \citep{forbes2020social} diverges from traditional QA-based approaches.,forbes2020social,2309.15025,Large Language Model Alignment: A Survey
main.tex,"On the other hand, DynaHate \citep{DBLP:conf/acl/VidgenTWK20} introduces a unique research methodology that leverages both humans and models to dynamically generate and annotate data, rather than collecting the data from real-world social media contexts.",DBLP:conf/acl/VidgenTWK20,2309.15025,Large Language Model Alignment: A Survey
main.tex,"On the other hand, MTbench \citep{zheng2023judging} measures LLM's ability to follow instructions in multi-round conversations based on human preferences and contains 80 high-quality multi-round questions covering eight common scenarios, including writing, role-playing, extraction, reasoning, math, and coding.",zheng2023judging,2309.15025,Large Language Model Alignment: A Survey
bare_jrnl.tex,"On the other hand, the extensive tool-uses make LLM-powered AutoAgents possible to command a wide range of physical beings, such as reading geographical maps~\cite{li2023autonomous}, generating policies to instruct robotics~\cite{singh2023progprompt,huang2023instruct2act}, overseeing PID controllers for moving vehicles~\cite{de2023llm}, generating the layout of objects for grounded planning~\cite{song2022llm,lin2023grounded}, or generating program codes to command Programmable Logic Controller (","li2023autonomous;singh2023progprompt,huang2023instruct2act;de2023llm;song2022llm,lin2023grounded;koziolek2023chatgpt;liang2023code",2309.15074,Natural Language based Context Modeling and Reasoning for Ubiquitous Computing with Large Language Models: A Tutorial
bare_jrnl.tex,"On the other hand, continuous prompting~\cite{liu2023pre,peft} techniques intend to tune the model by introducing an extremely small number of additional learnable parameters.","liu2023pre,peft",2309.15074,Natural Language based Context Modeling and Reasoning for Ubiquitous Computing with Large Language Models: A Tutorial
bare_jrnl.tex,"Furthermore, P-tuning, on the other hand, usually inserts additional learnable layers into the LLM and tunes continuous prompts with the model remaining frozen, aiming to reduce the memory usage during training~\cite{liu2022p}.",liu2022p,2309.15074,Natural Language based Context Modeling and Reasoning for Ubiquitous Computing with Large Language Models: A Tutorial
main.tex,"%On the other hand, the extensive tool-uses make LLM-powered AutoAgents possible to command a wide range of physical beings, such as reading geographical maps~\cite{li2023autonomous}, generating policies to instruct robotics~\cite{singh2023progprompt,huang2023instruct2act}, overseeing PID controllers for moving vehicles~\cite{de2023llm}, generating the layout of objects for grounded planning~\cite{song2022llm,lin2023grounded}, or generating program codes to command Programmable Logic Controller ","li2023autonomous;singh2023progprompt,huang2023instruct2act;de2023llm;song2022llm,lin2023grounded;koziolek2023chatgpt;liang2023code",2309.15074,Natural Language based Context Modeling and Reasoning for Ubiquitous Computing with Large Language Models: A Tutorial
main.tex,"On the other hand, \emph{Bubeck et al.}~\cite{bubeck2023sparks} provides an technical review on the capacity of LLMs for AGI.",bubeck2023sparks,2309.15074,Natural Language based Context Modeling and Reasoning for Ubiquitous Computing with Large Language Models: A Tutorial
main.tex,"On the other hand, continuous prompting~\cite{liu2023pre,peft} techniques intend to tune the model by introducing an extremely small number of additional learnable parameters.","liu2023pre,peft",2309.15074,Natural Language based Context Modeling and Reasoning for Ubiquitous Computing with Large Language Models: A Tutorial
main.tex,"Furthermore, P-tuning, on the other hand, usually inserts additional learnable layers into the LLM and tunes continuous prompts with the model remaining frozen, aiming to reduce the memory usage during training~\cite{liu2022p}.",liu2022p,2309.15074,Natural Language based Context Modeling and Reasoning for Ubiquitous Computing with Large Language Models: A Tutorial
4-Average.tex,"Conversely, points in narrow regions are easily accessible to energy-barriers, resulting in increased losses \cite{neyshabur2020being}.",neyshabur2020being,2309.15698,Deep Model Fusion: A Survey
main.tex,"On the other hand, faithfulness, as the relevance of each input variable (in the case of LMaaS, each token) for the model's decision, and stability, as the consistency of an explanation for slight input variations, are not -- though some works are moving in that direction~\citep{huang2023can,lanham2023measuring}.","huang2023can,lanham2023measuring",2309.16573,Language Models as a Service: Overview of a New Paradigm and its Challenges
introduction.tex,"On the other hand, \citet{liu2020logiQA,joshi2020taxinli,han2022folio} show that logical reasoning remains challenging for language models.","liu2020logiQA,joshi2020taxinli,han2022folio",2310.00836,Towards LogiGLUE: A Brief Survey and A Benchmark for Analyzing Logical Reasoning Capabilities of Language Models
3_Offensive_Approaches.tex,"On the other hand, ~\cite{staab2023beyond} proposes the threat model of using available data online authored by users, such as posts on online social forums.",staab2023beyond,2310.01424,Identifying and Mitigating Privacy Risks Stemming from Language Models: A Survey
sec3.1_NER_RE.tex,"Conversely, Tazvan et al.~\cite{RE_kernelbased} propose a kernel-based approach utilizing three distinct subsequence patterns.",RE_kernelbased,2310.04835,On the Evolution of Knowledge Graphs: A Survey and Perspective
emnlp2023.tex,"Conversely, \citet{zhong2023mquake} decompose complex questions and ask the base model to generate a temporary answer.",zhong2023mquake,2310.07343,How Do Large Language Models Capture the Ever-changing World Knowledge? A Review of Recent Advances
emnlp2023.tex,"% Conversely, \citet{gao2023rarr, he2022rethinking, zhao2023verifyandedit, yu2023improving} retrieve after generation and perform post-edit revisions for more faithful outputs.","gao2023rarr, he2022rethinking, zhao2023verifyandedit, yu2023improving",2310.07343,How Do Large Language Models Capture the Ever-changing World Knowledge? A Review of Recent Advances
emnlp2023.tex,"Conversely, Internet-enhanced methods enable real-time knowledge seeking, although potentially suffering from noisy and low-quality web content \citep{li2023web, luo2023sail}.","li2023web, luo2023sail",2310.07343,How Do Large Language Models Capture the Ever-changing World Knowledge? A Review of Recent Advances
emnlp2023.tex,"On the other hand, the retrieved context can be irrelevant and noisy, which may distract LLMs \citep{shi2023large, luo2023sail}, or too long, which exceeds the input limits and renders high cost \citep{shi2023replug}.","shi2023large, luo2023sail;shi2023replug",2310.07343,How Do Large Language Models Capture the Ever-changing World Knowledge? A Review of Recent Advances
Domain-LLMs.tex,"% Conversely, \citet{mahjour2023designing} use ChatGPT to automatically generate reaction arrays for common chemical synthesis reactions, with successful experimental results.",mahjour2023designing,2310.07521,"Survey on Factuality in Large Language Models: Knowledge, Retrieval and Domain-Specificity"
cas-dc-template.tex,"On the other hand, when confined to merely the source and target domain data, feature representation-based methods emerge as the judicious choice \cite{SHFR, DACoM}.","SHFR, DACoM",2310.08459,A Recent Survey of Heterogeneous Transfer Learning
4_model_based.tex,"Few-shot learning \cite{wang2020generalizing}, on the other hand, involves fine-tuning with a very limited amount of task-specific data, often through techniques like meta-learning or transfer learning from similar tasks.",wang2020generalizing,2310.08459,A Recent Survey of Heterogeneous Transfer Learning
main.tex,"Latent Semantic Analysis (LSA) \cite{ozsoy2011text, steinberger2004using}, on the other hand, is a statistical method that aims to capture the underlying semantic structure of a document by reducing its dimensionality.","ozsoy2011text, steinberger2004using",2310.09411,Surveying the Landscape of Text Summarization with Deep Learning: A Comprehensive Review
main.tex,"On the other hand, deep learning can also learn representations of language data end-to-end \cite{sutskever2014sequence}, without relying on hand-engineered features or rules.",sutskever2014sequence,2310.09411,Surveying the Landscape of Text Summarization with Deep Learning: A Comprehensive Review
main.tex,"On the other hand, Maximal Marginal Relevance (MMR) \cite{carbonell1998use} addresses the problem of redundancy of extractive summaries by selecting sentences that are both relevant to the query and diverse from the already-selected sentences in the summary.",carbonell1998use,2310.09411,Surveying the Landscape of Text Summarization with Deep Learning: A Comprehensive Review
main.tex,"On the other hand, supervised machine learning like Support Vector Machines (SVM) \cite{fuentes-etal-2007-support, shen2011learning} or logistic regression \cite{10.1016/j.ipm.2010.03.005}, can be trained to rank the sentences in new, unseen documents based on their relevance to the query for query-focused summarization.","fuentes-etal-2007-support, shen2011learning;10.1016/j.ipm.2010.03.005",2310.09411,Surveying the Landscape of Text Summarization with Deep Learning: A Comprehensive Review
main.tex,"On the other hand, Paragraph Vector \cite{hill-etal-2016-learning} learns fixed-length distributed representations of variable-length pieces of text by jointly predicting the words in the text and a separate paragraph-specific vector.",hill-etal-2016-learning,2310.09411,Surveying the Landscape of Text Summarization with Deep Learning: A Comprehensive Review
2_preliminaries.tex,"\end{definition} \noindent Spatio-temporal data, on the other hand, are a sequence of data points organized by both temporal and spatial dimensions, encapsulating a wide variety of constructs, including \textit{spatio-temporal graphs} (STGs)~\cite{jin2023survey}, \textit{temporal knowledge graphs} (TKGs)~\cite{ji2021survey}, \textit{videos}~\cite{khan2022transformers}, \textit{point cloud streaming} (PCS)~\cite{xiao2023unsupervised}, \textit{trajectories}~\cite{atluri2018spatio}, among others.",jin2023survey;ji2021survey;khan2022transformers;xiao2023unsupervised;atluri2018spatio,2310.10196,Large Models for Time Series and Spatio-Temporal Data: A Survey and Outlook
2_background.tex,"Adversarial robustness, on the other hand, is a tool used by researchers to comprehend a system's worst-case behavior~\cite{szegedy2013intriguing,goodfellow2014explaining,chen2023holistic,carlini2023aligned}.","szegedy2013intriguing,goodfellow2014explaining,chen2023holistic,carlini2023aligned",2310.10844,Survey of Vulnerabilities in Large Language Models Revealed by Adversarial Attacks
main.tex,"On the other hand, the identified concepts can help a symbolic reasoner intervene in the neural network such that debugging the network becomes possible by modification of the concepts~\cite{bau_gan_2018,koh_concept_2020,abid_meaningfully_2022,meng_locating_2022}.","bau_gan_2018,koh_concept_2020,abid_meaningfully_2022,meng_locating_2022",2310.11884,From Neural Activations to Concepts: A Survey on Explaining Concepts in Neural Networks
main.tex,"The surveys by Schwalbe~\cite{schwalbe_concept_2022} and Sajjad et al.~\cite{sajjad_neuron-level_2022}, on the other hand, are dedicated to specific kinds of concept explanation methods with a focus on either vision~\cite{schwalbe_concept_2022} or natural language processing~\cite{sajjad_neuron-level_2022} and are, therefore, limited in scope, failing to analyze the two areas together.",schwalbe_concept_2022;sajjad_neuron-level_2022;schwalbe_concept_2022;sajjad_neuron-level_2022,2310.11884,From Neural Activations to Concepts: A Survey on Explaining Concepts in Neural Networks
4.Submission.tex,"Conversely, when tackling the ""gun control"" topic, their most successful model was crafted by combining features from Reformer~\cite{kitaev2019reformer}, ELECTRA~\cite{clark2019electra}, and LayoutLM~\cite{layoutlm}.",kitaev2019reformer;clark2019electra;layoutlm,2310.12172,Overview of ImageArg-2023: The First Shared Task in Multimodal Argument Mining
main.tex,"% \citet{gooch2016effects} defined intelligibility in terms of accuracy\footnote{Accuracy refers to the level to which the learner pronounces each phoneme, or word in the utterance correctly.} of segmental units like consonant \textbf{Comprehensibility}, on the other hand, is defined based on the perceived ease or difficulty that listeners experience when understanding L2 speech.",gooch2016effects,2310.13974,Automatic Pronunciation Assessment -- A Review
4_data.tex,"On the other hand, we hope to draw researchers' attention to the latest benchmarks, which have been fully designed to verify the latest issues for the task, with great potential.} \paragraph{TuringBench} The TuringBench dataset \cite{uchendu2021turingbench} is an initiative designed to explore the challenges of the ``Turing test'' in the context of neural text generation techniques.",uchendu2021turingbench,2310.14724,"A Survey on LLM-Generated Text Detection: Necessity, Methods, and Future Directions"
02definition.tex,"On the other hand, many detectors did not fully disclose their training data, especially commercial tools like GPTZero \citep{GPTZero}.",GPTZero,2310.15654,A Survey on Detection of LLMs-Generated Content
03detection.tex,"On the other hand, \textit{when the source model is unknown}, OpenAI text classifier \citep{AITextClassifier} and GPTZero \citep{GPTZero} still works by \textbf{ \tikz[baseline=(char.base)]{\node[shape=circle,draw,inner sep=1pt] (char) {1};} cross-domain transfer}.",AITextClassifier;GPTZero,2310.15654,A Survey on Detection of LLMs-Generated Content
arxiv_v2.tex,"On the other hand, external memorization KME methods share similarities with RAG (retrieval-augmented generation)~\cite{gao2023retrieval}, where a large repository of documents is stored and retrieved as needed to provide contextually relevant information for generating responses.",gao2023retrieval,2310.16218,Knowledge Editing for Large Language Models: A Survey
arxiv_v2.tex,"On the other hand, global optimization is advantageous when practitioners focus more on the generality of edited knowledge, as the optimization can promote the learning of relevant knowledge~\cite{aghajanyan-etal-2021-intrinsic}.",aghajanyan-etal-2021-intrinsic,2310.16218,Knowledge Editing for Large Language Models: A Survey
arxiv_v2.tex,"On the other hand, other works also resort to meta-learning~\cite{finn2017model,vanschoren2018meta} to apply more flexible constraints.","finn2017model,vanschoren2018meta",2310.16218,Knowledge Editing for Large Language Models: A Survey
main.tex,"Conversely, \textbf{\emph{ncNet}}~\cite{DBLP:journals/tvcg/LuoTLTCQ22} transitions to a Transformer-based model.",DBLP:journals/tvcg/LuoTLTCQ22,2310.17894,Natural Language Interfaces for Tabular Data Querying and Visualization: A Survey
main.tex,"Conversely, \textbf{\emph{ncNet}}~\cite{DBLP:journals/tvcg/LuoTLTCQ22} employs a Transformer-based encoder-decoder approach.",DBLP:journals/tvcg/LuoTLTCQ22,2310.17894,Natural Language Interfaces for Tabular Data Querying and Visualization: A Survey
backup.tex,"On the other hand, most of the defense mechanisms proposed to protect DNNs from adversarial sample attacks are ineffective\cite{wang_adversarial_2019}, as pointed out by Zhao et al.\cite{zhao_attack_2021}, adaptive attacks can easily bypass many defense mechanisms.",wang_adversarial_2019;zhao_attack_2021,2310.17903,Pitfalls in Language Models for Code Intelligence: A Taxonomy and Survey
main.tex,"On the other hand,~\citet{luo2005coreference, kubler-zhekova-2011-singletons} argued that MUC prefers singletons.","luo2005coreference, kubler-zhekova-2011-singletons",2310.18345,A Survey on Semantic Processing Techniques
main.tex,"On the other hand, linking noun phrases helps downstream applications to do higher-level reasoning, e.g., extracting global entities~\citep{Sukthanker2018AnaphoraAC} and recovering the ellipses~\citep{aralikatte-etal-2021-ellipsis}.",Sukthanker2018AnaphoraAC;aralikatte-etal-2021-ellipsis,2310.18345,A Survey on Semantic Processing Techniques
main.tex,"On the other hand, the abstractness of concepts is strongly related to imagery~\citep{paivio1965abstractness}, because abstract concepts are those that are not applicable to tangible, perceptible objects that can be observed through touch, sight, hearing, or other sensory experiences~\citep{lohr2022abstract}.",paivio1965abstractness;lohr2022abstract,2310.18345,A Survey on Semantic Processing Techniques
main.tex,"On the other hand,~\citet{lin2011sentence} argued that LDA likely discovers topics based on semantic similarities, instead of sentiment.",lin2011sentence,2310.18345,A Survey on Semantic Processing Techniques
main.tex,"On the other hand,~\citet{wan2016modeling} leveraged subjective features from reviews to provide users with a list of relevance-ranked reviews, which improved the performance of answering binary questions from categories with abundant data.",wan2016modeling,2310.18345,A Survey on Semantic Processing Techniques
main.tex,"On the other hand, subjectivity can be also explained from the perspectives of pragmatics, e.g., speech acts~\citep{austin1975things} and conceptual metaphors~\citep{lakoff1980metaphors}.",austin1975things;lakoff1980metaphors,2310.18345,A Survey on Semantic Processing Techniques
main.tex,"On the other hand,~\citet{mao2023gpteval} have reported that ChatGPT demonstrates satisfactory performance in general scientific knowledge and can effectively address questions necessitating open-ended responses.",mao2023gpteval,2310.18345,A Survey on Semantic Processing Techniques
graph_emb.tex,"Conversely, NSEmbed employs random walks and CBOW~\cite{mikolov2013efficient} to predict central nodes, enabling the modeling of higher-order neighbor relationships among users or items.",mikolov2013efficient,2310.18608,Embedding in Recommender Systems: A Survey
Application.tex,"Facebook \cite{he2014FacebookGBDTLR}, on the other hand, employs a logistic regression model, with its input encoded via embeddings generated from a gradient-boosting decision tree, to accomplish ad click predictions.",he2014FacebookGBDTLR,2310.18608,Embedding in Recommender Systems: A Survey
emnlp2023.tex,"On the other hand, the TellMeWhy~\cite{lal-etal-2021-tellmewhy} dataset combined the commonsense knowledge and the characters' motivations in short narratives when designing the questions, presenting a new challenge for answering why-questions in narratives.",lal-etal-2021-tellmewhy,2310.18783,Are NLP Models Good at Tracing Thoughts: An Overview of Narrative Understanding
sample-authordraft.tex,"On the other hand, the work in \citep{yu2020named} defined the NER task as the detection of the indexes of entity heads and entity tails in a sentence.",yu2020named,2310.19055,A Few-Shot Learning Focused Survey on Recent Named Entity Recognition and Relation Classification Methods
main.tex,"%MMCU On the other hand, MMCU \citep{DBLP:journals/corr/abs-2304-12986}, the Chinese counterpart to MMLU, sources its datasets from Chinese Gaokao, university-level medical examinations, China's Unified Qualification Exam for Legal Professionals, and psychological counselor exams.",DBLP:journals/corr/abs-2304-12986,2310.19736,Evaluating Large Language Models: A Comprehensive Survey
main.tex,"Conversely, for LLMs with SFT or those boasted with larger parameter sizes, the gains may be limited, and in some cases, it can even lead to a decline in model performance (\citealp{DBLP:journals/corr/abs-2304-12986}, \citealp{DBLP:journals/corr/abs-2305-10263}, \citealp{DBLP:journals/corr/abs-2306-09212}).",DBLP:journals/corr/abs-2304-12986;DBLP:journals/corr/abs-2305-10263;DBLP:journals/corr/abs-2306-09212,2310.19736,Evaluating Large Language Models: A Comprehensive Survey
0-results.tex,"On the other hand, \citet{hahn-2020-theoretical} shows that \soft{} attention transformers cannot generate \parity{} or \dyck-2 under the following two conditions: \begin{compactenum} \item\label{item:lipschitz} all position-wise functions are Lipschitz-continuous, and \item\label{item:entropy} generation is defined using the KL divergence criterion in \cref{eq:optimal_crossentropy}.",hahn-2020-theoretical,2311.00208,What Formal Languages Can Transformers Express? A Survey
emnlp2024.tex,"Conversely, \citet{Razeghi2022ImpactOP} and \citet{Kandpal2023LargeLM} identified a positive correlation between ICL performance and the term frequency within pre-training data, suggesting the memorization capabilities can significantly influence ICL.",Razeghi2022ImpactOP;Kandpal2023LargeLM,2311.00237,The Mystery of In-Context Learning: A Comprehensive Survey on Interpretation and Analysis
Background.tex,"On the other hand, a DSL has modeling concepts tailored to a specific domain or context, like SysML for embedded systems, HTML for web page development, and SQL for database queries~\cite{brambilla2017model}.",brambilla2017model,2311.00284,Model-driven Engineering for Machine Learning Components: A Systematic Literature Review
main.tex,"Glove~\cite{pennington2014glove}, on the other hand, constructed a word-word co-occurrence matrix and performed matrix factorization to generate word embeddings that captured linear relationships based on co-occurrence probabilities.",pennington2014glove,2311.00447,On the Opportunities of Green Computing: A Survey
main.tex,"EfficientNetV2~\cite{tan2021efficientnetv2}, on the other hand, combines training-aware neural architecture search and scaling techniques to optimize both training speed and parameter efficiency.",tan2021efficientnetv2,2311.00447,On the Opportunities of Green Computing: A Survey
main.tex,"AdapterFusion~\cite{PfeifferKRCG21Adapterfusion}, on the other hand, introduces the vector representation of pre-trained task-specific adapters, and thus increases the transfer of knowledge across tasks.",PfeifferKRCG21Adapterfusion,2311.00447,On the Opportunities of Green Computing: A Survey
main.tex,"Conversely, Ke et al.~\cite{ke2021achieving, ke2021adapting} build a new adapter structure for continual learning,incorporating a knowledge sharing module and a task-specific module.","ke2021achieving, ke2021adapting",2311.00447,On the Opportunities of Green Computing: A Survey
main.tex,"Large language models, on the other hand, have showcased an enhanced capability for logical reasoning and application of knowledge~\cite{ott2023thoughtsource,singhal2023towards,wei2022chain}.","ott2023thoughtsource,singhal2023towards,wei2022chain",2311.01918,Large Language Models Illuminate a Progressive Pathway to Artificial Healthcare Assistant: A Review
kars-recsys23.tex,"Conversely, we define and annotate an aspect as atypical if it is not related to the core business of {\sc restaurants}, yet it belongs to or is a feature of {\it the restaurant} ({\sc restaurants} refers generically \cite{carlson_generic_1995} to the restaurant category, whereas {\it the restaurant} refers to a specific restaurant).",carlson_generic_1995,2311.02702,Extraction of Atypical Aspects from Customer Reviews: Datasets and Experiments with Language Models
acl_latex.tex,"On the other hand, interpretability is a broader concept encompassing the understanding of how a model processes input data to arrive at a particular output~\cite{DBLP:journals/corr/abs-2202-01875}, making the inner workings of the model transparent and comprehensible to users.",DBLP:journals/corr/abs-2202-01875,2311.03731,A Survey of Large Language Models Attribution
elsarticle-template-num.tex,"On the other hand, in machine learning (ML), anomaly detection (AD) is the branch that builds models capable of differentiating between normal and abnormal data \cite{chandola}.",chandola,2311.04948,Explained anomaly detection in text reviews: Can subjective scenarios be correctly evaluated?
3_Causes.tex,"On the other hand, it becomes problematic in the context of misinformation and biases present within pre-training data and may inadvertently be amplified, manifesting as \textit{imitative falsehood} \citep{DBLP:conf/acl/LinHE22} and the reinforcement of societal biases.",DBLP:conf/acl/LinHE22,2311.05232,"A Survey on Hallucination in Large Language Models: Principles, Taxonomy, Challenges, and Open Questions"
LLM4Robotics.tex,"DyNaVLM \citep{ji2025dynavlm} is an end-to-end visual language navigation system that enables dynamic selection of navigation target perspectives, offering a flexible and adaptive approach that diverges from traditional fixed-step strategies.",ji2025dynavlm,2311.07226,Large Language Models for Robotics: A Survey
survey.tex,"COGVLM \cite{CogVLM} diverges from the conventional approach by independently processing text and image inputs without enforcing direct alignment, employing a new query, key, and value matrix and MLP layer with the text features.",CogVLM,2311.07594,How to Bridge the Gap between Modalities: Survey on Multimodal Large Language Model
survey.tex,"Conversely, LLaVA \cite{llava} constructs high-quality instruction-following datasets by replacing images with detailed textual descriptions, relying solely on GPT-4 text understanding.",llava,2311.07594,How to Bridge the Gap between Modalities: Survey on Multimodal Large Language Model
survey.tex,\subsubsection{Detailed Image Resolution} % 另一方面，图像本身细节的补充也是关注点之一，研究者往往通过增加图像分辨率来提供更多图像的细节。Osprey \cite{yuan2024osprey}、OtterHD \cite{OtterHD}、InternLM-XComposer2-4KHD \cite{dong2024InternLM-XComposer2-4KHD}和InterVL1.5 \cite{chen2024InternVL15}都在使用更高清图像以提升模型能力。 % Osprey通过pixel-level instruction tuning来赋予模型更细粒度的理解能力，InternLM-XComposer2-4KHD则注意到模型不仅仅需要高清图像的细节，同样需要较低清晰度的全局视图理解能力，类似于Mini-Gemini中设计的Twin Visual Encoder协同，一个编码高分辨率的，一个编码低分辨率的，通过两个级别视图，模型能够拥有全局和局部的两种信息。InterVL1.5使用动态分辨率，让模型最高可以支持4K的图像处理。,yuan2024osprey;OtterHD;dong2024InternLM-XComposer2-4KHD;chen2024InternVL15;yuan2024osprey;OtterHD;dong2024InternLM-XComposer2-4KHD;chen2024InternVL15,2311.07594,How to Bridge the Gap between Modalities: Survey on Multimodal Large Language Model
survey.tex,"% % 另一方面，对于生物分子图像领域， CancerGPT\cite{CancerGPT}利用了 DrugComb Portal 中可公开访问的广泛药物协同数据库，构建包含生物分子的各种属性的表格，将这些信息转化为对生物分子的描述，最终的任务是完成二元预测任务: ""Decide in a single word if the synergy of the drug combination in the cell line is positive or not""， % On the other hand, concerning the domain of biological molecule images, CancerGPT \cite{CancerGPT} harnesses the publicly accessible data from the DrugComb \cite{zagidullin2019drugcomb}, a comprehensive database focused on drug synergies.",CancerGPT;CancerGPT;zagidullin2019drugcomb,2311.07594,How to Bridge the Gap between Modalities: Survey on Multimodal Large Language Model
sec_special-lm.tex,"\citet{2020CodeBERT}, on the other hand, train CodeBERT with MLM and ELECTRA's RTD on CodeSearchNet.",2020CodeBERT,2311.07989,Unifying the Perspectives of NLP and Software Engineering: A Survey on Language Models for Code
sec_special-lm.tex,"NatGen~\citep{2022NatGen}, on the other hand, is pretrained with a ""naturalization"" objective similar to deobfuscation: semantically equivalent but unnatural code is generated by predefined operations such as loop transformation, dead code injection, and variable renaming, and the model is pretrained to translate \input{tables/specialized-model-performance} these unnatural code back to its original form.",2022NatGen,2311.07989,Unifying the Perspectives of NLP and Software Engineering: A Survey on Language Models for Code
sec_special-lm.tex,"OctoCoder~\citep{2023OctoPack}, on the other hand, takes a different path and uses Git commit histories as instruction data to finetune StarCoder and CodeGeeX2.",2023OctoPack,2311.07989,Unifying the Perspectives of NLP and Software Engineering: A Survey on Language Models for Code
sec_evaluation.tex,"\citet{2023MultiPL-T}, on the other hand, propose MutiPL-T, an approach for translating high-resource training data into low-resource languages for fine-tuning.",2023MultiPL-T,2311.07989,Unifying the Perspectives of NLP and Software Engineering: A Survey on Language Models for Code
Manuscript.tex,"On the other hand, Reinforcement Learning from Human Feedback (RLHF) \cite{ouyang2022training} has been widely applied in training models for text generation aligned with human preference and achieved great success, e.g.",ouyang2022training,2311.09680,Trustworthy Large Models in Vision: A Survey
Manuscript.tex,"On the other hand, some argue that the cause of object hallucination lies in the misalignment between the image and text \cite{dai2022plausible, sun2023aligning}.","dai2022plausible, sun2023aligning",2311.09680,Trustworthy Large Models in Vision: A Survey
sample-sigplan.tex,"(3) Instruct-FinGPT\cite{zhang2023instructfingpt}, on the other hand, fine-tunes LLaMA on 10k instruction samples derived from two Financial Sentiment Analysis Datasets and also solely evaluates performance on finance classification tasks.",zhang2023instructfingpt,2311.10723,Large Language Models in Finance: A Survey
SLR_ABSA_text.tex,"On the other hand, it suggests the possibility that the prevalence of dataset-reliant solutions in the field, and a skewed ABSA dataset domain distribution, could systemically hinder ABSA solution performance and generalisability \cite{17,6}, thus confining ABSA research and solutions close to the resource-rich domains and languages.","17,6",2311.10777,"A Systematic Review of Aspect-based Sentiment Analysis: Domains, Methods, and Trends"
SLR_ABSA_text.tex,"On the other hand, the sequential nature poses challenges with parallelisation and the exploding and vanishing gradient problems associated with long sequences \cite{AttentionPaper, RV11}.","AttentionPaper, RV11",2311.10777,"A Systematic Review of Aspect-based Sentiment Analysis: Domains, Methods, and Trends"
draft.tex,"On the other hand, datasets like BDD-X~\cite{kim2018textual} and DRAMA~\cite{malla2023drama} were independently created.",kim2018textual;malla2023drama,2311.12320,A Survey on Multimodal Large Language Models for Autonomous Driving
preliminaries.tex,"% Conversely, the GPT series~\cite{radford2018improving, brown2020language, radford2019language} utilizes only the Decoder with CLM, focusing on unidirectional generative models.","radford2018improving, brown2020language, radford2019language",2311.12351,Advancing Transformer Architecture in Long-Context Large Language Models: A Comprehensive Survey
5_predictor.tex,"\cite{huang2023can}, on the other hand, does not use the word ``cite'' to represent edges but instead describes the relationships via enumerating randomly selected $k$-hop neighbors of the current node.",huang2023can,2311.12399,A Survey of Graph Meets Large Language Model: Progress and Future Directions
5_predictor.tex,"On the other hand, for GNN-based prediction, training an additional GNN module and inserting it into LLMs for joint training is challenging due to the problem of vanishing gradients in the early layers of deep transformers \citep{zhao2023gimlet,qin2023disentangled}.","zhao2023gimlet,qin2023disentangled",2311.12399,A Survey of Graph Meets Large Language Model: Progress and Future Directions
main.tex,"On the other hand, when the screening problem is treated as a classification task, the performance in this case is measured based on the confusion matrix and the notions of Precision and Recall are commonly used \cite{kusa2023vombat,OMara-Eves2015}.","kusa2023vombat,OMara-Eves2015",2311.12474,CSMeD: Bridging the Dataset Gap in Automated Citation Screening for Systematic Literature Reviews
research_project.tex,"On the other hand, there are deployments that provide GPU access for machine learning models, but these typically involve continuous billing throughout the entire lifecycle of the infrastructure \cite{VertexAI} \cite{SageMaker} \cite{AzureAI}.",VertexAI;SageMaker;AzureAI,2311.13587,A Survey of Serverless Machine Learning Model Inference
4.Pre-training.tex,"On the other hand, predictive models focus on reconstructing perturbed data using information from the unperturbed data, as demonstrated in~\cite{hamilton2017inductive, hou2022graphmae, wang2017mgae,park2019symmetric,wang2021selfsupervised,hou2023graphmae2}.","hamilton2017inductive, hou2022graphmae, wang2017mgae,park2019symmetric,wang2021selfsupervised,hou2023graphmae2",2311.16534,Graph Prompt Learning: A Comprehensive Survey and Beyond
3.Preliminaries.tex,"On the other hand, the deep GNNs maintain the input node features as constants and optimize deep graph model parameters for specific tasks, leading to more expressive representation capabilities, as seen in methods such as Graph Convolution Networks (GCN)~\cite{niepert2016learning} and GraphSAGE~\cite{hamilton2017inductive}.",niepert2016learning;hamilton2017inductive,2311.16534,Graph Prompt Learning: A Comprehensive Survey and Beyond
llm_ds.tex,"On the other hand, another line of work tries to compress the lengthy dialogue context while keeping important semantic information, particularly in dialogue summarization tasks \citep{qin2023chatgpt}.",qin2023chatgpt,2311.16789,"A Survey of the Evolution of Language Model-Based Dialogue Systems: Data, Task and Models"
fusions.tex,"\input{tables/llm_based_dm} On the other hand, unlike the closed-source nature of the GPT series models from OpenAI, Meta has embraced openness by releasing the LLaMA \citep{touvron2023llama} and LLaMA2 \citep{touvron2023llama2}, which are pre-trained on 1.4T data, offers four parameter configurations: 7B, 13B, 33B, and 65B.",touvron2023llama;touvron2023llama2,2311.16789,"A Survey of the Evolution of Language Model-Based Dialogue Systems: Data, Task and Models"
05-train-tuning.tex,"$\bullet$ Pipeline Parallelism~\cite{jia2019beyond,huang2019gpipe,narayanan2019pipedream,narayanan2021memory,narayanan2021efficient,yang2021pipemare,kosson2021pipelined,kim2023bpipe}, on the other hand, is a form of \emph{inter-layer} model parallelism.","jia2019beyond,huang2019gpipe,narayanan2019pipedream,narayanan2021memory,narayanan2021efficient,yang2021pipemare,kosson2021pipelined,kim2023bpipe",2312.00678,The Efficiency Spectrum of Large Language Models: An Algorithmic Survey
05-train-tuning.tex,"On the other hand, instead of sending full-precision gradients between devices, 1-bit Adam \cite{tang20211} compresses the gradients into just their sign with error correction, thereby using only 1 bit per gradient, which significantly reduces the volume of data communicated.",tang20211,2312.00678,The Efficiency Spectrum of Large Language Models: An Algorithmic Survey
04-arch.tex,"FIRE~\cite{li2023functional}, on the other hand, employs progressive interpolation with a normalized position index by dividing the index difference between tokens by the smaller of the two indices.",li2023functional,2312.00678,The Efficiency Spectrum of Large Language Models: An Algorithmic Survey
04-arch.tex,"On the other hand, NoPE~\cite{kazemnejad2023impact} omits the positional encoder used in the self-attention mechanism and demonstrates that model self-attention can effectively learn the RPE across tokens in a sentence.",kazemnejad2023impact,2312.00678,The Efficiency Spectrum of Large Language Models: An Algorithmic Survey
04-arch.tex,"On the other hand, Sparsefinder~\cite{treviso2021predicting} takes a different approach by focusing on uncovering sparsity within the attention mechanism itself.",treviso2021predicting,2312.00678,The Efficiency Spectrum of Large Language Models: An Algorithmic Survey
04-arch.tex,"Conversely, recent research aims to encapsulate task-specific parameters~\cite{ponti2022combining} and to uncover sparsity in the attention mechanism, identifying important patterns through the attention scheme~\cite{treviso2021predicting} for sparsity exploration.",ponti2022combining;treviso2021predicting,2312.00678,The Efficiency Spectrum of Large Language Models: An Algorithmic Survey
main.tex,"On the other hand, the observed variance in other experiments was found to be lower, usually only a few percent difference (1\%-5\%), while still being enough to influence the results and comparisons between different models \cite{pham_problems_2021, zhao_closer_2021, liu_what_2022, reimers_reporting_2017}.","pham_problems_2021, zhao_closer_2021, liu_what_2022, reimers_reporting_2017",2312.01082,A Survey on Stability of Learning with Limited Labelled Data and its Sensitivity to the Effects of Randomness
main.tex,"On the other hand, other papers found that increasing the number of samples does not lead to significant improvement \cite{lu_fantastically_2022, zhang2023prompting, pezeshkpour2023large, reif-schwartz-2024-beyond, zong2024foolvisionandlanguage}, or even having negative effects on the stability \cite{zhao_calibrate_2021}.","lu_fantastically_2022, zhang2023prompting, pezeshkpour2023large, reif-schwartz-2024-beyond, zong2024foolvisionandlanguage;zhao_calibrate_2021",2312.01082,A Survey on Stability of Learning with Limited Labelled Data and its Sensitivity to the Effects of Randomness
main.tex,"On the other hand, calibrating the distribution to reduce the variance and sensitivity to prompts was found to not be effective, as the bias still persists~\cite{lu_fantastically_2022, zong2024foolvisionandlanguage}.","lu_fantastically_2022, zong2024foolvisionandlanguage",2312.01082,A Survey on Stability of Learning with Limited Labelled Data and its Sensitivity to the Effects of Randomness
4.basic.tex,"On the other hand, LLMs demonstrate excellent emergent reasoning ability~\cite{weiemergent, kojimalarge, wei2022chain} recently.","weiemergent, kojimalarge, wei2022chain",2312.02783,Large Language Models on Graphs: A Comprehensive Survey
sample-acmsmall-submission-newversion.tex,"{Conversely, Massive Online Analysis (MOA) \citep{bifet2010moa} and RiverML \citep{montiel2021river} have been enablers of experimentation and development of methods for stream mining, despite not targeting textual data specifically.} %In the case of pattern change, it is commonly referred to as \textit{concept drift} in the literature.",bifet2010moa;montiel2021river,2312.02901,Concept Drift Adaptation in Text Stream Mining Settings: A Systematic Review
sample-acmsmall-submission-newversion.tex,"\citet{agarwal2022temporal}, on the other hand, evaluated the temporal effects on pre-trained language models.",agarwal2022temporal,2312.02901,Concept Drift Adaptation in Text Stream Mining Settings: A Systematic Review
bare_adv.tex,"Conversely, Bochenek et al.\cite{bochenek2022machine} and Jaseena et al.\cite{jacques2022deep} exclusively addressed and summarized machine learning/deep learning-based works concerning ordinary time series.",bochenek2022machine;jacques2022deep,2312.03014,Foundation Models for Weather and Climate Data Understanding: A Comprehensive Survey
bare_adv.tex,"On the other hand, \textsc{ClimaX}~\cite{nguyen2023climax} introduces the concept of fundamental modeling to weather prediction with its fully supervised pre-training based on the Transformer.",nguyen2023climax,2312.03014,Foundation Models for Weather and Climate Data Understanding: A Comprehensive Survey
bare_adv.tex,"\textsc{Graphcast}~\cite{lam2022graphcast}, on the other hand, also utilizes a GNN-based framework for weather prediction, albeit with a much higher resolution and flexibility.",lam2022graphcast,2312.03014,Foundation Models for Weather and Climate Data Understanding: A Comprehensive Survey
bare_adv.tex,"\textsc{DMSF-GAN}~\cite{chen2022dynamic}, on the other hand, completely eschews autoregressive strategies and is based on adversarial training and pure CNN architectures to address the problem of feature dispersion over time.\textsc{PCT-CycleGAN}~\cite{choi2023pct} generates temporal causality using two generator networks with forward and backward temporal dynamics.",chen2022dynamic;choi2023pct,2312.03014,Foundation Models for Weather and Climate Data Understanding: A Comprehensive Survey
3_Model.tex,"% Sheared LLaMA~\citep{Xia2023ShearedLA}, on the other hand, proposes two techniques to improve the performance of LLM-Pruner.",Xia2023ShearedLA,2312.03863,Efficient Large Language Models: A Survey
3_Model.tex,"% \citet{liu2023sophia}, on the other hand, propose Sophia as a lightweight second-order optimizer that outpaces Adam with doubling the pre-training speed.",liu2023sophia,2312.03863,Efficient Large Language Models: A Survey
3_Model.tex,"% LongLoRA~\citep{Chen2023LongLoRAEF}, on the other hand, extends LoRA to the long-context fine-tuning scenario.",Chen2023LongLoRAEF,2312.03863,Efficient Large Language Models: A Survey
aaai24.tex,"Dual-stream models, on the other hand, process the two modalities separately and are then modeled jointly, like ViLBERT \cite{lu2019vilbert} and LXMERT \cite{tan2019lxmert} models.",lu2019vilbert;tan2019lxmert,2312.04231,Adventures of Trustworthy Vision-Language Models: A Survey
aaai24.tex,"\cite{DBLP:journals/corr/abs-2308-10741} on the other hand, studied adversarial robustness for imperceivable attacks on VQA and Image captioning tasks for well-known multimodal foundation models and \cite{ DBLP:conf/iclr/MaoGYWV23} studies the zero-shot adversarial robustness.",DBLP:journals/corr/abs-2308-10741; DBLP:conf/iclr/MaoGYWV23,2312.04231,Adventures of Trustworthy Vision-Language Models: A Survey
main.tex,"Conversely, Thirunavukarasu et al.~\cite{thirunavukarasu2023large} point out a conflict: while privacy protection is critical, limiting patient identifiable data in model prompts could hamper deployment opportunities.",thirunavukarasu2023large,2312.04578,Towards a Psychological Generalist AI: A Survey of Current Applications of Large Language Models and Future Prospects
templatePrime.tex,"On the other hand, human-written reference summaries have been found to exhibit high word overlap with the source sentence, even preserving word order to a large extent~\cite{Schumann2020DiscreteExtraction}.",Schumann2020DiscreteExtraction,2312.05172,From Lengthy to Lucid: A Systematic Literature Review on NLP Techniques for Taming Long Sentences
templatePrime.tex,"% On the other hand, several text simplification surveys~\cite{siddharthan2014survey, shardlow2014survey, al2021automated} exist, but they target reducing the linguistic complexity of a sentence rather than its length.","siddharthan2014survey, shardlow2014survey, al2021automated",2312.05172,From Lengthy to Lucid: A Systematic Literature Review on NLP Techniques for Taming Long Sentences
templatePrime.tex,"On the other hand, for the BNC dataset, an unsupervised Transformer-based method~\cite{Ghalandari2022EfficientLearning} that employs RL achieves the highest F1 score of all the ILP methods.",Ghalandari2022EfficientLearning,2312.05172,From Lengthy to Lucid: A Systematic Literature Review on NLP Techniques for Taming Long Sentences
templatePrime.tex,"On the other hand, existing auto-encoder approaches can be either extractive~\cite{fevry2018unsupervised} or abstractive~\cite{Baziotis2019}.",fevry2018unsupervised;Baziotis2019,2312.05172,From Lengthy to Lucid: A Systematic Literature Review on NLP Techniques for Taming Long Sentences
templatePrime.tex,"On the other hand, cross-lingual techniques work either by translating the output to the target language~\cite{aziz2012cross, gasan2024multi}, jointly learning translation and compression from compressed parallel corpora~\cite{tollef2025cross}, or performing zero-shot techniques without the need for annotated data~\cite{duan2019zero}.","aziz2012cross, gasan2024multi;tollef2025cross;duan2019zero",2312.05172,From Lengthy to Lucid: A Systematic Literature Review on NLP Techniques for Taming Long Sentences
templatePrime.tex,"On the other hand, the Transformer memory-based model of~\cite{fan2020memory} achieves the best results in terms of BLEU score and the closest $\#S/C$ and $\#T/C$ ratios to the reference ones.",fan2020memory,2312.05172,From Lengthy to Lucid: A Systematic Literature Review on NLP Techniques for Taming Long Sentences
main.tex,"On the other hand, masked prediction objectives promote a more fine-grained representation learning and can better capture low-level modality information~\cite{chen2023contrastive, cheng2023prior}.","chen2023contrastive, cheng2023prior",2312.06224,Medical Vision Language Pretraining: A survey
04LLMs.tex,"Chameleon \cite{lu2023chameleon}, on the other hand, enhances LLMs with plug-and-play modules designed for compositional reasoning.",lu2023chameleon,2312.07622,Mathematical Language Models: A Survey
04LLMs.tex,"On the other hand, LATS \cite{zhou2023language} employs LLMs as agents, value functions, and optimizers, repurposing their inherent strengths to enhance decision-making.",zhou2023language,2312.07622,Mathematical Language Models: A Survey
preliminaries.tex,"Conversely, \texttt{GIT}~\cite{wang2022git} employs a large contrastively pre-trained image encoder, accompanied by a relatively small text decoder.",wang2022git,2312.08782,Toward General-Purpose Robots via Foundation Models: A Survey and Meta-Analysis
current_methods.tex,"Conversely, works in Section \ref{subsec:rfm} mostly follow an end-to-end differentiability paradigm, which blurs the boundary of the typical robotics modules in methods (described in Section \ref{subsec:vlfm_robo}; e.g., perception and control~\cite{brohan2022rt, bousmalis2023robocat}), with some robotics foundation models even providing a unified model to perform different robot functions~\cite{Reed_2022_Gato, driess2023PaLMe}.","brohan2022rt, bousmalis2023robocat;Reed_2022_Gato, driess2023PaLMe",2312.08782,Toward General-Purpose Robots via Foundation Models: A Survey and Meta-Analysis
paper-arXiv.tex,"Federated RS, on the other hand, adopts a decentralized architecture where data remains distributed across various local sources or entities while still enabling collaborative recommendation \cite{liu2022federated}.",liu2022federated,2312.10073,Data Scarcity in Recommendation Systems: A Survey
Prospects.tex,"Conversely, the expansion of context provides new opportunities for the development of RAG, enabling it to address more complex problems and integrative or summary questions that require reading a large amount of material to answer~\cite{RA-Long-Form}.",RA-Long-Form,2312.10997,Retrieval-Augmented Generation for Large Language Models: A Survey
4-techniques.tex,"Conversely, RedCaps~\citep{desai2021redcaps} is a substantial dataset encompassing 12 million image-text pairs, sourced from Reddit.",desai2021redcaps,2312.11562,A Survey of Reasoning with Foundation Models
4-techniques.tex,"Conversely, BART~\citep{lewis-etal-2020-bart} incorporates a conventional Transformer-based architecture for neural machine translation.",lewis-etal-2020-bart,2312.11562,A Survey of Reasoning with Foundation Models
4-techniques.tex,"On the other hand, AdaMix~\citep{wang2022adamix} fine-tunes a mixture of adaptation modules in each transformer layer while keeping the majority of PLM weights frozen.",wang2022adamix,2312.11562,A Survey of Reasoning with Foundation Models
4-techniques.tex,"On the other hand, P-tuning~\citep{liu2023gpt} leverages trainable continuous prompt embeddings alongside discrete prompts, demonstrating effectiveness across both pre-trained and fine-tuned language models, whether in fully supervised or few-shot settings.",liu2023gpt,2312.11562,A Survey of Reasoning with Foundation Models
4-techniques.tex,"DiffFit~\citep{xie2023difffit}, on the other hand, presents a parameter-efficient fine-tuning strategy tailored for large pre-trained diffusion models.",xie2023difffit,2312.11562,A Survey of Reasoning with Foundation Models
1-introduction.tex,"On the other hand, natural language reasoning enables more intuitive human-computer interactions and supports tasks like question answering~\citep{shao2023prompting,jiang2021can}, information retrieval~\citep{zhu2023large,ai2023information}, text summarization~\citep{liu2023learning}, and sentiment analysis~\citep{yu2023natural,araci2019finbert,barbieri2021xlm}.","shao2023prompting,jiang2021can;zhu2023large,ai2023information;liu2023learning;yu2023natural,araci2019finbert,barbieri2021xlm",2312.11562,A Survey of Reasoning with Foundation Models
3.4-tasks_causal.tex,"In contrast, actual causality~\citep{halpern2016actual} diverges from causal discovery by shifting the focus from variables and their interrelationships to individual events, with the goal of uncovering their specific causes.",halpern2016actual,2312.11562,A Survey of Reasoning with Foundation Models
3.4-tasks_causal.tex,"On the other hand, \citet{zhang2023understanding} believe that current LLMs can address causal questions by leveraging existing causal knowledge, akin to combined domain experts.",zhang2023understanding,2312.11562,A Survey of Reasoning with Foundation Models
3.5-tasks_visual.tex,"On the other hand, 3D-VisTa~\citep{3dvista} is a pre-trained Transformer model specifically developed for aligning 3D vision and text.",3dvista,2312.11562,A Survey of Reasoning with Foundation Models
3.9-benchmarks.tex,"Geometry3K~\citep{lu2021inter}, on the other hand, consists of 3,002 multiple-choice geometry problems with dense annotations in formal language.",lu2021inter,2312.11562,A Survey of Reasoning with Foundation Models
3.9-benchmarks.tex,"On the other hand, MathQA-Python~\citep{austin2021program} contains more intricate natural language descriptions, offering a higher level of complexity in the problem statements.",austin2021program,2312.11562,A Survey of Reasoning with Foundation Models
2-background.tex,"On the other hand, an inductive argument is characterized by the premise providing only partial support for the conclusion~\citep{salmon1989scientific}.",salmon1989scientific,2312.11562,A Survey of Reasoning with Foundation Models
6.discussions.tex,"MLAgentBench, on the other hand, designs a suite of ML tasks for benchmarking LLM-driven AI research agents, including tasks like image classification and sentiment classification~\cite{huang2023benchmarking}.",huang2023benchmarking,2312.11970,Large Language Models Empowered Agent-based Modeling and Simulation: A Survey and Perspectives
3.motivation.tex,"On the other hand, the interface between the agent and environment can be operated via texts~\cite{xagent2023}, which leads to indirect interaction.",xagent2023,2312.11970,Large Language Models Empowered Agent-based Modeling and Simulation: A Survey and Perspectives
_main.tex,"\textit{Apache Qpid}~\cite{ApacheQpid}, on the other hand, provides cloud-based messaging capabilities and supports queuing for structured message exchange, making it essential for distributed applications.",ApacheQpid,2312.14647,"Towards Message Brokers for Generative AI: Survey, Challenges, and Opportunities"
main.tex,"On the other hand, \citet{yuan2024unirlhf} also include an offline \gls{RLHF} benchmark and have a stronger focus on the reward learning aspect, focusing on the entire learning pipeline.",yuan2024unirlhf,2312.14925,A Survey of Reinforcement Learning from Human Feedback
acl_latex.tex,"Position interpolation, on the other hand, works during the inference stage by scaling a longer position range into the original context window.} \label{fig:methods} \end{figure} However, from the perspective of Neural Tangent Kernel (NTK) theory ~\citep{jacot_neural_2018}, simply interpolating RoPE's Fourier space linearly will cause the loss of high-frequency information and prevent models from distinguishing nearby positions.Hence, NTK-Aware Scaled RoPE (NTK-aware interpolation)~\citep{blocnt",jacot_neural_2018;blocntkaware,2312.17044,Length Extrapolation of Transformers: A Survey from the Perspective of Positional Encoding
TEMP.tex,"% \newline \textbf{YaRN} \cite{peng2023yarn} diverges from Linear and NTK interpolation by implementing a ramp function, which varies the combination of Linear and NTK interpolation across different dimensions.",peng2023yarn,2312.17044,Length Extrapolation of Transformers: A Survey from the Perspective of Positional Encoding
TEMP.tex,"Conversely, an alternative strategy involves the utilization of adaptable absolute position encoding \cite{gehring2017convolutional, devlin2018bert, lan2019albert, clark2020electra, radford2019language}.","gehring2017convolutional, devlin2018bert, lan2019albert, clark2020electra, radford2019language",2312.17044,Length Extrapolation of Transformers: A Survey from the Perspective of Positional Encoding
TEMP.tex,"Conversely, shift short attention \cite{chen2023longlora} divides input tokens into clusters and exclusively calculates the attention within each cluster independently.",chen2023longlora,2312.17044,Length Extrapolation of Transformers: A Survey from the Perspective of Positional Encoding
TEMP.tex,"On the other hand, some works \cite{chen2023extending, ntkaware2023, peng2023yarn, chen2023longlora} have focused on fine-tuning LLMs with a longer context window.","chen2023extending, ntkaware2023, peng2023yarn, chen2023longlora",2312.17044,Length Extrapolation of Transformers: A Survey from the Perspective of Positional Encoding
01_intro.tex,"% On the other hand, recent works have shown the outstanding generalization of LLMs to not only learn from IE training data through fine-tuning \cite{paolini2021structured,yan2021unified,tempgen,rebel,paolini2021structured}, but also extract information in few-shot and even zero-shot scenarios relying solely on in-context examples or instructions \cite{chatie,code4struct,gpt-ner,promptner,xu2023unleash}.","paolini2021structured,yan2021unified,tempgen,rebel,paolini2021structured;chatie,code4struct,gpt-ner,promptner,xu2023unleash",2312.17617,Large Language Models for Generative Information Extraction: A Survey
04_paradigms.tex,"% On the other hand, in order to improve the ability of LLMs under zero shot prompts (no need for further fine-tuning), QA4RE \cite{qa4re} and ChatIE \cite{chatie} proposed to improve the performance of LLMs (like Flan-T5 \cite{flan-t5} and GPT \cite{gpt4}) on zero-shot IE tasks, by transforming IE into a multi-turn question-answering problem for aligning IE tasks with QA tasks.",qa4re;chatie;flan-t5;gpt4,2312.17617,Large Language Models for Generative Information Extraction: A Survey
04_paradigms.tex,"On the other hand, in order to improve the ability of LLMs under zero shot prompts (no need for fine-tuning), QA4RE \cite{qa4re} and ChatIE \cite{chatie} proposed to transform IE into a multi-turn question-answering problem for aligning it with QA task, which is a predominant task in instruction-tuning datasets.",qa4re;chatie,2312.17617,Large Language Models for Generative Information Extraction: A Survey
04_paradigms.tex,"On the other hand, designing effective prompts remains a significant challenge for leveraging LLMs like GPT-4~\cite{gpt4}.",gpt4,2312.17617,Large Language Models for Generative Information Extraction: A Survey
03_tasks.tex,"\noindent \textbf{Code-LLMs.} On the other hand, code-based methods unify IE tasks by generating code with a universal programming schema \cite{code4struct}.",code4struct,2312.17617,Large Language Models for Generative Information Extraction: A Survey
main.tex,"On the other hand, their reliability and the need for careful validation, as noted by \cite{Reiss_2023}, indicate that while GPT models can be a valuable asset in social research, they should be used with caution.",Reiss_2023,2401.00284,Evaluation is all you need. Prompting Generative Large Language Models for Annotation Tasks in the Social Sciences. A Primer using Open Models
03-architecture.tex,"On the other hand, \cite{malach2023auto} explores the potential of Multi-Layer Perceptrons trained with the same next-token prediction to achieve non-trivial performance on text generation and arithmetic tasks.",malach2023auto,2401.00625,Beyond Efficiency: A Systematic Survey of Resource-Efficient Large Language Models
03_preliminaries.tex,"\setstretch{0.95} Conversely, when utilizing other pre-defined formal language for training, the objective shifts to acquainting the model with the application of specific functions \cite{Schick2023-fz}, mathematical proof formulas \cite{wu2022autoformalization}, SQL \cite{sun2023sqlpalm}, and similar constructs.",Schick2023-fz;wu2022autoformalization;sun2023sqlpalm,2401.00812,"If LLM Is the Wizard, Then Code Is the Wand: A Survey on How Code Empowers Large Language Models to Serve as Intelligent Agents"
acl_latex.tex,"Conversely, distilroberta-base \cite{sanh2019distilbert} exhibits superior performance in replacing high entropy words, leading to a reduction in hallucinations.",sanh2019distilbert,2401.01313,A Comprehensive Survey of Hallucination Mitigation Techniques in Large Language Models
LLM_train_inference.tex,"On the other hand, LLaMA 2 models \cite{touvron2023llama2} represent a notable exception.",touvron2023llama2,2401.02038,Understanding LLMs: A Comprehensive Overview from Training to Inference
main.tex,"On the other hand, SmartMoE\cite{smartmoe} system provides comprehensive support for distributed training strategies.",smartmoe,2401.02643,Training and Serving System of Foundation Models: A Comprehensive Survey
chatbotsurvey.tex,"On the other hand, we also excluded research such as \cite{chalaguine2018argument,chalaguine2018chatbot} since their focus is more on the automated collection of a corpus of arguments and counterarguments rather than the implementation of a conversational agent that delivers argumentation-based dialogues.","chalaguine2018argument,chalaguine2018chatbot",2401.03454,Computational Argumentation-based Chatbots: a Survey
chatbotsurvey.tex,"On the other hand, the SPA conversational agent introduced in \cite{rosenfeld2016strategical} outplayed the baseline chatbot (which harnessed a different, heuristic, strategy) when tested in its persuasion task, thus proving capable of delivering human-like level conversations.",rosenfeld2016strategical,2401.03454,Computational Argumentation-based Chatbots: a Survey
main.tex,"On the other hand, to improve sample complexity, data augmentation techniques have been extensively studied as well \cite{zeng2021transporter, rao2020rl, haarnoja2023learning, lifshitz2023steve}.","zeng2021transporter, rao2020rl, haarnoja2023learning, lifshitz2023steve",2401.03568,Agent AI: Surveying the Horizons of Multimodal Interaction
Reliability.tex,"On the other hand, \citet{ConstrainedGenerationModification} introduces a method that suggests a candidate modification at each iteration and verifies if the modified sentence satisfies the given constraints to generate constrained sentences.",ConstrainedGenerationModification,2401.05459,"Personal LLM Agents: Insights and Survey about the Capability, Efficiency and Security"
templateArxiv.tex,"& Microsoft Research & \href{https://github.com/microsoft/BioGPT}{code} \\ \hline GatorTron \cite{yang2022gatortron} & 2022 & Semantic textual similarity, natural language inference, and medical question answering & University of Florida & \href{https://github.com/uf-hobi-informatics-lab/GatorTron}{code} \\ \hline BioMedLM & 2022 & Biomedical question answering & Stanford CRFM, MosaicML & \href{https://github.com/stanford-crfm/BioMedLM}{code} \\ \hline BioBART \cite{yuan2022biobart} & 2022 & Dia",yang2022gatortron;yuan2022biobart;lu2022clinicalt5;yuan2021improving;raj2017learning;lyu2017long,2401.06775,Large language models in healthcare and medical domain: A review
acl_latex.tex,"Conversely, gradient-based methods, exemplified by techniques such as SmoothGrad \cite{Smilkov2017SmoothGradRN} and Integrated Gradients, focus on computing the gradients of the model with respect to its input features.",Smilkov2017SmoothGradRN,2401.06792,LightHouse: A Survey of AGI Hallucination
3.multimodal_models.tex,"Conversely, LLaVA~\cite{liu2023llava} and MiniGPT4-v2~\cite{zhu2023minigpt} employ a multilayer perceptron (MLP) as the connector.",liu2023llava;zhu2023minigpt,2401.06805,Exploring the Reasoning Abilities of Multimodal Large Language Models (MLLMs): A Comprehensive Survey on Emerging Trends in Multimodal Reasoning
2.LLM_reasoning.tex,"Conversely, some benchmarks with open-ended questions force to reformat answers into multiple-choice format, examples of which includes MMBench~\cite{liu2023mmbench}, MME~\cite{fu2023mme} and ScienceQA~\cite{lu2022learn}.",liu2023mmbench;fu2023mme;lu2022learn,2401.06805,Exploring the Reasoning Abilities of Multimodal Large Language Models (MLLMs): A Comprehensive Survey on Emerging Trends in Multimodal Reasoning
1_introduction.tex,"On the other hand,~\cite{kaplan_siri_2019} defines AI as \textit{a system's ability to correctly interpret external data, to learn from such data, and to use those learnings to achieve specific goals and tasks through flexible adaptation}, potentially narrowing AI to the realm of machine learning.",kaplan_siri_2019,2401.07744,Combining Machine Learning and Ontology: A Systematic Literature Review
1_introduction.tex,"Deductive reasoning, on the other hand, permits the application of pre-existing general knowledge to specific instances~\citep{rafanelli_position_2022}.",rafanelli_position_2022,2401.07744,Combining Machine Learning and Ontology: A Systematic Literature Review
5_semantic_data_mining.tex,"Conversely, the local explainability of a model focuses on the process leading to decisions made for a specific individual~\citep{ribeiro_why_2016, lundberg_unified_2017}.","ribeiro_why_2016, lundberg_unified_2017",2401.07744,Combining Machine Learning and Ontology: A Systematic Literature Review
7_challenges.tex,"The Neuro\_\{Symbolic\} architecture, on the other hand, is more complex: it facilitates the conversion of symbolic rules into neural network models (\emph{Ontology-based algorithm design} or \emph{Ontology-based algorithm design}), as illustrated by the logical tensor networks~\citep{serafini_learning_2017} discussed in this systematic literature review.",serafini_learning_2017,2401.07744,Combining Machine Learning and Ontology: A Systematic Literature Review
acl_latex.tex,"% \newline \textbf{YaRN} \cite{peng2023yarn} diverges from Linear and NTK interpolation by implementing a ramp function, which varies the combination of Linear and NTK interpolation across different dimensions.",peng2023yarn,2401.07872,"The What, Why, and How of Context Length Extension Techniques in Large Language Models -- A Detailed Survey"
acl_latex.tex,"Conversely, an alternative strategy involves the utilization of adaptable absolute position encoding \cite{gehring2017convolutional, devlin2018bert, lan2019albert, clark2020electra, radford2019language}.","gehring2017convolutional, devlin2018bert, lan2019albert, clark2020electra, radford2019language",2401.07872,"The What, Why, and How of Context Length Extension Techniques in Large Language Models -- A Detailed Survey"
acl_latex.tex,"Conversely, shift short attention \cite{chen2023longlora} divides input tokens into clusters and exclusively calculates the attention within each cluster independently.",chen2023longlora,2401.07872,"The What, Why, and How of Context Length Extension Techniques in Large Language Models -- A Detailed Survey"
acl_latex.tex,"On the other hand, some works \cite{chen2023extending, ntkaware2023, peng2023yarn, chen2023longlora} have focused on fine-tuning LLMs with a longer context window.","chen2023extending, ntkaware2023, peng2023yarn, chen2023longlora",2401.07872,"The What, Why, and How of Context Length Extension Techniques in Large Language Models -- A Detailed Survey"
sec-systems-training.tex,"On the other hand, Gemini~\cite{wang2023gemini} expedites failure recovery through in-memory checkpoints.",wang2023gemini,2401.08092,A Survey of Resource-efficient LLM and Multimodal Foundation Models
sec-systems-training.tex,"FlashNeuron~\cite{bae2021flashneuron}, on the other hand, offloads selective data to the SSD for higher throughput.",bae2021flashneuron,2401.08092,A Survey of Resource-efficient LLM and Multimodal Foundation Models
sec-algorithms-compression.tex,"On the other hand, quantization is frequently employed in the fine-tuning process of large models, such as in PEQA~\cite{wu2023understanding}, LoftQ~\cite{li2023loftq} and QLoRA~\cite{dettmers2023qlora}, as detailed in $\S$\ref*{sec:alg:finetune:reparam}.",wu2023understanding;li2023loftq;dettmers2023qlora,2401.08092,A Survey of Resource-efficient LLM and Multimodal Foundation Models
sec-algorithms-finetuning.tex,"On the other hand, PiSSA~\cite{meng_pissa_2024} identifies an issue where LoRA initializes low-rank matrices with Gaussian random values and zeros, resulting in very small initial gradient values and slow convergence.",meng_pissa_2024,2401.08092,A Survey of Resource-efficient LLM and Multimodal Foundation Models
main_revised_v2.tex,"Conversely, relying solely on zero-shot transfer does not work well, as it leads to significant drops in performance for typologically distant or culturally distinct languages~\cite{pelicon2021investigating}.",pelicon2021investigating,2401.09244,"Cross-lingual Offensive Language Detection: A Systematic Review of Datasets, Transfer Approaches and Challenges"
bare_jrnl_new_sample4.tex,"EAs, on the other hand, can address this limitation by more flexible search space definitions and mutation operators \cite{deng2023large,romera2023mathematical}.","deng2023large,romera2023mathematical",2401.10034,Evolutionary Computation in the Era of Large Language Model: Survey and Roadmap
approaches.tex,"In a multi-task setup, on the other hand, related tasks like activity and subject recognition \cite{metier_chen_2020} are simultaneously performed, using shared features.",metier_chen_2020,2401.10185,Transfer Learning in Human Activity Recognition: A Survey
applications.tex,"On the other hand, in terms of the target applications, federated learning \cite{federated_gudur_2020} and privacy preservation \cite{semisupervised_hashemian_2021} are the commonly targeted goals.",federated_gudur_2020;semisupervised_hashemian_2021,2401.10185,Transfer Learning in Human Activity Recognition: A Survey
main.tex,"GloVe, on the other hand, uses matrix factorization of the word co-occurrence matrix, capturing the corpus's general statistics for efficient, high-performance embeddings \citep{pennington2014glove}.",pennington2014glove,2401.10825,Recent Advances in Named Entity Recognition: A Comprehensive Survey and Comparative Study
04_source_of_incontext.tex,"% On the other hand, ~\citet{li2023mot} selects high-quality answers by using self-consistency (majority-generated answer).",li2023mot,2401.11624,In-context Learning with Retrieved Demonstrations for Language Models: A Survey
introduction.tex,"On the other hand, just as early myths and parables emphasized the social and ethical questions around human-created intelligence~\citep{mccorduck2004machines, kieval1997pursuing, pollin1965philosophical}, today’s intelligent machines present their own interesting social questions~\citep{frank2019evolution} and expanding research starts to explore and understand AI agents as social entities.","mccorduck2004machines, kieval1997pursuing, pollin1965philosophical;frank2019evolution",2401.11839,AI for social science and social science of AI: A Survey
main.tex,"On the other hand, symbolic methods have shown poor learning skills compared to machine learning approaches, especially in handling dynamic data and generalizing the knowledge beyond training data \citep{pan2023unifying}.",pan2023unifying,2401.11972,Synergizing Machine Learning & Symbolic Methods: A Survey on Hybrid Approaches to Natural Language Processing
3-text.tex,"On the other hand, ChemDFM~\cite{zhao2024chemdfm}, built on the LLaMa-13B model, focuses on training with chemical literature to assist in molecular recognition, property prediction, reaction analysis, and support research through free-form dialogues.",zhao2024chemdfm,2401.14656,Scientific Large Language Models: A Survey on Biological & Chemical Domains
7-multimodal.tex,"On the other hand, ChemDFM~\cite{zhao2024chemdfm}, built on the LLaMa-13B model, focuses on training with chemical literature to assist in molecular recognition, property prediction, reaction analysis, and support research through free-form dialogues.",zhao2024chemdfm,2401.14656,Scientific Large Language Models: A Survey on Biological & Chemical Domains
7-multimodal.tex,"On the other hand, given a protein or genomic dataset, a multimodal model such as ProtST-ESM-1b~\cite{xu2023protst} can be used to retrieve textual descriptions that provide information about the properties, functions, or interactions of the proteins or genes in the dataset.",xu2023protst,2401.14656,Scientific Large Language Models: A Survey on Biological & Chemical Domains
020prelim.tex,"% On the other hand, decoder-only Transformers (b)~\cite{gpt3,opt,llama,bloom} autoregressively predict output tokens via (unidirectional) masked self-attention which attends only current and previous tokens.","gpt3,opt,llama,bloom",2401.15347,A Comprehensive Survey of Compression Algorithms for Language Models
043strategy.tex,"% Static quantization~\cite{URPTQ, USmoothQuant}, on the other hand, precomputes scaling factors and integer offsets of activations before inference.","URPTQ, USmoothQuant",2401.15347,A Comprehensive Survey of Compression Algorithms for Language Models
054arch.tex,"On the other hand, MobileBERT~\cite{mobilebert} reduces the computational cost of Transformer by adopting an efficient bottleneck structure of MobileNet~\cite{mobilenet}, and Funnel-Transformer~\cite{funneltransformer} introduces pooling layers that reduce the sequence length of intermediate representations to reduce the computational cost of Transformer.",mobilebert;mobilenet;funneltransformer,2401.15347,A Comprehensive Survey of Compression Algorithms for Language Models
02-relatedwork.tex,"GPT-4~\cite{gpt4}, on the other hand, is a multimodal large model that is capable of generating text outputs based on image or text inputs.",gpt4,2401.15641,PRE: A Peer Review Based Large Language Model Evaluator
arxiv.tex,"On the other hand, CA-RANSAC~\cite{cavalli2023consensus} evolves the RANSAC framework by incorporating an adaptive consensus mechanism through a novel attention layer.",cavalli2023consensus,2401.17592,Local Feature Matching Using Deep Learning: A Survey
main.tex,"On the other hand, various models without the NSP objective include BERT-XML~\cite{zhang2020bertxml}, ouBioBERT~\cite{2005.07202}, UTH-BERT~\cite{aclinical_kawazoe}, PathologyBERT~\cite{santos2022pathologybert}, UCSF-BERT~\cite{sushil2022developing}, PubMedBERT~\cite{10.1145/3458754}, and Bioformer~\cite{fang2023bioformer}, where UTH-BERT is for Japanese, and PubMedBERT uses Whole-Word Masking.",zhang2020bertxml;2005.07202;aclinical_kawazoe;santos2022pathologybert;sushil2022developing;10.1145/3458754;fang2023bioformer,2401.17824,A Survey of Pre-trained Language Models for Processing Scientific Text
main.tex,"Med-BERT~\cite{Rasmy2020MedBERTPC}, on the other hand, incorporates a domain-specific pretraining task to predict the prolonged length of stay in hospitals (Prolonged LOS).",Rasmy2020MedBERTPC,2401.17824,A Survey of Pre-trained Language Models for Processing Scientific Text
main.tex,"BioMegatron~\cite{shin-etal-2020-biomegatron}, on the other hand, implements a simple and efficient intra-layer model parallel approach that enables training transformer models with billions of parameters.",shin-etal-2020-biomegatron,2401.17824,A Survey of Pre-trained Language Models for Processing Scientific Text
main.tex,"On the other hand, BiomedGPT~\cite{zhang2023biomedgpt}, BioGPT~\cite{10.1093/bib/bbac409}, and BioMedLM~\cite{cite_BioMedLM} were pretrained from scratch using GPT~\cite{Radford2018ImprovingLU} architecture, while MedGPT~\cite{kraljevic2021medgpt} uses continual pretraining.",zhang2023biomedgpt;10.1093/bib/bbac409;cite_BioMedLM;Radford2018ImprovingLU;kraljevic2021medgpt,2401.17824,A Survey of Pre-trained Language Models for Processing Scientific Text
main.tex,"On the other hand, MatBERT~\cite{Trewartha2022-sl} and ChemBERTa~\cite{chithrananda2020chemberta} are models based on non-NSP BERT and RoBERTa, respectively, that use the pretraining from scratch strategy.",Trewartha2022-sl;chithrananda2020chemberta,2401.17824,A Survey of Pre-trained Language Models for Processing Scientific Text
main.tex,"On the other hand, SciDEBERTa~\cite{jeong2022scideberta} further pretrained DeBERTa~\cite{he2020deberta} with the science technology domain corpus.",jeong2022scideberta;he2020deberta,2401.17824,A Survey of Pre-trained Language Models for Processing Scientific Text
main.tex,"On the other hand, ProtST~\cite{xu2023protst} is a framework built upon the BERT architecture for multi-modality learning of protein sequences and biomedical texts.",xu2023protst,2401.17824,A Survey of Pre-trained Language Models for Processing Scientific Text
main.tex,"DisorBERT~\cite{aragon-etal-2023-disorbert}, on the other hand, explores lexical knowledge to continually pretrain the BERT model to pay more attention to words related to mental disorders.",aragon-etal-2023-disorbert,2401.17824,A Survey of Pre-trained Language Models for Processing Scientific Text
main.tex,"On the other hand, DVF~\cite{song2024learning} provides a broader testing ground for general-purpose video detection.",song2024learning,2402.00045,Detecting Multimedia Generated by Large AI Models: A Survey
main.tex,"Grad-TTS~\cite{popov2021grad}, on the other hand, utilizes SDE~\cite{song2020score} to produce mel-spectrogram.",popov2021grad;song2020score,2402.00045,Detecting Multimedia Generated by Large AI Models: A Survey
main.tex,"Physiologically-based methods, on the other hand, investigate the semantic aspects of human faces~\cite{ciftci2020fakecatcher}, including cues such as symmetry, iris color, pupil shapes, skin, etc., see Fig.~\ref{fig:image_pure_detection_overview} b).",ciftci2020fakecatcher,2402.00045,Detecting Multimedia Generated by Large AI Models: A Survey
main.tex,"Conversely, text detection is starting to use “world knowledge” (via models) to ask if a stated fact is real or a hallucination (which could hint at AI generation)~\cite{zhang2024knowhalu}.",zhang2024knowhalu,2402.00045,Detecting Multimedia Generated by Large AI Models: A Survey
main.tex,"Social media texts are often short, filled with slang, emojis, or hashtags, and span many languages, which diverges from the more formal or long-form data that many detection models are trained on~\cite{macko2024multisocial}.",macko2024multisocial,2402.00045,Detecting Multimedia Generated by Large AI Models: A Survey
ijcai23.tex,"On the other hand, \cite{sun2023aligning} employ Reinforcement Learning from Human Feedback (RLHF)~\cite{RLHF} to align different modalities, achieving hallucination reduction.",sun2023aligning;RLHF,2402.00253,A Survey on Hallucination in Large Vision-Language Models
arxiv_checked.tex,"On the other hand, the efficient integration of UAVs in SAGIN architectures requires addressing several challenges, such as UAV positioning and deployment, trajectory optimization, channel estimation, autonomous navigation, scheduling and resource management, and interference management~\cite{mozaffari2019}.",mozaffari2019,2402.00881,On the Interplay of Artificial Intelligence and Space-Air-Ground Integrated Networks: A Survey
main.tex,"On the other hand, prompt injection~\cite{shin2020autoprompt} and jailbreaking attacks~\cite{wei2023jailbroken} often also share the common goal of misleading LLMs to obtain sensitive information by generating deceiving prompts \cite{shen2023anything}.",shin2020autoprompt;wei2023jailbroken;shen2023anything,2402.00888,Security and Privacy Challenges of Large Language Models: A Survey
main.tex,"On the other hand, PREMIA \cite{feng2024exposing} was evaluated on open-source LLMs, and its performance may not be consistent on closed-source models such as GPT-3.",feng2024exposing,2402.00888,Security and Privacy Challenges of Large Language Models: A Survey
main.tex,"On the other hand, self-reminder-based methods \cite{wu2024can} might create robust defense against more complex attacks such as DeepInception \cite{li2023deepinception}.",wu2024can;li2023deepinception,2402.00888,Security and Privacy Challenges of Large Language Models: A Survey
main.tex,"On the other hand, advanced attacks, such as NightShade \cite{bowman2023eight}}, need advanced defense methods.",bowman2023eight,2402.00888,Security and Privacy Challenges of Large Language Models: A Survey
main.tex,"On the other hand, DP-SGD~\cite{abadi2016deep} is a widely adopted technique to defend against gradient leakage attacks, MIAs, and PII leakage attacks.",abadi2016deep,2402.00888,Security and Privacy Challenges of Large Language Models: A Survey
5_Preference.tex,"On the other hand, \cite{zhang2023copf} extend the Direct Preference Optimization (DPO) algorithm \cite{rafailov2023direct} to the continual learning setting by employing Monte Carlo estimation to derive a sequence of optimal policies for the given sequences of tasks and incorporate them to regularize the policy learning on new tasks.",zhang2023copf;rafailov2023direct,2402.01364,Continual Learning for Large Language Models: A Survey
Methods.tex,"Conversely, MolCA \cite{liu_molca_2023}, GIT-Mol \cite{liu_git-mol_2023}, and UniMap \cite{feng_unimap_2023} incorporate additional prediction layers for XMM, which are removed post-pretraining.",liu_molca_2023;liu_git-mol_2023;feng_unimap_2023,2402.01439,From Words to Molecules: A Survey of Large Language Models in Chemistry
Taxonomy.tex,"% Conversely, T5Chem \cite{lu_unified_2022} integrates sequential molecular data with text tokens that define the target task.",lu_unified_2022,2402.01439,From Words to Molecules: A Survey of Large Language Models in Chemistry
Applications.tex,"On the other hand, the C-N Coupling dataset \cite{ahneman_predicting_2018} is a preferred choice for benchmarking yield prediction tasks.",ahneman_predicting_2018,2402.01439,From Words to Molecules: A Survey of Large Language Models in Chemistry
main.tex,"On the other hand, Cao \cite{Cao2021Self-AttentionAssessment} predicted the funniness of an edited news headline on a scale of 0 to 3 and got RMSE scores of 0.528 and 0.516 for BERT and RoBERTa, respectively.",Cao2021Self-AttentionAssessment,2402.01759,Systematic Literature Review: Computational Approaches for Humour Style Classification
acl_latex.tex,"% and effective On the other hand, there has been a notable emphasis on utilizing Large Language Models (LLMs) for tasks related to information retrieval and ranking ~\cite{zhu2023large}.",zhu2023large,2402.01788,LitLLM: A Toolkit for Scientific Literature Review
compression-overview.tex,"On the other hand, Post Training Quantization (PTQ) \cite{banner2019posttraining} finds out the optimal clipping range and channel-bit-width settings for weights and activations.",banner2019posttraining,2402.01799,Faster and Lighter LLMs: A Survey on Current Challenges and Way Forward
iclr2025_conference.tex,"On the other hand, these evaluations may suffer from \textit{benchmark leakage} issue, referring that the evaluation data is unknowingly used for model training, which can also lead to misleading evaluations \citep{wei2023skywork,zhou2023don}.","wei2023skywork,zhou2023don",2402.01830,PiCO: Peer Review in LLMs based on the Consistency Optimization
iclr2025_conference.tex,"The HELM\citep{liang2022holistic} benchmark diverges from task-specific assessments, offering a holistic evaluation of LLMs across dimensions such as language understanding, generation, coherence, context sensitivity, common sense reasoning, and domain-specific knowledge.",liang2022holistic,2402.01830,PiCO: Peer Review in LLMs based on the Consistency Optimization
4_RL4LLM.tex,"On the other hand, RLPROMPT by \textbf{\citet{deng2022rlprompt} }is an optimization approach where a policy network is trained to generate desired prompts.",deng2022rlprompt,2402.01874,The RL/LLM Taxonomy Tree: Reviewing Synergies Between Reinforcement Learning and Large Language Models
5_discussion.tex,"On the other hand, ``offline'' RL \citep{levine2020offline} is a framework to train a policy from a fixed amount of pre-collected data, potentially solving the fundamental issues regarding safety or risk.",levine2020offline,2402.02025,A Survey of Constraint Formulations in Safe Reinforcement Learning
4_enhancement.tex,"On the other hand, BeInfo~\cite{razu2023beinfo} improve factual alignment through the form of behavioral fine-tuning.",razu2023beinfo,2402.02420,Factuality of Large Language Models: A Survey
main.tex,"On the other hand, Matching Networks \citep{vinyals2016matching} employ different CNN embedding networks for support and query sets.",vinyals2016matching,2402.03017,"A Complete Survey on Contemporary Methods, Emerging Paradigms and Hybrid Approaches for Few-Shot Learning"
main.tex,"On the other hand, in \cite{wang2016learning}, a similar approach based on RL is applied for structured task distributions.",wang2016learning,2402.03017,"A Complete Survey on Contemporary Methods, Emerging Paradigms and Hybrid Approaches for Few-Shot Learning"
main.tex,"On the other hand, inspired by the Lottery Ticket Hypothesis \citep{frankle2018lottery}, a gradient-based meta-learning method is proposed in \cite{chijiwa2022meta} to meta-learn a sparse neural network structure suitable for FSL.",frankle2018lottery;chijiwa2022meta,2402.03017,"A Complete Survey on Contemporary Methods, Emerging Paradigms and Hybrid Approaches for Few-Shot Learning"
main.tex,"On the other hand, GPs can quickly infer new functions at test time, but they are computationally expensive and sensitive to the selection of priors \citep{garnelo2018conditional}.",garnelo2018conditional,2402.03017,"A Complete Survey on Contemporary Methods, Emerging Paradigms and Hybrid Approaches for Few-Shot Learning"
main.tex,"On the other hand, in \cite{shysheya2022fit}, FiLM modules are introduced to modulate the backbone network without retraining all of its parameters, substantially reducing the number of updated parameters.",shysheya2022fit,2402.03017,"A Complete Survey on Contemporary Methods, Emerging Paradigms and Hybrid Approaches for Few-Shot Learning"
main.tex,"On the other hand, a more recent approach, Context-Guided Augmentation \citep{chen2023using}, adds new instances of classes strategically using contextual information to simulate occlusion occurrences, with each segmented instance being selectively positioned onto the object's bounding box in a randomized manner.",chen2023using,2402.03017,"A Complete Survey on Contemporary Methods, Emerging Paradigms and Hybrid Approaches for Few-Shot Learning"
main.tex,"CutMix \citep{yun2019cutmix}, on the other hand, extends this concept by cutting and pasting rectangular patches from different images, fostering spatially coherent variations.",yun2019cutmix,2402.03017,"A Complete Survey on Contemporary Methods, Emerging Paradigms and Hybrid Approaches for Few-Shot Learning"
main.tex,"On the other hand, Randaugment \citep{cubuk2020randaugment} automates this selection by introducing a randomized approach.",cubuk2020randaugment,2402.03017,"A Complete Survey on Contemporary Methods, Emerging Paradigms and Hybrid Approaches for Few-Shot Learning"
main.tex,"On the other hand, in \cite{lee2023self}, task generation from unlabeled samples has been approached through set representation learning.",lee2023self,2402.03017,"A Complete Survey on Contemporary Methods, Emerging Paradigms and Hybrid Approaches for Few-Shot Learning"
main.tex,"On the other hand, in \cite{henderson2020towards}, a formula for calculating the total energy consumption is derived: \begin{equation} e_{total} = PUE \sum_p (p_{dram}e_{dram} + p_{cpu}e_{cpu} + p_{gpu}e_{gpu}) \end{equation} \noindent where $p_x$ refers to the percentage of each system resource used by process $x$ relative to the total resources used, $e_x$ is the energy usage of that resource, and \textit{PUE} is the Power Usage Effectiveness index of the data center.",henderson2020towards,2402.03017,"A Complete Survey on Contemporary Methods, Emerging Paradigms and Hybrid Approaches for Few-Shot Learning"
main.tex,"\cite{krishnan2023textstylebrush} propose Text Style Brush (TSB), a novel self-supervised method that diverges from traditional text editing techniques by eliminating the need for target style supervision.",krishnan2023textstylebrush,2402.03082,Visual Text Meets Low-level Vision: A Comprehensive Survey on Visual Text Processing
main.tex,"Conversely, inpainting-based methods often take an image with masked regions as the condition, incorporating a background style reference for scene text generation \cite{chen2023textdiffuser,ma2023glyphdraw,yang2023glyphcontrol}.","chen2023textdiffuser,ma2023glyphdraw,yang2023glyphcontrol",2402.03082,Visual Text Meets Low-level Vision: A Comprehensive Survey on Visual Text Processing
main.tex,"Conversely, methods focusing on boundaries and text lines\cite{Gatos2007SegmentationBR,Guo2019AFP,Stamatopoulos2011GoalOrientedRO} aim to estimate deformation parameters, working under the premise that text lines should appear horizontal and straight post-rectification.","Gatos2007SegmentationBR,Guo2019AFP,Stamatopoulos2011GoalOrientedRO",2402.03082,Visual Text Meets Low-level Vision: A Comprehensive Survey on Visual Text Processing
main.tex,"\cite{gupta2016synthetic} introduce SynthText, a synthetic engine that diverges from conventional word box generation methods.",gupta2016synthetic,2402.03082,Visual Text Meets Low-level Vision: A Comprehensive Survey on Visual Text Processing
4.2-reason.tex,"KG-based VQA (Fig.~\ref{fig:vqavre}), emerging around 2015~\cite{DBLP:conf/cvpr/WuWSDH16}, diverges from traditional approaches by integrating an external Knowledge Base (KB) for more complex question analysis and deeper reasoning assistance~\cite{DBLP:journals/pami/WangWSDH18}.",DBLP:conf/cvpr/WuWSDH16;DBLP:journals/pami/WangWSDH18,2402.05391,Knowledge Graphs Meet Multi-Modal Learning: A Comprehensive Survey
4.2-reason.tex,Mucko~\cite{DBLP:conf/ijcai/ZhuYWS0W20} diverges from traditional modality embedding concatenation by independently processing distinct modalities' KGs.,DBLP:conf/ijcai/ZhuYWS0W20,2402.05391,Knowledge Graphs Meet Multi-Modal Learning: A Comprehensive Survey
1.2-diff.tex,"Conversely, Peng et al.~\cite{DBLP:journals/bdr/PengHHY23} offer a detailed analysis of MMKG from a semantic web perspective, providing a definition and an analysis of its construction and ontology architectures.",DBLP:journals/bdr/PengHHY23,2402.05391,Knowledge Graphs Meet Multi-Modal Learning: A Comprehensive Survey
main.tex,"On the other hand, \citet{beauchemin2022fijo} and \citet{Fang.2023} delve into the intricacies of training and optimizing LMs for skill extraction.",beauchemin2022fijo;Fang.2023,2402.05617,Deep Learning-based Computational Job Market Analysis: A Survey on Skill Extraction and Classification from Job Postings
LLM_survey.tex,"Reinforcement learning from AI feedback on the other hand, directly connects a pretrained and well-aligned model to the LLM and helps it to learn from larger and more aligned models \cite{lee2023rlaif}.",lee2023rlaif,2402.06196,Large Language Models: A Survey
LLM_survey.tex,"On the other hand, traditional engineering practices such as version control and regression testing need to be adapted to this new paradigm just like they were adapted to other machine learning approaches \cite{Sculley2014CreditCard}.",Sculley2014CreditCard,2402.06196,Large Language Models: A Survey
LLM_survey.tex,"\begin{equation}\label{eq:em} EM = \frac{M}{N} \end{equation} Human equivalence score (HEQ) on the other hand, is an alternative to F1 score \cite{huang2018flowqa}.",huang2018flowqa,2402.06196,Large Language Models: A Survey
sn-article.tex,"Conversely, some studies, such as those by \citet{Song2019}, \citet{Shao2019}, \citet{castro-ferreira-etal-2020}, \citet{Garneau2021}, \citet{Agarwal2020}, \citet{Lu2022}, \citet{Li2020}, and \citet{Teixeira2020}, have centered their efforts on bilingual text generation within the data-to-text context.",Song2019;Shao2019;castro-ferreira-etal-2020;Garneau2021;Agarwal2020;Lu2022;Li2020;Teixeira2020,2402.08496,A Systematic Review of Data-to-Text NLG
sn-article.tex,"VT-ADL \cite{RF44}, on the other hand, applies ViT to encode the input image that has been subdivided into small pieces, and subsequently feeds the ViT-encoded image to the decoder for image reconstruction, forcing the network to learn the features representing the normal image, thus performs the image anomaly detection task in a reconstruction manner.",RF44,2402.08975,Research and application of Transformer based anomaly detection model: A literature review
sn-article.tex,"\cite{RF34}, on the other hand, applied BERT to extract the raw log message semantics and converted them into semantic vectors.",RF34,2402.08975,Research and application of Transformer based anomaly detection model: A literature review
applications.tex,"Conversely, the fidelity levels in MFBO are often predetermined based on the prior experience of machine learning experts~\cite{KandasamyDOSP19}.",KandasamyDOSP19,2402.09638,Multi-Fidelity Methods for Optimization: A Survey
applications.tex,"Conversely, Bohdal et al.~\cite{BohdalBWEAZ23} proposed progressively increasing fidelity levels when the ranking of configurations within the top two fidelities remains unstable.",BohdalBWEAZ23,2402.09638,Multi-Fidelity Methods for Optimization: A Survey
pruning.tex,"Conversely, \textit{data-free pruning} methods, such as Magnitude Pruning\cite{han2015learning}, execute network pruning independent of data input.",han2015learning,2402.09748,Model Compression and Efficient Inference for Large Language Models: A Survey
dynamic_inference.tex,"Conversely, modifications like GELU Gated Linear Units\cite{MoE-GEGLU} and RMS normalization\cite{MoE-RMS} improve the quality but sometimes lead to divergences in training loss.",MoE-GEGLU;MoE-RMS,2402.09748,Model Compression and Efficient Inference for Large Language Models: A Survey
dynamic_inference.tex,"% EvoMoE % Conversely, EvoMoE \cite{MoE-EvoMoE} starts from training then diversifying from one common expert at stage one before learning the gating network in the second stage.",MoE-EvoMoE,2402.09748,Model Compression and Efficient Inference for Large Language Models: A Survey
dynamic_inference.tex,"Conversely, EvoMoE \cite{MoE-EvoMoE} starts from training then diversifying from one common expert at stage one before learning the gating network and sparsifying the network in the second stage.",MoE-EvoMoE,2402.09748,Model Compression and Efficient Inference for Large Language Models: A Survey
dynamic_inference.tex,"Conversely, modifications like GELU Gated Linear Units\cite{MoE-GEGLU} and RMS normalization\cite{MoE-RMS} improve the quality but sometimes lead to divergences in training loss.",MoE-GEGLU;MoE-RMS,2402.09748,Model Compression and Efficient Inference for Large Language Models: A Survey
overview.tex,"Conversely, Good-Turing Estimation adjusts the probability distribution for unseen events to deal with the problem of zero probability for unfamiliar word combinations - a problem known as data sparsity~\cite{orlitsky2015competitive}.",orlitsky2015competitive,2402.10350,Large Language Models for Forecasting and Anomaly Detection: A Systematic Literature Review
related.tex,"Conversely, Yang \textit{et al.} \cite{yang2023harnessing_the} concentrate on the application spectrum of LLMs across various downstream tasks, highlighting the deployment challenges that accompany their use.",yang2023harnessing_the,2402.10350,Large Language Models for Forecasting and Anomaly Detection: A Systematic Literature Review
acl_latex.tex,"On the other hand, \citet{madaan2023selfrefine} employs an iterative process to refine its output through generated feedback.",madaan2023selfrefine,2402.10886,Reviewer2: Optimizing Review Generation Through Prompt Generation
acl_latex.tex,"Our categorization diverges from existing logical reasoning taxonomies by emphasizing on the underlying cognitive processes and the skills required for puzzle solving, rather than the question format \cite{Luo2023TowardsLA} or the nature of reasoning (deductive, inductive, abductive) \cite{Luo2023TowardsLA, yu2023natural, Yang2023LogicalRO, Qiao2022ReasoningWL, Huang2022TowardsRI, Flach2000AbductiveAI}.","Luo2023TowardsLA;Luo2023TowardsLA, yu2023natural, Yang2023LogicalRO, Qiao2022ReasoningWL, Huang2022TowardsRI, Flach2000AbductiveAI",2402.11291,Puzzle Solving using Reasoning of Large Language Models: A Survey
acl_latex.tex,"Conversely, \textbf{automatic CoT (auto-CoT)} autonomously generates diverse reasoning chains for various questions \cite{Zhang2022AutomaticCO}.",Zhang2022AutomaticCO,2402.11291,Puzzle Solving using Reasoning of Large Language Models: A Survey
acl_latex.tex,"Conversely, the introduction of ACES, an autotelic generation method for diverse programming puzzles, demonstrates how semantic descriptors produced by LLMs can be leveraged for creative puzzle creation \cite{Pourcel2023ACESGD}.",Pourcel2023ACESGD,2402.11291,Puzzle Solving using Reasoning of Large Language Models: A Survey
main.tex,"Conversely, \citet{way2022report} investigate actual LT use by speakers of different European national languages (91--922 respondents per country).",way2022report,2402.11968,What Do Dialect Speakers Want? A Survey of Attitudes Towards Language Technology for German Dialects
02_architectures.tex,"On the other hand, LLMs primarily rely on the widely employed Transformer model, although the Mamba architecture~\cite{gu2023mamba} has also emerged in recent times.",gu2023mamba,2402.12451,The Revolution of Multimodal Large Language Models: A Survey
03_tasks.tex,"Conversely,~\citet{jin2023unified} fine-tune both the LLM and the SD U-Net.",jin2023unified,2402.12451,The Revolution of Multimodal Large Language Models: A Survey
appendix.tex,"On the other hand, PandaGPT~\cite{su2023pandagpt} and NExT-GPT~\cite{wu2023next} exploit a single frozen multimodal encoder (\ie, ImageBind) to extract features from different modalities.",su2023pandagpt;wu2023next,2402.12451,The Revolution of Multimodal Large Language Models: A Survey
revision.tex,"Conversely, some papers choose to combine discussions of current issues with emerging research trends, as seen in the 'Future Directions' section of Ref\cite{yang2022survey}.",yang2022survey,2402.12928,A Literature Review of Literature Reviews in Pattern Analysis and Machine Intelligence
4-skill.tex,"ChatBridge~\cite{zhao2023chatbridge}, on the other hand, represents a novel approach in multimodal language modeling.",zhao2023chatbridge,2402.13116,A Survey on Knowledge Distillation of Large Language Models
4-skill.tex,"ChatBridge~\cite{zhao2023chatbridge}, on the other hand, represents a novel approach in multimodal language modeling.",zhao2023chatbridge,2402.13116,A Survey on Knowledge Distillation of Large Language Models
A2.tex,"Conversely, \cite{hsieh2023distilling} employs ``task hardship'' as auxiliary labels supplied by $\gA$ to enhance the learning process for $\gL$.",hsieh2023distilling,2402.13446,Large Language Models for Data Annotation and Synthesis: A Survey
challenges.tex,"Research highlights the failure of imitation primarily due to \textit{model collapse}, where the imitating model gradually diverges from the data distribution of the model it seeks to replicate~\cite{Shumailov2023TheCO}.",Shumailov2023TheCO,2402.13446,Large Language Models for Data Annotation and Synthesis: A Survey
5.models_description.tex,"Conversely, \citet{paper_074} demonstrates the use of LLMs for automatically adapting to new domains with ``own skills'' bootstrapping.",paper_074,2402.14558,LLMs with Industrial Lens: Deciphering the Challenges and Prospects -- A Survey
5.models_description.tex,"On the other hand, to perform the execution-based evaluation, \citet{paper_053} introduced a static evaluation framework specifically for the Python language, that operates by parsing code snippets into Abstract Syntax Trees (ASTs).",paper_053,2402.14558,LLMs with Industrial Lens: Deciphering the Challenges and Prospects -- A Survey
5.models_description.tex,"Conversely, \citet{paper_074} demonstrates the use of LLMs for automatically adapting to new domains with ``own skills'' bootstrapping.",paper_074,2402.14558,LLMs with Industrial Lens: Deciphering the Challenges and Prospects -- A Survey
8_discussion.tex,"On the other hand, Longformer (\cite{beltagy2020longformer}) gives an early attempt to combine sliding window attention and global attention, in which they only allow a few pre-defined tokens to attend to all tokens in the sequence, while other tokens do sliding window attention and also attend to these selected global attending tokens.",beltagy2020longformer,2402.16363,LLM Inference Unveiled: Survey and Roofline Model Insights
4_decoding.tex,"On the other hand, ConsistentEE \citet{zeng2023consistentee} proposes a different method to predict when to exit.",zeng2023consistentee,2402.16363,LLM Inference Unveiled: Survey and Roofline Model Insights
4_decoding.tex,"\cite{bae2023fast}, on the other hand, observes that the pattern of confidence criteria resembles a beta distribution and uses the on-the-fly data to update a beta distribution model through MLE and use such probability model to guide its decision.",bae2023fast,2402.16363,LLM Inference Unveiled: Survey and Roofline Model Insights
4_decoding.tex,"On the other hand, \cite{schuster2022confident} uses a weighted average where weights increase as the layer number increases, assigning more contribution to deeper layers.",schuster2022confident,2402.16363,LLM Inference Unveiled: Survey and Roofline Model Insights
4_decoding.tex,"% On the other hand, ConsistentEE \cite{zeng2023consistentee} proposes a different method to train the internal classifier.",zeng2023consistentee,2402.16363,LLM Inference Unveiled: Survey and Roofline Model Insights
4_decoding.tex,"On the other hand, besides from maintaining the speculative decoding consistency of draft trees, \cite{miao2023specinfer} constructs the token tree not based on the top predictions from the small draft model, but based on multiple diversely trained small draft models, each running in parallel and output diverse but powerful draft sequences.",miao2023specinfer,2402.16363,LLM Inference Unveiled: Survey and Roofline Model Insights
2_Gen_models_in_vision.tex,"However, the intractable objective makes them computationally inefficient for both training and sampling.\\ GANs\cite{goodfellow2014generative}, on the other hand, don't model the density objective directly.",goodfellow2014generative,2402.16369,"Generative AI in Vision: A Survey on Models, Metrics and Applications"
main.tex,"On the one hand, using a strict filter for English data may reduce the quantities of non-English data, but on the other hand, using a lower threshold can mitigate some of the inherent biases of the language detector against dialects spoken by minority groups (\emph{e.g.}, African-American Vernacular English~\citep{blodgett-etal-2016-demographic}).",blodgett-etal-2016-demographic,2402.16827,A Survey on Data Selection for Language Models
main.tex,"On the other hand,~\citet{SlimOrca} improve data efficiency through the use of a model-based quality filtering.",SlimOrca,2402.16827,A Survey on Data Selection for Language Models
main.tex,"\citet{jacovi-etal-2023-stop} on the other hand, suggest three strategies for reducing the risks of contamination.",jacovi-etal-2023-stop,2402.16827,A Survey on Data Selection for Language Models
main.tex,"On the other hand, it has been demonstrated that not only do models memorize the desirable information, but also the undesirable information such as personally identifiable information, phone numbers, credit card information and much more.~\citet{Carlini2020ExtractingTD} demonstrate this with a simple attack for extracting verbatim sequences of an LLMs training data, finding that although data points from the training set do not have noticeably lower loss than test data points on average, there ",Carlini2020ExtractingTD,2402.16827,A Survey on Data Selection for Language Models
Neurocomputing.tex,"On the other hand, it is shown that agents can safeguard themselves against other agents' exploitation by pre-training a suite of policies and then choosing them adaptively in real-time \citep{lerer2017maintaining}, or by influencing the future policies of their opponents \citep{foerster2018learning}.",lerer2017maintaining;foerster2018learning,2402.17270,"Multi-Agent, Human-Agent and Beyond: A Survey on Cooperation in Social Dilemmas"
Neurocomputing.tex,"On the other hand, in situations where humans lack transparency regarding the actions of agents, \citet{hanWhenNotTrust2021} underscore the importance of considering the opportunity cost when adopting a reciprocal strategy.",hanWhenNotTrust2021,2402.17270,"Multi-Agent, Human-Agent and Beyond: A Survey on Cooperation in Social Dilemmas"
Neurocomputing.tex,"On the other hand, in situations where humans lack transparency regarding the actions of agents, \citet{hanWhenNotTrust2021} underscore the importance of considering the opportunity cost when adopting a reciprocal strategy.",hanWhenNotTrust2021,2402.17270,"Multi-Agent, Human-Agent and Beyond: A Survey on Cooperation in Social Dilemmas"
secsub-intro-music_linguistic.tex,"When formal and natural languages employ tree structures to depict syntax or grammar, music, on the other hand, relies on intrinsic musical concepts such as tension and relaxation~\cite{lerdahl1996generative} or harmony~\cite{rohrmeier2011towards} to construct similar tree-like representations.",lerdahl1996generative;rohrmeier2011towards,2402.17467,Natural Language Processing Methods for Symbolic Music Generation and Information Retrieval: a Survey
04_synthetic.tex,"% TabuLa~\citep{zhao2023tabula}, on the other hand, addresses the slow training of LLMs by using a randomly initialized model as the starting point; the method achieves continuous refinement through iterative fine-tuning on successive tabular data tasks~\footnote{The code is in \url{https://github.com/zhao-zilong/Tabula}}.",zhao2023tabula,2402.17944,"Large Language Models(LLMs) on Tabular Data: Prediction, Generation, and Understanding -- A Survey"
sn-article.tex,"Conversely, XTREME \citep{bib250} expands language coverage by translating content for four NLP tasks into 40 languages, crossing 12 language families.",bib250,2402.18041,Datasets for Large Language Models: A Comprehensive Survey
sn-article.tex,"On the other hand, DuSQL \citep{bib382}, CSpider \citep{bib383}, and Spider \citep{bib208} are applied in the Text-to-SQL task.",bib382;bib383;bib208,2402.18041,Datasets for Large Language Models: A Comprehensive Survey
sn-article.tex,"On one hand, the evaluation data is utilized for training to enhance ranking on leaderboards; on the other hand, the initial evaluation content may gradually become inadequate for meeting the capabilities of LLMs, and the evaluated knowledge may become obsolete or erroneous \citep{bib10}.",bib10,2402.18041,Datasets for Large Language Models: A Comprehensive Survey
ojcoms.tex,"On the other hand, GAN methods can be adapted to create realistic IP packet layer network traffic data, crucial for developing and testing cyber and network security techniques \cite{Cheng2019pacGAN}.",Cheng2019pacGAN,2402.18587,At the Dawn of Generative AI Era: A Tutorial-cum-Survey on New Frontiers in 6G Wireless Intelligence
ojcoms.tex,"On the other hand, the residual deconvolution-based deep generative network model effectively predicts long-term traffic flow for elevated highways by transforming the original traffic flow data into spatio-temporal matrices and learning to extract multiscale spatio-temporal features of the traffic flow at three different time scales \cite{zang2019traffic}, demonstrating superior performance over state-of-the-art methods for long-term traffic flow prediction.",zang2019traffic,2402.18587,At the Dawn of Generative AI Era: A Tutorial-cum-Survey on New Frontiers in 6G Wireless Intelligence
ojcoms.tex,"On the other hand, as defenses against adversarial attacks are developed, there's a growing need for transparency to understand how these defenses work and how the model processes information, which falls within the realm of trustworthy AI (TAI) \cite{kaur2022trustworthy}.",kaur2022trustworthy,2402.18587,At the Dawn of Generative AI Era: A Tutorial-cum-Survey on New Frontiers in 6G Wireless Intelligence
5-application.tex,"BFD~\citep{steinegger2018clustering}, on the other hand, represents a larger sequence dataset, formed by amalgamating UniProt with protein sequences sourced from metagenomic sequencing projects.",steinegger2018clustering,2403.00485,"A Survey of Geometric Graph Neural Networks: Data Structures, Models and Applications"
5-application.tex,"Conversely, CASF\citep{su2019comparative} offers experimentally validated molecules for linker design.",su2019comparative,2403.00485,"A Survey of Geometric Graph Neural Networks: Data Structures, Models and Applications"
5-application.tex,"On the other hand, TSNet~\citep{jackson2021tsnet} employs the equivariant graph neural network (GNN) model TFN~\citep{thomas2018tensor} to predict TS structures.",jackson2021tsnet;thomas2018tensor,2403.00485,"A Survey of Geometric Graph Neural Networks: Data Structures, Models and Applications"
5-application.tex,"In contrast, TargetDiff~\citep{guan2023d} with a series following diffusion-based methods~\citep{lin2023d3fg, lin2022diffbp, pinheiro2024structure, qu2024molcraft, zhang2023molecule} diverges from this method by utilizing 3D equivariant diffusion in a non-autoregressive fashion.","guan2023d;lin2023d3fg, lin2022diffbp, pinheiro2024structure, qu2024molcraft, zhang2023molecule",2403.00485,"A Survey of Geometric Graph Neural Networks: Data Structures, Models and Applications"
acl_latex.tex,"Paragraphs whose titles have similarities exceeding the upper threshold $\delta^+$, as well as those with identical titles, were identified as positive pairs $(\mathcal{S} \times \mathcal{S})^+$, that is, $$ \{(s_i, s_j)^+\ |\ \textbf{sim} (E_T(t_i), E_T(t_j)) > \delta^+\} $$ Conversely, those with titles having similarities below the lower threshold $\delta^-$ were designated as negative pairs $(\mathcal{S} \times \mathcal{S})^-$, that is, $$ \{(s_i, s_j)^-\ |\ \textbf{sim} (E_T(t_i), E_T(t_j))",wang2022uncertainty,2403.00509,Surveying the Dead Minds: Historical-Psychological Text Analysis with Contextualized Construct Representation (CCR) for Classical Chinese
main.tex,"However, on the other hand, VAEs tend to be fickle and unstable, as small changes in input data can signficantly change the output~\citep{dosovitskiy2016generating}.",dosovitskiy2016generating,2403.00861,"Pivoting Retail Supply Chain with Deep Generative Techniques: Taxonomy, Survey and Insights"
main-R2.tex,"Conversely, heterogeneous online \ac{DTL} acknowledges the distinct feature spaces intrinsic to each domain \cite{wu2017online}.",wu2017online,2403.01255,Automatic Speech Recognition using Advanced Deep Learning Approaches: A survey
4_learning_framework.tex,"Conversely, decoder-only models~\cite{gpt3,gpt4} utilize causal attention to model sequential dependencies.","gpt3,gpt4",2403.01528,Leveraging Biomolecule and Natural Language through Multi-Modal Learning: A Survey
6_strategies.tex,"On the other hand, Text+ChemT5~\cite{text+chemt5} is a cross-domain, multi-task fine-tuned T5~\cite{t5} model, which can solve several chemical and NLP tasks without the need of multiple task-specific models.",text+chemt5;t5,2403.01528,Leveraging Biomolecule and Natural Language through Multi-Modal Learning: A Survey
7_applications.tex,"Conversely, BioGPT~\cite{biogpt} showcases the adaptability and effectiveness of GPT-based models in biomedical contexts, achieving superior performance across biomedical tasks.",biogpt,2403.01528,Leveraging Biomolecule and Natural Language through Multi-Modal Learning: A Survey
neurocomp_content_with_change2.tex,"In supervised learning, algorithms such as SVM (Support Vector Machines) \cite{1647766,10.5555/1613715.1613813,Fattah2014}, Naïve Bayes Classification \cite{10.1145/1014052.1014073,10.1162/089120102762671936,10.3115/1117575.1117580}, and CRF (Conditional Random Fields) \cite{10.5555/1873781.1873855,10.5555/1625275.1625736,ALIGULIYEV20097764} were trained on labeled data to classify sentences as ``summary'' or ``non‑summary.'' On the other hand, unsupervised techniques used clustering algorithms ","1647766,10.5555/1613715.1613813,Fattah2014;10.1145/1014052.1014073,10.1162/089120102762671936,10.3115/1117575.1117580;10.5555/1873781.1873855,10.5555/1625275.1625736,ALIGULIYEV20097764;10.1145/1526709.1526728,10.1007/3-540-47922-8_22;10.1007/11775300_35,10.1145/900051.900097,10.1007/978-3-642-03697-2_33;10.1145/1007568.1007621,10.5555/1557769.1557823",2403.02901,A Comprehensive Survey on Process-Oriented Automatic Text Summarization with Exploration of LLM-Based Methods
neurocomp_content_with_change2.tex,"On the other hand, HanLP\cite{he-choi-2021-stem} serves as an NLP toolkit built on PyTorch and TensorFlow, contributing to advancing state-of-the-art deep learning techniques in both academia and industry.",he-choi-2021-stem,2403.02901,A Comprehensive Survey on Process-Oriented Automatic Text Summarization with Exploration of LLM-Based Methods
acl_latex.tex,"\citet{chung2020early}, on the other hand, used both CNNs and bidirectional LSTM for patent valuation classification based on abstracts and claims.",chung2020early,2403.04105,Natural Language Processing in the Patent Domain: A Survey
acl_latex.tex,"Conversely, \citet{wang2024patentformer} appear to be the first to investigate the generation of patent specifications from claim and drawing texts.",wang2024patentformer,2403.04105,Natural Language Processing in the Patent Domain: A Survey
prompt-injection.tex,"% On the other hand, \citet{perez2022ignore} introduces the \acb{PromptInject} framework to perform goal-hijacking attacks.",perez2022ignore,2403.04786,Breaking Down the Defenses: A Comparative Survey of Attacks on Large Language Models
discussion.tex,"Generating the whole video at once protects consistency but sacrifices diversity~\cite{zhang2023i2vgen}; on the other hand, multi-step generation tends to prioritize diversity and struggle to maintain consistency~\cite{jagpal2025eidt}.",zhang2023i2vgen;jagpal2025eidt,2403.05131,Sora as a World Model? A Complete Survey on Text-to-Video Generation
foundations.tex,"On the other hand, world modeling also applies to LiDAR~\cite {zyrianov2025lidardm} or occupancy map~\cite{wang2024occsora} videos, a substantial sensor component in many outdoor navigation systems.",wang2024occsora,2403.05131,Sora as a World Model? A Complete Survey on Text-to-Video Generation
tech_features.tex,"On the other hand, to alleviate train-test discrepancies in noise scheduling, ART$\cdot$V~\cite{weng2024art} performs noise augmentation.",weng2024art,2403.05131,Sora as a World Model? A Complete Survey on Text-to-Video Generation
tech_features.tex,"On the other hand, DCM~\cite{lv2025dual} performs dual-expert consistency modeling and cross-dimensional losses, and MotionShot~\cite{liu2025motionshot} learns semantic and morphological motion hierarchically.",lv2025dual;liu2025motionshot,2403.05131,Sora as a World Model? A Complete Survey on Text-to-Video Generation
tech_features.tex,"%On the other hand, text-vision alignment can also be improved by incorporating text-vision interaction during diffusion process, serving as contextual guidance for both diffusion trajectories and denoising sampling~\cite{yang2024contextualized}.",yang2024contextualized,2403.05131,Sora as a World Model? A Complete Survey on Text-to-Video Generation
tech_features.tex,"On the other hand, causal-effect knowledge can be injected through energy evaluation with body rigging~\cite{xie2025physanimator}.",xie2025physanimator,2403.05131,Sora as a World Model? A Complete Survey on Text-to-Video Generation
data_metric.tex,"%On the other hand, MSR-VTT~\cite{xu2016msr} consists of 10k open domain videos, each accompanied by about 20 manually annotated short text descriptions, commonly used for evaluating T2V.",xu2016msr,2403.05131,Sora as a World Model? A Complete Survey on Text-to-Video Generation
body.tex,"On the other hand, Clift et al.~\cite{clift-mayo-2022-family-history} find that the more significant a patient's family history, the less likely it was to be recorded accurately and consistently in EHR.",clift-mayo-2022-family-history,2403.09997,Identifying Health Risks from Family History: A Survey of Natural Language Processing Techniques
survey.tex,"On the other hand, the Unified Transformer (UniT) by Hu\etal\cite{Hu_2021_ICCV} simultaneously learns visual perception and language tasks without requiring task-specific tuning, handling text-image pairs with a task-specific index.",Hu_2021_ICCV,2403.11821,A Survey on Quality Metrics for Text-to-Image Generation
survey.tex,"Conversely, the LEIC metric (Learning to Evaluate Image Captioning) by Cui\etal\cite{Cui_2018_CVPR} leverages a CNN for image coding and an LSTM for text coding, utilizing a binary classifier to compare generated text quality with human judgment, potentially mirroring human assessment more closely than conventional metrics.",Cui_2018_CVPR,2403.11821,A Survey on Quality Metrics for Text-to-Image Generation
main.tex,"Conversely, stating that if the model represents the neural system, it predicts neural activity is appropriate \cite{guest2023logical}.",guest2023logical,2403.13368,Computational Models to Study Language Processing in the Human Brain: A Survey
main.tex,"Conversely, Merlin and Toneva (2022) enhanced this alignment by focusing on next-word prediction and word-level semantics \cite{merlin2022language}.",merlin2022language,2403.13368,Computational Models to Study Language Processing in the Human Brain: A Survey
conference_101719.tex,"On the other hand, \cite{zhang2023exploiting} outlines two methodologies for crafting the training dataset: (i) generating poisoned data by perturbing sampled clean data, with mitigation data created using the same sampled perturbed clean data but with ground-truth labels, akin to the label flipping technique in \cite{geiping2020witches}, and (ii) a different strategy for poisoned data generation inspired by Badnets \cite{gu2019badnets}, where the mitigation data contains a trigger that exerts a",zhang2023exploiting;geiping2020witches;gu2019badnets,2403.13682,"Threats, Attacks, and Defenses in Machine Unlearning: A Survey"
conference_101719.tex,"\cite{HUANG2024102022}, on the other hand, leveraged LLMs to corrupt reference sentences.",HUANG2024102022,2403.14118,From Handcrafted Features to LLMs: A Brief Survey for Machine Translation Quality Estimation
04_tasks.tex,"Conversely, graph-based methods~\cite{gao2023dual,wu2021learning,wu2019learning} capture spatial dependencies; GraphTrip~\cite{gao2023dual} leverages spatio-temporal graphs and transfer learning to mitigate data sparsity.","gao2023dual,wu2021learning,wu2019learning;gao2023dual",2403.14151,Trajectory Data Management and Mining: A Survey from Deep Learning to the LLM Era
04_tasks.tex,"Conversely, GM-VSAE~\cite{trajanom_gmvsae} operates in Euclidean space, adapting an RNN-based VAE to learn latent probability distributions and detect anomalies via generation likelihoods, thereby enhancing online efficiency.",trajanom_gmvsae,2403.14151,Trajectory Data Management and Mining: A Survey from Deep Learning to the LLM Era
bls_final_copy.tex,"On the other hand, the security of \cite{bls} Boneh et al.",bls,2403.14469,ChatGPT Alternative Solutions: Large Language Models Survey
3-CodePTMs.tex,"Conversely, to facilitate code completions with longer contexts, LongCoder~\citep{guo23longcoder} employ sparse attention.",guo23longcoder,2403.14734,"A Survey of Neural Code Intelligence: Paradigms, Advances and Beyond"
2_background.tex,"Conversely, content fusion was largely explored at the full-sentence fusion level \citep{geva-etal-2019-discofuse, lebanoff-etal-2020-learning}, with less emphasis on sub-sentence fusion.","geva-etal-2019-discofuse, lebanoff-etal-2020-learning",2403.15351,Multi-Review Fusion-in-Context
probing.tex,"On the other hand, \textbf{Multi-turn Probing}, initially introduced by \citet{cao-etal-2023-assessing}, evaluates the model's responses over several interactions, allowing for a nuanced understanding of its cultural sensitivity (also see ~\citet{dammu2024they}).",cao-etal-2023-assessing;dammu2024they,2403.15412,"Towards Measuring and Modeling ""Culture"" in LLMs: A Survey"
findings.tex,"\citet{an-etal-2023-sodapop} shows that LLMs associate {\em names of people} to gender, race and ethnicity, thus implicitly learning a map between names and other demographic attributes.~\citet{quan-etal-2020-risawoz} on the other hand emphasize on the preservation of local named-entities for names of people, places, transport systems and so on, in multilingual datasets, even if these were to be obtained through translation.",an-etal-2023-sodapop;quan-etal-2020-risawoz,2403.15412,"Towards Measuring and Modeling ""Culture"" in LLMs: A Survey"
2_scenarios.tex,"On the other hand, LMs can manipulate real-world information such as managing calendars \citep{schick2023toolformer} and emails \citep{qin2023toolllm}.",schick2023toolformer;qin2023toolllm,2403.15452,What Are Tools Anyway? A Survey from the Language Model Perspective
3-pretrain.tex,"On the other hand, CCA-SSG~\cite{CCA-SSG} focuses on the dimensional similarity within a single instance via a covariance regularization term: \begin{equation}\label{cca-ssg}\hspace*{-5pt} \resizebox{.91\linewidth}{!}{$\displaystyle \mathcal{L} = \Vert \mathbf{Z}^\text{\romannumeral1}-\mathbf{Z}^\text{\romannumeral2}\Vert^2_F + \lambda\underbrace{\left(\Vert {\mathbf{Z}^\text{\romannumeral1}}^\top\mathbf{Z}^\text{\romannumeral1} - \mathbf{I}_d \Vert^2_F + \Vert {\mathbf{Z}^\text{\romannumeral2}}",CCA-SSG,2403.16137,A Survey on Self-Supervised Graph Foundation Models: Knowledge-Based Perspective
1-introduction.tex,"On the other hand, recent surveys of GFMs only give a brief summary of existing pre-training and downstream tuning methods: \cite{GFMsurvey} puts the emphasis on the architecture design of graph models, while \cite{LGMsurvey,GFMposition} are closer to outlooks towards future directions of GFMs.","GFMsurvey;LGMsurvey,GFMposition",2403.16137,A Survey on Self-Supervised Graph Foundation Models: Knowledge-Based Perspective
1-introduction.tex,"On the other hand, LLM-based surveys~\cite{GLM-TKDE24,LLMsurvey2404,LLMsurveyKDD} overemphasize the language model architectures and textual attributes of graphs while overlooking other structural patterns.","GLM-TKDE24,LLMsurvey2404,LLMsurveyKDD",2403.16137,A Survey on Self-Supervised Graph Foundation Models: Knowledge-Based Perspective
7-GLM.tex,"Conversely, G-Prompt~\cite{G-Prompt} uses MLM to tune a GNN following an LM to obtain graph representations through textual prompts.",G-Prompt,2403.16137,A Survey on Self-Supervised Graph Foundation Models: Knowledge-Based Perspective
02-edu.tex,"On the other hand, performance predictor leverages the impressive information processing ability of LLMs and uses it to % In the works by \citet{ni2023enhancing}, the author leverages LLM to extract the knowledge keyword from the question text.",ni2023enhancing,2403.18105,Large Language Models for Education: A Survey and Outlook
sn-article.tex,"On the other hand, normal forms aimed at the study of restricted variants of the SNPS (while preserving their computational power) were studied in \cite{ibarra2007normal,garcia2007spiking}.","ibarra2007normal,garcia2007spiking",2403.18609,A survey on learning models of spiking neural membrane systems and spiking neural networks
R2_arxiv.tex,"Conversely, for complex tasks, high-performance reward functions usually require massive manual trial-and-error since most designed rewards are sub-optimal~\cite{booth2023perils} or lead to unintended behavior~\cite{hadfield2017inverse}.",booth2023perils;hadfield2017inverse,2404.00282,"Survey on Large Language Model-Enhanced Reinforcement Learning: Concept, Taxonomy, and Methods"
main_privex_arxiv.tex,"On the other hand, others~\cite{guidotti2018survey,adadi2018peeking,dovsilovic2018explainable} offered a comprehensive classification of model explanations to enhance interpretability and guided the selection of suitable methods for specific ML models and desired explanations.","guidotti2018survey,adadi2018peeking,dovsilovic2018explainable",2404.00673,"A Survey of Privacy-Preserving Model Explanations: Privacy Risks, Attacks, and Countermeasures"
main_privex_arxiv.tex,"On the other hand, data-free model extraction attacks~\cite{miura2021megex} eliminates the need for input data collection, in which an adversary employs a generative DNN \( G : \mathbb{R}^r \to X \) to convert Gaussian distribution noise into synthetic input data.",miura2021megex,2404.00673,"A Survey of Privacy-Preserving Model Explanations: Privacy Risks, Attacks, and Countermeasures"
main.tex,"On the other hand, game-focused surveys~\cite{gallotta2024large,sweetser2024large} emphasize areas such as game development, educational applications, or content generation, leaving the field of LLM-based game agents (LLMGAs) underexplored.","gallotta2024large,sweetser2024large",2404.02039,A Survey on Large Language Model-Based Game Agents
main.tex,"On the other hand, \cite{eldan2023harry} experiment with forgetting a copyrighted corpus (Harry Potter books) as a concept.",eldan2023harry,2404.02062,Digital Forgetting in Large Language Models: A Survey of Unlearning Methods
main.tex,"% On the other hand, autoregressive LLMs, such by GPT-3~\cite{floridi2020gpt} and PaLM~\cite{chowdhery2023palm}, predict the next token \(x_t\) in a sequence \(x\) by optimizing the conditional probability \(P(x_t | x_{<t}) = \prod_{t=1}^{T} P(x_t | x_{<t})\), where \(T\) represents the sequence length, and \(x_{<t}\) denotes the tokens preceding \(x_t\).",floridi2020gpt;chowdhery2023palm,2404.02062,Digital Forgetting in Large Language Models: A Survey of Unlearning Methods
main.tex,"% Approximate unlearning~\cite{kumar2022privacy,jang2022knowledge,eldan2023harry,yao2023large,yu2023unlearning,wu2023depn,pawelczyk2023context}, on the other hand, offers a more efficient alternative, although it does not promise total forgetting.","kumar2022privacy,jang2022knowledge,eldan2023harry,yao2023large,yu2023unlearning,wu2023depn,pawelczyk2023context",2404.02062,Digital Forgetting in Large Language Models: A Survey of Unlearning Methods
poset_ml_survey_by_arnaud_mwafise.tex,"On the other hand, graph data cannot be represented on Euclidean space \cite{grapheuclid}.",grapheuclid,2404.03082,Machine Learning and Data Analysis Using Posets: A Survey
poset_ml_survey_by_arnaud_mwafise.tex,"On the other hand, Jaeger et al.\cite{neurocognitivep} noted that the primary limitation in poset modeliing of large conventional neuropsychological test datasets is based on its restriction to a selected set of attributes, while additional important distinctions remain to be tested.",neurocognitivep,2404.03082,Machine Learning and Data Analysis Using Posets: A Survey
sec5_apps.tex,"On the other hand, textual generative models, like transformer-based LLMs~\citep{openai2023gpt4}, find applications in protein structure prediction~\citep{behjati2022protein,castro2022transformer,boadu2023combining}, clinical documentation and information extraction~\citep{sivarajkumar2022healthprompt,yogarajan2021transformers}, diagnostic assistance~\citep{azizi2022enhanced,zhou2023transformer}, medical imaging and radiology interpretation~\citep{chaudhari2022application,nimalsiri2023automated}","openai2023gpt4;behjati2022protein,castro2022transformer,boadu2023combining;sivarajkumar2022healthprompt,yogarajan2021transformers;azizi2022enhanced,zhou2023transformer;chaudhari2022application,nimalsiri2023automated;meng2021bidirectional,wang2023acquisition;lopez2023explainable,ng2023modelling;bagal2021molgpt,li2022kpgt",2404.05783,A Survey on Responsible Generative AI: What to Generate and What Not
sec3_textual.tex,"On the other hand, benchmarks for evaluating extrinsic hallucinations in LLMs consider the hallucination issue from various angles, including different domains~\citep{lin2021truthfulqa,umapathi2023med}, different languages~\citep{cheng2023evaluating,umapathi2023med}, and evolving knowledge~\citep{kasai2022realtime,vu2023freshllms}.","lin2021truthfulqa,umapathi2023med;cheng2023evaluating,umapathi2023med;kasai2022realtime,vu2023freshllms",2404.05783,A Survey on Responsible Generative AI: What to Generate and What Not
survey.tex,"On the other hand, AsyNG~\cite{decentralFLNonIID23} tackles non-IID data through the dynamical selection of suitable neighbors for P2P model synchronization.",decentralFLNonIID23,2404.06114,Communication-Efficient Large-Scale Distributed Deep Learning: A Comprehensive Survey
survey.tex,"On the other hand, a low-rank gradient update can be interpreted as a spectral regularization~\cite{geometryBiasOpt18}, contributing to the model's enhanced generalization.",geometryBiasOpt18,2404.06114,Communication-Efficient Large-Scale Distributed Deep Learning: A Comprehensive Survey
survey.tex,"On the other hand, AdaGQ~\cite{adaptiveQuanHeteFL23} addresses the fluctuating gradient norm problem on diverse edge devices in FL.",adaptiveQuanHeteFL23,2404.06114,Communication-Efficient Large-Scale Distributed Deep Learning: A Comprehensive Survey
survey.tex,"On the other hand, MSTopK~\cite{sparseCommCloud21} introduces an approximate top-$k$ sparsification approach, which uses binary search to determine an approximate sparsification threshold efficiently.",sparseCommCloud21,2404.06114,Communication-Efficient Large-Scale Distributed Deep Learning: A Comprehensive Survey
survey.tex,"Morphling~\cite{Wang_Yang_Yu_Wang_Li_Sun_He_Zhang_2021}, on the other hand, presents a rapid and near-optimal auto-configuration framework designed specifically for cloud-native model serving.",Wang_Yang_Yu_Wang_Li_Sun_He_Zhang_2021,2404.06114,Communication-Efficient Large-Scale Distributed Deep Learning: A Comprehensive Survey
survey.tex,"On the other hand, FCsN~\cite{FPGAInference22} enhances distributed inference by offloading control logic, system scheduling, network communication, and neural network kernel computation to SmartNICs, eliminating CPU intervention.",FPGAInference22,2404.06114,Communication-Efficient Large-Scale Distributed Deep Learning: A Comprehensive Survey
survey.tex,"On the other hand, TopoOpt\cite{topoParallelismOpt23} adopts an offline method to find the best communication topology by exploring from \texttt{ring-allreduce} permutations across a set of computing nodes, each equipped with multiple NICs, and reconfigures switches to realize this target topology.",topoParallelismOpt23,2404.06114,Communication-Efficient Large-Scale Distributed Deep Learning: A Comprehensive Survey
Fundamental_methods_in_model_compression.tex,"On the other hand, approaches with 4-bit quantization, except~\cite{liu2021post}, result in little loss of accuracy and can, therefore, be a good choice of precision for quantization.",liu2021post,2404.07236,Lightweight Deep Learning for Resource-Constrained Environments: A Survey
Lightweight_Architecture_Design.tex,"On the other hand, MAC represents the amount of memory footprint of an NN, which corresponds to RAM usage~\cite{ma2018shufflenet}.",ma2018shufflenet,2404.07236,Lightweight Deep Learning for Resource-Constrained Environments: A Survey
Lightweight_Architecture_Design.tex,"Conversely, the fully additive network~\cite{Chen_2020_CVPR} is inefficient since repeated additions are used to replace multiplications, although it can achieve better accuracy.",Chen_2020_CVPR,2404.07236,Lightweight Deep Learning for Resource-Constrained Environments: A Survey
CNN_Accelerator_for_Hardware_system.tex,"%On the other hand, Fig.~\ref{fig:codesignNAS}(b) illustrates an alternative strategy employed by Lin et al.~\cite{lin2019neural}, %.",lin2019neural,2404.07236,Lightweight Deep Learning for Resource-Constrained Environments: A Survey
main.tex,"On the other hand, edge devices offer superior automation and energy efficiency compared to mobile devices, especially the deployment of ultra-low-cost microcontrollers (MCUs) in devices like pacemakers and forehead thermometers~\cite{theneedofmcu}.",theneedofmcu,2404.07236,Lightweight Deep Learning for Resource-Constrained Environments: A Survey
5_Future_Directions.tex,"On the other hand, the generic quality analysis are based on well-known measures \cite{aristodemou2021identifying,erdogan2022predicting}.","aristodemou2021identifying,erdogan2022predicting",2404.08668,A Survey on Patent Analysis: From NLP to Multimodal AI
7_Appendix.tex,"On the other hand, the generic quality analysis are based on well-known measures \cite{aristodemou2021identifying,erdogan2022predicting}.","aristodemou2021identifying,erdogan2022predicting",2404.08668,A Survey on Patent Analysis: From NLP to Multimodal AI
BigData_2018-NO1_.tex,"On the other hand, \cite{Shen_2019_KGDDS} defines substitution from the perspective of the effects and side effects of drugs.",Shen_2019_KGDDS,2404.08687,"A Survey of Reasoning for Substitution Relationships: Definitions, Methods, and Directions"
BigData_2018-NO1_.tex,"On the other hand, \cite{Ye_2023_Transformer-Based} suggests that the elasticity effect of purchase rate (PR) reflects the substitutability of products.",Ye_2023_Transformer-Based,2404.08687,"A Survey of Reasoning for Substitution Relationships: Definitions, Methods, and Directions"
BigData_2018-NO1_.tex,"On the other hand, \cite{Ye_2023_Transformer-Based} combines Gradient Boosting Decision Trees (GBDT) with a transformer-based model called XLM-R \cite{Conneau2019UnsupervisedCR} for text sequence processing.",Ye_2023_Transformer-Based;Conneau2019UnsupervisedCR,2404.08687,"A Survey of Reasoning for Substitution Relationships: Definitions, Methods, and Directions"
BigData_2018-NO1_.tex,"On the other hand, \cite{Zhang_2019_Identifying, Dai_2022_Decomposing, Yang_2022_Inferring} utilize cross-entropy loss functions, with \cite{Zhang_2019_Identifying} employing categorical cross-entropy.","Zhang_2019_Identifying, Dai_2022_Decomposing, Yang_2022_Inferring;Zhang_2019_Identifying",2404.08687,"A Survey of Reasoning for Substitution Relationships: Definitions, Methods, and Directions"
llm_main.tex,"(Right) The mask will only change the attention map, not the input sequence, where rows and columns of all the masked tokens together form a low-triangle attention mask matrix.~\cite{Ding2022CogView2FA}} \label{fig-cogview2-model} \end{figure} Cogview2~\cite{Ding2022CogView2FA}(Fig.~\ref{fig-cogview2-model}),on the other hand,is based on hierarchical transformers and local parallel autoregressive generation.",Ding2022CogView2FA;Ding2022CogView2FA,2404.09022,Navigating the Landscape of Large Language Models: A Comprehensive Review and Analysis of Paradigms and Fine-Tuning Strategies
main.tex,"On the other hand, the family of Recurrent Neural Networks (RNN), such as Long Short-Term Memory (LSTM)~\cite{hochreiter1997LSTM} and Gated Recurrent Unit (GRU)~\cite{cho2014GRUs}, dominates the sequence-based learning community, including natural language processing, and audio processing.",hochreiter1997LSTM;cho2014GRUs,2404.09516,State Space Model for New-Generation Network Alternative to Transformers: A Survey
jack.tex,"On the other hand, ~\citep{wang2020learning} trained a machine-learning theorem generator, and ~\citet{palermo2022synthetic,trigo} directly applied off-the-shelf LLMs for theorem and proof generation verified by proof assistant.","wang2020learning;palermo2022synthetic,trigo",2404.09939,A Survey on Deep Learning for Theorem Proving
6_Generation.tex,"DSP \cite{khattab2022demonstratesearchpredict}, on the other hand, refines both queries and retrieved passages through a multi-hop retrieval process that incorporates programmatically bootstrapped feedback.",khattab2022demonstratesearchpredict,2404.10981,A Survey on Retrieval-Augmented Text Generation for Large Language Models
6_Generation.tex,"On the other hand, PersonaRAG \cite{zerhoudi2024personarag} emphasizes real-time adaptation by customizing generated content based on dynamic user profiles, session behavior, and ongoing feedback.",zerhoudi2024personarag,2404.10981,A Survey on Retrieval-Augmented Text Generation for Large Language Models
4_Retrieval.tex,"CoK \cite{li2024chainofknowledge}, on the other hand, implements a dynamic mechanism that adjusts retrieval strategies based on the evolving needs of the task.",li2024chainofknowledge,2404.10981,A Survey on Retrieval-Augmented Text Generation for Large Language Models
elsarticle-template-harv.tex,"On the other hand, the HumanEval dataset was proposed as a benchmark for evaluating the proficiency of Python code generation models~\citep{chowdhery2022_palm, li2023_starcoder, roziere2024_codeLLaMA}.","chowdhery2022_palm, li2023_starcoder, roziere2024_codeLLaMA",2404.11160,Low-Cost Language Models: Survey and Performance Evaluation on Python Code Generation
elsarticle-template-harv.tex,"\textcolor{black}{On the other hand}, PALM incorporates modifications such as SwiGLU activations~\citep{shazeer2020_glu} over Rectified Linear Units~\citep{agarap2019_relu}, GeLU (Gated Linear Units)~\citep{Dauphin2017_glu}, or Swish activations~\citep{Ramachandran2017_SwishAS}, and parallel layers~\citep{Wang2021_gptj} within each Transformer block rather than the traditional serialized approach.",shazeer2020_glu;agarap2019_relu;Dauphin2017_glu;Ramachandran2017_SwishAS;Wang2021_gptj,2404.11160,Low-Cost Language Models: Survey and Performance Evaluation on Python Code Generation
elsarticle-template-harv.tex,"Conversely, StarCoder adopts the FlashAttention mechanism~\citep{dao2022_flashattention} in its training process, which accelerates attention computations and reduces memory usage, \textcolor{black}{leading to optimized} performance.",dao2022_flashattention,2404.11160,Low-Cost Language Models: Survey and Performance Evaluation on Python Code Generation
system_level.tex,"Conversely, DFX~\cite{hong2022dfx} focuses on decoding stage optimizations but lacks model compression methods, limiting scalability to larger models and longer inputs (up to 1.5B model and 256 tokens).",hong2022dfx,2404.14294,A Survey on Efficient Inference for Large Language Models
model_level.tex,Omniquant~\cite{shao2023omniquant} diverges from prior approaches that rely on empirical design of quantization parameters.,shao2023omniquant,2404.14294,A Survey on Efficient Inference for Large Language Models
main.tex,"Merging-based methods, on the other hand, involve combining multiple models or layers to achieve general improvements, including but not limited to merging multiple generic and specialized model weights into a single model \cite{wortsman2022model, ilharco2022editing, yu2023language, yadav2024ties}, through mixture-of-expert approach \cite{ding2024mastering} or even layer-wise merging and up-scaling such as EvoLLM \cite{akiba2024evolutionary}.","wortsman2022model, ilharco2022editing, yu2023language, yadav2024ties;ding2024mastering;akiba2024evolutionary",2404.14387,A Survey on Self-Evolution of Large Language Models
learning.tex,"On the other hand, GraphGPT~\cite{tang2024graphgpt} feeds graph structural information and text into LLM via embedding.",tang2024graphgpt,2404.14809,"A Survey of Large Language Models on Generative Graph Analytics: Query, Learning, and Applications"
learning.tex,"Conversely, GraphGPT~\cite{tang2024graphgpt} inputs subgraph structures into LLMs through embedding, followed by two rounds of instruction tuning for node classification.",tang2024graphgpt,2404.14809,"A Survey of Large Language Models on Generative Graph Analytics: Query, Learning, and Applications"
6_challenges.tex,"On the other hand, technical research aimed at reducing plagiarism by generative models, such as generating text with correct citations~\cite{metzler2021rethinking, EvaluatingVerifiability, Huang2023Citation_A_Key}, is a promising research direction for reliable GenIR that has received increasing attention in recent years.","metzler2021rethinking, EvaluatingVerifiability, Huang2023Citation_A_Key",2404.14851,From Matching to Generation: A Survey on Generative Information Retrieval
2_background.tex,"On the other hand, decoder-only models, like the GPT~\cite{gpt} and GPT-2~\cite{gpt2}, rely entirely on the Transformer decoder, generating text step by step through the self-attention mechanism.",gpt;gpt2,2404.14851,From Matching to Generation: A Survey on Generative Information Retrieval
2_background.tex,"Tool augmentation, on the other hand, extends the capabilities of LLMs by incorporating specialized tools or APIs that can perform specific functions like mathematical computations, data retrieval, or executing predefined commands~\cite{toolformer, toolalpaca, ToolLLM}.","toolformer, toolalpaca, ToolLLM",2404.14851,From Matching to Generation: A Survey on Generative Information Retrieval
ijcai24.tex,"On the other hand, cascaded small models~\citep{DBLP:journals/corr/ChenYL23} posit that the earlier speculative tokens should be harder to draft than the later ones, and thus allocates slightly larger models for the earlier tokens yet smaller models for the later tokens.",DBLP:journals/corr/ChenYL23,2404.14897,Beyond the Speculative Game: A Survey of Speculative Execution in Large Language Models
preprocessing.tex,"On the other hand, \citeauthor{ru2022epilepsy} only use channels FZ-CZ and CZ-PZ \cite{ru2022epilepsy}.",ru2022epilepsy;ru2022epilepsy,2404.15332,Clinical translation of machine learning algorithms for seizure detection in scalp electroencephalography: systematic review
main.tex,"Transformer~\cite{vaswani2017attention}, on the other hand, models the sequential data and performs well at many NLP and vision tasks.",vaswani2017attention,2404.16038,"A Survey on Generative AI and LLM for Video Generation, Understanding, and Streaming"
main.tex,"Pix2Video~\cite{ceylan2023pix2video} on the other hand, achieves training-free and consistent text-edited videos by injecting self-attention features from the previous frame into the current frame, implicitly aggregating temporal information.",ceylan2023pix2video,2404.16038,"A Survey on Generative AI and LLM for Video Generation, Understanding, and Streaming"
main.tex,"FDM~\cite{harvey2022flexible}, on the other hand, found that selective sparse and long-range conditioning on previous frames is effective for generating long videos.",harvey2022flexible,2404.16038,"A Survey on Generative AI and LLM for Video Generation, Understanding, and Streaming"
main.tex,"VideoChat~\cite{li2023videochat}, on the other hand, introduces a video-centric multi-modal dialogue system that integrates the video foundation models and LLMs.",li2023videochat,2404.16038,"A Survey on Generative AI and LLM for Video Generation, Understanding, and Streaming"
main.tex,"On the other hand, LLMs enable robots to articulate fluent and human-like natural language via interaction with LLMs~\cite{shah2023lm}.",shah2023lm,2404.16038,"A Survey on Generative AI and LLM for Video Generation, Understanding, and Streaming"
neurips_2024.tex,"VM-UNet \cite{ruan2024vm}, on the other hand, utilizes Vision Mamba UNet for medical image segmentation.",ruan2024vm,2404.16112,"Mamba-360: Survey of State Space Models as Transformer Alternative for Long Sequence Modelling: Methods, Applications, and Challenges"
main-csur.tex,"Conversely, \cite{loureiro2022timelms} adopts CPT without explicit measures to constrain model updates, releasing a series of BERT-based LMs incrementally trained on new tweet data every three months.",loureiro2022timelms,2404.16789,Continual Learning of Large Language Models: A Comprehensive Survey
main-csur.tex,"Conversely, conventional CL emphasizes building robust generalizability to manage variations within and across tasks~\cite{wang2024comprehensive}.",wang2024comprehensive,2404.16789,Continual Learning of Large Language Models: A Comprehensive Survey
main-csur.tex,"Conversely, the SL-based approaches~\cite{hendrycks2023aligning, rafailov2024dpo,ji2024ai} directly train models on datasets of human preferences, aligning their output with demonstrated human values.","hendrycks2023aligning, rafailov2024dpo,ji2024ai",2404.16789,Continual Learning of Large Language Models: A Comprehensive Survey
main-csur.tex,"The SL-based approach, on the other hand, as seen in~\cite{rafailov2024dpo}, involves directly training models on datasets of human preferences, aligning the model's output with the demonstrated human values .",rafailov2024dpo,2404.16789,Continual Learning of Large Language Models: A Comprehensive Survey
main-csur.tex,"On the other hand, ROUGE-L~\cite{lin2004rouge} is commonly applied in summarization tasks, assessing the longest common subsequence between the generated summary and a set of reference summaries, effectively measuring the recall of essential content.",lin2004rouge,2404.16789,Continual Learning of Large Language Models: A Comprehensive Survey
main.tex,"This ability to predict the environment leads to enhancing sample efficiency for model-based methods, but on the other hand it can cause model biasing (i.e., good control performance with model, but poor results when used in real systems or slightly different models)~\cite{nguyen2019review}.",nguyen2019review,2404.16879,Learning Control Barrier Functions and their application in Reinforcement Learning: A Survey
main.tex,"Conversely, in~\cite{designCBF_from_state_constraints} the main theme is to start from a bigger set, which is not forward invariant and defined by a set of constraints, and shrink it to converge to the true safe set.",designCBF_from_state_constraints,2404.16879,Learning Control Barrier Functions and their application in Reinforcement Learning: A Survey
extends.tex,"On the other hand, CPDG~\cite{bei2023cpdg} contrasts pairs of positive and negative samples.",bei2023cpdg,2404.18211,A survey of dynamic graph neural networks
methods.tex,"EvoNRL~\cite{goyal2020evonrl}, on the other hand, designs strategies for four distinct scenarios in dynamic graphs, i.e., the addition and removal of edges or nodes, updating node representations with each change of the graph.",goyal2020evonrl,2404.18211,A survey of dynamic graph neural networks
datasets.tex,"Conversely, datasets such as LastFM~\cite{kumar2019jodie}, Enron~\cite{data_enron}, and Flights~\cite{data_flights} lack node feature details, potentially due to privacy concerns or the sensitive nature of the raw data.",kumar2019jodie;data_enron;data_flights,2404.18211,A survey of dynamic graph neural networks
02-1_method_traditional.tex,"RMTL, on the other hand, simultaneously learns both the low-rank and task-wise sparse structures through an accelerated proximal method (APM)~\citep{nemirovski1994efficient, nesterov1998introductory}.","nemirovski1994efficient, nesterov1998introductory",2404.18961,"Unleashing the Power of Multi-Task Learning: A Comprehensive Survey Spanning Traditional, Deep, and Pretrained Foundation Model Eras"
02-3_method_pfm.tex,"{Colorization}~\citep{zhang2016colorful}, on the other hand, establishes mappings from grayscale images to their colored versions.",zhang2016colorful,2404.18961,"Unleashing the Power of Multi-Task Learning: A Comprehensive Survey Spanning Traditional, Deep, and Pretrained Foundation Model Eras"
02-3_method_pfm.tex,"Bootstrap Your Own Latent (BYOL)~\citep{grill2020bootstrap}, conversely, takes a different approach by obviating the need for negative pairs.",grill2020bootstrap,2404.18961,"Unleashing the Power of Multi-Task Learning: A Comprehensive Survey Spanning Traditional, Deep, and Pretrained Foundation Model Eras"
02-3_method_pfm.tex,"On the other hand, several other methods~\citep{caron2018deep, caron2020unsupervised, goyal2021self, li2020prototypical} endeavor to employ clustering algorithms that contrast data representations based on class prototypes.","caron2018deep, caron2020unsupervised, goyal2021self, li2020prototypical",2404.18961,"Unleashing the Power of Multi-Task Learning: A Comprehensive Survey Spanning Traditional, Deep, and Pretrained Foundation Model Eras"
02-3_method_pfm.tex,"Conversely, decoder-only architectures, e.g., GPT-3~\citep{brown2020language}, PanGu-$\alpha$~\citep{zeng2021pangu}, Turing-NLG, HyperCLOVA~\citep{kim2021changes}, Gopher~\citep{rae2021scaling}, LaMDA~\citep{thoppilan2022lamda}, PaLM~\citep{chowdhery2022palm}, Open Pre-trained Transformers (OPT)~\citep{zhang2022opt}, LLaMA~\citep{touvron2023llama, touvron2023llama}, PanGu-$\Sigma$~\citep{ren2023pangu} and PaLM-2~\citep{anil2023palm}, are pre-trained in a unidirectional context, making them well-","brown2020language;zeng2021pangu;kim2021changes;rae2021scaling;thoppilan2022lamda;chowdhery2022palm;zhang2022opt;touvron2023llama, touvron2023llama;ren2023pangu;anil2023palm",2404.18961,"Unleashing the Power of Multi-Task Learning: A Comprehensive Survey Spanning Traditional, Deep, and Pretrained Foundation Model Eras"
ralm_survey.tex,"On the other hand, both \citet{132} and \citet{38} proposed using language models (LM) to enhance retrieval accuracy of sparse vector representation by generating new queries from a given question and using them to retrieve relevant documents.",132;38,2404.19543,RAG and RAU: A Survey on Retrieval-Augmented Language Model in Natural Language Processing
ralm_survey.tex,"On the other hand, RAG \cite{19} used an already trained retriever, DPR, and only employed BART for partial end-to-end training.",19,2404.19543,RAG and RAU: A Survey on Retrieval-Augmented Language Model in Natural Language Processing
ralm_survey.tex,"RR \cite{40}, on the other hand, used the Chain-of-Thought (CoT) approach to address the multi-hop problem.",40,2404.19543,RAG and RAU: A Survey on Retrieval-Augmented Language Model in Natural Language Processing
main.tex,"On the other hand, specific neurons in the FFN of the layer before the attention head have been found to control the amount to which the tokens attend to \texttt{BOS}~\citep{gurnee2024universal}~(\Cref{fig:attention_sink}).",gurnee2024universal,2405.00208,A Primer on the Inner Workings of Transformer-based Language Models
main.tex,"On the other hand,~\citet{sharma2024the} show that substituting the original FFN matrices by lower-rank approximations (\Cref{sec:decoding_model_weights}) leads to improvements in model performance, especially in later layers of the model.",sharma2024the,2405.00208,A Primer on the Inner Workings of Transformer-based Language Models
main.tex,"On the other hand, LADA~\cite{DBLP:conf/nips/KimSJM21} and BGADL~\cite{DBLP:conf/icml/TranDRC19} propose new data augmentation methods to create more samples based on original labeled samples, using their original real-labeled samples as pseudo-labels.",DBLP:conf/nips/KimSJM21;DBLP:conf/icml/TranDRC19,2405.00334,A Survey on Deep Active Learning: Recent Advances and New Frontiers
main.tex,"% On the other hand, Schroder et al.~\cite{DBLP:conf/acl/SchroderNP22} use transformers for uncertainty-based sample selection.",DBLP:conf/acl/SchroderNP22,2405.00334,A Survey on Deep Active Learning: Recent Advances and New Frontiers
main.tex,"% % % On the other hand, % Li et al.~\cite{li-etal-2020} propose the concept of discrete annotation, which involves adding a query when two mentions are judged to be non-coreferential, and marking the first occurrence as one of the mentions.",li-etal-2020,2405.00334,A Survey on Deep Active Learning: Recent Advances and New Frontiers
main.tex,"% On the other hand, Xu et al.~\cite{DBLP:journals/pr/XuLZGH21} focus on learning from scratch with incremental labeling through human annotators and model feedback.",DBLP:journals/pr/XuLZGH21,2405.00334,A Survey on Deep Active Learning: Recent Advances and New Frontiers
main.tex,"On the other hand, as shown in Fig.~\ref{pipeline-An}, Huang et al.~\cite{DBLP:conf/ijcai/HuangZNY21} propose a new annotation strategy to allow servers, workers, and annotators to cooperate efficiently for sharing candidate queries and annotations.",DBLP:conf/ijcai/HuangZNY21,2405.00334,A Survey on Deep Active Learning: Recent Advances and New Frontiers
main.tex,"% On the other hand, in Fig.~\ref{pipeline-cold} (a-b), Yehuda et al.~\cite{yehuda2022active} develop a new DAL initialization strategy to solve the cold-start issue for low-budget image classification, which significantly outperforms CoreSet initialization in the low-budget regime.",yehuda2022active,2405.00334,A Survey on Deep Active Learning: Recent Advances and New Frontiers
main.tex,"On the other hand, Yuan et al.~\cite{DBLP:conf/emnlp/YuanLB20} incorporate language information as prior knowledge to help learn node representations and use clustering methods to select the initial data.",DBLP:conf/emnlp/YuanLB20,2405.00334,A Survey on Deep Active Learning: Recent Advances and New Frontiers
main.tex,"% On the other hand, Wan et al.~\cite{DBLP:conf/aaai/WanYFJHY21} propose an embedded network of nearest-neighbor classifiers to enhance the generalization ability of models trained in labeled and unlabeled sub-spaces in a simple but effective manner.",DBLP:conf/aaai/WanYFJHY21,2405.00334,A Survey on Deep Active Learning: Recent Advances and New Frontiers
medical_health.tex,"On the other hand, ChatDoctor \citep{li2023chatdoctor} collects 100k real online patient-doctor conversations and directly fine-tunes LLaMA on the dialogues dataset.",li2023chatdoctor,2405.01769,"A Survey on Large Language Models for Critical Societal Domains: Finance, Healthcare, and Law"
main.tex,"\citet{zerva2023conformalizing}, on the other hand, apply \CP on top of non-conformity heuristics coming from other uncertainty quantification methods for reference-based MT evaluation and discuss how such method choice can impact coverage and width.",zerva2023conformalizing,2405.01976,Conformal Prediction for Natural Language Processing: A Survey
review.tex,"On the other hand, \citet{sariyildiz2023fake} pre-train a visual representation learner directly with synthetic diffusion data targeted to ImageNet classification labels.",sariyildiz2023fake,2405.03150,Video Diffusion Models: A Survey
1_Introduction.tex,"On the other hand, advanced LLMs such as ChatGPT solve complex tasks via prompt engineering, in-context learning, and chains-of-thought despite the lack of cybersecurity-specific training~\cite{mohammed2024chatgpt}.",mohammed2024chatgpt,2405.03644,When LLMs Meet Cybersecurity: A Systematic Literature Review
1_Introduction.tex,"On the other hand, closed-source LLMs (often referred to as commercial LLMs, \emph{e.g.}, ChatGPT~\cite{ouyang2022training} and Gemini~\cite{geminiteam2023gemini}), provide state-of-the-art performance and are maintained by commercial entities, often with access restrictions.",ouyang2022training;geminiteam2023gemini,2405.03644,When LLMs Meet Cybersecurity: A Systematic Literature Review
domain_application.tex,"On the other hand, \cite{siddiq2023generate} proposes a framework called SALLM specifically for evaluating the security of code generated by LLMs.",siddiq2023generate,2405.03644,When LLMs Meet Cybersecurity: A Systematic Literature Review
3.rq1.tex,"Meng et al.'s CHATAFL~\cite{meng2024webfuzz4}, on the other hand, shifts focus to leveraging LLMs for generating structured and sequenced effective test inputs for network protocols lacking machine-readable versions.",meng2024webfuzz4,2405.04760,Large Language Models for Cyber Security: A Systematic Literature Review
Applications.tex,"On the other hand, Atlas~\cite{izacard2023atlas} examines the performance of the RA-LLMs for fact verification under few-shot learning.",izacard2023atlas,2405.06211,A Survey on RAG Meeting LLMs: Towards Retrieval-Augmented Large Language Models
Applications.tex,"On the other hand, \citet{yepes2024financial} propose a document chunking method based on structure instead of chunking based on paragraphs, further improving the quality of RA-LLMs outputs.",yepes2024financial,2405.06211,A Survey on RAG Meeting LLMs: Towards Retrieval-Augmented Large Language Models
sn-article.tex,"On the other hand, micro-transactions and so-called ``pay-for-win'' are a common monetization strategy --especially in online multiplayer titles-- which is usually not well received by users \cite{GIBSON2022107219}.",GIBSON2022107219,2405.06306,"A NLP Approach to ""Review Bombing"" in Metacritic PC Videogames User Ratings"
sn-article.tex,"But on the other hand, LLMs are also becoming exceptionally good as quick, human-like content generators which can flood platforms such as these with review bombing and an elaborated text which can be challenging to label as machine-generated \cite{li2023, Stiff2022}.","li2023, Stiff2022",2405.06306,"A NLP Approach to ""Review Bombing"" in Metacritic PC Videogames User Ratings"
main.tex,"On the other hand, data from structured reviews can be used to improve review quality in non-structured reviewing---for example, \citet{dycke-etal-2023-overview} use structured review forms as weak supervision for analyzing essay-style reviews.",dycke-etal-2023-overview,2405.06563,What Can Natural Language Processing Do for Peer Review?
camera_ready.tex,"On the other hand, the complexity of RAG systems is further compounded by the external dynamic database and the various downstream tasks, such as content creation or open domain question answering \cite{RAGServey,Zhang2023c}.","RAGServey,Zhang2023c",2405.07437,Evaluation of Retrieval-Augmented Generation: A Survey
Horizontal.tex,"% {\color{red}The Randomized Quantization Mechanism proposed by Youn et al.\cite{youn2023randomized}, on the other hand, combines randomized quantization with randomized rounding to achieve a superior privacy-accuracy trade-off than the aforementioned methods without incorporating additive discrete noise.} However, the above methods rely on per-parameter quantization, resulting in significant communication overheads.",youn2023randomized,2405.08299,Differentially Private Federated Learning: A Systematic Review
preliminary.tex,"\end{align*} \end{definition} \vspace{-0.2cm} On the other hand, Bayesian Differential Privacy (BDP)~\cite{triastcyn2020bayesian} is interested in the change in the posterior distribution of the attacker after observing the private model, compared to the prior.",triastcyn2020bayesian,2405.08299,Differentially Private Federated Learning: A Systematic Review
VerticalandTransfer.tex,"On the other hand, relevant research indicates that privacy information of labels can be inferred based on the gradients returned by the server~\cite{fu2022label,li2021label}.","fu2022label,li2021label",2405.08299,Differentially Private Federated Learning: A Systematic Review
VerticalandTransfer.tex,"On the other hand, Takahashi et al.~\cite{takahashi2023eliminating} applied Label Differential Privacy to VFL.",takahashi2023eliminating,2405.08299,Differentially Private Federated Learning: A Systematic Review
main.tex,"On the other hand, based on the annotator instructions, it is clear that targets are explicitly annotated as \textit{anti-semitic, anti-black, anti-Asian, anti-woman, anti-muslim, anti-immigrant, or other-hate} \citep{warner-hirschberg-2012-detecting}.",warner-hirschberg-2012-detecting,2405.08562,The Unseen Targets of Hate -- A Systematic Review of Hateful Communication Datasets
acl_latex.tex,"\textbf{Factual inaccuracy:}~ \citet{zhang2023siren} described a kind of error seen in generative models when information that is inaccurate, deceptive, or at odds with the known facts appears in the generated output.",zhang2023siren,2405.09589,"A Comprehensive Survey of Hallucination in Large Language, Image, Video and Audio Foundation Models"
eval.tex,"On the other hand, Sauder \textit{et al.}~\cite{sauder2019self} presents a self-supervised learning task specifically designed for deep learning with raw point cloud data.",sauder2019self,2405.09592,A Survey of Generative Techniques for Spatial-Temporal Data Mining
main.tex,"On the other hand, Genie~\cite{bruce2024genie} model is crafted as a generative interactive environment tool, which incorporates spatiotemporal (ST) transformers across all its components, utilizing a novel video tokenizer and a causal action model to extract latent actions, which are then passed to a dynamics model.",bruce2024genie,2405.10674,From Sora What We Can See: A Survey of Text-to-Video Generation
main.tex,"Text2Performer~\cite{jiang2023text2performer} diverges from traditional discrete VQ-based models by generating continuous pose embeddings, enhancing motion realism and temporal coherence in the generated videos.",jiang2023text2performer,2405.10674,From Sora What We Can See: A Survey of Text-to-Video Generation
main.tex,"On the other hand, 3D Reconstruction technology, such as Neural Radiance Fields~(NeRF)~\cite{Mildenhall20eccv_nerf} and 3D Gaussian Splatting~(3DGS)~\cite{kerbl20233d}, is getting a lot of attention including in robotics research.",Mildenhall20eccv_nerf;kerbl20233d,2405.10674,From Sora What We Can See: A Survey of Text-to-Video Generation
7_LLMprediction.tex,"% \blue{According to PromptCast~\cite{xue2023promptcast}, this simple approach achieves comparable or superior prediction accuracy across various datasets, demonstrating its effectiveness on bridging the gap between raw numerical sequences and language-based data representations, further facilitating the use of language models for prediction tasks traditionally handled by numerical methods.} % Conversely, \textbf{soft prompts} (\(P_{\text{soft}}\)) introduce trainable embeddings that are optimiz",xue2023promptcast;jin2024timellm,2405.10825,"Large Language Model (LLM) for Telecommunications: A Comprehensive Survey on Principles, Key Techniques, and Opportunities"
3_LLMfundamentals.tex,"On the other hand, programming data drawn from online question-answering platforms like Stack Exchange \cite{xu2022systematic}, along with public software repositories such as GitHub, provide raw material rich with code snippets, comments, and documentation.",xu2022systematic,2405.10825,"Large Language Model (LLM) for Telecommunications: A Comprehensive Survey on Principles, Key Techniques, and Opportunities"
3_LLMfundamentals.tex,"Task learning, on the other hand, refers to LLMs acquiring new task-solving strategies through the given demonstrations, a capability that becomes more pronounced with increasing model size \cite{Oswald-arxiv-2022-Transformers}.",Oswald-arxiv-2022-Transformers,2405.10825,"Large Language Model (LLM) for Telecommunications: A Comprehensive Survey on Principles, Key Techniques, and Opportunities"
3_LLMfundamentals.tex,"On the other hand, other technologies may be applied to reduce the computational resources demand in fine-tuning and inference, including parameter-efficient fine-tuning\cite{ding2023parameter}, split edge learning\cite{lin2024efficient}, and quantized training\cite{dettmers2024qlora}.",ding2023parameter;lin2024efficient;dettmers2024qlora,2405.10825,"Large Language Model (LLM) for Telecommunications: A Comprehensive Survey on Principles, Key Techniques, and Opportunities"
sec-safety.tex,"% On the other hand, due to embedded biases and misinformation on the internet, LLMs unavoidably inherit demographic biases across gender, race, and political backgrounds~\cite{ferrara2023should, wang2022assessing, levy2023comparing, yeh2023evaluating}.","ferrara2023should, wang2022assessing, levy2023comparing, yeh2023evaluating",2405.10936,A Survey on Large Language Models with Multilingualism: Recent Advances and New Frontiers
sec-infer.tex,"On the other hand, multilingual CoT attempts to enhance the reasoning capabilities of LLMs across multiple languages~\cite{shi2022language}.",shi2022language,2405.10936,A Survey on Large Language Models with Multilingualism: Recent Advances and New Frontiers
2_survey.tex,"\item LoongServe~\cite{loongserve}, on the other hand, proposes Elastic Sequence Parallelism (ESP) to dynamically adjust the degree of parallelism for an inference request with minimal overhead.",loongserve,2405.11299,The CAP Principle for LLM Serving: A Survey of Long-Context Large Language Model Serving
2_manuscript.tex,"Conversely, \cite{prihar2022identifying} proposed a learning assistant based on the \textsc{bert} model and its variations (\textit{i.e.}, \textsc{sbert} and Math\textsc{bert}) to generate support messages from chat logs obtained from fundamental interactions between a live \textsc{up}chieve tutor available at the \textsc{assist}ments learning platform and the students.",prihar2022identifying,2405.11983,A review on the use of large language models as virtual tutors
survey.tex,"On the other hand, we also identified a few papers that utilized the single decision tree as a prediction algorithm~\citep{debon_fault_2012,hutchison_approach_2014,song_application_2022}.","debon_fault_2012,hutchison_approach_2014,song_application_2022",2405.12785,Artificial Intelligence Approaches for Predictive Maintenance in the Steel Industry: A Survey
3-conv-generation-tod.tex,"On the other hand, both NUS~\cite{kreyssig2018neural} and HUS~\cite{gur2018HUS} move away from agenda-based generation into neural approaches using RNNs, while VHDA~\cite{yoo2020VHDA} brings a novel and unique approach for modeling a latent space over entities using variational inference.",kreyssig2018neural;gur2018HUS;yoo2020VHDA,2405.13003,A Survey on Recent Advances in Conversational Data Generation
5-conv-generation-cis.tex,"ConvSDG~\cite{Mo24ConvSDG}, on the other hand, generates conversations by taking a topic, its corresponding description, and a partial conversation as input.} % 2) Not pre-defined seq: [MATHDIAL][LAPS] Some studies do not specify a fixed sequence; instead, outline a set of actions and select one before generating each turn.",Mo24ConvSDG,2405.13003,A Survey on Recent Advances in Conversational Data Generation
app2_nlp.tex,"On the other hand, the GPT family \cite{radford2018improving, radford2019language, brown2020language, DBLP:journals/corr/abs-2303-08774} is built upon Transformer decoder blocks, showcasing prowess in natural language generation tasks.","radford2018improving, radford2019language, brown2020language, DBLP:journals/corr/abs-2303-08774",2405.14093,A Survey on Vision-Language-Action Models for Embodied AI
app5_vlm.tex,PandaGPT diverges from MiniGPT-4 by using LoRA \cite{DBLP:conf/iclr/HuSWALWWC22} to train Vicuna alongside the linear layer.,DBLP:conf/iclr/HuSWALWWC22,2405.14093,A Survey on Vision-Language-Action Models for Embodied AI
04_GenerationTaskData.tex,"Conversely, human language mainly encompasses semantic and pragmatic characteristics beyond grammatical and syntactic rules \citep{GehrmannSR19a}.",GehrmannSR19a,2405.15604,"Text Generation: A Systematic Literature Review of Tasks, Evaluation, and Challenges"
04_GenerationTaskData.tex,"Abstractive systems, conversely, use semantic features like word embeddings directly \citep{ZhangZSL20a} to determine the meaning of texts and summarize them accordingly.",ZhangZSL20a,2405.15604,"Text Generation: A Systematic Literature Review of Tasks, Evaluation, and Challenges"
main.tex,"On the other hand, cross-device FL occurs at the edge of IoT devices, such as smartphones, involving many millions of devices with lower computing power each~\cite{karimireddy2021breaking}.",karimireddy2021breaking,2405.16682,A Systematic Review of Federated Generative Models
main.tex,"On the other hand, the discriminator's goal is to accurately classify real data from the generator's fakes~\cite{goodfellow2020generative}.",goodfellow2020generative,2405.16682,A Systematic Review of Federated Generative Models
main.tex,"On the other hand, ~\cite{liu2024vertical, rauniyar2023federated, pandya2023federated, che2023multimodal, li2023review, rauniyar2023federated} focus on specific applications, offering detailed reviews.","liu2024vertical, rauniyar2023federated, pandya2023federated, che2023multimodal, li2023review, rauniyar2023federated",2405.16682,A Systematic Review of Federated Generative Models
camera-ready.tex,"(2023)~\cite{mialon2023augmented} articulate a tool as ``\textit{the external employment of an unattached or manipulable attached environmental object to alter more efficiently the form, position, or condition of another object.}'' On the other hand, Wang et al.",mialon2023augmented,2405.17935,Tool Learning with Large Language Models: A Survey
camera-ready.tex,"Conversely, other studies treat each API as an independent tool~\cite{anantha2023protip,li2023api,tang2023toolalpaca}.","anantha2023protip,li2023api,tang2023toolalpaca",2405.17935,Tool Learning with Large Language Models: A Survey
camera-ready.tex,"\paratitle{Semantic-based Methods.} Conversely, semantic-based methods~(\ie dense retrieval) utilize neural networks to learn the semantic relationship between queries and tool descriptions~\cite{reimers2019sentence,xiong2020approximate,hofstatter2021efficiently,gao2021unsupervised,izacard2021unsupervised}, and then calculate the semantic similarity using methods such as cosine similarity.","reimers2019sentence,xiong2020approximate,hofstatter2021efficiently,gao2021unsupervised,izacard2021unsupervised",2405.17935,Tool Learning with Large Language Models: A Survey
camera-ready.tex,"Conversely, ReCOMP~\cite{xu2023recomp} develops a compressor to condense lengthy information into a more succinct format, which keeps only the most useful information.",xu2023recomp,2405.17935,Tool Learning with Large Language Models: A Survey
camera-ready.tex,"On the other hand, APIBench~\cite{patil2023gorilla}, ToolBench1~\cite{xu2023tool}, API-BLEND~\cite{basu2024api}, and Seal-Tools~\cite{wu2024seal} concentrate on the abilities of LLMs to accurately choose the right tool and configure the correct parameters for its invocation, which correspond to the tool selection and tool calling stages, respectively.",patil2023gorilla;xu2023tool;basu2024api;wu2024seal,2405.17935,Tool Learning with Large Language Models: A Survey
content.tex,"\citet{liu2022improving}, on the other hand, solved this problem by training a persona selection module over $P_A$ and $P_{\mathsf{OOD}}$ (which learned to select $P_{\mathsf{OOD}}$), and generating the response weighted on $P$.",liu2022improving,2405.17974,"Recent Trends in Personalized Dialogue Generation: A Review of Datasets, Methodologies, and Evaluations"
5_dataset.tex,"Conversely, the dataset compiled in PLE \cite{li2022continual} consolidates nine well-regarded intent detection datasets, including CLINC150 \cite{larson2019evaluation} and HWU64 \cite{liu2021benchmarking}, among others, \highlight{arranged in a fixed random sequence to form a standardized benchmark.",li2022continual;larson2019evaluation;liu2021benchmarking,2405.18653,Recent Advances of Foundation Language Models-based Continual Learning: A Survey
5_dataset.tex,"Conversely, the dataset compiled in PLE \cite{li2022continual} consolidates nine well-regarded intent detection datasets, including CLINC150 \cite{larson2019evaluation} and HWU64 \cite{liu2021benchmarking}, among others, arranged in a fixed random sequence to form a standardized benchmark.",li2022continual;larson2019evaluation;liu2021benchmarking,2405.18653,Recent Advances of Foundation Language Models-based Continual Learning: A Survey
audio.tex,"On the other hand, MusicGen~\cite{copet2024musicgen} directly incorporates an LLM as a text embedder.",copet2024musicgen,2405.19334,LLMs Meet Multimodal Generation and Editing: A Survey
main.tex,"On the other hand, within a multi-agent VQA system, visual agents can provide crucial verification and support for language-based reasoning~\cite{wang2023towards, jiang2024multi, zhao2023less}, while language queries can direct the attention of visual agents, based on a shared and invariant underlying knowledge across vision and language domains.","wang2023towards, jiang2024multi, zhao2023less",2406.00252,Towards Rationality in Language and Multimodal Agents: A Survey
4-overview.tex,"Self-enhancement bias, on the other hand, is observed when LLMs consistently overvalue the quality of the text they generate \cite{zheng2024judging,zhao2023survey}.","zheng2024judging,zhao2023survey",2406.00515,A Survey on Large Language Models for Code Generation
3-taxonomy.tex,"Microsoft, on the other hand, has unveiled WizardLM \cite{xu2023wizardlm} and is exploring its coding-oriented counterpart, WizardCoder \cite{luo2023wizardcoder}.",xu2023wizardlm;luo2023wizardcoder,2406.00515,A Survey on Large Language Models for Code Generation
4-Evaluation.tex,"On the other hand,~\citet{pan2023llms} evaluate LLMs with the MBTI test to assess whether LLMs possess human-like personalities, and conclude that different LLMs have different MBTI types, which are often attributable to their training corpus.",pan2023llms,2406.01171,Two Tales of Persona in LLMs: A Survey of Role-Playing and Personalization
3-Personalized.tex,"\citet{li2024guiding, hu2023enhancing} explore prompt augmentations; on the other hand, \textsc{DSP}~\cite{li2024guiding} train a small policy model to generate hints and guide LLMs in completing tasks.","li2024guiding, hu2023enhancing;li2024guiding",2406.01171,Two Tales of Persona in LLMs: A Survey of Role-Playing and Personalization
Appendix.tex,"% On the other hand, in the pre-LLM era, User persona modeling used methods like \citet{sordoni-etal-2015-neural} and \textsc{StarSpace}~\cite{wu2018starspace} to rank the most similar utterance in the dataset and generate a candidate reply.",sordoni-etal-2015-neural;wu2018starspace,2406.01171,Two Tales of Persona in LLMs: A Survey of Role-Playing and Personalization
main.tex,"On the other hand, the adversarial suffixes produced by GCG are mostly some garbled characters that are easily detectable by simple perplexity filter~\cite{jain2023baseline}.",jain2023baseline,2406.02622,Safeguarding Large Language Models: A Survey
main.tex,"% PROPANE~\cite{melamed2023propane} \subsubsection{LLM Generation Manipulatation} On the other hand, except for jailbreaking via some learning-based method, ProMan~\cite{zhang2023safety} was proposed to directly manipulate the generation process of those open-source LLMs and enforce the LLMs to generate specific tokens at specific positions, therefore cheating the LLMs to generate undesired response, including harmful or sensitive information or even private data.",melamed2023propane;zhang2023safety,2406.02622,Safeguarding Large Language Models: A Survey
main.tex,"On the other hand, Wang et.al.\cite{wang2023backdoor} pointed out that poisoning the training dataset or introducing harmful prompts affects the adaptability of the attacks, rendering them more prominent and more accessible to identify.",wang2023backdoor,2406.02622,Safeguarding Large Language Models: A Survey
main.tex,"On the other hand, \cite{NarayananKapoor2023GPT4} critically examined this paper and emphasized the difference between an LLM's capabilities and its behavior.",NarayananKapoor2023GPT4,2406.02622,Safeguarding Large Language Models: A Survey
samplepaper.tex,"Hyperparameters, on the other hand, are the settings that define the architecture and training process of the model \cite{c82} \cite{c83}.",c82;c83,2406.03478,Convolutional Neural Networks and Vision Transformers for Fashion MNIST Classification: A Literature Review
sample-manuscript.tex,"On the other hand, Content Filtering strategies, as demonstrated by the work of \citet{yang2023rethinking}, focus on identifying and mitigating sources of contamination within datasets.",yang2023rethinking,2406.04244,Benchmark Data Contamination of Large Language Models: A Survey
main.tex,"Conversely, Biderman et al.~\cite{biderman2023pythia} found that points memorized early in training tend to be retained in fully trained models, suggesting persistent memorization despite dataset size.",biderman2023pythia,2406.05392,Deconstructing The Ethics of Large Language Models from Long-standing Issues to New-emerging Dilemmas: A Survey
main.tex,"Conversely, longer prompts increase memorization for a constant n, as shown by~\cite{carlini2023extracting}.",carlini2023extracting,2406.05392,Deconstructing The Ethics of Large Language Models from Long-standing Issues to New-emerging Dilemmas: A Survey
sn-article.tex,"For the machine learning based methods focused on deep neural network architectures, they do not need any manual feature engineering but on the other hand they require massive amount of training data for the effective and accurate results \cite{hamalainen-etal-2021-neural}.",hamalainen-etal-2021-neural,2406.05424,Recent advancements in computational morphology : A comprehensive survey
main.tex,"On the other hand, Basu and Ghosh \cite{basu2014zero} analyze zero-sum MGs with infinite horizon and countable state and continuous action spaces.",basu2014zero,2406.06041,Risk Sensitivity in Markov Games and Multi-Agent Reinforcement Learning: A Systematic Review
machine_translation.tex,"Conversely, CLLE \cite{zhang2022clle} introduces a Chinese-centric benchmark, featuring tasks that test a model’s ability to handle closely related languages and diverse language families, reflecting real-world demands.",zhang2022clle,2406.06391,Towards Lifelong Learning of Large Language Models: A Survey
relation_extraction.tex,"On the other hand, CML\cite{wu2021curriculum} combines curriculum learning with meta learning to create a dynamic learning curriculum that prioritizes tasks based on difficulty.",wu2021curriculum,2406.06391,Towards Lifelong Learning of Large Language Models: A Survey
dataset_labels.tex,"Conversely, larger datasets include Facebook Hateful Memes (HM) \cite{Kiela2020} with 9,540 memes, alongside MAMI \cite{fersini2022misogynous}, Memotion 1 \cite{sharma2020semeval}, Memotion 2 \cite{ramamoorthy2022memotion}, and MET-Meme \cite{xu2022met}, all hovering around the 10,000 mark.",Kiela2020;fersini2022misogynous;sharma2020semeval;ramamoorthy2022memotion;xu2022met,2406.07353,Toxic Memes: A Survey of Computational Perspectives on the Detection and Explanation of Meme Toxicities
dataset_labels.tex,"Conversely, Emoffmeme \cite{kumari2023emoffmeme} and Pol\_Off\_Meme \cite{kumari2024enhancing} utilize a multi-label multi-class approach, encompassing annotations for fear, neglect, irritation, rage, disgust, nervousness, shame, disappointment, envy, suffering, sadness, joy, pride, and surprise.",kumari2023emoffmeme;kumari2024enhancing,2406.07353,Toxic Memes: A Survey of Computational Perspectives on the Detection and Explanation of Meme Toxicities
intro.tex,"Conversely, progressive leftist meme makers use memes for counternarrative techniques, dialectical seeding, and fostering solidarity within leftist communities \cite{arkenbout2022political}.",arkenbout2022political,2406.07353,Toxic Memes: A Survey of Computational Perspectives on the Detection and Explanation of Meme Toxicities
arxiv.tex,"Morphling~\cite{Wang_Yang_Yu_Wang_Li_Sun_He_Zhang_2021}, on the other hand, presents a rapid and near-optimal auto-configuration framework designed specifically for cloud-native model serving.",Wang_Yang_Yu_Wang_Li_Sun_He_Zhang_2021,2406.08115,Resource Allocation and Workload Scheduling for Large-Scale Distributed Deep Learning: A Survey
section2_recurrentmodels.tex,"Conversely, $\lambda > 1$ is a necessary condition for gradients to explode (see \cite{pascanu2013difficulty} for further details).",pascanu2013difficulty,2406.09062,State-Space Modeling in Long Sequence Processing: A Survey on Recurrence in the Transformer Era
tpami.tex,"On the other hand, foundation LLMs are observed to have difficulty in understanding or responding to diverse human instruction appropriately \cite{instgpt}, as the imitation process in pre-training does not enforce the foundation LLMs to follow the instructions as humans intended \cite{l2sum,instgpt}.","instgpt;l2sum,instgpt",2406.11191,A Survey on Human Preference Learning for Large Language Models
tpami.tex,"On the other hand, the pre-training corpora do not necessarily include guidelines or examples on how to follow the intentions of humans \cite{l2sum,instgpt}, leading to the misalignment between the learned distribution and the desired output distribution.","l2sum,instgpt",2406.11191,A Survey on Human Preference Learning for Large Language Models
tpami.tex,"On the other hand, LLMs become increasingly capable and aligned after learning from direct human feedback \cite{instgpt,gpt4,llama2}.","instgpt,gpt4,llama2",2406.11191,A Survey on Human Preference Learning for Large Language Models
tpami.tex,"On the other hand, similar to pairwise comparison, some crucial aspects of human preference information are still missing, including the degree or probability of preference \cite{llama2,rlaif}, the reasons behind the preference \cite{ultrafb}, etc.","llama2,rlaif;ultrafb",2406.11191,A Survey on Human Preference Learning for Large Language Models
tpami.tex,"On the other hand, discrete scores are usually annotated in similar forms to Likert scales \cite{likert_technique_1932}, including sets of descriptions about different degrees of human preference and their corresponding scores.",likert_technique_1932,2406.11191,A Survey on Human Preference Learning for Large Language Models
1.5background.tex,"QFS, on the other hand, aims to generate a summary that specifically addresses an input query, such as a topic, keywords, or an entity~\cite{zhong2021qmsum,bahrainian2022newts}.","zhong2021qmsum,bahrainian2022newts",2406.11289,A Systematic Survey of Text Summarization: From Statistical Methods to Large Language Models
2.5dataset.tex,"On the other hand, \citet{belz2008intrinsic} argue that this similarity reflects 'human-likeness' and may be unrelated to the final performance on generation tasks.",belz2008intrinsic,2406.11289,A Systematic Survey of Text Summarization: From Statistical Methods to Large Language Models
main.tex,"Fine-tuning, on the other hand, involves adjusting a pre-trained model on a specific dataset or for a particular task to improve its accuracy and performance on that task \cite{li2023large}.",li2023large,2406.11903,"A Survey of Large Language Models for Financial Applications: Progress, Prospects and Challenges"
main.tex,"On the other hand, \citet{lopez2023can} examine how well these models, particularly GPT-4, can predict stock market returns using news headlines as input.",lopez2023can,2406.11903,"A Survey of Large Language Models for Financial Applications: Progress, Prospects and Challenges"
main.tex,"%On the other hand, the \textbf{DISC-FinLLM} \cite{chen2023disc} benchmark emphasizes multi-expert fine-tuning to enhance model performance across various financial tasks, providing a detailed assessment of models' capabilities in handling complex financial scenarios.",chen2023disc,2406.11903,"A Survey of Large Language Models for Financial Applications: Progress, Prospects and Challenges"
sec-methods.tex,"Faith, on the other hand, employs SUTime~\cite{changSUTIMELibraryRecognizing} and regular expression matching to handle explicit temporal expressions in questions.",changSUTIMELibraryRecognizing,2406.14191,Temporal Knowledge Graph Question Answering: A Survey
2_manuscript_R3.tex,"On the other hand, outcome explainability is crucial for humans to comprehend, trust, and manage the next generation of cyber defense mechanisms such as spam detection \citep{charmet2022explainable}.",charmet2022explainable,2406.15038,Online detection and infographic explanation of spam reviews with data drift adaptation
1_introduction.tex,"On the other hand, the profound instruction-following capabilities of LLMs allow better controllability and adaptability over the generation process, facilitating the creation of tailored datasets for specific applications with more flexible process designs~\cite{abs-2305-07759}.",abs-2305-07759,2406.15126,"On LLMs-Driven Synthetic Data Generation, Curation, and Evaluation: A Survey"
1_introduction.tex,"On the other hand, the profound instruction-following capabilities of LLMs allow better controllability and adaptability over the generation process, facilitating the creation of tailored datasets for specific applications with more flexible process designs~\cite{abs-2305-07759}.",abs-2305-07759,2406.15126,"On LLMs-Driven Synthetic Data Generation, Curation, and Evaluation: A Survey"
main.tex,"On the other hand, the specific style of an arbitrary image can be learned, extracted, and applied to desired content through various adaptations of GANs~\cite{kaneko_cyclegan-vc2_2019, liu_artsy-gan_2018, kazemi_style_2018} and diffusion models~\cite{wang_stylediffusion_2023, wu_not_2023}.","kaneko_cyclegan-vc2_2019, liu_artsy-gan_2018, kazemi_style_2018;wang_stylediffusion_2023, wu_not_2023",2406.15386,U Can't Gen This? A Survey of Intellectual Property Protection Methods for Data in Generative AI
main.tex,"On the other hand, deepfake watermarking methods do not prevent, but rather detect the deepfakes~\cite{wang_faketagger_2021,wu_sepmark_2023}.","wang_faketagger_2021,wu_sepmark_2023",2406.15386,U Can't Gen This? A Survey of Intellectual Property Protection Methods for Data in Generative AI
templateArxiv.tex,"Conversely, some LLMs exhibit a very high parameter count but relatively low FLOPs, as in the case of MoE-based models such as Mixtral 8×7B \cite{jiang2024mixtral}.",jiang2024mixtral,2406.16893,A Survey of Transformer-based Language Models with Focus on Efficiency
Appendix.tex,& 8 &\cite{li2023does}\\ % Satisfaction With Life Scale (SWLS) \cite{diener1985satisfaction} & & satisfaction with life &5 & \cite{li2023does}\\ % The revised Portrait Value Questionnaire (PVQ-RR) \cite{schwartz2022measuring} &Value Orientations & 10 basic human values that emerge with great regularity in samples of human respondents from across the globe.&57&\cite{pellert2022ai}\\ % Moral Foundations Questionnaire \cite{graham2011mapping} & Moral Norms &&&\cite{pellert2022ai}\\ % Gender/Sex Div,li2023does;diener1985satisfaction;li2023does;schwartz2022measuring;pellert2022ai;graham2011mapping;pellert2022ai;schudson2022gender;pellert2022ai;jonason2010dirty,2406.17624,"Self-assessment, Exhibition, and Recognition: a Review of Personality in Large Language Models"
acl_latex.tex,"On the other hand, \citet{le2022survey} paid attention to benchmark tabular datasets for fairness, analysing relationships between different protected and class attributes.",le2022survey,2406.19097,Fairness and Bias in Multimodal AI: A Survey
EHR-EVERYTHING.tex,"DSAT-ECG \cite{r-233}, on the other hand, has been directly compared with SSSD-ECG and earlier GAN works, including WaveGAN and P2PGAN.",r-233,2407.00116,Generative AI for Synthetic Data Across Multiple Medical Modalities: A Systematic Review of Recent Developments and Challenges
3.1_ehr.tex,"Conversely, \cite{s-10}, in its initial design, limited the dimensionality of variables to less than 100, potentially constraining its capacity to represent the complexity of medical data fully.",s-10,2407.00116,Generative AI for Synthetic Data Across Multiple Medical Modalities: A Systematic Review of Recent Developments and Challenges
3.1_ehr.tex,"While \cite{s-34} resorts to Gaussian diffusion for generating discrete sequences, treating them similarly to real-valued sequences but with further post-processing of the model output, \cite{ehr-58} on the other hand simultaneously generates (without need for post-processing) time series discrete (using multinomial diffusion \cite{multinomialdiffusion}) and continuous (using Gaussian diffusion) data that preserve temporal dependencies because of the use of a BRNN instead of U-net in the backwar",s-34;ehr-58;multinomialdiffusion,2407.00116,Generative AI for Synthetic Data Across Multiple Medical Modalities: A Systematic Review of Recent Developments and Challenges
3.1_ehr.tex,"The authors of \cite{ehr-47}, on the other hand, use CTGAN as well to address the issue of poor performance of underrepresented sub-populations.",ehr-47,2407.00116,Generative AI for Synthetic Data Across Multiple Medical Modalities: A Systematic Review of Recent Developments and Challenges
ehr-new.tex,"Conversely, \cite{s-10}, in its initial design, limited the dimensionality of variables to less than 100, potentially constraining its capacity to represent the complexity of medical data fully.",s-10,2407.00116,Generative AI for Synthetic Data Across Multiple Medical Modalities: A Systematic Review of Recent Developments and Challenges
ehr-new.tex,"While \cite{s-34} resorts to Gaussian diffusion for generating discrete sequences, treating them similarly to real-valued sequences but with further post-processing of the model output, \cite{ehr-58} on the other hand simultaneously generates (without need for post-processing) time series discrete (using multinomial diffusion) and continuous (using Gaussian diffusion) data that preserve temporal dependencies because of the use of a BRNN instead of U-net in the backward diffusion step.",s-34;ehr-58,2407.00116,Generative AI for Synthetic Data Across Multiple Medical Modalities: A Systematic Review of Recent Developments and Challenges
ehr-new.tex,"MedDIFF \cite{s-15}, on the other hand, use a DDPM without requiring a pre-trained encoder, utilizing a modified U-net using 1D convolutional layers to accompany the tabular type of data, while TabDDPM \cite{s-12} follow a mixed diffusion approach to generate realistic mixed-type tabular EHRs.",s-15;s-12,2407.00116,Generative AI for Synthetic Data Across Multiple Medical Modalities: A Systematic Review of Recent Developments and Challenges
ehr-new.tex,"The authors of \cite{ehr-47}, on the other hand, use CTGAN as well to address the issue of poor performance of underrepresented sub-populations.",ehr-47,2407.00116,Generative AI for Synthetic Data Across Multiple Medical Modalities: A Systematic Review of Recent Developments and Challenges
3.2_timeseries.tex,"\cite{r-233}, on the other hand, synthesize conditional 12-lead ECG based on 12 heart rhythm classes, outperforming that of SSSD-ECG in \cite{s-42} and earlier GAN works, including WaveGAN and Pulse2Pulse, in terms of fidelity and utility evaluation.",r-233;s-42,2407.00116,Generative AI for Synthetic Data Across Multiple Medical Modalities: A Systematic Review of Recent Developments and Challenges
3.2_timeseries.tex,"% DSAT-ECG \cite{r-233}, on the other hand, has been directly compared with SSSD-ECG and earlier GAN works, including WaveGAN and P2PGAN.",r-233,2407.00116,Generative AI for Synthetic Data Across Multiple Medical Modalities: A Systematic Review of Recent Developments and Challenges
VLM_part.tex,"DRESS~\cite{chen2023dress}, on the other hand, leverages natural language feedback to improve the alignment and interaction between the textual and visual modalities in VLMs.",chen2023dress,2407.01599,"JailbreakZoo: Survey, Landscapes, and Horizons in Jailbreaking Large Language and Vision-Language Models"
paper_old.tex,"Figure \ref{fig:tokens} illustrates the number of tokens on ZINC, a dataset with hypothetical chemical structures\cite{irwin2012zinc} On the other hand, benchmark data evaluates the success of these models.",irwin2012zinc,2407.01603,A Review of Large Language Models and Autonomous Agents in Chemistry
paper_old.tex,"On the other hand, the Coscientist\cite{Boiko2023-ot} system exemplifies the integration of semi-autonomous robots in planning, conceiving, and performing chemical reactions with minimal human intervention.",Boiko2023-ot,2407.01603,A Review of Large Language Models and Autonomous Agents in Chemistry
paper_old.tex,"On the other hand, XpertAI provides data-specific explanations and visual XAI plots to support its explanations.\cite{Wellawatte2023-rw} These developments signify a growing trend in the integration of tools and LLMs in autonomous AI within scientific research.",Wellawatte2023-rw,2407.01603,A Review of Large Language Models and Autonomous Agents in Chemistry
paper_old.tex,"On the other hand, ZINC\cite{irwin2012zinc} dataset contains commercially available molecules and a subset of hypothetical molecules that can, theoretically, be synthesized.",irwin2012zinc,2407.01603,A Review of Large Language Models and Autonomous Agents in Chemistry
paper.tex,"On the other hand, XpertAI provides data-specific explanations and visual XAI plots to support its explanations.\cite{Wellawatte2023-rw} With a similar goal, \citet{Zheng2023-em} prompted the LLM to generate explanatory rules from data.",Wellawatte2023-rw;Zheng2023-em,2407.01603,A Review of Large Language Models and Autonomous Agents in Chemistry
sample-manuscript.tex,"On the other hand, SCOTT \cite{wang2023scott} introduces a core principle of leveraging a LLM to guide the correct answer through comparative decoding.",wang2023scott,2407.01885,"Survey on Knowledge Distillation for Large Language Models: Methods, Evaluation, and Application"
04_tasks.tex,"On the other hand, \textit{AVerTeC}~\cite{schlichtkrull2023averitec} adopts a question-driven approach to decompose claims into intermediate queries that guide evidence extraction.",schlichtkrull2023averitec,2407.02351,Generative Large Language Models in Automated Fact-Checking: A Survey
04_tasks.tex,"On the other hand, fake news detection aims to assess the truthfulness of longer and more contextually rich texts, such as news articles, considering contextual, linguistic, and stylistic features that may indicate misinformation~\cite{10.1145/3485127}.",10.1145/3485127,2407.02351,Generative Large Language Models in Automated Fact-Checking: A Survey
06_pipelines.tex,"On the other hand, \textit{PACAR}~\cite{zhao-etal-2024-pacar} adopts a planner-executor paradigm, dynamically selecting specialized agents for tasks such as numerical reasoning, entity disambiguation, or general inference.",zhao-etal-2024-pacar,2407.02351,Generative Large Language Models in Automated Fact-Checking: A Survey
05_use_cases.tex,"Decomposition, on the other hand, may suffer from over-segmentation, producing redundant or overly fine-grained subclaims, or under-segmentation, where distinct propositions remain merged~\cite{kamoi-etal-2023-wice, ni-etal-2024-afacta}.","kamoi-etal-2023-wice, ni-etal-2024-afacta",2407.02351,Generative Large Language Models in Automated Fact-Checking: A Survey
05_use_cases.tex,"On the other hand, \citet{sun2024trustllm} use the LLM to determine whether model responses successfully corrected misinformation injected into user prompts, demonstrating the applicability of LLM judges to adversarial or safety-related scenarios.",sun2024trustllm,2407.02351,Generative Large Language Models in Automated Fact-Checking: A Survey
circuit-study-all-v4.tex,"On the other hand, \textit{minimality} measures whether all LM components in the circuits are necessary, often by randomly ablating components in the circuit and computing the change in the LM behavior \citep{wang2022interpretability}.",wang2022interpretability,2407.02646,A Practical Review of Mechanistic Interpretability for Transformer-Based Language Models
model-understanding.tex,"On the other hand, \citet{saparov2024transformers} showed that transformers learn to perform graph search/multi-hop reasoning using a parallel ``path-merging'' algorithm by extracting the circuit for this algorithm; so the embeddings of each fact will include information about facts provable in $k$ hops, where $k$ increases exponentially with the number of layers.",saparov2024transformers,2407.02646,A Practical Review of Mechanistic Interpretability for Transformer-Based Language Models
model-understanding.tex,"{On the other hand, \citet{lee2024mechanistic} investigated % \abu{we should go through the paper carefully and make sure that we are using tense consistently; should we use past tense everywhere?",lee2024mechanistic,2407.02646,A Practical Review of Mechanistic Interpretability for Transformer-Based Language Models
sample.tex,"On the other hand, ECG signals reflect changes in cardiac activity and are closely related to emotional states \cite{hasnul2021electrocardiogram,sarkar2020self}.","hasnul2021electrocardiogram,sarkar2020self",2407.03640,Generative Technology for Human Emotion Recognition: A Scope Review
sample.tex,"On the other hand, Transformer architectures, with their powerful sequence modeling capabilities and strong contextual modeling abilities, have brought about a paradigm shift \cite{vaswani2017attention}.",vaswani2017attention,2407.03640,Generative Technology for Human Emotion Recognition: A Scope Review
main.tex,"Distant supervision \cite{hedderich_anea_2021}, on the other hand, leverages external resources to generate positive examples for specific tasks, which is especially useful when external knowledge bases can provide substantial input.",hedderich_anea_2021,2407.03895,Scoping Review of Active Learning Strategies and their Evaluation Environments for Entity Recognition Tasks
main_template.tex,"On the other hand, restricted prompting approach of \citet{qin2023chatgpt} again fails to outperform the respective unrestricted prompting approach for GPT-3.5 and GPT-4o.",qin2023chatgpt,2407.04069,"A Systematic Survey and Critical Review on Evaluating Large Language Models: Challenges, Limitations, and Recommendations"
main_template.tex,"Conversely, the restricted prompting method by \citet{qin2023chatgpt} fails to surpass the unrestricted approach for GPT-3.5 and GPT-4o.",qin2023chatgpt,2407.04069,"A Systematic Survey and Critical Review on Evaluating Large Language Models: Challenges, Limitations, and Recommendations"
main_template.tex,"On the other hand, restricted prompting approach of \citet{qin2023chatgpt} again fails to outperform the respective unrestricted prompting approach for GPT-3.5 and GPT-4o.",qin2023chatgpt,2407.04069,"A Systematic Survey and Critical Review on Evaluating Large Language Models: Challenges, Limitations, and Recommendations"
main_template.tex,"%On the other hand, recent studies \cite{alzahrani2024benchmarks} have shown that automated evaluations, particularly those based on multiple-choice questions, can produce unstable rankings under small perturbations in evaluation methodology.",alzahrani2024benchmarks,2407.04069,"A Systematic Survey and Critical Review on Evaluating Large Language Models: Challenges, Limitations, and Recommendations"
main_template.tex,"On the other hand, BTL-based rating is tolerant to an imbalanced number of votes per model as shown by \cite{zheng2024judging}, they also propose a different probability of win rates that are derived from the ratings found from BTL which is transitive but doesn't correlate with the empirical win rates.",zheng2024judging,2407.04069,"A Systematic Survey and Critical Review on Evaluating Large Language Models: Challenges, Limitations, and Recommendations"
acl_latex.tex,"M-MTC, on the other hand, aims to utilize model merging techniques to enrich a single model with capabilities across multiple tasks \cite{task_arithmetic, ties}.","task_arithmetic, ties",2407.06089,"Merge, Ensemble, and Cooperate! A Survey on Collaborative Strategies in the Era of Large Language Models"
acl_latex.tex,"On the other hand, the AdaMerging \cite{AdaMerging} method, while not requiring extra data and providing some performance enhancement, incurs higher computational costs.",AdaMerging,2407.06089,"Merge, Ensemble, and Cooperate! A Survey on Collaborative Strategies in the Era of Large Language Models"
5-challenges_opportunities.tex,"% Conversely, improving the interpretability of MoE models is imperative for addressing inherent challenges, such as load balancing \cite{lepikhin2020gshard,fedus2022switch,du2022glam} and knowledge redundancy \cite{qwen_moe,dai2024deepseekmoe}.","lepikhin2020gshard,fedus2022switch,du2022glam;qwen_moe,dai2024deepseekmoe",2407.06204,A Survey on Mixture of Experts in Large Language Models
4-overview.tex,"% On the other hand, PEFT methods, namely LoRA and SAID \cite{aghajanyan2021intrinsic}, are costly for performing various tasks \cite{liu2022few}.",aghajanyan2021intrinsic;liu2022few,2407.06204,A Survey on Mixture of Experts in Large Language Models
4-overview.tex,"% On the other hand, recent studies prove that redundancy exists in MoE \cite{gao2022parameter, gao2024higher}.","gao2022parameter, gao2024higher",2407.06204,A Survey on Mixture of Experts in Large Language Models
test.tex,"Naive Bayes Classifiers, on the other hand, are particularly effective in detecting Denial of Service (DoS) attacks, including blackhole attacks, ensuring robust security for smart grid systems \cite{radoglou2018anomaly,boumkheld2016intrusion}.","radoglou2018anomaly,boumkheld2016intrusion",2407.07966,"A Comprehensive Survey on the Security of Smart Grid: Challenges, Mitigations, and Future Research Opportunities"
main.tex,"On the other hand, GWE consists of sentences extracted from WikiConv.\cite{hua-2018-wikiconv} Each sentence in this dataset includes the original sentence, the edited sentence, the original string that underwent editing, and the specific grammatical error type.",hua-2018-wikiconv,2407.09861,A Systematic Survey of Natural Language Processing for the Greek Language
main.tex,"\textbf{Discourse Analysis}, on the other hand, deals with understanding the meaning in a broader textual context, beyond individual sentences.\cite{prasad2008penn} It involves analyzing how sentences connect and influence each other within the context of a text or a conversation.",prasad2008penn,2407.09861,A Systematic Survey of Natural Language Processing for the Greek Language
main.tex,"On the other hand, \citet{gakis2015analysis} analyzed \textit{lexical ambiguity} using morphosyntactic features from a lexicon.\cite{gakis2012} They categorized ambiguous words based on their spelling and etymology.",gakis2015analysis;gakis2012,2407.09861,A Systematic Survey of Natural Language Processing for the Greek Language
main.tex,"In the deep learning (DL) era, on the other hand, linguistic skills are encoded in neural network models via language modeling.\cite{belinkov2020interpretability} Therefore they are considered as an evaluation criterion, by assessing language models (LM) on datasets annotated for various linguistic phenomena.",belinkov2020interpretability,2407.09861,A Systematic Survey of Natural Language Processing for the Greek Language
sn-article.tex,"Fairoze et al.~\cite{fairozePubliclyDetectableWatermarking2023}, on the other hand, calculated the hash value for each sequence using the watermark's public key and related parameters to determine whether it matches the expected signature to extract watermark information.",fairozePubliclyDetectableWatermarking2023,2407.11100,Building Intelligence Identification System via Large Language Model Watermarking: A Survey and Beyond
6Challengs_Future.tex,"On the other hand, training evaluators to consistently assess role-playing performance is challenging, particularly when dealing with subjective interpretations of character and narrative \cite{chen2023large}.",chen2023large,2407.11484,The Oscars of AI Theater: A Survey on Role-Playing with Language Models
4Benchmarks.tex,"% Conversely, in explicit personas \cite{DBLP:journals/corr/abs-1901-08149, song2020profile}, personal information is provided in two forms: \textit{Dense Personas}: These consist of detailed speaker profiles described in several natural language statements.","DBLP:journals/corr/abs-1901-08149, song2020profile",2407.11484,The Oscars of AI Theater: A Survey on Role-Playing with Language Models
resllm.tex,"On the other hand, tasks that require reasoning, %System 2 %tasks, such as grade school math word problems, are more difficult for LLMs \citep{cobbe2021training}.",cobbe2021training,2407.11511,"Multi-Step Reasoning with Large Language Models, a Survey"
sec-intro.tex,"On one hand, it exacerbates the pressure on the peer review process~\cite{lee2013bias, bjork2013publishing}; on the other hand, the disparate quality of these numerous publications can negatively affect the scientific research milieu~\cite{kelly2014peer, reviewergpt}.","lee2013bias, bjork2013publishing;kelly2014peer, reviewergpt",2407.12857,"Automated Peer Reviewing in Paper SEA: Standardization, Evaluation, and Analysis"
iclr2024_conference.tex,"On the other hand, in few-shot variation \cite{brown2020language}, few training datapoints are provided along with task-based prompt instructions for better comprehension of the task.",brown2020language,2407.12994,A Survey of Prompt Engineering Methods in Large Language Models for Different NLP Tasks
comments.tex,"On the other hand, 51\% of the students responded to continue using generative AI tools even if prohibited by the institution \cite{tytonpartners}.",tytonpartners,2407.13105,Survey on Plagiarism Detection in Large Language Models: The Impact of ChatGPT and Gemini on Academic Integrity
3_literature_review_section.tex,"On the other hand, the AI-generated text part in those open-source datasets is built using different prompting strategies applied to OpenAI models using the OpenAI API service \cite{chen2023gpt,yu2023cheat}.","chen2023gpt,yu2023cheat",2407.13105,Survey on Plagiarism Detection in Large Language Models: The Impact of ChatGPT and Gemini on Academic Integrity
1-introduction_section.tex,"On the other hand, different techniques to attack or evade such AIGC detectors have also been developed and are an active area of research \cite{cai2023evade}.",cai2023evade,2407.13105,Survey on Plagiarism Detection in Large Language Models: The Impact of ChatGPT and Gemini on Academic Integrity
4_limitations_gaps_section.tex,"On the other hand, 51\% of the students responded to continue using generative AI tools even if prohibited by the institution \cite{tytonpartners}.",tytonpartners,2407.13105,Survey on Plagiarism Detection in Large Language Models: The Impact of ChatGPT and Gemini on Academic Integrity
main.tex,"Uncertainty evaluation, on the other hand, measures the overall uncertainty of a model.}.} Key metrics for evaluating model uncertainty include: Expected Calibration Error (ECE), which assesses the expected difference between model confidence and accuracy; Maximal Calibration Error (MCE), which indicates the maximum deviation between model accuracy and confidence; and Brier Score (BS), which is used to assess how closely the model’s predicted probabilities align with the true class probabilities",SurveyUncertainty_23_arXiv_Nankai,2407.14507,Internal Consistency and Self-Feedback in Large Language Models: A Survey
cr_Discussion.tex,"\textbf{Hallucination} denotes content generated by LLMs that diverges from real-world facts or inputs \cite{DBLP:journals/corr/abs-2311-05232,DBLP:journals/corr/abs-2401-11817,farquhar2024detecting,chen2024multi}.","DBLP:journals/corr/abs-2311-05232,DBLP:journals/corr/abs-2401-11817,farquhar2024detecting,chen2024multi",2407.15017,Knowledge Mechanisms in Large Language Models: A Survey and Perspective
cr_Discussion.tex,"On the other hand, critics contend that machine lacks sentience \cite{DBLP:journals/socomp/AlveroP23} and merely probabilistically generates tokens.",DBLP:journals/socomp/AlveroP23,2407.15017,Knowledge Mechanisms in Large Language Models: A Survey and Perspective
cr_Evolution.tex,"On the other hand, LLMs tend to prioritize memorizing more frequent and challenging facts, which can result in subsequent facts overwriting prior memorization, significantly hindering the memorization of low-frequency facts \cite{lu2024scaling}.",lu2024scaling,2407.15017,Knowledge Mechanisms in Large Language Models: A Survey and Perspective
cr_appendix.tex,"On the other hand, retrieving information for each user query is very resource-intensive.} limitations \cite{shang2024ai,DBLP:journals/corr/abs-2402-19473}.","shang2024ai,DBLP:journals/corr/abs-2402-19473",2407.15017,Knowledge Mechanisms in Large Language Models: A Survey and Perspective
Future_Directions.tex,"On the other hand, retrieving information for each user query is very resource-intensive.} limitations \cite{shang2024ai,DBLP:journals/corr/abs-2402-19473}.","shang2024ai,DBLP:journals/corr/abs-2402-19473",2407.15017,Knowledge Mechanisms in Large Language Models: A Survey and Perspective
Evolution.tex,"On the other hand, LLMs tend to prioritize memorizing more frequent and challenging facts, which can result in subsequent facts overwriting prior memorization, significantly hindering the memorization of low-frequency facts \cite{lu2024scaling}.",lu2024scaling,2407.15017,Knowledge Mechanisms in Large Language Models: A Survey and Perspective
Discussion.tex,"\textbf{Hallucination} denotes content generated by LLMs that diverges from real-world facts or inputs \cite{DBLP:journals/corr/abs-2311-05232,DBLP:journals/corr/abs-2401-11817,farquhar2024detecting,chen2024multi}.","DBLP:journals/corr/abs-2311-05232,DBLP:journals/corr/abs-2401-11817,farquhar2024detecting,chen2024multi",2407.15017,Knowledge Mechanisms in Large Language Models: A Survey and Perspective
Discussion.tex,"On the other hand, critics contend that machine lacks sentience \cite{DBLP:journals/socomp/AlveroP23} and merely probabilistically generates tokens.",DBLP:journals/socomp/AlveroP23,2407.15017,Knowledge Mechanisms in Large Language Models: A Survey and Perspective
Knowledge_Representation.tex,"% % 无法处理长文本，面对长文本时倾向于复制。 % On the other hand, the next token prediction of transformers hinders the evaluation of the usefulness and value of proposed novelties, as humans do, by bending, blending, or breaking biases \cite{DBLP:journals/corr/abs-2403-06996}.",DBLP:journals/corr/abs-2403-06996,2407.15017,Knowledge Mechanisms in Large Language Models: A Survey and Perspective
07_analysis.tex,"MCS-SQL\cite{mcssql}, on the other hand, enhances schema linking through its inference-time scaling strategy, which broadens the exploration space and improves the likelihood of generating correct SQL queries.",mcssql,2407.15186,A Survey on Employing Large Language Models for Text-to-SQL Tasks
04_prompt.tex,"CHESS\cite{chess}, on the other hand, follows a three-step paradigm of ""column filtering, table selection, and final column filtering"".",chess,2407.15186,A Survey on Employing Large Language Models for Text-to-SQL Tasks
3_attack.tex,"MMA~\cite{Yang2023MMADiffusionMA} % diverges from this requirement of the starting point, and directly optimizes a set of noise words to construct the adversarial prompt, offering a more streamlined strategy for targeted attacks.",Yang2023MMADiffusionMA,2407.15861,Adversarial Attacks and Defenses on Text-to-Image Diffusion Models: A Survey
3_attack.tex,"On the other hand, \cite{shahgir2023asymmetric} and \cite{zhang2024revealing} focus on white-box attacks, employing the Greedy Coordinate Gradient algorithm~\cite{zou2023universal,shin2020autoprompt} and a proxy embedding optimization strategy~\cite{zhang2024revealing}, respectively.","shahgir2023asymmetric;zhang2024revealing;zou2023universal,shin2020autoprompt;zhang2024revealing",2407.15861,Adversarial Attacks and Defenses on Text-to-Image Diffusion Models: A Survey
acl2023.tex,"%\MLdel{\citet{li2020stylecontent} then proposed a disentanglement-based model\OD{explain/link} to generate attractive headlines for Chinese news.} On the other hand, \citet{li2020stylecontent} generated news headlines in a user-independent attractive style using a special encoder-decoder model combined with headline prototype retrieval.",li2020stylecontent;li2020stylecontent,2407.16737,A Survey of Text Style Transfer: Applications and Ethical Implications
sample-acmlarge.tex,"Conversely, \cite{a37} shows that a single face still harbours multiple diagnostic hints: emotion probabilities from a YOLO detector are mapped to disorder labels, and penultimate embeddings from MDNet, ResNet-50 and a ViT are concatenated then soft-maxed, yielding 81 \% accuracy while remaining explainable through Grad-CAM.",a37,2407.16804,"Multimodal Machine Learning in Mental Health: A Survey of Data, Algorithms, and Challenges"
colm2024_conference.tex,% \cite{NEURIPS2023_a452a7c6} uses a counter to keep track of the number of times when a certain token is regarded as insignificant using attention weights as a criterion.,NEURIPS2023_a452a7c6,2407.18003,Keep the Cost Down: A Review on Methods to Optimize LLM' s KV-Cache Consumption
cas-dc-template.tex,"On the other hand, Lu et al.~\cite{lu2021fantastically} use global and local entropy metrics to decide the order of the examples.",lu2021fantastically,2407.18369,AI Safety in Generative AI Large Language Models: A Survey
cas-dc-template.tex,"On the other hand, inadequate representation of minority groups or some languages in the training data can aggravate inequality~\cite{joshi2020state}.",joshi2020state,2407.18369,AI Safety in Generative AI Large Language Models: A Survey
cas-dc-template.tex,"On the other hand, to enhance the transparency and explainability of the models themselves, OpenAI has endeavored to utilize GPT-4 to elucidate the underlying logic of its outputs~\cite{bubeck2023sparks}.",bubeck2023sparks,2407.18369,AI Safety in Generative AI Large Language Models: A Survey
cas-dc-template.tex,"\cite{hendrycks2022unsolved} on the other hand, identifies research topics that are in AI safety but are beyond human values alignment, treating the robustness, monitoring, and safety of models as systems in deployment as separate ML safety problems.",hendrycks2022unsolved,2407.18369,AI Safety in Generative AI Large Language Models: A Survey
cas-dc-template.tex,"Conversely, \cite{shen2023large}'s research could refine this taxonomy by focusing on inner alignment issues.",shen2023large,2407.18369,AI Safety in Generative AI Large Language Models: A Survey
submission_tacl2021v1-template.tex,% \[ % \left(\begin{smallmatrix} % \text{F1 Score} = 2 \cdot \frac{\text{Precision} \cdot \text{Recall}}{\text{Precision} + \text{Recall}} % \end{smallmatrix}\right) % \] \begin{equation*} \text{F1}_\textit{abs} = 2 \cdot \frac{\text{Precision}_\textit{abs} \cdot \text{Recall}_\textit{abs}}{\text{Precision}_\textit{abs} + \text{Recall}_\textit{abs}} \end{equation*} \item \textit{Coverage} or \textit{Acceptance Rate}~\cite{cao2023defending} refers to the proportion of instances where the model pr,"cao2023defending;wen-etal-2024-characterizing,varshney2023art",2407.18418,Know Your Limits: A Survey of Abstention in Large Language Models
manuscript.tex,"On the other hand, optimizing the model with the commonly used Adam optimizer during training usually requires 12 times the memory resources needed for inference \cite{malladi2024fine}, which can be unacceptable for mobile devices with limited memory.",malladi2024fine,2407.18921,Mobile Edge Intelligence for Large Language Models: A Contemporary Survey
main.tex,"On the other hand, blockchain systems face their own energy challenges, as consensus mechanisms and transaction validation processes often incur substantial computational costs~\cite{mbula_mboma_assessing_2023}.",mbula_mboma_assessing_2023,2407.20181,Blockchain for Large Language Model Security and Safety: A Holistic Survey
main.tex,"On the other hand, Large Language Model (LLMs) are deep neural language models with billions of parameters, pre-trained on extensive text corpora to understand natural language distribution and structure \cite{zhao2023survey}.",zhao2023survey,2407.20516,Machine Unlearning in Generative AI: A Survey
main.tex,"\subsubsection{Approximate Unlearning} \label{background:app_unlearn} On the other hand, approximate unlearning \cite{nguyen2020variational, golatkar2020forgetting, chundawat2023can, chundawat2023zero} only requires the unlearned model to perform similarly to the retrained model, allowing for a better balance between utility and efficiency.","nguyen2020variational, golatkar2020forgetting, chundawat2023can, chundawat2023zero",2407.20516,Machine Unlearning in Generative AI: A Survey
6_exp.tex,"On the other hand, since IDPrompt requires higher training costs, we follow the original implementation~\citep{bai2023id} and conduct training with only 1 shot.",bai2023id,2407.21794,Generalized Out-of-Distribution Detection and Beyond in Vision Language Model Era: A Survey
7_lvlm.tex,"On the other hand, \citet{cao2023towards} conducted only qualitative evaluations and left quantitative evaluations as an open challenge.",cao2023towards,2407.21794,Generalized Out-of-Distribution Detection and Beyond in Vision Language Model Era: A Survey
Main.tex,"On the other hand, photographs available in real-world galleries pertaining to pedestrians often lack high resolution, ample lighting, and freedom from obstruction\cite{farooqConvolutionalBaselinePerson2020}.",farooqConvolutionalBaselinePerson2020,2408.00096,From Attributes to Natural Language: A Survey and Foresight on Text-based Person Re-identification
future.tex,"On the other hand, another critical analysis indicates that discrete SSMs like S4 and Mamba struggle with \emph{State-Tracking} problems, such as permutation composition~\cite{merrill2024illusion}.",merrill2024illusion,2408.01129,A Survey of Mamba
main.tex,"DSIR~\cite{xie2023data}, on the other hand, directly estimates the importance of datapoints by matching the distribution between the selected subset and the target evaluation set.",xie2023data,2408.02085,Unleashing the Power of Data Tsunami: A Comprehensive Survey on Data Assessment and Selection for Instruction Tuning of Language Models
main.tex,"On the other hand, LIFT~\cite{xu2023rethinking}, InstructionMining~\cite{cao2023instruction}, and FL~\cite{bhatt2024experimental} develop composite methods that involve hand-crafted or model-based indicators, together with GPT scoring, for quality verification of the selected datapoints.",xu2023rethinking;cao2023instruction;bhatt2024experimental,2408.02085,Unleashing the Power of Data Tsunami: A Comprehensive Survey on Data Assessment and Selection for Instruction Tuning of Language Models
Diffusion_survey.tex,"On the other hand, the work\cite{liu2023riatig} takes an opposite approach: It tries to find an adversarial text prompt that is totally different from the original prompt, but leading to a similar generation result compared to the original prompt.",liu2023riatig,2408.03400,Attacks and Defenses for Generative Diffusion Models: A Comprehensive Survey
Diffusion_survey.tex,"On the other hand, Guan et al.\cite{guan2024ufid} compute the cosine similarity between each pair of images generated from a sampled input, then constructing a similarity graph to assess the overall score for the input.",guan2024ufid,2408.03400,Attacks and Defenses for Generative Diffusion Models: A Comprehensive Survey
Diffusion_survey.tex,"On the other hand, red-teaming methods\cite{yang2024guardt2i, rando2022red, chin2023prompting4debugging} resist against adversarial attacks by proactively figuring out potential adversarial prompts that can make DMs generate NSFW content.","yang2024guardt2i, rando2022red, chin2023prompting4debugging",2408.03400,Attacks and Defenses for Generative Diffusion Models: A Comprehensive Survey
mitigations.tex,"On the other hand, global explainability methods include probing and understanding the distribution of training data \cite{singh2024rethinking}.",singh2024rethinking,2408.04643,"Risks, Causes, and Mitigations of Widespread Deployments of Large Language Models (LLMs): A Survey"
Post-Processing.tex,"CodeS~\cite{li2024codes}, on the other hand, generates a complete \sql statements through beam search, producing four \sql candidates and selecting the first executable one as the final result.",li2024codes,2408.05109,"A Survey of Text-to-SQL in the Era of LLMs: Where are we, and where are we going?"
introduction.tex,"Copyright, on the other hand, pertains to the legal rights of creators over their original works, such as text, music, or art, and governs how these works can be used, distributed, and reproduced by others \citep{torremans2007copyright, karamolegkou-etal-2023-copyright}.","torremans2007copyright, karamolegkou-etal-2023-copyright",2408.05212,Preserving Privacy in Large Language Models: A Survey on Current Threats and Solutions
010introduction.tex,"On the other hand, another line of research has focused on generating personalized explanations for recommendations by leveraging the text generation capabilities of LLMs~\cite{Geng2022RecommendationAL, Li2022PersonalizedPL, Ma2024XRecLL}.","Geng2022RecommendationAL, Li2022PersonalizedPL, Ma2024XRecLL",2408.06276,Review-driven Personalized Preference Reasoning with Large Language Models for Recommendation
5_results.tex,More traditional KIE methods that use a classification head would on the other hand need to be retrained with a different classification layer in order to perform a different task like document classification \citep{nr72}.,nr72,2408.06345,Deep Learning based Key Information Extraction from Business Documents: Systematic Literature Review
sample-base.tex,"On the other hand, \cite{llmnewsscore} allocates long positions to stocks with overall positive news sentiment and short positions to those with negative sentiment, without considering the magnitude of the sentiment scores.",llmnewsscore,2408.06361,Large Language Model Agent in Financial Trading: A Survey
related_settings.tex,"On the other hand, to better handle the commonalities and differences of multiple tasks, MTL has designed architectures that flexibly integrate task-specific components into the network \citep{Misra2016CrossStitchNF, Ruder2017LatentMA, Meyerson2017BeyondSH, Zaremoodi2018AdaptiveKS, Sun2019AdaShareLW}, which could be adopted to combine experts.","Misra2016CrossStitchNF, Ruder2017LatentMA, Meyerson2017BeyondSH, Zaremoodi2018AdaptiveKS, Sun2019AdaShareLW",2408.07057,A Survey on Model MoErging: Recycling and Routing Among Specialized Experts for Collaborative Learning
Main-revision02.tex,"CHATAFL scheme \cite{meng2024large}, on the other hand, shifts focus to leveraging \acp{LLM} for generating structured and sequenced effective test inputs for network protocols lacking machine-readable versions.",meng2024large,2408.07583,Transformers and Large Language Models for Efficient Intrusion Detection Systems: A Comprehensive Survey
Main-revision02.tex,"A Q-network, on the other hand, is a neural network that approximates the Q-values, allowing \ac{RL} to scale to larger state-action spaces \cite{gueriani2023deep}.",gueriani2023deep,2408.07583,Transformers and Large Language Models for Efficient Intrusion Detection Systems: A Comprehensive Survey
SAM_for_Videos.tex,"Conversely, Wang \textit{et al.} \cite{wang2023prompting} present an encoder-prompt-decoder paradigm to tackle issues related to data scarcity and varying data distribution.",wang2023prompting,2408.08315,Segment Anything for Videos: A Systematic Survey
SAM_for_Videos.tex,"On the other hand, developing a unified model~\cite{zhang2023meta} for multi-modal perception without requiring paired multi-modal data is a promising direction.",zhang2023meta,2408.08315,Segment Anything for Videos: A Systematic Survey
sample-acmsmall.tex,"On the other hand, encoder-decoder and decoder-only models, such as T5~\cite{ref:t5}, GPT-4~\cite{ref:gpt4}, and LLaMA~\cite{ref:llama3}, are adept at both discriminative and generative tasks.",ref:t5;ref:gpt4;ref:llama3,2408.08921,Graph Retrieval-Augmented Generation: A Survey
sample-acmsmall.tex,"Conversely, DALK~\cite{ref:dalk} utilizes the retrieved graph data to rewrite the query.~\citett{ref:temple-mqa} first leverage LLMs to generate a reasoning plan and answer queries according to the plan.~\citett{ref:grapeqa,ref:qa-gnn} aim to enhance GNNs by enabling them to learn graph representations relevant to queries.","ref:dalk;ref:temple-mqa;ref:grapeqa,ref:qa-gnn",2408.08921,Graph Retrieval-Augmented Generation: A Survey
sample-acmsmall.tex,"On the other hand, for GNNs or discriminative models functioning as generators, specialized loss functions tailored to the downstream tasks are employed to train the models effectively~\cite{ref:grapeqa,ref:qa-gnn,ref:noname2,ref:safe,ref:greaselm}.","ref:grapeqa,ref:qa-gnn,ref:noname2,ref:safe,ref:greaselm",2408.08921,Graph Retrieval-Augmented Generation: A Survey
nlg_automatic_metrics.tex,"On the other hand, the predominance of Overlap metric types is concerning given their well-known caveats, such as their inability to measure faithfulness and poor correlation with human judgements \citep{reiter-2018-structured}.",reiter-2018-structured,2408.09169,Automatic Metrics in Natural Language Generation: A Survey of Current Evaluation Practices
main.tex,"\citet{otto2019linearly}, on the other hand, introduced an autoencoder featuring linear recurrent latent embeddings.",otto2019linearly,2408.09840,Machine Learning with Physics Knowledge for Prediction: A Survey
main.tex,"\citet{pan2020physics}, on the other hand, employed a skew-symmetric representation of the Koopman operator.",pan2020physics,2408.09840,Machine Learning with Physics Knowledge for Prediction: A Survey
main.tex,"% \citet{pan2020physics}, on the other hand, adopts a different strategy to ensure stability within an autoencoder framework.",pan2020physics,2408.09840,Machine Learning with Physics Knowledge for Prediction: A Survey
main.tex,"% MTDS On the other hand, \citet{bird2022multi} proposes a probabilistic approach, called multi-task dynamical system~(MTDS), for extending MTL to time series models.",bird2022multi,2408.09840,Machine Learning with Physics Knowledge for Prediction: A Survey
ref.tex,"Conversely, study\cite{villalobos2022will} suggest that the supply of high-quality language data will likely be depleted by 2026.",villalobos2022will,2408.10210,A Survey on Symbolic Knowledge Distillation of Large Language Models
ref.tex,"Alignment tuning, on the other hand, aims to adjust the LLM's outputs to match human expectations accurately, a process that may involve a trade-off known as the alignment tax\cite{glaese2022improving}.",glaese2022improving,2408.10210,A Survey on Symbolic Knowledge Distillation of Large Language Models
sn-article.tex,"% % On the other hand, TUTA \cite{wang2021tuta} provides a unified pre-training architecture for structured tables, utilizing tree-based attention and positional embeddings to effectively capture both spatial and hierarchical information.",wang2021tuta,2408.10548,"Language Modeling on Tabular Data: A Survey of Foundations, Techniques and Evolution"
sn-article.tex,"% UniTTab \cite{luetto2023one}, on the other hand, focuses on heterogeneous time-dependent data, using continuous embedding vectors for numerical and categorical features, and is uniformly trained with a masked token task, showing robust performance across various tasks.",luetto2023one,2408.10548,"Language Modeling on Tabular Data: A Survey of Foundations, Techniques and Evolution"
mainACM_RLSurvey.tex,"Conversely, Kolm and Ritter \cite{KOLM_2020} omitted the Delta hedge, arguing that it is a non-linear function of state variables.",KOLM_2020,2408.10932,The Evolution of Reinforcement Learning in Quantitative Finance: A Survey
main.tex,"On the other hand, \citet{yang2024modeling} introduced a novel perspective in ASC by emphasizing the significance of aspect sentiment coherency.",yang2024modeling,2408.13202,Instruct-DeBERTa: A Hybrid Approach for Aspect-based Sentiment Analysis on Textual Reviews
main.tex,"Conversely, models such as \texttt{CLIP-ViT-B-32-multilingual-v1}~\cite{radford2021learning} and \texttt{SPECTER} demonstrate relatively lower performances.",radford2021learning,2408.13202,Instruct-DeBERTa: A Hybrid Approach for Aspect-based Sentiment Analysis on Textual Reviews
MLLMfinetuning.tex,"MeZO, on the other hand, offers a memory-efficient optimiser that requires only two forward passes to compute gradients, enabling comprehensive fine-tuning of large models with a memory footprint equivalent to inference \cite{efficientMultimodals}.",efficientMultimodals,2408.13296,"The Ultimate Guide to Fine-Tuning LLMs from Basics to Breakthroughs: An Exhaustive Review of Technologies, Research, Best Practices, Applied Research Challenges and Opportunities"
main.tex,"Conversely, HiSS~\cite{zhang2023towards} demonstrates that prompting for few-shot learning and claim decomposition can substantially improve the performance of CoT models for complex news claim verification.",zhang2023towards,2408.14317,Claim Verification in the Age of Large Language Models: A Survey
paradigm.tex,"DiscreteBERT \cite{baevskiEffectivenessSelfsupervisedPretraining2020}, on the other hand, shows that discretisation of the input, not just the targets, can be more effective.",baevskiEffectivenessSelfsupervisedPretraining2020,2408.14340,Foundation Models for Music: A Survey
5.Traditional.tex,"On the other hand, {MANPLTS} \cite{ghazarian2021MANPLTS} trains a classification model primarily focused on \textit{coherence}.",ghazarian2021MANPLTS,2408.14622,What Makes a Good Story and How Can We Measure It? A Comprehensive Survey of Story Evaluation
2.Tasks.tex,"On the other hand, \textbf{Visual storytelling} \cite{huang2016vist} creates a story for an image sequence.",huang2016vist,2408.14622,What Makes a Good Story and How Can We Measure It? A Comprehensive Survey of Story Evaluation
4.Taxonomy.tex,"To ensure the trustworthiness and reliability of evaluation results, some studies \cite{xie2023deltascore} provide a detailed evaluation process for each score, including specific error locations and explanations \footnote{Reasoning process, on the other hand, provides a more coarse-grained explanation of the evaluation result.}.",xie2023deltascore,2408.14622,What Makes a Good Story and How Can We Measure It? A Comprehensive Survey of Story Evaluation
article.tex,"On the other hand, Cedille~\citep{Cedille-french} LLM takes a different approach by training on carefully filtered French text.",Cedille-french,2408.15040,A Survey of Large Language Models for European Languages
manuscript_arxiv.tex,"On the other hand, models like OpenFlamingo v2~\cite{awadalla2023openflamingo} performed poorly, with an accuracy of only 5.3\% on this task.",awadalla2023openflamingo,2408.15769,A Survey on Evaluation of Multimodal Large Language Models
Main_elsarticle-template-num.tex,"Conversely, a model that is not interpretable is one that is complex and opaque, and whose behavior is difficult for humans to understand or explain~\cite{ribeiro2016model}.",ribeiro2016model,2409.00265,"Explainable Artificial Intelligence: A Survey of Needs, Techniques, Applications, and Future Direction"
sn-article.tex,"Conversely, the necessity for collaboration within a collective may be a fundamental precursor to the evolution and sustained functionality of explicit communication~\cite{nowak.1999, mihai.2021}.","nowak.1999, mihai.2021",2409.02645,Emergent Language: A Survey and Taxonomy
sn-article.tex,"Conversely, a symmetric setting facilitates bi-directional communication, thereby allowing for more comprehensive language development~\cite{bouchacourt.2019, dubova.2020}.","bouchacourt.2019, dubova.2020",2409.02645,Emergent Language: A Survey and Taxonomy
sn-article.tex,"Conversely, a lower number suggests that the communication system relies on a limited set of words, which may indicate a more efficient and compressed language with less synonyms~\cite{mordatch.2017}.",mordatch.2017,2409.02645,Emergent Language: A Survey and Taxonomy
discussion.tex,"On the one hand, the absence of standardized benchmarks in current works limits meaningful comparisons (especially for the end-to-end software development task); on the other hand, benchmarks play a crucial role in driving advancements in related fields~\cite{sim2003using}, as evidenced by SWE-bench, which has facilitated the development of end-to-end maintenance agents.",sim2003using,2409.02977,Large Language Model-Based Agents for Software Engineering: A Survey
Code_generation.tex,"Despite the widespread application of CoT, the effectiveness of some other advanced prompt engineering strategies, such as self-consistency~\cite{wang2023selfconsistency} and least-to-most prompting~\cite{zhou2023leasttomost}, has not been explored in code generation tasks yet, which could be a potential direction for future research.} \junwei{\headt{Agentic strategy.} On the other hand, \highlight{agentic strategy} refers to instructing agents to dynamically adapt the code generation plan based","wang2023selfconsistency;zhou2023leasttomost;shinn2023reflexion, CodeAct, bairi2023codeplan, yang2023intercode, CodeChain, Flows;bairi2023codeplan",2409.02977,Large Language Model-Based Agents for Software Engineering: A Survey
End2end_SE.tex,"On the other hand, some manager roles are responsible for \textit{task decomposition and allocation}~\cite{MetaGPT, rasheed, low-code-llm}.","MetaGPT, rasheed, low-code-llm",2409.02977,Large Language Model-Based Agents for Software Engineering: A Survey
Memory.tex,"On the contrary, previous research suggests that by leveraging the more concise information stored in memory, the agent can retrieve key trajectories using a smaller context window, ultimately helping to reduce token consumption~\cite{Co-Learning, MAGIS}.} On the other hand, the limited memory storage and prompt window size result in finite memory records.","Co-Learning, MAGIS",2409.02977,Large Language Model-Based Agents for Software Engineering: A Survey
main.tex,"\textit{Letter Mover Head} extracts the first letters of certain words in the context and aggregates them at the [END] position.\citep{AcronymPredict_24_arXiv_Alicante} Conversely, \textit{Negative Name Mover Head} prevents name information from being transferred to the [END] position.\citep{IOI_23_ICLR_Redwood,CopySupression_23_arXiv_Google} \subsubsection{Semantic Information Identification} \label{subsubsec:semantic} As for semantic information identification, \textit{Context Head} extracts i","AcronymPredict_24_arXiv_Alicante;IOI_23_ICLR_Redwood,CopySupression_23_arXiv_Google;KnowledgeConflict_24_arXiv_UCAS;CorrectLetterHead_23_arXiv_DeepMind,ColorObject_24_ICLR_BrownU;Sentiment_23_arXiv_EleutherAI",2409.03752,Attention Heads of Large Language Models: A Survey
main.tex,"Conversely, Directional Subtraction retains part of the original state information while directionally removing some of it.\citep{SurveyCTG_24_arXiv_RUC} This method can be used to investigate whether removing specific information from a latent state affects the model's output in a significant way, thereby revealing whether certain attention heads can back up or fix the deleted information.",SurveyCTG_24_arXiv_RUC,2409.03752,Attention Heads of Large Language Models: A Survey
3_level_2.tex,"On the other hand, Self-RAG \cite{asai2023self} fine-tunes a large model to autonomously decide when to search and when to stop searching and start answering questions.",asai2023self,2409.14924,Retrieval Augmented Generation (RAG) and Beyond: A Comprehensive Survey on How to Make your LLMs use External Data More Wisely
cas-dc-template.tex,"L4Q \citep{jeon2024l4q}, on the other hand, maintains the dimension \(\textbf{A} \in \mathbb{R}^{i \times r}\) and directly uses the full QAT forward propagation method, simultaneously updating the quantizer parameters \(s\) and \(b\) for \(\textbf{A}, \textbf{B}\), and \(\textbf{W} + \textbf{A} \textbf{B}\).",jeon2024l4q,2409.16694,"A Survey of Low-bit Large Language Models: Basics, Systems, and Algorithms"
task.tex,"CoT tasks~\cite{shao2024VisualCoT,wang2024videocot}, on the other hand, emphasize the model’s ability to break down a problem into a series of logical, sequential steps.","shao2024VisualCoT,wang2024videocot",2409.18142,A Survey on Multimodal Benchmarks: In the Era of Large AI Models
main.tex,"On the other hand, Jailbreak-tune \cite{murphy2025jailbreak} shows that fine-tuning on harmful data with normal jailbreak suffix can strengthen the harmful attack performance.",murphy2025jailbreak,2409.18169,Harmful Fine-tuning Attacks and Defenses for Large Language Models: A Survey
main.tex,"On the other hand, other papers, e.g., Vaccine \cite{huang2024vaccine} and CTRL \cite{liu2024robustifying} need to use this dataset to align the unaligned version of the pre-train model.",huang2024vaccine;liu2024robustifying,2409.18169,Harmful Fine-tuning Attacks and Defenses for Large Language Models: A Survey
main.tex,"On the other hand, \cite{kazdan2025no} designs a better benign data construction scheme to hide the affirmative answer to be a few tokens deeper, such that it can circumvent the safety alignment that is only a few tokens deep, as suggested by \cite{zhao2025weaktostrongjailbreakinglargelanguage,qi2024safety}.","kazdan2025no;zhao2025weaktostrongjailbreakinglargelanguage,qi2024safety",2409.18169,Harmful Fine-tuning Attacks and Defenses for Large Language Models: A Survey
02_llm.tex,"On the other hand, ViLT (Vision-and-Language Transformer) \cite{kim2021viltvisionandlanguagetransformerconvolution} reduces the complexity of multimodal fusion by directly feeding visual patch embeddings into a transformer, bypassing the need for separate image encoders, while still maintaining competitive performance in tasks like image-text retrieval and visual question answering.",kim2021viltvisionandlanguagetransformerconvolution,2409.18991,Surveying the MLLM Landscape: A Meta-Review of Current Surveys
001_intro.tex,Code analysis tools (CATs) on the other hand are limited in scope compared to LLMs in detecting issues like best practice violations \cite{AutoCommenter} but don't have any self-selection bias.,AutoCommenter,2409.19801,CRScore: Grounding Automated Evaluation of Code Review Comments in Code Claims and Smells
main.tex,"On the other hand, \citet{nozza_volpetti_2019} defined several templates to create a balanced synthetic dataset for their proposed DL model- Universal Sentence Encoder (USE), which further debiased their model features to be less-sensitive to identity terms and yet obtain a better categorization.",nozza_volpetti_2019,2409.20204,Divided by discipline? A systematic literature review on the quantification of online sexism and misogyny using a semi-automated approach
main.tex,"On the other hand, \citet{plaza_2021} generates linguistic resources using a set of word embeddings, with the initial seed lexicon eventually getting populated with words and n-grams more attuned to the domain because of linguistic similarities.",plaza_2021,2409.20204,Divided by discipline? A systematic literature review on the quantification of online sexism and misogyny using a semi-automated approach
main.tex,"On the other hand, \citet{singh-etal-2021} used the hostile side of the three sources of male ambivalence to define sexism binarily and annotate dialogues in popular sitcoms.",singh-etal-2021,2409.20204,Divided by discipline? A systematic literature review on the quantification of online sexism and misogyny using a semi-automated approach
main.tex,"Descriptive data annotation thus allows for the capturing and modeling of different beliefs.'' \citep{röttger_2022}\\ \hline \Centering Perspective Paradigm & \Centering - & \Centering ``The prescriptive paradigm, on the other hand, discourages annotator subjectivity and instead tasks annotators with encoding one specific belief, formulated in the annotation guidelines.",röttger_2022,2409.20204,Divided by discipline? A systematic literature review on the quantification of online sexism and misogyny using a semi-automated approach
relate.tex,"On the other hand, surveys focusing on spatio-temporal forecasting, exemplified by works such as those by Bui \textit{et al.}\cite{bui2022spatial}, Luo \textit{et al.}\cite{luo2021spatial}, and Tascikaraoglu \textit{et al.}\cite{tascikaraoglu2018evaluation}, concentrate on predicting future values of spatio-temporal data.",bui2022spatial;luo2021spatial;tascikaraoglu2018evaluation,2410.02191,"A Survey on Point-of-Interest Recommendation: Models, Architectures, and Security"
3_mamba_models_overview.tex,"On the other hand, Bidirectional scanning \cite{zhu2024vision, qiao2024vl} processes images in both horizontal and vertical directions.","zhu2024vision, qiao2024vl",2410.03105,Mamba in Vision: A Comprehensive Survey of Techniques and Applications
4_training_recipes.tex,"Conversely, acoustic tokens can facilitate the generation of high-fidelity audio but often struggle with inaccuracies in content generation \cite{zhang2023speechtokenizer}.",zhang2023speechtokenizer,2410.03751,Recent Advances in Speech Language Models: A Survey
4_training_recipes.tex,"On the other hand, SpeechAlign \cite{Zhang2024SpeechAlign} concentrates on the acoustic quality of SpeechLMs.",Zhang2024SpeechAlign,2410.03751,Recent Advances in Speech Language Models: A Survey
Methods_to_Improve_Code_generation_on_LRPL_and_DSPL.tex,"On the other hand, `knowledge spillover,' where language models demonstrated capabilities in programming languages they were not explicitly trained on, was investigated in \citep{ID113paper}.",ID113paper,2410.03981,A Survey on LLM-based Code Generation for Low-Resource and Domain-Specific Programming Languages
Methods_to_Improve_Code_generation_on_LRPL_and_DSPL.tex,"On the other hand, PEFT methods like LoRA provide 80-90\% of full fine-tuning benefits at 10-20\% of the computational cost \cite{ID7paper, IDsnow27paper}, making them ideal for resource-constrained scenarios.","ID7paper, IDsnow27paper",2410.03981,A Survey on LLM-based Code Generation for Low-Resource and Domain-Specific Programming Languages
Current_Performance_of_LLMs_in_Code_generation.tex,"The Execution @k metric \citep{IDadd1paper}, on the other hand, measures the percentage of queries for which at least one of the top K generated code candidates produces the correct output when executed on the input dataset.",IDadd1paper,2410.03981,A Survey on LLM-based Code Generation for Low-Resource and Domain-Specific Programming Languages
main.tex,"GIFT-SW, on the other hand, focuses on updating only salient weights while injecting Gaussian noise into non-salient weights~\cite{zhelnin2024gift}.",zhelnin2024gift,2410.06348,Harnessing the Power of Noise: A Survey of Techniques and Applications
4.4.compression.tex,"On the other hand, PTQ~\rev{\cite{gupta2015deep, jacob2018quantization, guo2022squant}} converts a floating-point model to a lower-bit model without requiring training data, making it particularly suitable for large-scale language models.","gupta2015deep, jacob2018quantization, guo2022squant",2410.07265,A Survey: Collaborative Hardware and Software Design in the Era of Large Language Models
2.background.tex,"Conversely, Zhao et al.~\cite{zhao2023survey} define BERT-style models as ``small-scale language models."" This survey focuses on GPT-style models, particularly those with model sizes equal to or larger than GPT-2~\cite{gpt-2}, which contains 1.5 billion parameters.",zhao2023survey;gpt-2,2410.07265,A Survey: Collaborative Hardware and Software Design in the Era of Large Language Models
3.training.tex,"DiskANN~\cite{jayaram2019diskann}, on the other hand, is designed for handling large datasets that don't fit into memory by extending nearest neighbor search to disk-based systems, offering a balance between speed and memory efficiency.",jayaram2019diskann,2410.07265,A Survey: Collaborative Hardware and Software Design in the Era of Large Language Models
3.training.tex,"PaFi~\cite{liao-etal-2023-parameter}, on the other hand, finds a universal set of parameters to update for all downstream tasks based on parameter magnitude.",liao-etal-2023-parameter,2410.07265,A Survey: Collaborative Hardware and Software Design in the Era of Large Language Models
5_generative.tex,"NeuroImagen\cite{lan2023seeing}, on the other hand, uses detail and semantic extractors to map EEG signals to pixel and CLIP-Text priors, which are then decoded by a pretrained Stable Diffusion model following the image-to-image pipeline.",lan2023seeing,2410.08224,A Survey of Spatio-Temporal EEG data Analysis: from Models to Applications
applications.tex,"\item Evanega et al on the other hand compare the attitudes in Kenya and other African countries (Uganda, Nigeria) towards the introduction of Genetically Modified Organisms (GMO) in the country \cite{evanega2022state}.",evanega2022state,2410.09948,State of NLP in Kenya: A Survey
applications.tex,"\end{itemize} % Evanega et al on the other hand compare the attitudes in Kenya and other African countries (Uganda, Nigeria) towards the introduction of Genetically Modified Organisms (GMO) in the country \cite{evanega2022state}.",evanega2022state,2410.09948,State of NLP in Kenya: A Survey
manuscript.tex,"AutoTurb~\citep{zhang2024autoturb}, on the other hand, adopts LLMs in an evolutionary framework to automatically design and search for turbulence model in computational fluid dynamics.",zhang2024autoturb,2410.14716,A Systematic Survey on Large Language Models for Algorithm Design
7-Appendix.tex,"\textbf{CLINC150} \citep{clinc_dataset}, on the other hand, is a multi-domain dataset featuring 150 distinct intents and 22,500 utterances across 10 different domains.",clinc_dataset,2410.15019,A Survey of Ontology Expansion for Conversational Understanding
7-Appendix.tex,"Conversely, the \textbf{ATIS} dataset \citep{atis_dataset} expands into the flight domain with nearly 5,000 utterances and 120 slots.",atis_dataset,2410.15019,A Survey of Ontology Expansion for Conversational Understanding
template.tex,"On the other hand, the authors report mainly the results for high-frequency words \citep{jawanpuria-etal-2020-geometry, zhao-etal-2020-relaxed, kementchedjhieva-etal-2020-generalizing}, which limits their performance.","jawanpuria-etal-2020-geometry, zhao-etal-2020-relaxed, kementchedjhieva-etal-2020-generalizing",2410.15144,A survey of neural-network-based methods utilising comparable data for finding translation equivalents
template.tex,"On the other hand, these methods are strictly focused on the mathematical side of the BLI task, rarely reflecting on the linguistic side (with exceptions, e.g., \cite{Tian2022RAPOAA}).",Tian2022RAPOAA,2410.15144,A survey of neural-network-based methods utilising comparable data for finding translation equivalents
acl_latex.tex,"Given a mean vector $\mu$ and a covariance matrix $\Sigma$, the MD is defined as in \citet{NEURIPS2018_abdeb6f5}: \[ MD(z_{test}; \Sigma, \mu) = (z_{test} - \mu)^T \Sigma^{-1} (z_{test} - \mu) \] On the other hand, Euclidean Distance (ED) measures the point-to-point distance in Euclidean space.",NEURIPS2018_abdeb6f5,2410.15326,A Survey of Uncertainty Estimation in LLMs: Theory Meets Practice
sec-evaluation.tex,"On the other hand, the LLMs can yield accurate responses despite imperfect retrievers or hallucinations with semantic relevant retrieved text~\cite{wu2024easily}, raising the issue of evaluating the system by taking into account both retrieval and generation.",wu2024easily,2410.15576,A Survey of Conversational Search
sec-clarification.tex,"On the other hand, in knowledge-based question answering, \textit{Abg-CoQA}~\cite{guo2021abg} is proposed to tackle ambiguity in conversational QA, which focuses on disambiguation for human-to-human conversations.",guo2021abg,2410.15576,A Survey of Conversational Search
main.tex,"On the other hand, \rev{starting} from the KL-constrained reward maximization objective in RL, Direct Preference Optimization (DPO;~\cite{rafailov2024direct}) derives its learning objective, specifically a simple maximum likelihood objective, from offline preference data, which is directly formulated over the policy model and a reference model, thus bypassing the explicit reward model training phase and eliminating the need for reinforcement learning optimization.",rafailov2024direct,2410.15595,"A Comprehensive Survey of Direct Preference Optimization: Datasets, Theories, Variants, and Applications"
ungrounded_tasks.tex,"On the other hand, several others~\cite{SconeLongPL16,KimS23} build simple synthetic datasets for a predefined set of actions and states.","SconeLongPL16,KimS23",2410.18529,"Instructional Text Across Disciplines: A Survey of Representations, Downstream Tasks, and Open Challenges Toward Capable AI Agents"
data.tex,"\textbf{Temporal logics} like LTL take a different approach, emphasizing temporal structure through operators such as next and until—constructs that map naturally onto how we describe procedures in language~\cite{bombieri2023mapping}.} \clrev{On the other hand, \textbf{domain-specific} languages sacrifice this expressiveness for practical gains.",bombieri2023mapping,2410.18529,"Instructional Text Across Disciplines: A Survey of Representations, Downstream Tasks, and Open Challenges Toward Capable AI Agents"
grounded_tasks.tex,"On the other hand, AndroidEnv~\cite{AndroidEnv21} focuses on pixel-based reinforcement learning interactions, while Lexi~\cite{Banerjee2023LexiSL} expands UI understanding to both mobile and desktop.",AndroidEnv21;Banerjee2023LexiSL,2410.18529,"Instructional Text Across Disciplines: A Survey of Representations, Downstream Tasks, and Open Challenges Toward Capable AI Agents"
survey-acm.tex,"On the other hand, since rule-based approaches use logical rules, their results are more interpretable, and they can easily verify some facts that the embedding approaches have trouble with \cite{meilicke2018fine}.",meilicke2018fine,2410.18670,Health Misinformation in Social Networks: A Survey of IT Approaches
Oct3_24.tex,"Conversely, for the clean, uncontaminated split, $B_p(D,D_M) = 0$, ensuring that no instances in $D$ are contaminated \cite{ishihara2023training, shi2023detecting}.","ishihara2023training, shi2023detecting",2410.18966,Does Data Contamination Detection Work (Well) for LLMs? A Survey and Evaluation on Detection Assumptions
Oct1_24.tex,"Conversely, for the clean, uncontaminated split, $B_a(D,D_M) = 0$, ensuring that almost no instances in $D$ are contaminated \cite{ishihara2023training, shi2023detecting, maini2024llm}.","ishihara2023training, shi2023detecting, maini2024llm",2410.18966,Does Data Contamination Detection Work (Well) for LLMs? A Survey and Evaluation on Detection Assumptions
Oct1_24.tex,"On the other hand, \citet{li-etal-2024-challenging} and \citet{zong2023fool} designed novel tasks, assuming they were unseen by the LM, to assess the model's generalizability.",li-etal-2024-challenging;zong2023fool,2410.18966,Does Data Contamination Detection Work (Well) for LLMs? A Survey and Evaluation on Detection Assumptions
Oct3_24_old.tex,"Conversely, for the clean, uncontaminated split, $B_p(D,D_M) = 0$, ensuring that no instances in $D$ are contaminated \cite{ishihara2023training, shi2023detecting}.","ishihara2023training, shi2023detecting",2410.18966,Does Data Contamination Detection Work (Well) for LLMs? A Survey and Evaluation on Detection Assumptions
2-background.tex,"On the other hand, \textit{context-based} signals, also referred to as provenance- \cite{feng2023examining} or meta-information, take into account contextual (e.g., user, source) cues, such as user statistics, location, domain reputation, or the number of shares.",feng2023examining,2410.21360,A Survey on Automatic Credibility Assessment Using Textual Credibility Signals in the Era of Large Language Models
main.tex,"On the other hand, the optimization performance of these BBO algorithms easily get trapped by % % % is tightly bounded by the curse of % % \emph{no-free-lunch} theory~\cite{1997nofreelunch}.",1997nofreelunch,2411.00625,Toward Automated Algorithm Design: A Survey and Practical Guide to Meta-Black-Box-Optimization
iclr2025_conference.tex,"On the other hand, to address this issue, in our open-source code repository, we will integrate code from AI Scientist \citep{lu2024ai} and combine it with our models to achieve scientific discovery tasks across all stages to a certain extent.",lu2024ai,2411.00816,CycleResearcher: Improving Automated Research via Automated Review
sec5.tex,"On the other hand, on-device training refers to the capability of local hardware to perform training tasks directly on local hardware itself without the need for remote servers \cite{cai2020tinytl}.",cai2020tinytl,2411.01431,Efficient Deep Learning Infrastructures for Embedded Computing Systems: A Comprehensive Survey and Future Envision
2_component.tex,"On the other hand, natural language formats, as seen in CoCo-Agent~\cite{ma2024coco}, bridge the gap between task instructions and the agent’s existing conversational skills, making it easier for the agent to adapt and generalize to tasks in different domain.",ma2024coco,2411.02006,Foundations and Recent Trends in Multimodal Mobile Agents: A Survey
3_taxonomy.tex,"On the other hand, Auto-GUI~\cite{zhan2023you}, UI-VLM~\cite{dorka2024training}, COCO-Agent~\cite{ma2024coco}, Octo-planner~\cite{chen2024octo}, and AutoDroid~\cite{wen2024autodroid} achieve significant model performance improvements through strategies such as direct interface interaction, task instruction and element layout improvement, and separating planning from execution.",zhan2023you;dorka2024training;ma2024coco;chen2024octo;wen2024autodroid,2411.02006,Foundations and Recent Trends in Multimodal Mobile Agents: A Survey
1_introduction.tex,"On the other hand, training-based methods focus on fine-tuning multimodal models, such as LLaVA~\cite{liu2023visual} and Qwen-VL~\cite{bai2023qwen}, specifically for mobile applications.",liu2023visual;bai2023qwen,2411.02006,Foundations and Recent Trends in Multimodal Mobile Agents: A Survey
3.construction_of_slm.tex,"Structured pruning, on the other hand, focuses on removing entire components like neurons or layers, as seen in ShortGPT \cite{men2024shortgpt} and LLM Pruner \cite{ma2023llm}, simplifying implementation and enhancing usability in constrained environments but potentially accelerating accuracy degradation.",men2024shortgpt;ma2023llm,2411.03350,"A Comprehensive Survey of Small Language Models in the Era of Large Language Models: Techniques, Enhancements, Applications, Collaboration with LLMs, and Trustworthiness"
3.construction_of_slm.tex,"%\textbf{Black-Box KD.} Black-box distillation, on the other hand, relies solely on the outputs from the teacher model without accessing its parameters \cite{peng2023instruction,chen2023mcc,wang2023scott,hsieh2023distilling,wu-etal-2024-lamini,li2024explanations,chen2024knowledge}.","peng2023instruction,chen2023mcc,wang2023scott,hsieh2023distilling,wu-etal-2024-lamini,li2024explanations,chen2024knowledge",2411.03350,"A Comprehensive Survey of Small Language Models in the Era of Large Language Models: Techniques, Enhancements, Applications, Collaboration with LLMs, and Trustworthiness"
3.construction_of_slm.tex,"Conversely, black-box distillation, suitable for proprietary or complex teacher models, relies solely on outputs and incorporates techniques like rationale integration \cite{hsieh2023distilling}.",hsieh2023distilling,2411.03350,"A Comprehensive Survey of Small Language Models in the Era of Large Language Models: Techniques, Enhancements, Applications, Collaboration with LLMs, and Trustworthiness"
7.slm4llm.tex,"% On the other hand, for improving in-context learning, the SuperICL approach \cite{xu2023small} extends traditional ICL by using SLMs as plugins to efficiently execute supervised tasks.",xu2023small,2411.03350,"A Comprehensive Survey of Small Language Models in the Era of Large Language Models: Techniques, Enhancements, Applications, Collaboration with LLMs, and Trustworthiness"
5.application.tex,"% On the other hand, in Edge MOE \cite{yi2023edgemoefastondeviceinference}, a slightly different approach is employed by preprocessing a pre-trained model offline.",yi2023edgemoefastondeviceinference,2411.03350,"A Comprehensive Survey of Small Language Models in the Era of Large Language Models: Techniques, Enhancements, Applications, Collaboration with LLMs, and Trustworthiness"
3_main_content.tex,"On the other hand, for complex image generation tasks involving multiple objects, Many-to-Many Diffusion (M2M)~\citep{shen2024many} applies an autoregressive diffusion model to generate multi-image sequences, scaling across both spatial and temporal dimensions while maintaining consistency across frames.",shen2024many,2411.05902,Autoregressive Models in Vision: A Survey
survey_paper_body.tex,"On the other hand, \citet{goldsteinHowPersuasiveAIgenerated2024} found GPT-3 propaganda was slightly less persuasive than the original human-written articles.",goldsteinHowPersuasiveAIgenerated2024,2411.06837,"Persuasion with Large Language Models: A Survey of Empirical Evidence, Study Methodologies, and Ethical Implications"
survey_paper_body.tex,"\citet{budak2024misunderstanding}, on the other hand, reviewed behavioral science research on the reach and impact of misinformation.",budak2024misunderstanding,2411.06837,"Persuasion with Large Language Models: A Survey of Empirical Evidence, Study Methodologies, and Ethical Implications"
arxiv.tex,"Conversely, recent advances in automated requirements extraction rely solely on keyword matching techniques utilizing ML machine learning (ML) and deep learning (DL) methodologies \cite{olson2024best}.",olson2024best,2411.07398,Beyond Keywords: A Context-based Hybrid Approach to Mining Ethical Concern-related App Reviews
arxiv.tex,"The top-p parameter, on the other hand, controls the nucleus sampling, which is a method to add randomness to the model’s output \cite{chen2023unleashing}.",chen2023unleashing,2411.07398,Beyond Keywords: A Context-based Hybrid Approach to Mining Ethical Concern-related App Reviews
sample-acmsmall-conf.tex,"On the other hand, GraphCodeBERT \cite{graphcodebert2021} from Microsoft has the ability to process more complicated code structures and it hence performs better in tasks where there is a need to understand the dependencies.",graphcodebert2021,2411.07586,A Comprehensive Survey of AI-Driven Advancements and Techniques in Automated Program Repair and Code Generation
sample-acmsmall-conf.tex,"Conversely, StarCoder2 (15B) \cite{starcoder2024} displays better performance in tasks such as HumanEval+ due to a higher mastery of code in 16 different languages as compared to CodeLlama-34B.",starcoder2024,2411.07586,A Comprehensive Survey of AI-Driven Advancements and Techniques in Automated Program Repair and Code Generation
sample-acmsmall-conf.tex,"CodeT5 \cite{codet5_2021}, on the other hand, is very exact in rectifying bugs in localized codebases due to its task-specific training, but it has trouble in real-time debugging, where Codex’s flexibility is an advantage.",codet5_2021,2411.07586,A Comprehensive Survey of AI-Driven Advancements and Techniques in Automated Program Repair and Code Generation
sample-acmsmall-conf.tex,"On the other hand, CodeT5 \cite{codet5_2021} uses an approach of a unified encoder-decoder architecture, making it possible to approach the task using both programming and natural languages, and thus it can enhance its understanding of code semantics.",codet5_2021,2411.07586,A Comprehensive Survey of AI-Driven Advancements and Techniques in Automated Program Repair and Code Generation
defense.tex,"On the other hand, IMMUNE~\cite{ghosal2024immune} employs a safety reward function that assigns higher scores to safe responses and lower scores to unsafe ones.",ghosal2024immune,2411.09259,Jailbreak Attacks and Defenses against Multimodal Generative Models: A Survey
Decision.tex,"Conversely, unmasked sentence datasets such as CrowS-Pairs \cite{nangia2020crows} and WinoQueer \cite{felkner2023winoqueer} present the model with pairs of sentences and ask which one is more likely.",nangia2020crows;felkner2023winoqueer,2411.09523,"Navigating the Risks: A Survey of Security, Privacy, and Ethics Threats in LLM-Based Agents"
Decision.tex,"BBQ \cite{parrish2022bbq} and Grep-BiasIR \cite{krieg2023grep}, on the other hand, employ a question-answering format for evaluation.",parrish2022bbq;krieg2023grep,2411.09523,"Navigating the Risks: A Survey of Security, Privacy, and Ethics Threats in LLM-Based Agents"
Input.tex,"Model-level defenses~\cite{zhou2021defense,dong2021should,wang2020infobert,liu2022flooding,le2020shield}, on the other hand, are concerned with the architecture and parameters of the model itself.","zhou2021defense,dong2021should,wang2020infobert,liu2022flooding,le2020shield",2411.09523,"Navigating the Risks: A Survey of Security, Privacy, and Ethics Threats in LLM-Based Agents"
main-8379-Szep.tex,"Conversely, encoder-decoder models excel in text transformation tasks and extend masking to sequences of tokens via masked or denoising sequence-to-sequence (S2S) pre-training \citep{song_mass_2019,lewis_bart_2020}.","song_mass_2019,lewis_bart_2020",2411.09539,Fine-tuning Large Language Models with Limited Data: A Survey and Practical Guide
MIA_text.tex,"% version-1 % On the other hand, language models also play a crucial role in machine translation, question-answering, and dialogue systems, using learned patterns from extensive text corpora to predict and generate text~\citep{cer2017semeval}.",cer2017semeval,2411.10023,Model Inversion Attacks: A Survey of Approaches and Countermeasures
MIA_text.tex,"% On the other hand, language models such as GPT-2~\citep{radford2018improving} and BERT~\citep{devlin2018bert} predict and generate text based on learned patterns and structures within the data, facilitating applications like machine translation, question-answering, and dialogue systems~\citep{cer2017semeval}.",radford2018improving;devlin2018bert;cer2017semeval,2411.10023,Model Inversion Attacks: A Survey of Approaches and Countermeasures
Defense_image.tex,"\revise{GAN-ID needs public data and shadow attacks, protects one class, and risks unintended behavior.} % On the other hand, \citet{LS} explored the procedure to reduce model overconfidence by adjusting the confidence score procedure.",LS,2411.10023,Model Inversion Attacks: A Survey of Approaches and Countermeasures
main.tex,"These models show superior performance in tasks including natural language code search, code summarization, code clone detection, and documentation generation from code.\\ On the other hand, decoder-only transformer models like CodeGPT \cite{Lu2021-codegpt}, Codex \cite{Chen2021-codex} focused on generative tasks like code completion and code generation.",Lu2021-codegpt;Chen2021-codex,2411.10129,Prompting and Fine-tuning Large Language Models for Automated Code Review Comment Generation
main.tex,"On the other hand, \citet{adapt-9} investigated the suitability of vocabulary expansion, concluding that such an extension may not be advantageous when the scale of the training dataset is below billions of tokens.",adapt-9,2411.11072,Multilingual Large Language Models: A Systematic Survey
main.tex,"On the other hand, MLLMs fine-tuned with translation instructions may overlook specific contextual knowledge, forget instructions, and consequently encounter issues such as hallucinations, over-translation or translation omissions \citep{mt-6, mt-7, mt-8}.","mt-6, mt-7, mt-8",2411.11072,Multilingual Large Language Models: A Systematic Survey
main.tex,"Textual reviews, on the other hand, reveal detailed dimensions considered by different reviewers, offering a comprehensive view of the effects of diversity on the peer-review process \citep{Lee2012Kuhnian}.",Lee2012Kuhnian,2411.11437,Causal Effect of Group Diversity on Redundancy and Coverage in Peer-Reviewing
main.tex,"On the other hand, ``the broader the intellectual territory covered, the less consensus there will be on the ranking'' \citep{brooks1978ResearchPriorities}.",brooks1978ResearchPriorities,2411.11437,Causal Effect of Group Diversity on Redundancy and Coverage in Peer-Reviewing
01-main.tex,"On the other hand, C\textsuperscript{2}\cite{Khurana2020}, a patented approach~\cite{Khurana2020patent}, addresses the type mapping by optimising smaller likelihood problems to reduce the number of candidate types considered.",Khurana2020;Khurana2020patent,2411.11891,Survey on Semantic Interpretation of Tabular Data: Challenges and Directions
main.tex,"medical history, nurse’s observations, etc) & GPT-2 & (+) GPT-2 outperformed word swap and word-embedding techniques \\ \cite{wang2023differentially}, 2023 & Privacy, security & Medical description data in English from CMS\footnote{\url{https://www.cms.gov/}} public healthcare records & Recurrent VAE & (+) Extending synthetic text data generator to the federated learning scenario \\ \cite{zhou2022datasiftertext}, 2022 & Privacy & Work-related injury description records in English, hospital visit",wang2023differentially;zhou2022datasiftertext;shim2021synthetic;kasthurirathne2021generative;al2021differentially;libbi2021generating;guan2019method,2411.12274,"A Review on Generative AI Models for Synthetic Medical Text, Time Series, and Longitudinal Data"
acl2023.tex,"S2D on the other hand, tackles the challenge of constructing the ideal draft model for a target model \citep{kavehzadeh2024s2dsortedspeculativedecoding}.",kavehzadeh2024s2dsortedspeculativedecoding,2411.13157,Closer Look at Efficient Inference Methods: A Survey of Speculative Decoding
neurips_2024.tex,"On the other hand, the \textbf{dialogue system} \cite{dubey2024llama} requires the model to possess a certain level of textual intelligence, including the ability to comprehend the knowledge of human society and generating professional and intelligent responses.",dubey2024llama,2411.13577,WavChat: A Survey of Spoken Dialogue Models
neurips_2024.tex,"EMOVA \cite{chen2024emova}, on the other hand, utilizes the FSPIRAL \cite{huang2022spiral} architecture for its speech encoder to capture phonetic and tonal information, which is then discretized using finite scalar quantization (FSQ) \cite{mentzer2023finite}.",chen2024emova;huang2022spiral;mentzer2023finite,2411.13577,WavChat: A Survey of Spoken Dialogue Models
neurips_2024.tex,"On the other hand, \cite{du2023lauragpt,xie2024mini,xie2024miniomni2opensourcegpt4ovision,zhang2024omniflatten} employ the Qwen \cite{bai2023qwen,yang2024qwen2} family of large language models as their backbone.","du2023lauragpt,xie2024mini,xie2024miniomni2opensourcegpt4ovision,zhang2024omniflatten;bai2023qwen,yang2024qwen2",2411.13577,WavChat: A Survey of Spoken Dialogue Models
neurips_2024.tex,"Moshi \cite{defossez2024moshi}, on the other hand, uses word-level speech-text temporal alignment information and special marker tokens to achieve similar parallel generation capabilities.",defossez2024moshi,2411.13577,WavChat: A Survey of Spoken Dialogue Models
5.3.urban.tex,"Conversely, when humans operate vehicles, they typically observe and predict the current and future states of other traffic participants to determine their own driving strategies~\cite{survey_trajpre_2022}.",survey_trajpre_2022,2411.14499,Understanding World or Predicting Future? A Comprehensive Survey of World Models
5.3.urban.tex,"On the other hand, regarding human behavior within the environment, AgentMove~\cite{feng2025agentmove} and CAMS~\cite{du2025cams} utilize existing or specifically enhanced urban geospatial knowledge within models~\cite{feng2024citygpt} to model human mobility patterns.",feng2025agentmove;du2025cams;feng2024citygpt,2411.14499,Understanding World or Predicting Future? A Comprehensive Survey of World Models
032_bench_eval.tex,"OpenCompass~\cite{2023opencompass}, on the other hand, supports multiple evaluation datasets and models through a one-stop evaluation approach, offering versatility and high scalability.",2023opencompass,2411.15296,MME-Survey: A Comprehensive Survey on Evaluation of Multimodal LLMs
3_3_Optimization_Results.tex,"Recent work \cite{zhang2025crowd}, on the other hand, proposed Crowd-based Comparative Evaluation.",zhang2025crowd,2411.15594,A Survey on LLM-as-a-Judge
arxiv-manuscript.tex,"On the other hand, Visual Transformer (ViT) \cite{dosovitskiy2020image} applies the Transformer \cite{vaswani2017attention} framework to extract image features and compute attention map of the image by attending each pixel to every other pixel.",dosovitskiy2020image;vaswani2017attention,2411.17558,Natural Language Understanding and Inference with MLLM in Visual Question Answering: A Survey
arxiv-manuscript.tex,"% On the other hand, instead of generating the captions and questions based on the origin target image, Prophet \cite{shao2023prompting} improves the ability to select In-context instances and provide answer heuristics prompt.",shao2023prompting,2411.17558,Natural Language Understanding and Inference with MLLM in Visual Question Answering: A Survey
discussion.tex,"On the other hand, these proposals can also perform audio-visual alignment by ``blindly'' adding them as additional inputs on text generation models \cite{wang2022image,alayrac2022flamingo}.","wang2022image,alayrac2022flamingo",2412.00049,A Survey of Recent Advances and Challenges in Deep Audio-Visual Correlation Learning
arxiv_3_LMM-RecSys.tex,"On the other hand, many works also encode visual information with textual information into latent representations for better item modeling~\cite{tian2024mmrec,wei2024towards}.","tian2024mmrec,wei2024towards",2412.02142,Personalized Multimodal Large Language Models: A Survey
arxiv_3_LMM-RecSys.tex,"On the other hand, other works consider using MLLMs' abilities in encoding multimodal representations, to enable item-level augmentation~\cite{tian2024mmrec}, user-item fusion~\cite{xu2024align}, and across-task multimodal knowledge transferring~\cite{hu2024lightweight}.",tian2024mmrec;xu2024align;hu2024lightweight,2412.02142,Personalized Multimodal Large Language Models: A Survey
03_2decoder.tex,"Conversely, mPLUG-2 \cite{xu2023mplug} adopts a unified model approach, managing all tasks within a single model, yet through different modules.",xu2023mplug,2412.03220,"Survey of different Large Language Model Architectures: Trends, Benchmarks, and Challenges"
game_framework.tex,"\citet{Qi2024CivRealmAL}, on the other hand, developed CivRealm based on the Civilization game.",Qi2024CivRealmAL,2412.03920,A Survey on Large Language Model-Based Social Agents in Game-Theoretic Scenarios
overviewofllms.tex,"On the other hand, although precision is important for fluency and accuracy in certain instances, some variations in wording may be acceptable \cite{Mohan2023}.",Mohan2023,2412.04503,A Primer on Large Language Models and their Limitations
mechanistic_interpretability_uq.tex,"On the other hand, the work in~\cite{engels2024not} suggests that there exists circular features corresponding to days of the week and months of the year, breaking the assumption that high-level features are linearly represented in the activation space.",engels2024not,2412.05563,"A Survey on Uncertainty Quantification of Large Language Models: Taxonomy, Open Research Challenges, and Future Directions"
Methodology.tex,"On the other hand, the LLM-as-a-Personalized-Judge approach~\cite{dong2024can} introduces a novel perspective by incorporating diverse evaluative roles and principles.",dong2024can,2412.05579,LLMs-as-Judges: A Comprehensive Survey on LLM-based Evaluation Methods
Methodology.tex,"Conversely, Myrzakhan et al.~\cite{myrzakhan2024open} introduces the Open-LLM-Leaderboard, a new benchmark for evaluating LLMs using open-style questions, which eliminates selection bias and random guessing issues associated with multiple-choice questions.",myrzakhan2024open,2412.05579,LLMs-as-Judges: A Comprehensive Survey on LLM-based Evaluation Methods
Methodology.tex,"On the other hand, for example, AIME~\cite{patel2024aime} is an evaluation protocol that utilizes multiple LLMs that each with a specific role independently generate an evaluation on separate criteria and then combine them via concatenation.",patel2024aime,2412.05579,LLMs-as-Judges: A Comprehensive Survey on LLM-based Evaluation Methods
Functionality.tex,"On the other hand, SELF-DEBUGGING~\cite{chen2023teaching} demonstrates a practical application of self-correction in code generation by identifying and rectifying errors through self-explanation and feedback.",chen2023teaching,2412.05579,LLMs-as-Judges: A Comprehensive Survey on LLM-based Evaluation Methods
Functionality.tex,"ReSTEM~\cite{singh2023beyond}, on the other hand, utilizes a self-training approach based on the expectation-maximization framework to enhance the problem-solving capabilities of large language models, particularly in areas such as solving mathematical problems and generating code.",singh2023beyond,2412.05579,LLMs-as-Judges: A Comprehensive Survey on LLM-based Evaluation Methods
Meta_evaluation.tex,"The PERSONA-CHAT~\cite{zhang2018personalizing} dataset, on the other hand, focuses on enhancing dialogue systems by incorporating predefined personas to generate more personalized responses.",zhang2018personalizing,2412.05579,LLMs-as-Judges: A Comprehensive Survey on LLM-based Evaluation Methods
bare_adv.tex,"On the other hand, the multidimensional emotions theory suggests that emotions can be viewed along a continuous spectrum, often defined by dimensions such as 2D (valence and arousal) \cite{wilson2003real} or 3D (valence, arousal, and dominance) \cite{mehrabian1996pleasure}.",wilson2003real;mehrabian1996pleasure,2412.07116,A Review of Human Emotion Synthesis Based on Generative Technology
arxiv_revised_version.tex,"On the other hand, the training data for vision-language tasks involve two different modalities, which makes it impractical to construct self-supervised data using unlabeled uni-modal data via proxy tasks, as commonly done in natural language understanding and generation~\cite{devlin2018bert,sun2019ernie,brown2020language}.","devlin2018bert,sun2019ernie,brown2020language",2412.08158,How Vision-Language Tasks Benefit from Large Pre-trained Models: A Survey
arxiv_revised_version.tex,"On the other hand, CoCoT~\cite{zhang2024cocot} prompts the VLM to derive comparison results across multiple input images as intermediate rationales to enhance VLM's reasoning capabilities on tasks involving multi images.",zhang2024cocot,2412.08158,How Vision-Language Tasks Benefit from Large Pre-trained Models: A Survey
arxiv_revised_version.tex,"On the other hand, given text as queries to retrieve visual content, a VLM attends to a sparse set of the input text~\cite{paiss2022no} where adjectives, numbers, and prepositions are often ignored.",paiss2022no,2412.08158,How Vision-Language Tasks Benefit from Large Pre-trained Models: A Survey
arvix.tex,"On the one hand, advanced LLMs effectively improve the quality of text embedding through data augmentation \cite{wang2024improving}; on the other hand, LLM-based embedders will perform much better in seen languages than in unseen languages during pre-training \cite{zhang2023language}.",wang2024improving;zhang2023language,2412.09165,When Text Embedding Meets Large Language Model: A Comprehensive Survey
pain-points.tex,"Conversely, the proportion of vulnerable samples in a truly realistic dataset may be too low to efficiently train models~\cite{reveal_2021,chen2023diversevul} and biases models towards benign predictions.","reveal_2021,chen2023diversevul",2412.11194,Direction for Detection: A Survey of Automated Vulnerability Detection and all of its Pain Points
pain-points.tex,"Conversely, some datasets that aim to produce high-quality, low-noise data, tend to be smaller and cover a low number of vulnerabilities (e.g., SVEN~\cite{He_2023}).",He_2023,2412.11194,Direction for Detection: A Survey of Automated Vulnerability Detection and all of its Pain Points
introduction.tex,"On the other hand, the ability to interact across modalities of Omni-MLLMs has also expanded, from the joint 3D-Image and Audio-Image cross-modal reasoning capability in ImageBind-LLM~\citep{imagebindllm} to the cross-modal generation capability of CoDi-2 that leverages interleaved audio and image contexts to generate both audio and images~\citep{codi2}.",imagebindllm;codi2,2412.11694,From Specific-MLLMs to Omni-MLLMs: A Survey on MLLMs Aligned with Multi-modalities
3_unintended.tex,"\subsection{Factuality Hallucinations}\label{sec:hallucination} \textit{Factuality hallucinations} \cite{Huang2023ASO}, \textit{i.e.}, the model output diverges from real-world facts, typically stem from the following causes, relating to the model-specific unknown knowledge.",Huang2023ASO,2412.12472,Knowledge Boundary of Large Language Models: A Survey
1-intro.tex,"On the other hand, causal language modeling (CLM), learning to predict every next token given its preceding context, is more effective in utilizing both model parameters and training corpora to pre-train generative models~\cite{radford2018improving}, which is proven to have scaling law w.r.t.",radford2018improving,2412.12591,LLMs are Also Effective Embedding Models: An In-depth Overview
1-intro.tex,"On the other hand, the powerful expressiveness of LLMs has opened up entirely new paradigms for representation learning, one of which is termed ``Direct Prompt for Embedding''~\cite{jiang2023scaling,zhuang2024promptreps}.","jiang2023scaling,zhuang2024promptreps",2412.12591,LLMs are Also Effective Embedding Models: An In-depth Overview
2-basic.tex,"On the other hand, some follow-up works constructed unsupervised training objectives at sequence (e.g., sentence) level, such as Skip-Thought~\cite{kiros2015skip}.",kiros2015skip,2412.12591,LLMs are Also Effective Embedding Models: An In-depth Overview
acl2023.tex,"% \citet{huang2024calibrating}, on the other hand, used ChatGPT-4 to generate correctness distribution curves to quantify human assessments of response quality.",huang2024calibrating,2412.12767,A Survey of Calibration Process for Black-Box LLMs
acl2023.tex,"Isotonic Regression \cite{jiang2011smooth}, on the other hand, seeks an optimal monotonically increasing function $f(c)$ to map the model’s confidence $ c_1, c_2, \dots, c_n $ to correctness.",jiang2011smooth,2412.12767,A Survey of Calibration Process for Black-Box LLMs
main.tex,"TagCLIP~\cite{lin2024tagclip}, on the other hand, employs a \enquote{local-to-global} framework to enhance interpretability and classification capabilities.",lin2024tagclip,2412.14056,"A Review of Multimodal Explainable Artificial Intelligence: Past, Present and Future"
main.tex,"On the other hand, analyzing outputs from problem-branching networks and the master model helps users understand multimodal information fusion and unimodal bias~\cite{cadene2019rubi}.",cadene2019rubi,2412.14056,"A Review of Multimodal Explainable Artificial Intelligence: Past, Present and Future"
main.tex,"Conversely, Cao et al.~\cite{cao2019interpretable} adopt a dependency tree to enhance interpretability in VQA.",cao2019interpretable,2412.14056,"A Review of Multimodal Explainable Artificial Intelligence: Past, Present and Future"
main.tex,"Conversely,~\cite{liang2023multimodal} introduces a method to quantify multimodal interactions, highlighting how intermodal interactions enhance signal fusion.",liang2023multimodal,2412.14056,"A Review of Multimodal Explainable Artificial Intelligence: Past, Present and Future"
LLMDAsurvey_Arx2.tex,"On the other hand, End-to-end data agents \citep{guo2024ds, qiao2023taskweaver,hong2024data,chi2024sela,jiang2024aide,li2024autokaggle,trirat2024automl,grosnit2024large} are designed to allow users to issue a single prompt that encompasses all requirements.","guo2024ds, qiao2023taskweaver,hong2024data,chi2024sela,jiang2024aide,li2024autokaggle,trirat2024automl,grosnit2024large",2412.14222,A Survey on Large Language Model-based Agents for Statistics and Data Science
LLMDAsurvey_Arx2.tex,"HuggingGPT \citep{shen2024hugginggpt}, on the other hand, uses LLMs to coordinate a variety of expert models from platforms such as Hugging Face, solving a broader range of AI tasks across multiple modalities.",shen2024hugginggpt,2412.14222,A Survey on Large Language Model-based Agents for Statistics and Data Science
template.tex,"On the other hand, the request–response model has the advantage in providing reliable, real-time interactions, particularly when the server can manage high traffic volumes and meet client demands effectively~\cite{sachs2010benchmarking}.",sachs2010benchmarking,2412.14708,Creation of AI-driven Smart Spaces for Enhanced Indoor Environments -- A Survey
template.tex,"The cloud computing on the other hand can function as a processing platform either by directly receiving data from sensors or by serving as a combined processing facility alongside edge computing, following the edge-cloud computing continuum architecture~\cite{kokkonen2022autonomy}.",kokkonen2022autonomy,2412.14708,Creation of AI-driven Smart Spaces for Enhanced Indoor Environments -- A Survey
rwkv.tex,"Conversely, RWKV excels by offering greater efficiency, quicker inference times, and reduced memory usage during operation~\cite{yuan2024mamba}.",yuan2024mamba,2412.14847,A Survey of RWKV
main.tex,"On the other hand, we use Llama-3-Eval, an open-source variant of the widely used G-Eval metric~\citep{liu-etal-2023-g}, as G-Eval has been shown to correlate better with human preferences.",liu-etal-2023-g,2412.15249,"LitLLMs, LLMs for Literature Review: Are we there yet?"
6Discussion.tex,"Conversely, unstructured data sources like Reddit \cite{nunes_modeling_2023, goudman_social_2022} and Twitter \cite{sarker_chronicpain_2023} require advanced NLP techniques to process free-text narratives effectively, enabling insights into public discourse and patient experiences.","nunes_modeling_2023, goudman_social_2022;sarker_chronicpain_2023",2412.15360,Decade of Natural Language Processing in Chronic Pain: A Systematic Review
sn-article.tex,"On the other hand, although AI brings opportunities for education, it may also present risks \cite{rahman2023chatgpt}: the unsupervised and extensive use of these tools, for example for home assignments that were designed before the public release of AI assistants, may lead to unintended consequences.",rahman2023chatgpt,2412.17486,Is ChatGPT Massively Used by Students Nowadays? A Survey on the Use of Large Language Models such as ChatGPT in Educational Settings
sn-article.tex,"On the other hand, there are also some disadvantages to take into account: for instance, some experts argue that the widespread use of technology in education can hinder students' imagination \cite{james2012}, and reduce their critical thinking abilities \cite{mayer2020}.",james2012;mayer2020,2412.17486,Is ChatGPT Massively Used by Students Nowadays? A Survey on the Use of Large Language Models such as ChatGPT in Educational Settings
sn-article.tex,"Conversely, PLMs are task-agnostic; they (as BERT \cite{devlin2018bert} and GPT \cite{radford2018improving}) introduced a paradigm shift through the pre-training and fine-tuning process where language models, based on recurrent neural networks or transformers, are pre-trained on large, unlabeled text corpora for general tasks like word prediction, and then fine-tuned on small, labeled datasets for specific tasks \cite{zhou2024comprehensive}.",devlin2018bert;radford2018improving;zhou2024comprehensive,2412.17486,Is ChatGPT Massively Used by Students Nowadays? A Survey on the Use of Large Language Models such as ChatGPT in Educational Settings
sn-article.tex,"On the other hand, there is a concern that students might rely on them to solve any type of school task, drastically undermining their learning process \cite{ratnam2023chatgpt,memarian2023chatgpt} and the potential of false information as well as compromised academic integrity \cite{farhi2023analyzing}.","ratnam2023chatgpt,memarian2023chatgpt;farhi2023analyzing",2412.17486,Is ChatGPT Massively Used by Students Nowadays? A Survey on the Use of Large Language Models such as ChatGPT in Educational Settings
Robustness_to_Attack.tex,"Conversely, for novel ciphers crafted by users, LLMs may require in-context demonstrations to comprehend the rules of these ciphers and subsequently produce harmful responses based on encoded inputs \citep{DBLP:conf/iclr/YuanJW0H0T24}.",DBLP:conf/iclr/YuanJW0H0T24,2412.17686,Large Language Model Safety: A Holistic Survey
Autonomous_AI_Risks.tex,"On the other hand, AI safety \citep{bengio2024managing, shavit2023practices} has garnered increasing attention, focusing on aligning advanced AI's behavior and goals with human values.","bengio2024managing, shavit2023practices",2412.17686,Large Language Model Safety: A Holistic Survey
Governance.tex,"The U.S., on the other hand, adopts a more flexible and industry-specific regulatory model, focusing on guidelines rather than strict rules \citep{dlapiperComparingExecutive, engler2023eu}.","dlapiperComparingExecutive, engler2023eu",2412.17686,Large Language Model Safety: A Holistic Survey
acl2023.tex,"On the other hand, \citet{ijcai2020p0461} introduce the Label Attention Model (LAAT), using a bidirectional long short-term memory (LSTM) to capture clinical context in text.",ijcai2020p0461,2412.18043,Aligning AI Research with the Needs of Clinical Coding Workflows: Eight Recommendations Based on US Data Analysis and Critical Review
Tokenization.tex,"Conversely, LMMs supporting multimodal generation capabilities tend to choose VQVAE as the tokenizer, exemplified by models like Unified-IO~\cite{lu2022unifiedio}, Chameleon~\cite{chameleonteam2024chameleon}, Emu3~\citep{Emu3}, among others~\citep{wang2024mio, seedllama, wang2022ofa}.","lu2022unifiedio;chameleonteam2024chameleon;Emu3;wang2024mio, seedllama, wang2022ofa",2412.18619,Next Token Prediction Towards Multimodal Intelligence: A Comprehensive Survey
Tokenization.tex,"Conversely, LLaVA~\citep{liu2023llava}, Emu~\citep{sun2023emu1, sun2023generative}, and Qwen-VL~\citep{QwenVL} utilize CLIP~\citep{radford2021clip} or EVA-CLIP~\citep{eva-clip} encoders with contrastive loss to align textual and non-textual representations.","liu2023llava;sun2023emu1, sun2023generative;QwenVL;radford2021clip;eva-clip",2412.18619,Next Token Prediction Towards Multimodal Intelligence: A Comprehensive Survey
Tokenization.tex,"On the other hand, \textbf{full spatial-temporal fusion} models, like Temporal 3D ConvNets~\citep{diba2017temporal}, VideoMAE~\citep{tong2022videomae}, and ViViT~\citep{arnab2021vivit}, utilize 3D convolutions or 3D attention structures, allowing for comprehensive interaction among inputs in the spatio-temporal dimension.",diba2017temporal;tong2022videomae;arnab2021vivit,2412.18619,Next Token Prediction Towards Multimodal Intelligence: A Comprehensive Survey
token_level.tex,"{\color{black} On the other hand, to further address this issue, existing researchers~\cite{ashkboos2024quarot,DBLP:journals/corr/abs-2405-04532} introduce equivalent transformation function-based approaches.","ashkboos2024quarot,DBLP:journals/corr/abs-2405-04532",2412.19442,A Survey on Large Language Model Acceleration based on KV Cache Management
introduction.tex,"Similarly, Tang et al.~\cite{tang2024survey}, Wan et al.~\cite{wan2023efficient}, and Xu et al.~\cite{xu2023parameter} provide analyses that encompass data, model, and system-level optimizations, reflecting holistic approaches to LLM acceleration.} On the other hand, some surveys focus on more specialized aspects for LLM acceleration.",tang2024survey;wan2023efficient;xu2023parameter,2412.19442,A Survey on Large Language Model Acceleration based on KV Cache Management
output.tex,"On the other hand, service management is concerned with the quality and delivery of services provided by the network, ensuring that end users and applications enjoy their desired performance levels \cite{7448886,8573813,8703470}.","7448886,8573813,8703470",2412.19823,"A Survey on Large Language Models for Communication, Network, and Service Management: Application Insights, Challenges, and Future Directions"
challenge3.tex,"On the other hand, LLMs can interact with various tools (APIs) to accomplish complex tasks \cite{qin2023toolllm} in ReAct \cite{yao2022react} style , and we can boost chemistry LLMs performance with SOTA ML models.",qin2023toolllm;yao2022react,2412.19994,From Generalist to Specialist: A Survey of Large Language Models for Chemistry
introduction.tex,"On the other hand, there are numerous powerful chemistry tools, such as the structure knowledge retrieval (PubChem \cite{kim2019pubchem}, OPTIMADE \cite{evans2024developments}), and various expert-designed artificial intelligence systems tailored to address specific problems like reaction prediction \cite{pesciullesi2020transfer}, retrosynthesis planning \cite{segler2018planning} and so on.",kim2019pubchem;evans2024developments;pesciullesi2020transfer;segler2018planning,2412.19994,From Generalist to Specialist: A Survey of Large Language Models for Chemistry
5_domain.tex,"On the other hand, \cite{zhao2024domain} focuses on cross-domain knowledge graphs by capitalizing on natural relationships between items across domains, such as books and their movie adaptations.",zhao2024domain,2501.01945,Cold-Start Recommendation towards the Era of Large Language Models (LLMs): A Comprehensive Survey and Roadmap
50-Challenges.tex,"On the other hand, AMBER \cite{wang2023llm} is an \abr{llm}-free multi-dimensional benchmark designed for both generative and discriminative tasks with annotation for 4 types of hallucination.",wang2023llm,2501.02189,"A Survey of State of the Art Large Vision Language Models: Alignment, Benchmark, Evaluations and Challenges"
5-advanced.tex,"On the other hand, verifiers and critics have limited generalization capabilities, making it difficult to provide effective guidance to the reasoning model~\citep{levine2023baseline,kim2024evaluating,chen2024odin}.","levine2023baseline,kim2024evaluating,chen2024odin",2501.02497,A Survey of Test-Time Compute: From Intuitive Inference to Deliberate Reasoning
1-introduction.tex,"However, on the one hand, further scaling in the training phase becomes difficult due to the scarcity of data and computational resources~\citep{villalobos2024rundatalimitsllm}; on the other hand, existing models still perform far below expectations in terms of robustness and handling complex tasks.",villalobos2024rundatalimitsllm,2501.02497,A Survey of Test-Time Compute: From Intuitive Inference to Deliberate Reasoning
1_Preprint_ArXiv.tex,"Conversely, information in the context window can also provide additional knowledge to enrich long-term memory \cite{li2024needlebench,xiao2024infllm}.","li2024needlebench,xiao2024infllm",2501.03151,Large language models for artificial general intelligence (AGI): A survey of foundational principles and approaches
section3.tex,"Despite its prowess, the autoregressive nature of these models imbues them with an intrinsic limitation: the inability to leverage future context in token prediction, constraining their context comprehension to a unidirectional scope.\\ BERT and its variants, on the other hand, employ a masked language model (MLM) objective, where random words in a sentence are masked, and the model is trained to predict these masked words based on their context, integrating both preceding and succeeding context",devlin2019bert,2501.04040,A Survey on Large Language Models with some Insights on their Capabilities and Limitations
section3.tex,"Source: \textcite{wikipedia}} languages, which potentially leads to bias in the pre-training data and diminishes the corpus diversity.\\ On the other hand, heuristic-based filtering involves setting predefined rules to identify and remove noisy data~\cite{workshop2023bloom, rae2021scaling}.","workshop2023bloom, rae2021scaling",2501.04040,A Survey on Large Language Models with some Insights on their Capabilities and Limitations
section4.tex,"On the other hand, Manual-CoT uses manually designed demonstrations one by one, which can be expensive and time-consuming to create~\cite{wei2022chain}.",wei2022chain,2501.04040,A Survey on Large Language Models with some Insights on their Capabilities and Limitations
4_scientific_paper_writing.tex,"On the other hand, models like AutoCite~\citep{Wang2023AutoCite} and BACO~\citep{Ge2021BACOAB} extend this work by adopting a multimodal approach, combining citation network structures with textual context to produce contextually relevant and semantically rich citation texts.",Wang2023AutoCite;Ge2021BACOAB,2501.04306,LLM4SR: A Survey on Large Language Models for Scientific Research
ma_colab_arvix.tex,"On the other hand, as studied in~\cite{wang-etal-2024-rethinking-bounds} MAS approach with suboptimal design for their competitive collaboration channels can be overtaken by single-agent counterpart with strong prompts.",wang-etal-2024-rethinking-bounds,2501.06322,Multi-Agent Collaboration Mechanisms: A Survey of LLMs
related_works.tex,CeeBERT \cite{bajpai2024ceebert} on the other hand learns the optimal threshold using Multi-Armed Bandits setup under the case that the test data distribution is different from the training dataset.,bajpai2024ceebert,2501.07670,A Survey of Early Exit Deep Neural Networks in NLP
problem_setup.tex,"ElasticBERT \cite{liu2021elasticbert} on the other hand performs the training of the BERT backbone from scratch i.e., during pre-training of the BERT backbone, the MLM and SOP heads are attached to every layer instead of just the final layer.",liu2021elasticbert,2501.07670,A Survey of Early Exit Deep Neural Networks in NLP
problem_setup.tex,"LeeBERT \cite{zhu2021leebert} on the other hand, instead of learning from only the final classifier allows knowledge to be distilled within multiple exits.",zhu2021leebert,2501.07670,A Survey of Early Exit Deep Neural Networks in NLP
problem_setup.tex,JEI-DNN \cite{chataoui2023jointly} on the other hand jointly learns a probability distribution along with the classifier weights where it learns a distribution over the set of layers and during inference this distribution is utilized to decide the exiting of the sample from a particular intermediate exit without checking at other exits.,chataoui2023jointly,2501.07670,A Survey of Early Exit Deep Neural Networks in NLP
A_Survey_of_Pedophile_Attribution_Techniques_for_Online_Platforms.tex,"On the other hand, authors of \cite{neal2017surveying} have listed 13 publicly available data sets for the general author attribution task, none of which are related to pedophiles or sexual predators.",neal2017surveying,2501.08296,A Survey on Pedophile Attribution Techniques for Online Platforms
A_Survey_of_Pedophile_Attribution_Techniques_for_Online_Platforms.tex,"On the other hand, \cite{imperial2021pedophiles} and \cite{iqbal2013unified} chose a clustering approach (unsupervised learning).",imperial2021pedophiles;iqbal2013unified,2501.08296,A Survey on Pedophile Attribution Techniques for Online Platforms
section4_4phases.tex,"On the other hand, improving this phase can further contribute to building responsible LLMs~\cite{xie2023defending,gallegos2024bias}.","xie2023defending,gallegos2024bias",2501.09431,"A Survey on Responsible LLMs: Inherent Risk, Malicious Use, and Mitigation Strategy"
section1_introduction.tex,"On the other hand, it is well-known that LLMs may experience hallucinations, resulting in the production of texts that are inaccurate and misleading~\cite{tonmoy2024comprehensive}.",tonmoy2024comprehensive,2501.09431,"A Survey on Responsible LLMs: Inherent Risk, Malicious Use, and Mitigation Strategy"
main.tex,"On the other hand, in current LLM research, the mixture of experts (MoE) technique has achieved notable success~\cite{shazeer2017outrageously}, which utilizes a sparse combination of expert modules for processing diverse inputs.",shazeer2017outrageously,2501.09431,"A Survey on Responsible LLMs: Inherent Risk, Malicious Use, and Mitigation Strategy"
2.tasks.tex,"2) structured tasks: On the other hand, search algorithms are more conventionally utilized for structured tasks, such as web navigation, robotic navigation, gaming, and graph traversal \citep{russell2010artificial,sutton2018reinforcement}.","russell2010artificial,sutton2018reinforcement",2501.10069,"A Survey on LLM Test-Time Compute via Search: Tasks, LLM Profiling, Search Algorithms, and Relevant Frameworks"
main.tex,"On the other hand, the General Data Protection Regulation (GDPR) mandates greater transparency in privacy policies for data processing in Europe~\cite{voigt2017eu}.",voigt2017eu,2501.10319,Natural Language Processing of Privacy Policies: A Survey
main.tex,"On the other hand, SVM outperformed models such as logistic regression and the hidden Markov model for automated classification of policy segments with categories from the OPP-115 corpus~\cite{wilson2016creation}.",wilson2016creation,2501.10319,Natural Language Processing of Privacy Policies: A Survey
MemOPT_AI4S.tex,"On the other hand, Zo-AdaMU \cite{jiang_zoadamu_2024} handles the problems of oscillation, overfitting, and slow convergence in MeZO by incorporating momentum and uncertainty into simulated perturbations to refine gradient estimation.",jiang_zoadamu_2024,2501.11847,A Survey on Memory-Efficient Transformer-Based Model Training in AI for Science
01-introduction.tex,"On the other hand, researchers across various communities, such as science and technology studies (STS), computer-supported cooperative work (CSCW), and fairness, accountability, and transparency (FAccT) have called for reflection on the potential negative impacts~\cite{smith2022real, hecht2021itstimesomethingmitigating, shen2023shaping}, including a rising chorus of scholars exploring the societal implications of LLM development and the need for responsible AI practices ~\cite{wang2024farsight,","smith2022real, hecht2021itstimesomethingmitigating, shen2023shaping;wang2024farsight, do2023that, amershi2019guideline",2501.12557,Understanding the LLM-ification of CHI: Unpacking the Impact of LLMs at CHI through a Systematic Literature Review
04-results.tex,"On the other hand, \citet{liao2023designer} interviewed 23 UX practitioners to explore the design space around LLMs supporting ideation, including their needs around model transparency.",liao2023designer,2501.12557,Understanding the LLM-ification of CHI: Unpacking the Impact of LLMs at CHI through a Systematic Literature Review
05-discussion.tex,"As \citet{palmer2024using} discuss, closed models are at odds with the transparency and reproducibility expected of research.",palmer2024using,2501.12557,Understanding the LLM-ification of CHI: Unpacking the Impact of LLMs at CHI through a Systematic Literature Review
coling_latex.tex,"%\citet{keleg2023aldi} define it as a regression problem, where the dialectness level reflects the extent by which a sentence diverges from MSA.",keleg2023aldi,2501.13419,"A Survey of Code-switched Arabic NLP: Progress, Challenges, and Future Directions"
coling_latex.tex,"1973?} \citet{keleg2023aldi} define the level of dialectness as a value in the range [0,1] reflecting the extent by which a sentence diverges from MSA.",keleg2023aldi,2501.13419,"A Survey of Code-switched Arabic NLP: Progress, Challenges, and Future Directions"
coling_latex.tex,"Back-translation, on the other hand, was found to be capable of generating sentences with correct morphological CSW \cite{hamed2023data}.",hamed2023data,2501.13419,"A Survey of Code-switched Arabic NLP: Progress, Challenges, and Future Directions"
paper.tex,"Unsupervised learning, on the other hand, uses statistical algorithms to identify patterns in unlabeled data \cite{ariruna_dasgupta_classification_2016}.",ariruna_dasgupta_classification_2016,2501.16112,Survey: Understand the challenges of MachineLearning Experts using Named EntityRecognition Tools
paper.tex,"Unsupervised learning \cite{ariruna_dasgupta_classification_2016}, on the other hand, relies only on statistical algorithms to detect patterns from unlabeled data.",ariruna_dasgupta_classification_2016,2501.16112,Survey: Understand the challenges of MachineLearning Experts using Named EntityRecognition Tools
main.tex,"On the other hand,~\cite{DBLP:conf/lirai/BauerSGA23} used a Longformer encoder, pre-trained on the LegalBART objective using 6 million U.S.",DBLP:conf/lirai/BauerSGA23,2501.17830,A Comprehensive Survey on Legal Summarization: Challenges and Future Directions
main.tex,"On the other hand,~\cite{10.1145/3322640.3326728} developed a CNN-based model that selects predictive sentences from legal case documents.",10.1145/3322640.3326728,2501.17830,A Comprehensive Survey on Legal Summarization: Challenges and Future Directions
main.tex,"On the other hand,~\citet{elaraby2024adding} focuses on a human evaluation strategy for legal summarization.",elaraby2024adding,2501.17830,A Comprehensive Survey on Legal Summarization: Challenges and Future Directions
main.tex,"Conversely, if an AI achieves performance comparable to a human expert, interpretability reinforces end-user trust in the system~\cite{glikson2020human}.",glikson2020human,2502.00837,Explainability in Practice: A Survey of Explainable NLP Across Various Domains
02_related_work.tex,"% The Instagram dataset~\cite{hosseinmardi2015detection}, on the other hand, is derived from one of the most popular social networking sites where users frequently report experiences of cyberbullying.",hosseinmardi2015detection,2502.01676,Benchmark on Peer Review Toxic Detection: A Challenging Task with a New Dataset
02_related_work.tex,"The Instagram dataset~\cite{hosseinmardi2015detection}, on the other hand, is derived from one of the most popular social networking sites where users frequently report experiences of cyberbullying.",hosseinmardi2015detection,2502.01676,Benchmark on Peer Review Toxic Detection: A Challenging Task with a New Dataset
2-Backgrounds.tex,"On the other hand, a \textbf{decentralized} paradigm distributes task-level decision-making among the robots, enabling them to operate resiliently~\cite{rizk2019cooperative}.",rizk2019cooperative,2502.03814,Large Language Models for Multi-Robot Systems: A Survey
2-Backgrounds.tex,"On the other hand, retrieval-augmented generation (\textbf{RAG}) is an alternative technique that integrates external knowledge sources to increase the zero-shot accuracy of the LLMs on specialized tasks~\cite{lewis2020retrieval, huang2023survey}.","lewis2020retrieval, huang2023survey",2502.03814,Large Language Models for Multi-Robot Systems: A Survey
4-LLM-MRS.tex,"On the other hand, Gupte \etal~\cite{gupte_rebel_2024} proposed an LLM-based framework to solve Initial Task Allocation for a multi-robot multi-human system.",gupte_rebel_2024,2502.03814,Large Language Models for Multi-Robot Systems: A Survey
4-LLM-MRS.tex,"On the other hand, Liu \etal~\cite{liu_coherent_2024} proposed the \textbf{COHERENT} framework, which utilizes a Proposal-Execution-Feedback-Adjustment (PEFA) mechanism for task planning in heterogeneous MRS.",liu_coherent_2024,2502.03814,Large Language Models for Multi-Robot Systems: A Survey
4-LLM-MRS.tex,"On the other hand, Garg \etal~\cite{garg_foundation_2024} used LLMs to resolve deadlocks in connected multi-robot navigation systems.",garg_foundation_2024,2502.03814,Large Language Models for Multi-Robot Systems: A Survey
2.vfm.tex,"\textbf{ViTGuard}~\cite{sun2024vitguard}, on the other hand, employs a masked autoencoder to detect patch attacks by analyzing attention maps and CLS token representations.",sun2024vitguard,2502.05206,Safety at Scale: A Comprehensive Survey of Large Model and Agent Safety
2.vfm.tex,"\textbf{DarkSAM}~\cite{zhou2024darksam}, on the other hand, introduces a hybrid spatial-frequency framework that combines semantic decoupling and texture distortion to generate universal perturbations.",zhou2024darksam,2502.05206,Safety at Scale: A Comprehensive Survey of Large Model and Agent Safety
3.llm.tex,"\textbf{IBProtector}, on the other hand, \cite{liu2024protecting} perturbs the encoded input using the information bottleneck principle.",liu2024protecting,2502.05206,Safety at Scale: A Comprehensive Survey of Large Model and Agent Safety
LMM_survey-R1.tex,"Conversely, for rapid prototyping or tasks where text modality dominates (e.g.~in Bengali hate speech detection, where a text-only XLM-RoBERTa achieves $F1=0.82$ vs.~$F1=0.83$ for the multimodal pipeline \citep{2022-karim}), simpler approaches may be preferable.",2022-karim,2502.05568,Large Multimodal Models for Low-Resource Languages: A Survey
Review.tex,"On the other hand, the speech-to-speech model translates languages into another directly hence avoiding compound errors observed when using the cascade approach \cite{jia}.",jia,2502.05980,Speech to Speech Translation with Translatotron: A State of the Art Review
8accountability.tex,"On the other hand, multi-bit watermarking involves extracting encoded information, which is assessed using metrics like Bit Error Rate (BER) \cite{yoo-etal-2023-robust} and bit accuracy\cite{yoo-etal-2024-advancing}.",yoo-etal-2023-robust;yoo-etal-2024-advancing,2502.06872,Towards Trustworthy Retrieval Augmented Generation for Large Language Models: A Survey
2preliminaries.tex,"On the other hand, for open domain question answering where answers are more unstructured, Exact Match (EM) and Lexical Match are commonly used~\cite{zhang-etal-2023-survey-efficient}.",zhang-etal-2023-survey-efficient,2502.06872,Towards Trustworthy Retrieval Augmented Generation for Large Language Models: A Survey
2preliminaries.tex,"On the other hand, the surveys on LLM trustworthiness focus mostly on the generation aspects of LLMs, such as mitigating hallucinations or enhancing explainability, and cannot be directly applied to RAG models due to the added complexity introduced by the retrieval and augmentation stages~\cite{trustworthy_llms_2024}.",trustworthy_llms_2024,2502.06872,Towards Trustworthy Retrieval Augmented Generation for Large Language Models: A Survey
4privacy.tex,"The HealthcareMagic-101 dataset~\cite{zeng2024mitigating}, on the other hand, consists of doctor-patient dialogues, encompassing a variety of medical discussions that include personally identifiable information (PII) and private health information.",zeng2024mitigating,2502.06872,Towards Trustworthy Retrieval Augmented Generation for Large Language Models: A Survey
main.tex,"Conversely, some works have introduced the problem as a topic coverage task \cite{kou2015weighted}.",kou2015weighted,2502.07683,exHarmony: Authorship and Citations for Benchmarking the Reviewer Assignment Problem
Revised_Manusript.tex,"Conversely, in single-stream models, modality fusion is inherently integrated within a unified encoder, which is typically a multi-layer transformer \cite{visionlanguageintelligencetasksrepresentation}.} \label{Single vs dual} \end{figure*} VLMs are designed to process and integrate visual and textual information simultaneously.",visionlanguageintelligencetasksrepresentation,2502.07855,Vision-Language Models for Edge Networks: A Comprehensive Survey
Revised_Manusript.tex,"On the other hand, for heavy computing tasks, such as real-time image processing in smart cameras, GPUs or special processors like Application-Specific Integrated Circuits (ASICs) may be used \cite{karthikeyan2019applications}.",karthikeyan2019applications,2502.07855,Vision-Language Models for Edge Networks: A Comprehensive Survey
Revised_Manusript.tex,"\textbf{Cloud-Appropriate Models}, on the other hand, refer to deeper and resource-heavy architectures such as ResNet-50, BERT, as well as other large transformer-based architectures that require a considerable amount of computing resources to maintain but offer improved accuracy and broader analysis capabilities when processed from cloud environments \cite{He2016ResNet,Devlin2019BERT}.","He2016ResNet,Devlin2019BERT",2502.07855,Vision-Language Models for Edge Networks: A Comprehensive Survey
3_taxonomy.tex,"Conversely, LLM-based RS, with their robust contextual understanding and world knowledge, excel at processing textual descriptions~\cite{yang2023palr,zhai2024actions}.","yang2023palr,zhai2024actions",2502.08346,Graph Foundation Models for Recommendation: A Comprehensive Survey
anonymous-submission-latex-2026.tex,"On the other hand, InstaFlow~\cite{liu2023instaflow,zhu2025slimflow} aims to construct a one-step generator as $\mbx_1 + \mbv_{\mbphi}(\mbx_1, 1)$, where $\mbv_{\mbphi}(\mbx_1, 1)$ can be trained as $ \cL_{\text{rf-dis}} = \mathbb{E}_{\mbx_1}\left[\|(\mbx_1 - \widehat{\mbx}_0) - \mbv^{1}_{\mbphi}(\mbx_1, 1)\|^2\right]$.","liu2023instaflow,zhu2025slimflow",2502.08364,A Survey on Pre-Trained Diffusion Model Distillations
paper.tex,"On the other hand, Self-Supervised Learning (SSL) represents one of the most recent and competitive paradigms within the deep learning field, aimed at alleviating the large amount of labeled data required by deep neural models for learning \cite{LeCunn2021}.",LeCunn2021,2502.08417,Handwritten Text Recognition: A Survey
acl2023.tex,"On the other hand, BERTScore computes the similarities between BERT \cite{devlin2019bert} embeddings of two sentences.",devlin2019bert,2502.08796,A Systematic Review on the Evaluation of Large Language Models in Theory of Mind Tasks
acl2023.tex,"\citet{bianchi2024llmsnegotiatenegotiationarenaplatform}, on the other hand, observe some tactics used by LLMs to improve their success but also note some irrational behavior.",bianchi2024llmsnegotiatenegotiationarenaplatform,2502.08796,A Systematic Review on the Evaluation of Large Language Models in Theory of Mind Tasks
acl2023.tex,"On the other hand, \citet{mireshghallah2024llmssecrettestingprivacy} highlights that using zero-shot CoT does not improve privacy, and in fact, it makes leakage more severe.",mireshghallah2024llmssecrettestingprivacy,2502.08796,A Systematic Review on the Evaluation of Large Language Models in Theory of Mind Tasks
acl_latex.tex,"Conversely, smaller, meticulously curated datasets like Flickr30K \cite{young2014image} (31,000 images with human annotations) and domain-specific collections such as Fashionpedia \cite{fashionpedia} (48,000 images with segmentation masks) prioritize annotation quality over scale, making them essential for fine-tuning models and assessing specialized performance.",young2014image;fashionpedia,2502.08826,Ask in Any Modality: A Comprehensive Survey on Multimodal Retrieval-Augmented Generation
3_game_for_llm_algorithms.tex,"On the other hand, Chen et al.~\cite{chen2024decoding} proposed the Decoding Game, a theoretical framework that reimagines text generation as a zero-sum game against an adversarial ``Nature.'' Their analysis shows that this framing provides the first theoretical justification for the empirical success of heuristic methods like Top-k sampling.",chen2024decoding,2502.09053,Game Theory Meets Large Language Models: A Systematic Survey with Taxonomy and New Frontiers
ijcai25.tex,"Conversely, data-driven methods (e.g., instruction tuning on LogicBench~\cite{parmar2024logicbench}) achieve broader task coverage but fail to generalize beyond syntactic patterns.",parmar2024logicbench,2502.09100,Logical Reasoning in Large Language Models: A Survey
acl_latex.tex,"This method is especially effective when paired with cross-lingual fine-tuning strategies, allowing DRAG to further refine reasoning across languages and improve the consistency and quality of multilingual outputs.} \textcolor{blue}{On the other hand, Leveraging curriculum learning and Group Relative Policy Optimization (GRPO) \citep{shao2024deepseekmathpushinglimitsmathematical} to train a multilingual guardrail model with reasoning ability aligns the model with desired multilingual moderation ",shao2024deepseekmathpushinglimitsmathematical;yang2025mr,2502.09457,A Survey of Multilingual Reasoning in Language Models
main.tex,"On the other hand, limited research has focused on modeling user representations using GLLMs \cite{gao2024generative, chen2024lkpnr}.","gao2024generative, chen2024lkpnr",2502.09797,A Survey on LLM-based News Recommender Systems
acl_latex.tex,"Interactive teaching, on the other hand, benefits from models like SocraticLM~\citep{liusocraticlm}, which employs adapters fine-tuned on the SocraTeach dataset to engage students in critical thinking and problem-solving.",liusocraticlm,2502.10708,Injecting Domain-Specific Knowledge into Large Language Models: A Comprehensive Survey
02-rw.tex,"On the other hand, in abstract writing tasks, LLMs are often used for polishing and text completion\cite{khalifa2024using}, such as generating the Background for the abstract.",khalifa2024using,2502.11193,Large Language Models Penetration in Scholarly Writing and Peer Review
02-related-works.tex,"% On the other hand, in abstract writing tasks, LLMs are often used for polishing and text completion\cite{khalifa2024using}, such as generating the Background for the abstract.",khalifa2024using,2502.11193,Large Language Models Penetration in Scholarly Writing and Peer Review
appendix.tex,"On the other hand, LLM agents have shown good performance in various fields~\cite{Wang_2024_surveyllmagents}, and it would be worth investigating whether LLM agents can serve a role in enhancing existing AL algorithms, for example, as better drop-in replacement for expensive annotation efforts.",Wang_2024_surveyllmagents,2502.11767,From Selection to Generation: A Survey of LLM-based Active Learning
6_analysis.tex,"\citet{bigelow2024forkingpathsneuraltext} % On the other hand, \citet{kim2025scalingevaluationtimecomputereasoning} compares validity and utility using critic models.",bigelow2024forkingpathsneuraltext;kim2025scalingevaluationtimecomputereasoning,2502.12289,Evaluating Step-by-step Reasoning Traces: A Survey
A2_resources.tex,"On the other hand, synthetic, algorithmic reasoning tasks like BIG-Bench-Hard \citep{suzgun2022challengingbigbenchtaskschainofthought} are linguistically uniform.",suzgun2022challengingbigbenchtaskschainofthought,2502.12289,Evaluating Step-by-step Reasoning Traces: A Survey
acl_latex.tex,"Fine-tuning, on the other hand, leads to degraded performance \citep{bubeck_sparks_2023}.",bubeck_sparks_2023,2502.12598,Bring Your Own Knowledge: A Survey of Methods for LLM Knowledge Expansion
01-Introduction.tex,"% Agent-oriented metrics, on the other hand, assess intrinsic, task-agnostic qualities, such as consistency~\cite{shao-etal-2023-character} and robustness~\cite{shao-etal-2023-character}, but fail to account for how the generated data influences downstream tasks.",shao-etal-2023-character;shao-etal-2023-character,2502.13012,Towards a Design Guideline for RPA Evaluation: A Survey of Large Language Model-Based Role-Playing Agents
main_vulnerability.tex,"Ultrasonic sensors, on the other hand, are often employed in robotic arms and grippers for precise object detection and proximity sensing, especially in close-range applications \cite{bostelman1989electronics}.",bostelman1989electronics,2502.13175,Towards Robust and Secure Embodied AI: A Survey on Vulnerabilities and Attacks
main.tex,"On the other hand, ReasonEval \citep{xia2024evaluating} presents a metric to score solution paths through their validity and redundancy.",xia2024evaluating,2502.14333,A Survey on Feedback-based Multi-step Reasoning for Large Language Models on Mathematics
main.tex,"On the other hand, HGS-PRM \citep{ma2023let} applies the greedy search algorithm to select the best solution path with a PRM.",ma2023let,2502.14333,A Survey on Feedback-based Multi-step Reasoning for Large Language Models on Mathematics
main.tex,"On the other hand, RSD \citep{liao2025RewardGuided} combines a PRM with speculative decoding to improve the decoding efficiency.",liao2025RewardGuided,2502.14333,A Survey on Feedback-based Multi-step Reasoning for Large Language Models on Mathematics
main.tex,"On the other hand, ReST-MCTS* \citep{zhang2024rest} integrates a PRM with MCTS to collect reasoning steps and their labels to enhance self-training of the language model as the policy model.",zhang2024rest,2502.14333,A Survey on Feedback-based Multi-step Reasoning for Large Language Models on Mathematics
main.tex,"On the other hand, REFINER \citep{paul2024refiner} trains a generator model to generate solution paths and a critic model to provide feedback to one of the generated paths in an iterative fashion.",paul2024refiner,2502.14333,A Survey on Feedback-based Multi-step Reasoning for Large Language Models on Mathematics
main.tex,"On the other hand, OVM \citep{yu2024ovm} utilizes a trained ORM to guide beam search in inference by evaluating at the step level and leveraging outcome rewards as process rewards.",yu2024ovm,2502.14333,A Survey on Feedback-based Multi-step Reasoning for Large Language Models on Mathematics
main.tex,"On the other hand, \citet{setlur2024rewarding} measures the advantage of each step defined as the gain in likelihood of reaching the correct answer by taking that step, and combines with an ORM.",setlur2024rewarding,2502.14333,A Survey on Feedback-based Multi-step Reasoning for Large Language Models on Mathematics
main.tex,"On the other hand, CoT Rerailer \citep{wan2024cot} generates multiple solution paths and selects the least hallucinated one for an LLM agent to verify each step.",wan2024cot,2502.14333,A Survey on Feedback-based Multi-step Reasoning for Large Language Models on Mathematics
main.tex,"On the other hand, DTV \citep{zhou2024don} utilizes Isabelle \citep{nipkow2002isabelle} as an automated theorem prover to verify solutions.",zhou2024don;nipkow2002isabelle,2502.14333,A Survey on Feedback-based Multi-step Reasoning for Large Language Models on Mathematics
manuscript_ACM_v2.tex,"On the other hand, regarding message encoding, the communication message can be encoded by evolution~\citep{giles2003learning} or learning~\citep{sukhbaatar2016learning,foerster2016learning} apart from explicitly predefined.","giles2003learning;sukhbaatar2016learning,foerster2016learning",2502.14743,Multi-Agent Coordination across Diverse Applications: A Survey
sec_methods.tex,"On the other hand, GuardT2I~\cite{Yang2024GuardT2IDT} detects adversarial prompts that attempt to bypass safety mechanisms, leveraging a fine-tuned LLM to analyze and reject unsafe queries before image generation.",Yang2024GuardT2IDT,2502.14896,A Comprehensive Survey on Concept Erasure in Text-to-Image Diffusion Models
ijcai25.tex,"On the other hand, the pre-training corpus of LLMs primarily consists of human-written texts, which lack high-quality logical reasoning samples such as logical deduction and proofs~\cite{morishitaenhancing}.",morishitaenhancing,2502.15652,Empowering LLMs with Logical Reasoning: A Comprehensive Survey
ijcai25.tex,"On the other hand, while LLM inference is involved in every searching step, solving a problem typically requires numerous such steps, resulting in a significant computational cost~\cite{yang2023neuro}.",yang2023neuro,2502.15652,Empowering LLMs with Logical Reasoning: A Comprehensive Survey
1.experimental_methods.tex,"On the other hand, E2gmm~\citep{chen2021deep} models the 3D structure using a set of Gaussians to automatically resolve the structural heterogeneity, whereas 3DFlex~\citep{punjani20233dflex} employs a neural network to fit the 3D displacement field of each particle by concurrently exploring its deformation field and refining a canonical density.",chen2021deep;punjani20233dflex,2502.17504,Protein Large Language Models: A Comprehensive Survey
form.tex,"\subsection{Performance prediction}\label{sec:perf-pred} \citet{kaplan2020scaling} proposes a power law between Loss $L$, number of model Parameters $N$, and number of Dataset tokens $D$: \begin{equation} L(N, D) = \left[ \left( \frac{N}{N_c}\right)^{\frac{\alpha_N}{\alpha_D}} + \frac{D}{D_c} \right]^{\alpha_D} \end{equation} On the other hand, Approach 3 of \citet{hoffmann2022training} proposes \begin{equation} L(N, D) = E + \frac{A}{N^\alpha} + \frac{B}{D^\beta} \end{equation} In both of the a",kaplan2020scaling;hoffmann2022training,2502.18969,(Mis)Fitting: A Survey of Scaling Laws
form.tex,"The \citet{hoffmann2022training} form, on the other hand, consists of 3 additive sources of error, $E$ representing the irreducible error that would exist even with infinite data and compute budget, as well as two terms representing the error introduced by limited parameters and limited data, respectively.",hoffmann2022training,2502.18969,(Mis)Fitting: A Survey of Scaling Laws
survey.tex,"Conversely, larger explanation sizes indicate lower inconsistency degrees, as illustrated in the Lottery paradox~\cite{hunter2010measure}.",hunter2010measure,2502.19023,Dealing with Inconsistency for Reasoning over Knowledge Graphs: A Survey
paper.tex,"On the other hand, studies on tokenization methods for speech language modeling~\citep{gat-etal-2023-discreteslm,borsos-etal-2023-audiolm} also show that speech tokenization methods can affect the performance of speech language models.","gat-etal-2023-discreteslm,borsos-etal-2023-audiolm",2502.19548,When Large Language Models Meet Speech: A Survey on Integration Approaches
amia.tex,"% On the other hand, as have textual explanation forms.\cite{Agerri2023HiTZAntidoteAE, Wang2023CanLL} % have also been used to explain medical decisions to end-users % and to explain the rationales behind dementia diagnosis through cognitive tests.\cite{Wang2023CanLL} Shen et al.\cite{shen2018constructing}~applied an example-based XAI method, which retrieves similar clinical cases through Case-Based Reasoning.","Agerri2023HiTZAntidoteAE, Wang2023CanLL;Wang2023CanLL;shen2018constructing",2502.20478,Explainable AI for Clinical Outcome Prediction: A Survey of Clinician Perceptions and Preferences
main.tex,"Conversely,~\cite{daeli2020sentiment} focused on the Cornell movie review dataset, solely utilizing KNN with the information gain technique, yielding an accuracy of 90.8\%.",daeli2020sentiment,2502.20682,Fine-tuning BERT with Bidirectional LSTM for Fine-grained Movie Reviews Sentiment Analysis
main.tex,"Conversely,~\cite{li2019exploiting} explored the potential of contextualized embeddings from BERT in an end-to-end ABSA task, focusing on integrating BERT embeddings with various neural models.",li2019exploiting,2502.20682,Fine-tuning BERT with Bidirectional LSTM for Fine-grained Movie Reviews Sentiment Analysis
main.tex,"Conversely,~\cite{munikar2019fine} employed BERT for both binary and fine-grained classifications on SST-2 and SST-5 datasets, respectively.",munikar2019fine,2502.20682,Fine-tuning BERT with Bidirectional LSTM for Fine-grained Movie Reviews Sentiment Analysis
main.tex,"Conversely, the remaining 50\% involve pairs where a random sentence from the corpus is chosen as the second sentence \cite{munikar2019fine}.",munikar2019fine,2502.20682,Fine-tuning BERT with Bidirectional LSTM for Fine-grained Movie Reviews Sentiment Analysis
read_main.tex,"On the other hand, benchmarks are constructed from evaluation datasets and metrics where test cases create an evaluation dataset \cite{benchmark}.",benchmark,2503.01245,"Large Language Models for Code Generation: A Comprehensive Survey of Challenges, Techniques, Evaluation, and Applications"
99-appendix.tex,"Facilitators, on the other hand, guide discussions, promote participation and structured dialogue, particularly in online deliberation and education platforms \cite{Asterhan2010OnlineMO}.",Asterhan2010OnlineMO,2503.01513,Evaluation and Facilitation of Online Discussions in the LLM Era: A Survey
papers_taxonomy.tex,"On the other hand, this solution lacks insight into the general semantics of the response, and does not generalize to concepts that are not expressed in the keyword list \cite{moser2007limits}.",moser2007limits,2503.01742,Building Safe GenAI Applications: An End-to-End Overview of Red Teaming for Large Language Models
papers_taxonomy.tex,"\textbf{LLMs-as-Judges}, on the other hand, are often leveraged due to their low barrier of entry and impressive performance \cite{zheng2023judgingllmasajudgemtbenchchatbot}.",zheng2023judgingllmasajudgemtbenchchatbot,2503.01742,Building Safe GenAI Applications: An End-to-End Overview of Red Teaming for Large Language Models
main.tex,"Absent such mechanistic evidence, ``emergence'' collapses into observer-side surprise; conversely, ability jumps accompanied by identified internal reorganisation (e.g., the symbol-abstraction / induction / retrieval circuit of~\cite{yang2025emergent} or the pathway restructuring of~\cite{li2025grokking}) constitute stronger evidence of genuine emergence than any accuracy curve on its own.",yang2025emergent;li2025grokking,2503.05788,Emergent Abilities in Large Language Models: A Survey
07-others.tex,"Conversely, SERAC~\citep{mitchell2022memory} integrates a counterfact model with a classifier to determine the applicability of new knowledge sources, offering a minimally invasive approach that preserves the base model’s integrity without necessitating extensive structural modifications.",mitchell2022memory,2503.06072,A Survey on Post-training of Large Language Models
manuscript.tex,"On the other hand, there is concern that early career software developers might not have mastered the core competencies in software engineering (e.g., coding, and testing) to be able to use those tools properly \cite{kam:2025}.",kam:2025,2503.07556,Novice Developers' Perspectives on Adopting LLMs for Software Development: A Systematic Literature Review
methods.tex,"HistoGPT-L, on the other hand, employs a graph convolutional network (GNN) ~\cite{kipf2016semi} to encode WSI-level positional information, eliminating the need for a pre-trained WSI encoder.",kipf2016semi,2503.09091,Multi-Modal Foundation Models for Computational Pathology: A Survey
Section4_RelatedWorks.tex,"On the other hand, Equivariant Descriptor Fields (EDF)\cite{ryu2022equivariant} achieve local equivariance by utilizing the locality of Equiformer\cite{liao2022equiformer} and $SE(3)$-Transformer\cite{se3t}.",ryu2022equivariant;liao2022equiformer;se3t,2503.09829,SE(3)-Equivariant Robot Learning and Control: A Tutorial Survey
Section5_GeometricImpedanceControl.tex,"On the other hand, the Lie algebra-based potential function can be constructed \cite{teng2022lie, bullo1995proportional}.","teng2022lie, bullo1995proportional",2503.09829,SE(3)-Equivariant Robot Learning and Control: A Tutorial Survey
Section5_GeometricImpedanceControl.tex,"On the other hand, there is no symmetric bilinear form on $\se$ that is both positive definite and bi-invariant \cite{bullo1995proportional, park1995distance}.","bullo1995proportional, park1995distance",2503.09829,SE(3)-Equivariant Robot Learning and Control: A Tutorial Survey
Section2_RelatedWorks.tex,"On the other hand, EDFs\cite{ryu2022equivariant} achieves local equivariance by utilizing the locality of Equiformer\cite{liao2022equiformer} and SE(3)-Transformer\cite{se3t}.",ryu2022equivariant;liao2022equiformer;se3t,2503.09829,SE(3)-Equivariant Robot Learning and Control: A Tutorial Survey
root.tex,"On the other hand, control design on SE(3) manifold structure has been recently investigated in \cite{seo2023geometric, seo2024comparison}.","seo2023geometric, seo2024comparison",2503.09829,SE(3)-Equivariant Robot Learning and Control: A Tutorial Survey
Section5_GeometricImpedanceControl.tex,"On the other hand, the configuration error $g_{de}$ is directly interpreted as an element on the manifold $\SE$, and the time-derivative of $g_{de} = g_d^{-1}g$ is dealt with in \cite{teng2022lie} in the following way.",teng2022lie,2503.09829,SE(3)-Equivariant Robot Learning and Control: A Tutorial Survey
Section4_RelatedWorks.tex,"On the other hand, Equivariant Descriptor Fields (EDF)\cite{ryu2022equivariant} achieve local equivariance by utilizing the locality of Equiformer\cite{liao2022equiformer} and $SE(3)$-Transformer\cite{se3t}.",ryu2022equivariant;liao2022equiformer;se3t,2503.09829,SE(3)-Equivariant Robot Learning and Control: A Tutorial Survey
Section5_GeometricImpedanceControl.tex,"On the other hand, the Lie algebra-based potential function can be constructed \cite{teng2022lie, bullo1995proportional}.","teng2022lie, bullo1995proportional",2503.09829,SE(3)-Equivariant Robot Learning and Control: A Tutorial Survey
Section5_GeometricImpedanceControl.tex,"On the other hand, there is no symmetric bilinear form on $\se$ that is both positive definite and bi-invariant \cite{bullo1995proportional, park1995distance}.","bullo1995proportional, park1995distance",2503.09829,SE(3)-Equivariant Robot Learning and Control: A Tutorial Survey
main_ACM_V2.tex,"On the other hand, “massive MTC” refers to scenarios where the number of connected devices is at least ten times greater than current levels, with varying quality-of-service (QoS) requirements imposed on the cellular network \cite{dawy2016toward,7565189}.","dawy2016toward,7565189",2503.09956,DeepSeek-Inspired Exploration of RL-based LLMs and Synergy with Wireless Networks: A Survey
main_ACM_V2.tex,"On the other hand, decoder-only architectures, such as DeepSeek-V3~\cite{liu2024deepseek}, GPT-4o~\cite{hurst_aaron2024gpt4o}, are good at predictive modeling and automated troubleshooting.",liu2024deepseek;hurst_aaron2024gpt4o,2503.09956,DeepSeek-Inspired Exploration of RL-based LLMs and Synergy with Wireless Networks: A Survey
main_ACM_V2.tex,"LLMs, on the other hand, can potentially address this issue by leveraging their ability to process and make sense of unstructured data~\cite{vijayan2023prompt}.",vijayan2023prompt,2503.09956,DeepSeek-Inspired Exploration of RL-based LLMs and Synergy with Wireless Networks: A Survey
5-rag.tex,"% Calibration-based integration , on the other hand, uses retrieval logits to refine the model's prediction confidence, as seen in confidence-enhanced kNN-MT\cite{jiang2022towards}.",jiang2022towards,2503.10677,A Survey on Knowledge-Oriented Retrieval-Augmented Generation
Outlook.tex,"Conversely, SLMs such as Gemini Nano~\citep{team2023gemini} and Phi-3~\citep{abdin2024phi} provide lightweight alternatives with better deployment efficiency but limited generalization and task transferability.",team2023gemini;abdin2024phi,2503.12016,A Survey on Federated Fine-tuning of Large Language Models
main.tex,"On the other hand, LLMs can serve as a parameter-frozen model component \cite{anonymous2024st, moon2023imu2clip, yan2024urbanclip}, thus augmenting domain models by injecting the pretrained external knowledge in LLMs.","anonymous2024st, moon2023imu2clip, yan2024urbanclip",2503.13502,Foundation Models for Spatio-Temporal Data Science: A Tutorial and Survey
sample-sigconf-authordraft.tex,"On the other hand, concatenation stacks multi-modal representations along the same dimension, retaining modality-specific characteristics and allowing models to capture joint relationships between the modalities~\cite{kim2024multimodalforecasterjointlypredicting,deznabi-etal-2021-predicting,khadanga2019using,khadanga2019using}.","kim2024multimodalforecasterjointlypredicting,deznabi-etal-2021-predicting,khadanga2019using,khadanga2019using",2503.13709,Multi-modal Time Series Analysis: A Tutorial and Survey
4evaluation.tex,"The evaluation in \cite{giulianelli2023comes}, on the other hand, is a comparison between the variability of human production (generation) with that of the LM.",giulianelli2023comes,2503.15850,Uncertainty Quantification and Confidence Calibration in Large Language Models: A Survey
3methods.tex,"on the other hand, instead of using logits, \citet{ren2022out} used Relative Mahalanobis distance (RMD) between the hidden states from different generations as uncertainty and \cite{vazhentsev2023huq} propose a new uncertainty estimation method that combines epistemic and aleatoric UE methods based on RMD.",ren2022out;vazhentsev2023huq,2503.15850,Uncertainty Quantification and Confidence Calibration in Large Language Models: A Survey
3methods.tex,"On the other hand, \citet{su2024api} extend conformal prediction to black-box by sampling the generations multiple times.",su2024api,2503.15850,Uncertainty Quantification and Confidence Calibration in Large Language Models: A Survey
part4_dynamic.tex,"% On the other hand, Reward-Guided Speculative Decoding (RSD) \cite{liao2025reward} enhances the efficiency of speculative decoding specifically for multi-step reasoning tasks.",liao2025reward,2503.16419,Stop Overthinking: A Survey on Efficient Reasoning for Large Language Models
template.tex,"On the other hand, recent research on small LLMs (SLLMs) suggests that these models can perform tasks previously reserved for larger models \cite{chen2024rolesmallmodelsllm}.",chen2024rolesmallmodelsllm,2503.16457,Integrating Personality into Digital Humans: A Review of LLM-Driven Approaches for Virtual Reality
78FutureDirectionandConclusion.tex,"On the other hand, Joint training and inference paradigms \cite{69ouyang2024pluto,73wang2023privatelora} leveraging both cloud and edge resources can balance local autonomy with global optimization and could be further explored as another future research direction.","69ouyang2024pluto,73wang2023privatelora",2503.16585,"Distributed LLMs and Multimodal Large Language Models: A Survey on Advances, Challenges, and Future Directions"
78FutureDirectionandConclusion.tex,"On the other hand, deploying Gradient-Based Language Model Pruner \cite{das2023beyond} and applying sparsification for fine-tuning LLMs \cite{yangsparse} could be the next future direction that could be applied for gradient compression in distributed setting.",das2023beyond;yangsparse,2503.16585,"Distributed LLMs and Multimodal Large Language Models: A Survey on Advances, Challenges, and Future Directions"
sec4_techniques.tex,"e.g., personalized meta-learning, Personalized Soups etc.} Conversely, in black-box scenarios, federated learning emerges as a privacy-preserving solution for personalization~\cite{10571602,kuang2024federatedscope}.","10571602,kuang2024federatedscope",2503.17003,A Survey on Personalized Alignment -- The Missing Piece for Large Language Models in Real-World Applications
2_Bachground.tex,"On the other hand, positional encoding can be divided into several techniques~\cite{lopez2024positional} such as~\ac{APE} which assigns a unique vector to each position like~\ac{BERT}~\cite{devlin2018bert}, ~\ac{LPE} in which the positional embeddings are learned in the training phase like~\ac{GPT} series~\cite{NEURIPS2020_1457c0d6},~\ac{RPE} that encodes the distance between the tokens like T5~\cite{JMLR:v21:20-074} and Transformer-XL~\cite{Dai2019TransformerXLAL}, and~\ac{RoPE} which encodes t",lopez2024positional;devlin2018bert;NEURIPS2020_1457c0d6;JMLR:v21:20-074;Dai2019TransformerXLAL;su2024roformer,2503.17403,ChatGPT or A Silent Everywhere Helper: A Survey of Large Language Models
2_Bachground.tex,"On the other hands, multi-turn instruction techniques~\cite{hu2024fine,10.1145/3651671.3651702} handle instructions across multiple conversational turns, while keeping context, and providing comprehensive responses throughout the interactions.","hu2024fine,10.1145/3651671.3651702",2503.17403,ChatGPT or A Silent Everywhere Helper: A Survey of Large Language Models
2_Bachground.tex,"On the other hand, structured methods prune models based on a structural patterns~\cite{Gordon2020CompressingBS}.~\ac{LLM}-Pruner~\cite{ma2023llm}, which prunes non important coupled structures based on gradient information, Bonsai pruner~\cite{dery2024everybody}, that is a gradient-free pruning model with only forward passes, and an optimization-based structural pruner~\cite{gao2024optimization} that works based on Bernoulli distribution, are some of the recent structured pruning methods.",Gordon2020CompressingBS;ma2023llm;dery2024everybody;gao2024optimization,2503.17403,ChatGPT or A Silent Everywhere Helper: A Survey of Large Language Models
2_Bachground.tex,"On the other hand, NoMAD-Attention~\cite{zhang2024nomad} utilizes Single-~\ac{SIMD} registers in CPU to enhance the efficiency of the~\acp{LLM} during the inference phase by solving the challenges of~\ac{MAD} matrix operations in the attention computations.",zhang2024nomad,2503.17403,ChatGPT or A Silent Everywhere Helper: A Survey of Large Language Models
2_Bachground.tex,"On the other hand, in model parallelism, the model itself is split across multiple processors~\cite{shoeybi2019megatron}.",shoeybi2019megatron,2503.17403,ChatGPT or A Silent Everywhere Helper: A Survey of Large Language Models
2_Bachground.tex,"On the other hand,~\ac{NLG} evaluation tasks~\cite{gao2024llm} evaluate ~\acp{LLM}' text generating capabilities by comprehending the input context that has been supplied.",gao2024llm,2503.17403,ChatGPT or A Silent Everywhere Helper: A Survey of Large Language Models
2_Bachground.tex,"On the other hand, MoverScore~\cite{zhao2019moverscore} evaluates the model, by computing the minimum cost required to transform the word embedding of the generated text into the word embedding of the reference text extracted by a pre-trained model like~\ac{BERT}.",zhao2019moverscore,2503.17403,ChatGPT or A Silent Everywhere Helper: A Survey of Large Language Models
2_Bachground.tex,"On the other hand,~\ac{QAQG}~\cite{honovich-etal-2021-q2} metric is used to assess the consistency of the generated text with the reference data.",honovich-etal-2021-q2,2503.17403,ChatGPT or A Silent Everywhere Helper: A Survey of Large Language Models
5_Various_dataset_of_LLM.tex,"On the other hand, alignment datasets such as Anthropic-HH-RLHF~\cite{bai2022training} are utilized for the alignment tuning of the model with human preferences, and are mainly collected manually by human.",bai2022training,2503.17403,ChatGPT or A Silent Everywhere Helper: A Survey of Large Language Models
lclm.tex,"Conversely, retrieval and reranking performance can serve as indicators of these models' long context capabilities, with the former emphasizing the ability to retrieve relevant information and the later focusing on reasoning across different portions of long context~\citep{lee2024can,yen2024helmet}.","lee2024can,yen2024helmet",2503.17407,A Comprehensive Survey on Long Context Language Modeling
lclm.tex,"On the other hand, existing research has demonstrated a significant gap between models' claimed supporting context length and their effective context length~\citep{hsieh2024ruler,an2024does}.","hsieh2024ruler,an2024does",2503.17407,A Comprehensive Survey on Long Context Language Modeling
test.tex,"On the other hand, segmentation-based algorithms, inspired by Mask R-CNN~\cite{he2017mask}, have significantly improved text detection across various scenes and shapes but entail complex post-processing, speed issues, and challenges in detecting overlapping text.",he2017mask,2503.18641,From Fragment to One Piece: A Survey on AI-Driven Graphic Design
3-body.tex,"Conversely, \textbf{DELTA} \citep{liu2024deltadecomposedefficientlongterm} initially generates PDDL files and a scene graph, followed by pruning unnecessary details from the graph to focus on relevant items.",liu2024deltadecomposedefficientlongterm,2503.18971,LLMs as Planning Formalizers: A Survey for Leveraging Large Language Models to Construct Automated Planning Models
3-body.tex,"On the other hand, \textbf{Text2World} \citep{text2world} introduces an automated pipeline for domain extraction and rigorous multi-criteria metrics that address the limitations of narrow domain scope \citep{liu2023llmpempoweringlargelanguage} and indirect evaluation methods in end-to-end plan assessments.",text2world;liu2023llmpempoweringlargelanguage,2503.18971,LLMs as Planning Formalizers: A Survey for Leveraging Large Language Models to Construct Automated Planning Models
v2.tex,"On the other hand, span-based methods involve identifying a span of text in a given document or context that contains the answer \cite{rajpurkar2016squad}.",rajpurkar2016squad,2503.19213,A Survey of Large Language Model Agents for Question Answering
v1.tex,"On the other hand, span-based methods involve identifying a span of text in a given document or context that contains the answer \cite{rajpurkar2016squad}.",rajpurkar2016squad,2503.19213,A Survey of Large Language Model Agents for Question Answering
v1.tex,"On the other hand, span-based methods involve identifying a span of text in a given document or context that contains the answer \cite{rajpurkar2016squad}.",rajpurkar2016squad,2503.19213,A Survey of Large Language Model Agents for Question Answering
discussion.tex,"On the other hand, many recent advances in the machine learning community have not been transferred to quantitative investment, e.g.\ efficient learning on heterogeneous tabular data \cite{borisov_deep_2021}, continual/incremental learning \cite{de_lange_continual_2022}, large-scale pre-trained models \cite{bommasani_opportunities_2021}.",borisov_deep_2021;de_lange_continual_2022;bommasani_opportunities_2021,2503.21422,From Deep Learning to LLMs: A survey of AI in Quantitative Investment
deep_learning.tex,"Classification \cite{sawhney_spatiotemporal_2020}, on the other hand, segments return labels into multiple categories, like price increases or decreases, commonly using cross-entropy as the loss function.",sawhney_spatiotemporal_2020,2503.21422,From Deep Learning to LLMs: A survey of AI in Quantitative Investment
main.tex,"On the other hand, \citet{wang2025thoughts} introduce Thought Switching Penalty (TSP) to discourage premature transitions between thoughts which may cause superficial but lengthy reasoning traces.",wang2025thoughts,2503.21614,"A Survey of Efficient Reasoning for Large Reasoning Models: Language, Multimodality, and Beyond"
main.tex,"LayerSkip~\cite{elhoushi-etal-2024-layerskip}, on the other hand, speeds up inference through layer dropout combined with early exit loss.",elhoushi-etal-2024-layerskip,2503.21614,"A Survey of Efficient Reasoning for Large Reasoning Models: Language, Multimodality, and Beyond"
4-aggregation.tex,"\citet{jiang2023llm}, on the other hand, directly prompts another LLM as a summarizer to merge multiple selected samples.",jiang2023llm,2503.24235,"A Survey on Test-Time Scaling in Large Language Models: What, How, Where, and How Well?"
main.tex,"On the other hand, they may also be overly stringent for the reasoning capabilities of LLMs \cite{sft_memo_RL_gene}.",sft_memo_RL_gene,2503.24377,Harnessing the Reasoning Economy: A Survey of Efficient Reasoning for Large Language Models
main.tex,"On the other hand, the model can be designed to autonomously determine the appropriate level of cognitive effort based on the complexity of the task at hand \cite{wang2025mixllmdynamicroutingmixed,ong2025routellmlearningroutellms,pan-etal-2024-dynathink,saha2024system,ding_hybrid_2024}.","wang2025mixllmdynamicroutingmixed,ong2025routellmlearningroutellms,pan-etal-2024-dynathink,saha2024system,ding_hybrid_2024",2503.24377,Harnessing the Reasoning Economy: A Survey of Efficient Reasoning for Large Language Models
main.tex,"\citet{early-stop-5}, on the other hand, utilizes the model's confidence to select the preferred reasoning path and combines this with consistency judgment to decide whether to stop early.",early-stop-5,2503.24377,Harnessing the Reasoning Economy: A Survey of Efficient Reasoning for Large Language Models
main.tex,"Conversely, \citet{decp-behavir-1-underthink} introduces an underthinking metric to reveal the underthinking problem in o1-like LLMs, where models frequently switch wrong reasoning thoughts without fully exploring potentially correct initial thoughts, leading to insufficient reasoning depth and poor performance.",decp-behavir-1-underthink,2503.24377,Harnessing the Reasoning Economy: A Survey of Efficient Reasoning for Large Language Models
main.tex,"On the other hand, quantitative evaluation, looks at things, such as relevant, and efficient explanations, such as 1) faithfulness and 2) plausibility.\\ \indent \textbf{Comprehensibility and human understanding} focus on the ease with which the explanation can be understood and the clarity with which it conveys the model's reasoning to humans \cite{Lim2019WhyTE, sokol2024does}.","Lim2019WhyTE, sokol2024does",2504.00125,LLMs for Explainable AI: A Comprehensive Survey
sample-manuscript__1_.tex,"Vision Transformer (ViT)~\cite{dosovitskiy2021vit}, on the other hand, has successfully applied Transformer from NLP to the field of CV and achieved remarkable results.",dosovitskiy2021vit,2504.00837,"A Survey on Music Generation from Single-Modal, Cross-Modal, and Multi-Modal Perspectives"
3.train.tex,"Conversely, LLAVIDAL and EventLens uniquely integrate domain-specific visual elements, such as object-centric embeddings and event-aware tokens, respectively, directly within LLM architectures to effectively reason about activities and temporal contexts~\citep{2406.09390-reilly_llavidal:_2024,2404.13847-ma_eventlens:_2024}.","2406.09390-reilly_llavidal:_2024,2404.13847-ma_eventlens:_2024",2504.03151,Why Reasoning Matters? A Survey of Advancements in Multimodal Reasoning (v1)
4.tti.tex,"Conversely, GiT~\citep{2403.09394-wang_git:_2024} unified diverse tasks into a single decoder-only transformer architecture, demonstrating robust zero-shot capabilities and scalability without task-specific parameters, contrasting favorably against earlier modular architectures.",2403.09394-wang_git:_2024,2504.03151,Why Reasoning Matters? A Survey of Advancements in Multimodal Reasoning (v1)
4-encoding.tex,"On the other hand, for example, SNS v2~\cite{xu2023fast} introduces self-supervised learning for RTL encoders with functional contrastive learning.",xu2023fast,2504.03711,A Survey of Circuit Foundation Model: Foundation AI Models for VLSI Circuit Design and EDA
Improvements.tex,"On the other hand, broader analyses from MINT \citep{wang2023mint} and MT-Bench 101 \citep{bai2024mt} reveal that generalized RLHF methods frequently yield limited or even negative impacts in multi-turn scenarios.",wang2023mint;bai2024mt,2504.04717,Beyond Single-Turn: A Survey on Multi-Turn Interactions with Large Language Models
01_intro.tex,"% %recent advances in integration cognitive signals % On the other hand, Human language processing data can be recorded and used to increase the performance of NLP models and to pursue explanatory research in understanding which skills our models are still missing \cite{hollenstein_towards_2020}.",hollenstein_towards_2020,2504.06843,"Integrating Cognitive Processing Signals into Language Models: A Review of Advances, Applications and Future Directions"
05_integration.tex,"% On the other hand, solutions that incorporate cognitive data during inference can be categorized into two distinct groups: those utilizing real data \cite{malmaud_bridging_2020}, \cite{ren_cogalign_2021}, \cite{zhang_cogaware_2024}, \cite{alacam_eyes_2024}, \cite{shubi_fine-grained_2024}, \cite{yang_plm-as_2023}, \cite{yu_ceer_2024}, \cite{inadumi_gaze-grounded_2024} and those that leverage generative models to predict cognitive signals.",malmaud_bridging_2020;ren_cogalign_2021;zhang_cogaware_2024;alacam_eyes_2024;shubi_fine-grained_2024;yang_plm-as_2023;yu_ceer_2024;inadumi_gaze-grounded_2024,2504.06843,"Integrating Cognitive Processing Signals into Language Models: A Review of Advances, Applications and Future Directions"
acl.tex,"On the other hand, \citet{yuan-etal-2023-zero} concentrates on examining the capabilities of the powerful ChatGPT generative model, in the context of temporal relation extraction, testing various prompting methods, such as zero-shot prompting, and the popular chain-of-thought prompting \cite{wei2022chain}.",yuan-etal-2023-zero;wei2022chain,2504.07470,Transformer-Based Temporal Information Extraction and Application: A Review
main.tex,"On the other hand, while several surveys \cite{r2, r6, r7, r9, r10, r71, r121, r78, r73, r110, liao2013intrusion} involve some DL-based approaches, they did not review DL-IDS from the perspective of DL particularly.","r2, r6, r7, r9, r10, r71, r121, r78, r73, r110, liao2013intrusion",2504.07839,Deep Learning-based Intrusion Detection Systems: A Survey
main.tex,"Conversely, other works find that Transformer-based models do not rely on positional information to derive syntactic trees~\citep{ab5e694285556e053068e170ef7865a4a3997f4133b60adb6410048776d74eef}, and that these models process positional information in lower layers but later change to a more hierarchical-based encoding in later layers~\citep{additional_07}.",ab5e694285556e053068e170ef7865a4a3997f4133b60adb6410048776d74eef;additional_07,2504.08001,Linguistic Interpretability of Transformer-based Language Models: a systematic review
main.tex,"On the other hand,~\citet{additional_138} simply demonstrate that earlier layers of BERT solve syntax probing tasks with lower-dimensional subspaces --one of their hypothesis, used as their basis for their probing method-- compared to the rest of the layers, something that does not necessarily imply that syntactic information may not be encoded in ongoing layers as well.",additional_138,2504.08001,Linguistic Interpretability of Transformer-based Language Models: a systematic review
main.tex,"However, syntactic information is likely not uniformly distributed across attention heads: it has been shown that a single specific dependency relation can be spread across multiple heads or, conversely, an attention head may encompass several dependency relations at the same time~\citep{additional_81}.",additional_81,2504.08001,Linguistic Interpretability of Transformer-based Language Models: a systematic review
main.tex,"Conversely, another work has also found semantic information to be better found in lower layers~\citep{867bde36723c79dc106d857c379bcdf584fb5f04a18b34d034ff3da4133d59f7} and, for a specific model, LABSE, tested in English and Russian datasets, semantic information has been found to be encoded in lower to middle layers~\citep{additional_142}.",867bde36723c79dc106d857c379bcdf584fb5f04a18b34d034ff3da4133d59f7;additional_142,2504.08001,Linguistic Interpretability of Transformer-based Language Models: a systematic review
main.tex,"On the other hand, there seems to be a consensus on lower layers of Transformer-based models to be mostly lexical in nature by several works across our survey~\citep{additional_156, additional_165, additional_61}.","additional_156, additional_165, additional_61",2504.08001,Linguistic Interpretability of Transformer-based Language Models: a systematic review
6_categorization_new.tex,"On the other hand, the more recent DeSTA~\citep{desta} and DeSTA 2~\citep{desta2} propose a single descriptive speech-text alignment post-training task which requires the model to both recognize the spoken content and describe paralinguistic attributes.",desta;desta2,2504.08528,On The Landscape of Spoken Language Models: A Comprehensive Survey
5_training.tex,"On the other hand, Align-SLM~\citep{lin2024alignslmtextlessspokenlanguage} was the first to apply this method to a pure \slm\ and used AI-generated feedback as a substitute for human evaluation to make the process more cost-efficient, and this strategy has also proven useful in speech+text LMs as well~\cite{wu2025aligning}.",lin2024alignslmtextlessspokenlanguage;wu2025aligning,2504.08528,On The Landscape of Spoken Language Models: A Comprehensive Survey
04_Results.tex,"On the other hand, they nominally aim to capture a different meta-concept, but their tag set for the respective concept includes one or more labels that could be used for classifying hate speech due their definition \cite{cjadams_toxic_2017,ibrahim_imbalanced_2018,cjadams_jigsaw_2019,zampieri_predicting_2019,bhattacharya_developing_2020,cheriyan_towards_2021,alshamrani_hate_2021,wulczyn_ex_2017}.","cjadams_toxic_2017,ibrahim_imbalanced_2018,cjadams_jigsaw_2019,zampieri_predicting_2019,bhattacharya_developing_2020,cheriyan_towards_2021,alshamrani_hate_2021,wulczyn_ex_2017",2504.08609,A Survey of Machine Learning Models and Datasets for the Multi-label Classification of Textual Hate Speech in English
02_Related_Work.tex,"On the other hand, social media platforms also formulate varying definitions that form the basis of their content moderation practices \cite{gagliardone_countering_2015,sellars_defining_2016}.","gagliardone_countering_2015,sellars_defining_2016",2504.08609,A Survey of Machine Learning Models and Datasets for the Multi-label Classification of Textual Hate Speech in English
acl_latex.tex,"Conversely, process reward models \cite{DBLP:journals/corr/abs-2405-14333,DBLP:conf/acl/WangLSXDLCWS24,DBLP:journals/corr/abs-2408-00724} analyze reasoning steps, making them particularly effective for guiding tree-based search.","DBLP:journals/corr/abs-2405-14333,DBLP:conf/acl/WangLSXDLCWS24,DBLP:journals/corr/abs-2408-00724",2504.09100,"A Short Survey on Small Reasoning Models: Training, Inference, Applications and Research Directions"
sec1_intro.tex,"On the other hand, spatial intelligence has long had practical significance in real-world applications, such as embodied navigation~\cite{lin2024advancese}, geographic information systems (GIS)~\cite{zhao2024artificial}, and climate prediction~\cite{she2024llmdiff}.",lin2024advancese;zhao2024artificial;she2024llmdiff,2504.09848,"A Survey of Large Language Model-Powered Spatial Intelligence Across Scales: Advances in Embodied Agents, Smart Cities, and Earth Science"
main_revision.tex,"CoS~\citep{hu2024chain}, on the other hand, targets spatial reasoning by leveraging compressed symbolic representations of spatial relations to reduce token usage.",hu2024chain,2504.10903,Efficient Reasoning Models: A Survey
main_revision.tex,"On the other hand, efficient reasoning is also essential in real-world applications such as embodied AI~\citep{duan2022survey}, agent systems~\citep{wang2024survey}, and real-time platforms (e.g., autonomous driving~\citep{cui2024survey}).",duan2022survey;wang2024survey;cui2024survey,2504.10903,Efficient Reasoning Models: A Survey
main.tex,"The design supports single-task applications including detection and segmentation.} \label{fig:single_task_adaption} \end{figure} \subsubsection{Multi-task adaptation} \textbf{Multi-task adaptation}, on the other hand, enables a single model to handle multiple applications simultaneously by maintaining task-specific representations while leveraging shared pre-trained parameters \cite{pfeiffer2020adapterfusion}.",pfeiffer2020adapterfusion,2504.14117,PEFT A2Z: Parameter-Efficient Fine-Tuning Survey for Large Language and Vision Models
main.tex,"On the other hand, \textbf{Trans-LoRA} \cite{wang2024trans} and \textbf{RoseLoRA} \cite{wang2024roselora} extend LoRA to transfer learning scenarios, adapting pre-trained models to new domains through task-specific subspaces.",wang2024trans;wang2024roselora,2504.14117,PEFT A2Z: Parameter-Efficient Fine-Tuning Survey for Large Language and Vision Models
main.tex,"On the other hand, LLMs can serve as crucial components in RAG, functioning as the decision maker, reasoner, generator, or even evaluating certain aspects of RAG \cite{Zhou2024a,yu2024evaluation}.","Zhou2024a,yu2024evaluation",2504.14891,Retrieval Augmented Generation Evaluation in the Era of Large Language Models: A Comprehensive Survey
4_finetune_safe.tex,"Conversely, \cite{razin2024unintentional} identified a ""probability displacement"" phenomenon in DPO, where preferred responses paradoxically decrease in likelihood, potentially triggering unsafe or inverted outputs.",razin2024unintentional,2504.15585,"A Comprehensive Survey in LLM(-Agent) Full Stack Safety: Data, Training and Deployment"
4_finetune_safe.tex,"Conversely, open-source governance is debated regarding the balance between transparency's security benefits and potential misuse risks \cite{seger2023open, urbina2022dual}.","seger2023open, urbina2022dual",2504.15585,"A Comprehensive Survey in LLM(-Agent) Full Stack Safety: Data, Training and Deployment"
3_3_benchmarking.tex,"Except for those methods, STREAM~\citep{kimSTREAMSpatioTempoRalEvaluation2023} is proposed to avoid the problem of FVD, which has a stronger emphasis on the spatial aspect than the temporal naturalness of video and demonstrates considerable instability and diverges from human evaluations.",kimSTREAMSpatioTempoRalEvaluation2023,2504.16081,"Survey of Video Diffusion Models: Foundations, Implementations, and Applications"
3_3_benchmarking.tex,"On the other hand, models like \href{https://github.com/Vchitect/LaVie}{Lavie}\citep{wang2023lavie} and Phenaki\citep{c-vivit} utilize 2D VAEs, which offer greater computational efficiency but are less effective at capturing the temporal dynamics of video content.",wang2023lavie;c-vivit,2504.16081,"Survey of Video Diffusion Models: Foundations, Implementations, and Applications"
2_TRADITIONAL_RS_DATA.tex,"On the other hand, item information consists of metadata such as category, brand, price, and textual descriptions, as well as multimodal features derived from images, videos, or audio \cite{RicciRS15, ZhangYST19}.","RicciRS15, ZhangYST19",2504.16420,"A Survey of Foundation Model-Powered Recommender Systems: From Feature-Based, Generative to Agentic Paradigms"
rq1_uncertainty.tex,"On the other hand, exchangeability underpins CP and LofreeCP by assuming identically distributed data for coverage guarantees and Bayesian uncertainty estimation drives Active-Prompt \cite{diao2023activeprompt}.",diao2023activeprompt,2504.18346,Comparing Uncertainty Measurement and Mitigation Methods for Large Language Models: A Systematic Review
main.tex,"On the other hand,~\cite{stohr2024advancing} proposed to train domain-specific Word2Vec embeddings using social science literature.",stohr2024advancing,2504.20679,Are Information Retrieval Approaches Good at Harmonising Longitudinal Survey Questions in Social Science?
pami.tex,"On the other hand, \cite{whisper} computes the Mel spectrogram representation of the audio signal, then, processes these features through convolutional layers and a transformer to meet the requirements for multilingual and multitask audio processing.",whisper,2504.21051,Multimodal Large Language Models for Medicine: A Comprehensive Survey
pami.tex,"On the other hand, \cite{whisper} computes the Mel spectrogram representation of the audio signal, then, processes these features through convolutional layers and a transformer to meet the requirements for multilingual and multitask audio processing.",whisper,2504.21051,Multimodal Large Language Models for Medicine: A Comprehensive Survey
benchmarks.tex,"%\citep{Holmberg2000Deriving, sheehan2017fofc} On the other hand, some evidence suggests that the learning patterns of LLMs mirror aspects of human language acquisition \citep{liu2024zhoblimpsystematicassessmentlanguage, zhou-etal-2025-context}.","Holmberg2000Deriving, sheehan2017fofc;liu2024zhoblimpsystematicassessmentlanguage, zhou-etal-2025-context",2505.00003,A Review of Incorporating Psychological Theories in LLMs
discussion_debate.tex,"Empirically, comparative studies probe where model behavior diverges from humans on socially loaded tasks: LLMs can pass certain ToM-style probes while still differing on harder variants \cite{strachan2024testing, 10.1162/tacl_a_00674}, and they sometimes amplify cognitive biases such as omission bias in moral judgment \cite{doi:10.1073/pnas.2412015122}.","strachan2024testing, 10.1162/tacl_a_00674;doi:10.1073/pnas.2412015122",2505.00003,A Review of Incorporating Psychological Theories in LLMs
language.tex,"On the other hand, \cite{gubelmann-2024-pragmatic} argues that the SGP problem does not apply to LLMs in the context of Theory of Mind.",gubelmann-2024-pragmatic,2505.00003,A Review of Incorporating Psychological Theories in LLMs
main.tex,"Conversely, ~\citet{ai2024cognition} find stable core personality traits in GPT-4 and Vicuna-13b post-fine-tuning through BFI comparisons.",ai2024cognition,2505.00049,"Humanizing LLMs: A Survey of Psychological Measurements with Tools, Datasets, and Human-Agent Applications"
main.tex,"On the other hand, cross-cultural analysis shows that the Qwen series models present a collectivist value orientation, which may be related to the cultural context characteristics in its training data~\cite{DBLP:journals/corr/abs-2411-06032}.",DBLP:journals/corr/abs-2411-06032,2505.00049,"Humanizing LLMs: A Survey of Psychological Measurements with Tools, Datasets, and Human-Agent Applications"
ch3-rl.tex,"On the other hand, Light-R1 \citep{wen2025light} and Logic-RL \citep{xie2025logicrlunleashingllmreasoning} retain the KL loss and also report substantial improvements.",wen2025light;xie2025logicrlunleashingllmreasoning,2505.00551,100 Days After DeepSeek-R1: A Survey on Replication Studies and More Directions for Reasoning Language Models
bare_jrnl_new_sample4.tex,"On the other hand, others state that voice cloning requires the usage of limited amount of data to replicate the target speaker's voice \cite{Arik_NIPS2018, Cong_InterSpeech2020, Shaheen_InterSpeech2023, Mandeel_SpeD2023, Huang_MetaTTS_TASLP2022, Huang_ICASSP2023, Nakai_APSIPAASC2022}.","Arik_NIPS2018, Cong_InterSpeech2020, Shaheen_InterSpeech2023, Mandeel_SpeD2023, Huang_MetaTTS_TASLP2022, Huang_ICASSP2023, Nakai_APSIPAASC2022",2505.00579,Voice Cloning: Comprehensive Survey
bare_jrnl_new_sample4.tex,"On the other hand, Masked Acoustic Modeling (MAM) \cite{Chen_MAM_arxiv2020} and FAT-MLM \cite{Zheng_FATMLM_ICML2021} outputs reconstructed spectrogram as part of their training.",Chen_MAM_arxiv2020;Zheng_FATMLM_ICML2021,2505.00579,Voice Cloning: Comprehensive Survey
bare_jrnl_new_sample4.tex,"On the other hand, ZET-Speech \cite{Kang_ZET_Speech_InterSpeech2023} differs from previous models as it is an emotion-controllable TTS model requiring a neutral reference speech and an emotional label to generate emotion-specific audio.",Kang_ZET_Speech_InterSpeech2023,2505.00579,Voice Cloning: Comprehensive Survey
CSUR_acmsmall.tex,"On the other hand, engines like TGI~\cite{tgi} and TensorRT-LLM~\cite{tensorrtllm}, which gained many stars early on, show relatively stagnant commit activity and limited model support.",tgi;tensorrtllm,2505.01658,A Survey on Inference Engines for Large Language Models: Perspectives on Optimization and Efficiency
main_all.tex,"Conversely, latency quantifies the delay between request initiation and completion; minimizing latency is paramount for real-time and interactive applications where responsiveness is critical \cite{ali-eldin2021hidden}.",ali-eldin2021hidden,2505.01821,Edge-Cloud Collaborative Computing on Distributed Intelligence and Model Optimization: A Survey
06SlowThinking.tex,"AdaptiveStep \cite{liu2025adaptivestepautomaticallydividingreasoning}, conversely, introduces dynamic segmentation of reasoning processes based on model confidence, optimizing computational resource allocation.",liu2025adaptivestepautomaticallydividingreasoning,2505.02665,A Survey of Slow Thinking-based Reasoning LLMs using Reinforced Learning and Inference-time Scaling Law
apps.tex,"Code understanding, on the other hand, focuses on analyzing and interpreting existing code, involving tasks such as source code summarization \citep{sym14030471,screenspotpro,wang2020cocogum}, code review \citep{yang2024survey}, and code search \citep{10.1145/3656341,du2021single}.","sym14030471,screenspotpro,wang2020cocogum;yang2024survey;10.1145/3656341,du2021single",2505.03418,Knowledge Augmented Complex Problem Solving with Large Language Models: A Survey
methods.tex,"MAD~\cite{emnlp24_mad}, on the other hand, employs debates among agents to increase reasoning diversity and reduce hallucinations, thereby improving the authenticity of the model's outputs.",emnlp24_mad,2505.03418,Knowledge Augmented Complex Problem Solving with Large Language Models: A Survey
sample-manuscript.tex,"On the other hand, some studies omit metrics relating to the size of their datasets completely \cite{niyogi_paramanu_2024,noauthor_english-arabic_nodate}.","niyogi_paramanu_2024,noauthor_english-arabic_nodate",2505.04531,Overcoming Data Scarcity in Generative Language Modelling for Low-Resource Languages: A Systematic Review
sample-manuscript.tex,"On the other hand, studies contributing a general language model that can be adapted and fine-tuned for different tasks \cite{gerz_language_2018, noauthor_banglagpt_nodate} could be an initial step that would yield further research relating to downstream generative language tasks.","gerz_language_2018, noauthor_banglagpt_nodate",2505.04531,Overcoming Data Scarcity in Generative Language Modelling for Low-Resource Languages: A Systematic Review
5_data.tex,"For example, in VQAv2~\citep{VQA} evaluation, a match with a single candidate answer is worth only 1/3 of a point, and a full score of 1 point requires a match with all three candidate answers; DocVQA~\citep{DBLP:conf/wacv/MathewKJ21}, on the other hand, uses Levenshtein distance to measure the accuracy of the predicted results.",VQA;DBLP:conf/wacv/MathewKJ21,2505.04921,"Perception, Reason, Think, and Plan: A Survey on Large Multimodal Reasoning Models"
main_arXiv.tex,"DeepSeek-R1-Zero, on the other hand, is trained via large-scale pure RL without any supervised fine-tuning stages such as RLHF or RLAIF, serving as an early exploration into instruction-following driven purely by RL~\cite{guo2025deepseek}.",guo2025deepseek,2505.06907,A Survey on Foundation Models for Personalized Federated Intelligence
main_arXiv.tex,"Conversely, the pure RL approach~\cite{guo2025deepseek} has demonstrated promising reasoning potential for FMs.",guo2025deepseek,2505.06907,A Survey on Foundation Models for Personalized Federated Intelligence
main_arXiv.tex,"On the other hand, the authors in \cite{10651123} designed a 4-qubit quantum neural network and trained it using the FL framework, which still achieves a relatively high performance.",10651123,2505.06907,A Survey on Foundation Models for Personalized Federated Intelligence
introduction.tex,"On the other hand, the reproducibility study put part of the original prompt into the system prompt and constrained the output to JSON~\cite{Moritz2024boolean-reproduce}.",Moritz2024boolean-reproduce,2505.07155,Reassessing Large Language Model Boolean Query Generation for Systematic Reviews
content.tex,"On the other hand, LLMs have already demonstrated transformative potential in various generative and analytical tasks, including image synthesis \cite{brade2023promptify, koh2023generating}, text generation \cite{wu2024large, li2024pre}, and code completion \cite{cheng2025security, nejjar2025llms}.","brade2023promptify, koh2023generating;wu2024large, li2024pre;cheng2025security, nejjar2025llms",2505.08137,Large Language Models for Computer-Aided Design: A Survey
content.tex,"On the other hand, Yuan et al.~\cite{YUAN2024104048} designed a scoring algorithm that checks whether the generated code can be executed and then uses GPT-4o to compare the rendered model view with the target input.",YUAN2024104048,2505.08137,Large Language Models for Computer-Aided Design: A Survey
content.tex,"On the other hand, \cite{campostext} assessed the models in terms of parameters, duration, number of correct and incorrect answers, and overall accuracy.",campostext,2505.08137,Large Language Models for Computer-Aided Design: A Survey
content.tex,"Conversely, Zhang et al.~\cite{zhanggeocad} evaluated their method using Coverage, Minimum Matching Distance, Jensen–Shannon Divergence, and prediction validity as in \cite{zhang2025flexcad}, supplemented by vertex-based and VLM-based scores, as well as a realism metric reflecting human judgments.",zhanggeocad;zhang2025flexcad,2505.08137,Large Language Models for Computer-Aided Design: A Survey
main.tex,"Conversely, certain emerging benchmarks are currently too difficult to yield meaningful comparisons \citep{phan2025humanity}.",phan2025humanity,2505.08245,"Large Language Model Psychometrics: A Systematic Review of Evaluation, Validation, and Enhancement"
main.tex,"Conversely, personality and values are considered meaningful for LLMs, as they influence user interactions and model outputs \citep{serapio2023personality_traits_in_llms, ye2025gpv}.","serapio2023personality_traits_in_llms, ye2025gpv",2505.08245,"Large Language Model Psychometrics: A Systematic Review of Evaluation, Validation, and Enhancement"
main.tex,"Conversely, conceptualizing the LLM as a population involves using diverse role-playing prompts to elicit different profiles, measuring the model's ""steerability"" or the range of its prompted mechanism \citep{serapio2023personality_traits_in_llms}.",serapio2023personality_traits_in_llms,2505.08245,"Large Language Model Psychometrics: A Systematic Review of Evaluation, Validation, and Enhancement"
main.tex,"Conversely, proponents of pluralistic alignment view LLMs as populations, where the ability to elicit variable profiles is a desirable feature rather than a flaw \citep{sorensen2024position}.",sorensen2024position,2505.08245,"Large Language Model Psychometrics: A Systematic Review of Evaluation, Validation, and Enhancement"
main.tex,"Conversely, subband models (\cite{RVNN_SE_subband}) are the exact opposite.",RVNN_SE_subband,2505.08694,A Survey of Deep Learning for Complex Speech Spectrograms
main.tex,"Conversely, longer windows provide higher frequency resolution and richer spectral details, which further enhance the modeling capacity of DNN frameworks, but often fail to satisfy the strict latency requirements of real-time applications (\cite{latency_wuhaibin_sebastian_2025ultra, WangZhong-Qiu2023SNSE_low_latency}).","latency_wuhaibin_sebastian_2025ultra, WangZhong-Qiu2023SNSE_low_latency",2505.08694,A Survey of Deep Learning for Complex Speech Spectrograms
6_challenges.tex,"CityGPT~\cite{feng2024citygpt}, on the other hand, focuses on constructing the CityInstruction instruction-tuning dataset by simulating human mobility behavior, which incorporates explicit spatial reasoning steps to inject offline urban spatial cognition and experiential knowledge into the model.",feng2024citygpt,2505.09651,Geospatial Representation Learning: A Survey from Deep Learning to The LLM Era
6_challenges.tex,"UrbanGPT~\cite{li2024urbangpt}, on the other hand, adopts an approach of generating predictive tokens followed by outputting final numerical values through a regression layer, addressing the issue of insufficient precision in LLMs for continuous numerical regression tasks.",li2024urbangpt,2505.09651,Geospatial Representation Learning: A Survey from Deep Learning to The LLM Era
Fusion.tex,"Conversely, parallel methods involve \textbf{alignment} mechanisms, as seen in Section \ref{sec:alignment} for CTRL~\cite{CTRL2023} and PAD~\cite{PAD2024}, which rely on Contrastive Learning (CL) and Variational Autoencoders (VAEs), or through FT strategies (cites).",CTRL2023;PAD2024,2505.09777,A Survey on Large Language Models in Multimodal Recommender Systems
Fusion.tex,"Co-attention, on the other hand, enables bidirectional attention by combining two cross-attention modules, allowing both sequences to attend to each other simultaneously \cite{coattention2016}.",coattention2016,2505.09777,A Survey on Large Language Models in Multimodal Recommender Systems
iclr2024_conference.tex,"Conversely, in the few-shot or in-context setting \cite{brown2020language}, the model is given a small number of task-specific examples alongside the prompt to aid comprehension.",brown2020language,2505.11665,Multilingual Prompt Engineering in Large Language Models: A Survey Across NLP Tasks
iclr2024_conference.tex,"Conversely, \cite{liu2024translation} finds that En-Basic performs better for tasks like Mathematical Problem Solving, Causal Reasoning, Natural Language Inference, Paraphrasing, Context-Free Question Answering and Summarization.",liu2024translation,2505.11665,Multilingual Prompt Engineering in Large Language Models: A Survey Across NLP Tasks
6.challenges.tex,"Conversely, manually collected benchmarks better reflect real-world complexity but frequently reuse diagrams from popular PGPS datasets, introducing data leakage and compromising domain generalization evaluations~\citep{leakage1,leakage2,leakage3}.","leakage1,leakage2,leakage3",2505.14340,Plane Geometry Problem Solving with Multi-modal Reasoning: A Survey
framework.tex,"Graph Attention Networks (GATs) \cite{velickovic2018graph}, on the other hand, use attention mechanisms to assign importance scores $\alpha_{vu}$ to neighboring nodes: $\mathbf{h}_v^{(k)} = \sigma \left( \sum_{u \in \mathcal{N}(v)} \alpha_{vu} \cdot \mathbf{W}^{(k)} \mathbf{h}_u^{(k-1)} \right)$, where $\alpha_{vu}$ is computed via a self-attention mechanism, allowing nodes to dynamically focus on the most relevant neighbors.",velickovic2018graph,2505.15116,Graph Foundation Models: A Comprehensive Survey
task-specific-gfm.tex,"\subsubsection{In-Context Learning Approaches} KG-ICL \cite{cui2025prompt}, on the other hand, used graph prompt learning and in-context learning techniques.",cui2025prompt,2505.15116,Graph Foundation Models: A Comprehensive Survey
task-specific-gfm.tex,"\noindent \textbf{LLM for Generation.} LLM4GraphGen \cite{yao2024exploring}, on the other hand, explores the ability of LLMs for graph generation with systematical task designs and extensive experiments.",yao2024exploring,2505.15116,Graph Foundation Models: A Comprehensive Survey
main.tex,"Conversely, Spoken Stereoset~\citep{lin2024spoken} assesses acoustic-triggered bias on speakers' gender and age.",lin2024spoken,2505.15957,Towards Holistic Evaluation of Large Audio-Language Models: A Comprehensive Survey
4Molecule_Optimization.tex,"MOLLEO, on the other hand, integrates LLMs into an evolutionary framework inspired by population-based algorithms~\citep{jensen2019graph}.",jensen2019graph,2505.16094,A Survey of Large Language Models for Text-Guided Molecular Discovery: from Molecule Generation to Optimization
1_introduction.tex,"On the other hand, the ABC model \cite{koch2016abc,koch2020groupswarmth} suggests that beyond warmth and competence, you also consider their \textit{beliefs} , i.e., do they share your values or opinions?","koch2016abc,koch2020groupswarmth",2505.17642,A Survey on Stereotype Detection in Natural Language Processing
main.tex,"Conversely, agents lacking confidence underweight their priors and over-rely on new signals, leading to over-updating of beliefs (i.e., base-rate neglect) \citep{chan2025prior,benjamin2019errors}.","chan2025prior,benjamin2019errors",2505.17648,Simulating Macroeconomic Expectations in Survey Experiments with LLM-based Economic Agents
icml.tex,"However, this oversimplification diverges from the core goal of reviewers: detecting defects \cite{bacchelli2013expectations} (see Section \ref{sec: role of defect detection}).",bacchelli2013expectations,2505.17928,Towards Practical Defect-Focused Automated Code Review
data_processing_utilities.tex,"Conversely, chunks that are too short might not provide sufficient context, hindering the model's ability to learn dependencies across longer text spans.~\cite{zhang2002text, minaee2024large} \hi{2.","zhang2002text, minaee2024large",2505.18458,A Survey of LLM $\times$ DATA
llm_for_data_analysis.tex,"\noindent$\bullet$ \emph{\llm Based Analysis Agent:} Data Interpreter~\cite{hong2024datainterpreter}, on the other hand, leverages LLMs through APIs to generate task and action graphs.",hong2024datainterpreter,2505.18458,A Survey of LLM $\times$ DATA
LaCAM.tex,"On the other hand, to meet real-time demands, researchers have introduced iterative optimization techniques \citep{okumura2021iterative}.",okumura2021iterative,2505.19219,Where Paths Collide: A Comprehensive Survey of Classic and Learning-Based Multi-Agent Pathfinding
main.tex,"Compilation-based methods, on the other hand, transform MAPF into other well-understood mathematical formulations (e.g., integer linear programs, satisfiability problems), thereby leveraging mature solvers~\citep{surynek2016efficient,surynek2022problem}.","surynek2016efficient,surynek2022problem",2505.19219,Where Paths Collide: A Comprehensive Survey of Classic and Learning-Based Multi-Agent Pathfinding
main.tex,"RDA-Driver, on the other hand, explicitly examines the alignment between reasoning and driving decisions, with some examples of CoT reasoning inconsistencies with subsequent decisions \cite{huang2024making}.",huang2024making,2505.20223,Chain-of-Thought for Autonomous Driving: A Comprehensive Survey and Future Prospects
2-Agent_participation.tex,"Conversely, low-proactivity systems require humans to inject prompts or corrective instructions at each stage, with agents simply executing the specified commands~\cite{10.1145/3613904.3642224}.",10.1145/3613904.3642224,2505.21116,Creativity in LLM-based Multi-Agent Systems: A Survey
5-evaluation.tex,"Conversely, \textbf{Self-BLEU} score \cite{zhu2018texygenbenchmarkingplatformtext} treats each generated sentence as a hypothesis and the remaining outputs as references to assess internal diversity.",zhu2018texygenbenchmarkingplatformtext,2505.21116,Creativity in LLM-based Multi-Agent Systems: A Survey
hypothesis_discovery.tex,"Conversely, tasks proposed by \citet{list_paper_55}, despite aiming to encourage creative hypothesis formation, often yield simplistic, toy-like hypotheses with limited applicability to realistic scenarios.",list_paper_55,2505.21935,From Reasoning to Learning: A Survey on Hypothesis Discovery and Rule Learning with Large Language Models
acl_latex.tex,"Conversely, when NLP tools serve as \textbf{clients}, they typically simulate client personas from diverse backgrounds to train counselors \cite{louie-etal-2024-roleplay, liu2025eeyorerealisticdepressionsimulation, 10.1145/3710993, kampman2025conversationalselfplaydiscoveringunderstanding}.","louie-etal-2024-roleplay, liu2025eeyorerealisticdepressionsimulation, 10.1145/3710993, kampman2025conversationalselfplaydiscoveringunderstanding",2505.22327,"NLP for Social Good: A Survey and Outlook of Challenges, Opportunities, and Responsible Deployment"
neurips_2025.tex,"HealthFC \cite{healthfc}, on the other hand, tasks models with verifying claims analyzed by the medical fact-checking site Medizin Transparent, but it only provides pre-synthesized analysis from the web portal as evidence.",healthfc,2505.22787,Can Large Language Models Match the Conclusions of Systematic Reviews?
acl_latex.tex,"%On the other hand, medical domain questions inherently involve substantial uncertainty and complexity, wherein uncertainty has been identified in empirical studies as a critical diagnostic indicator for detecting hallucination.\citet{calibrmt4} utilized 300 300 gastroenterology board-style questions., combining prompt-engineering and statistical methods to evaluate the self-reported response certainty of 48 LLMs (6 quantized and 42 base models), revealing limitations in the uncertainty quantifi",calibrmt4,2506.03659,Trustworthy Medical Question Answering: An Evaluation-Centric Survey
acl_latex.tex,"On the other hand, CLIMB \cite{Climb} systematically evaluates both the internal (within the model) and external (downstream tasks) biases of LLMs.",Climb,2506.03659,Trustworthy Medical Question Answering: An Evaluation-Centric Survey
acl_camera_ready.tex,"Conversely, \citet{pavlickSymbolsGroundingLarge2023} argues that existing LLMs can already encode symbols and undertake symbolic processing.",pavlickSymbolsGroundingLarge2023,2506.04461,Behavioural vs. Representational Systematicity in End-to-End Models: An Opinionated Survey
acl_latex.tex,"Recursive Introspection (RISE) \cite{qu2024recursive}, on the other hand, formalize multi-turn refinement as a Markov Decision Process (MDP) to iteratively optimize outputs through sequential edits.",qu2024recursive,2506.04611,Revisiting Test-Time Scaling: A Survey and a Diversity-Aware Method for Efficient Reasoning
main.tex,"On the other hand, the model on the right demonstrates the transformer's ability to generate a full text with all words simultaneously \cite{cornia2022explaining}.",cornia2022explaining,2506.05399,Attention-based transformer models for image captioning across languages: An in-depth survey and evaluation
main.tex,"BlockFusion \cite{wu_blockfusion_2024} architecture, on the other hand, uses latent tri-plane extrapolation\footnote{Representing a 3D volume using three orthogonal 2D feature planes (XY, YZ, XZ).",wu_blockfusion_2024,2506.05449,AI-powered Contextual 3D Environment Generation: A Systematic Review
6metrics.tex,\subsubsection{Kullback-Leibler (KL) Divergence} KL divergence is an information-theoretic measure \cite{castillo1997fitting} that quantifies how one probability distribution diverges from a reference probability distribution.,castillo1997fitting,2506.06380,Beyond the Norm: A Survey of Synthetic Data Generation for Rare Events
Others.tex,"On the other hand, UARC applies RetNet's retention-based reconstruction module to model long-term temporal patterns in network traffic, addressing the challenges of anomaly detection in traffic streams \cite{xie2024uarc}.",xie2024uarc,2506.06708,A Survey of Retentive Network
indonlp_final.tex,"On the other hand, On the other hand, prior works on ethical considerations have reached the same conclusion when exploring the ethical considerations of building NLP technologies for indigenous languages \cite{bird-2020-decolonising,mager-etal-2023-ethical,kolhatkar-2023-indic,cooper-etal-2024-things}.","bird-2020-decolonising,mager-etal-2023-ethical,kolhatkar-2023-indic,cooper-etal-2024-things",2506.07506,What Do Indonesians Really Need from Language Technology? A Nationwide Survey
indonlp_final.tex,"% On the other hand, \citet{mager-etal-2023-ethical}, \citet{kolhatkar-2023-indic}, and \citet{cooper-etal-2024-things} reach the same conclusion when exploring the ethical considerations of building NLP technologies for Indigenous languages.",mager-etal-2023-ethical;kolhatkar-2023-indic;cooper-etal-2024-things,2506.07506,What Do Indonesians Really Need from Language Technology? A Nationwide Survey
main.tex,"On the other hand, an ``adversarial penalty'' mechanism imposes negative reward on the model’s predicted probabilities when it generates harmful or biased content, forcing the model to gradually move away from those output regions during training~\cite{zhou2024making}.",zhou2024making,2506.09656,Multi-level Value Alignment in Agentic AI Systems: Survey and Perspectives
main.tex,"On the other hand, an ``adversarial penalty'' mechanism imposes negative reward on the model’s predicted probabilities when it generates harmful or biased content, forcing the model to gradually move away from those output regions during training~\cite{zhou2024making}.",zhou2024making,2506.09656,Multi-level Value Alignment in Agentic AI Systems: Survey and Perspectives
main.tex,"On one hand, researchers are exploring how to incorporate multiple cultural backgrounds and group preferences into models; on the other hand, they face challenges such as limited generalization of evaluators and the risk of propagating data bias~\cite{r-valueEval5,r-valueEval6}.","r-valueEval5,r-valueEval6",2506.09656,Multi-level Value Alignment in Agentic AI Systems: Survey and Perspectives
main.tex,"However, AI-based recruitment systems may be at odds with widely accepted ethical norms~\cite{tambe2019artificial}.",tambe2019artificial,2506.09656,Multi-level Value Alignment in Agentic AI Systems: Survey and Perspectives
main.tex,"Uni-Perceiver v2~\cite{li2023uniperceiverv2}, on the other hand, places its emphasis on large-scale multi-task learning.",li2023uniperceiverv2,2506.09954,Vision Generalist Model: A Survey
3.text2video.tex,"% VideoPoet \cite{kondratyuk_videopoet_2024}, on the other hand, adopts a full LLM-based approach, utilising tokenised data that includes both text-paired and unpaired videos.",kondratyuk_videopoet_2024,2506.10016,A Survey of Generative Categories and Techniques in Multimodal Generative Models
5-OOD.tex,"On the other hand, \citet{xu2023fine} utilized Wikidata as a knowledge base to mitigate hallucinations in LLMs through retrieval, while \citet{kothyari2023crush4sql} employed LLM hallucinations as query probes for rapid retrieval of authentic elements in the database.",xu2023fine;kothyari2023crush4sql,2506.11111,Evaluating and Improving Robustness in Large Language Models: A Survey and Future Directions
06_DM.tex,"\rev{Depending on how the objective is defined, such guidance can either enforce safety constraints or, conversely, induce adversarial and safety-critical scenarios.} CTG~\cite{zhong2023guidedcond} incorporates \gls{stl} to encode traffic rules, using the robustness score of \gls{stl} as a measure of how well the rules are followed and leveraging its gradient to guide trajectory sampling.",zhong2023guidedcond,2506.11526,Foundation Models in Autonomous Driving: A Survey on Scenario Generation and Scenario Analysis
09_Discussion.tex,"On the other hand, edge cases essential for safety assurance~\cite{brusnicki2025savant} often approach the boundary of perceived plausibility, making them challenging for \glspl{fm} to generate without producing unrealistic outcomes.",brusnicki2025savant,2506.11526,Foundation Models in Autonomous Driving: A Survey on Scenario Generation and Scenario Analysis
5_feature.tex,"On the other hand, CLAP~\cite{silva2024closer} retains the strong zero-shot abilities in VLMs and avoids prototype degradation during linear probing with Augmented Lagrangian Multiplier methods.",silva2024closer,2506.18504,Generalizing vision-language models to novel domains: A comprehensive survey
resources.tex,"On the other hand, benchmarks like SUC~\citep{si2024table}, TableBench~\citep{wu2025tablebench}, and ToRR~\citep{ashury2025mighty} emphasize the evaluation of LLMs' structural understanding, rather than content comprehension, across various tasks such as form interpretation, numerical reasoning, and textual analysis.",si2024table;wu2025tablebench;ashury2025mighty,2507.01903,AI4Research: A Survey of Artificial Intelligence for Scientific Research
draft.tex,"On the other hand, small reasoning models trained with distillation (e.g., DeepSeek-Qwen 7B~\cite{deepseekai2025deepseekr1}) produce the longest responses on 3 out of the 4 dataset categories while having a lower performance compared to baseline LLMs.",deepseekai2025deepseekr1,2507.02076,Reasoning on a Budget: A Survey of Adaptive and Controllable Test-Time Compute in LLMs
bare_jrnl.tex,"% In light of the categorizations provided by Ji \textit{et al.} \cite{ji2023survey}, Banerjee \textit{et al.} \cite{banerjee2024llms}, and Huang \textit{et al.} \cite{huang2023survey}, we adopt a broad definition of ''hallucination'' as any instance where a model’s response diverges from the intended instruction, contains factual inaccuracies, or exhibits logical inconsistencies.",ji2023survey;banerjee2024llms;huang2023survey,2507.02870,Loki's Dance of Illusions: A Comprehensive Survey of Hallucination in Large Language Models
bare_jrnl.tex,"% Summarizing definitions in previous works like ``Intrinsic Hallucinations'' \cite{ji2023survey,banerjee2024llms,huang2023survey}, we broadly define ``hallucination'' as \textit{any instance where a model’s response diverges from the intended instruction, contains factual inaccuracies, or displays logical inconsistencies}.","ji2023survey,banerjee2024llms,huang2023survey",2507.02870,Loki's Dance of Illusions: A Comprehensive Survey of Hallucination in Large Language Models
template.tex,"RNNs, on the other hand, are created to handle sequence data and have applications in voice recognition and language modeling \cite{sherstinsky-2020}.",sherstinsky-2020,2507.02900,"Advancing Talking Head Generation: A Comprehensive Survey of Multi-Modal Methodologies, Datasets, Evaluation Metrics, and Loss Functions"
template.tex,"Conversely, CelebV-Text~\cite{yu2023celebvtextlargescalefacialtextvideo} emphasizes lip sync features, which are perfect for training algorithms concentrating on accurate mouth movements; datasets like VOCA~\cite{williams-no-date} (2019) provide high-quality 3D facial motion capture data.",yu2023celebvtextlargescalefacialtextvideo;williams-no-date,2507.02900,"Advancing Talking Head Generation: A Comprehensive Survey of Multi-Modal Methodologies, Datasets, Evaluation Metrics, and Loss Functions"
template.tex,"Conversely, FOMM~\cite{siarohin-2020} provides a more smooth and consistent visual output by maintaining greater MS-SSIM and more steady synchronization.",siarohin-2020,2507.02900,"Advancing Talking Head Generation: A Comprehensive Survey of Multi-Modal Methodologies, Datasets, Evaluation Metrics, and Loss Functions"
template.tex,"On the other hand, FOMM\cite{siarohin-2020} could be more suited for virtual meeting platforms or real-time conversational bots where temporal coherence and synchronization are critical.",siarohin-2020,2507.02900,"Advancing Talking Head Generation: A Comprehensive Survey of Multi-Modal Methodologies, Datasets, Evaluation Metrics, and Loss Functions"
method_clean.tex,"Conversely, narrow queries risk omitting relevant studies \cite{zhang2011identifying}.",zhang2011identifying,2507.03156,The Impact of LLM-Assistants on Software Developer Productivity: A Systematic Review and Mapping Study
sample-manuscript.tex,"Conversely, if $X$ and $Y$ are independent, observing one provides no information regarding the other \cite{79902}.",79902,2507.03175,Understanding Knowledge Transferability for Transfer Learning: A Survey
main.tex,"On the other hand, decoder-only models, such as \texttt{GPT-3} \cite{NEURIPS2020_1457c0d6} and \texttt{GPT-4} \cite{bubeck2023sparks, openai2024gpt4}, excel in generating coherent and contextually appropriate text, powering applications in creative writing and dialogue systems.","NEURIPS2020_1457c0d6;bubeck2023sparks, openai2024gpt4",2507.03637,Large Language Models for Combinatorial Optimization: A Systematic Review
main.tex,"Conversely, \citet{chen2023diagnosing} acted at the model level, employing a \gls{llm} agent to validate the (MI)LP models.",chen2023diagnosing,2507.03637,Large Language Models for Combinatorial Optimization: A Systematic Review
main.tex,"Chat2Vis \cite{10121440}, on the other hand, focuses on generating visualizations directly from natural language text.",10121440,2507.03637,Large Language Models for Combinatorial Optimization: A Systematic Review
"Advancing_Offline_Handwritten_Text_Recognition,_A_Systematic_Review_of_Data_Augmentation_and_Generation_Techniques.tex","MADCAT, as highlighted in \cite{desousa2024}, on the other hand, contains 750,000 images of mixed content lines, supporting document analysis and recognition in multilingual contexts The HKR Dataset focuses on handwritten text in Russian and Kazakh, providing 64,943 lines of text in scanned image format.",desousa2024,2507.06275,Advancing Offline Handwritten Text Recognition: A Systematic Review of Data Augmentation and Generation Techniques
4_RAG4Reason.tex,"Conversely, in specialized areas like {medical reasoning}, approaches such as FRVA \cite{fan2024frva} and ALR$^2$ \cite{li2024alr}, retrieve literature for accurate diagnostics.",fan2024frva;li2024alr,2507.09477,Towards Agentic RAG with Deep Reasoning: A Survey of RAG-Reasoning Systems in LLMs
5_RAReason.tex,"Conversely, \textbf{MCTS}-based approaches like AirRAG~\cite{feng2025airrag}, MCTS-RAG~\cite{hu2025mcts}, and SeRTS~\cite{hu2024serts} employ probabilistic tree search, dynamically prioritizing exploration based on heuristic probabilities.",feng2025airrag;hu2025mcts;hu2024serts,2507.09477,Towards Agentic RAG with Deep Reasoning: A Survey of RAG-Reasoning Systems in LLMs
training_free.tex,"On the other hand, \citet{yang2025longtoshortfreelunchinvestigating} indicate that strategies like \textit{Token Budget} or \textit{NoThinking} are not free lunches.",yang2025longtoshortfreelunchinvestigating,2507.09662,Towards Concise and Adaptive Thinking in Large Reasoning Models: A Survey
training_free.tex,"Conversely, \citet{liu2025answerconvergencesignalearly} apply a linear transformation of the logit of \textit{``</think>''} token to encourage the model to terminate reasoning earlier.",liu2025answerconvergencesignalearly,2507.09662,Towards Concise and Adaptive Thinking in Large Reasoning Models: A Survey
rl.tex,"On the other hand, \citet{lou2025adacotparetooptimaladaptivechainofthought} model adaptive CoT triggering as a Pareto optimization problem, using PPO algorithm to dynamically adjust penalty coefficients and control the decision boundary between CoT and direct-answer modes, balancing performance and computational cost.",lou2025adacotparetooptimaladaptivechainofthought,2507.09662,Towards Concise and Adaptive Thinking in Large Reasoning Models: A Survey
camera_ready.tex,"Adaptors, on the other hand, are designed for efficient, task-specific tuning, often leveraging LoRA-style updates \cite{mplugdocowl,mplugdocowl15} or cross-attention mechanisms \cite{textmonkey,texthawk} to integrate multi-aspect inputs with minimal parameter changes.","mplugdocowl,mplugdocowl15;textmonkey,texthawk",2507.09861,"A Survey on MLLM-based Visually Rich Document Understanding: Methods, Challenges, and Emerging Trends"
sample-acmsmall.tex,"On the other hand, while many failure perception works have been based on logs, a significant portion of these works utilize pre-trained models like T5 and GPT-2, which are not particularly large in scale~\cite{xue2023promptcast, huang2024demystifying, sun2024art, le2024prelog}.","xue2023promptcast, huang2024demystifying, sun2024art, le2024prelog",2507.12472,A Survey of AIOps in the Era of Large Language Models
samplepaper.tex,"On the other hand, companies face the task of identifying and attracting talent equipped with these emerging capabilities~\cite{manpower2024talentshortage}.",manpower2024talentshortage,2507.13275,Overview of the TalentCLEF 2025: Skill and Job Title Intelligence for Human Capital Management
main.tex,"Conversely, recent advances have demonstrated the significant potential of GAI and LLMs in enabling intelligent and data-driven network management and optimization, such as real-time network decision-making \cite{a44_Generative2024Wang}, dynamic resource allocation \cite{13_Generative2025Song,a20_Dynamic2024Li}, and intelligent network design and orchestration \cite{a19_Enhancing2024Sheikh}.","a44_Generative2024Wang;13_Generative2025Song,a20_Dynamic2024Li;a19_Enhancing2024Sheikh",2507.14633,Agentic Satellite-Augmented Low-Altitude Economy and Terrestrial Networks: A Survey on Generative Approaches
revision_nored.tex,"%On the other hand, neural SSE algorithms, whether used to drive a conventional beamformer \citep{yoshioka2022vararray} or not \citep{}, are less expensive, can be made online e.g.",yoshioka2022vararray,2507.18161,Recent Trends in Distant Conversational Speech Recognition: A Review of CHiME-7 and 8 DASR Challenges
revision_nored.tex,"On the other hand, in a recent work~\citep{ogawa2024applying}, it is shown how Llama 2~\citep{touvron2023llama} can be used effectively to improve transcription results on the C7DASR challenge.",ogawa2024applying;touvron2023llama,2507.18161,Recent Trends in Distant Conversational Speech Recognition: A Review of CHiME-7 and 8 DASR Challenges
revision_nored.tex,"%NTT, on the other hand, both in C8DASR~\citep{kamo2024ntt} and in C7DASR~\citep{kamo2023ntt}, relies on the EEND-VC~\citep{kinoshita2021advances, kinoshita2021integrating} technique, which can natively deal with overlapped speech.","kamo2024ntt;kamo2023ntt;kinoshita2021advances, kinoshita2021integrating",2507.18161,Recent Trends in Distant Conversational Speech Recognition: A Review of CHiME-7 and 8 DASR Challenges
revision_nored.tex,"%On the other hand, the C7DASR IACAS-Thinkit submission uses an inter-utterance Transformer-based LM model which they found particularly effective and similarly \citep{ogawa2024applying} report benefits on C7DASR challenge data with inter-utterance LLM processing.",ogawa2024applying,2507.18161,Recent Trends in Distant Conversational Speech Recognition: A Review of CHiME-7 and 8 DASR Challenges
revision_nored.tex,"On the other hand, text summarization has other issues such as the fact that the evaluation is difficult due to the inherent subjectivity of what constitutes a ``good'' summary~\citep{lee2024unisumeval}.",lee2024unisumeval,2507.18161,Recent Trends in Distant Conversational Speech Recognition: A Review of CHiME-7 and 8 DASR Challenges
main.tex,"\\On the other hand, BERT has been depicted in the medical domain by different pretrained models including \textit{PubMedBERT} \cite{OriginalPubMedBERT} and \textit{SMedBERT} \cite{OriginalSMedBERT}.",OriginalPubMedBERT;OriginalSMedBERT,2507.18451,Generation of Synthetic Clinical Text: A Systematic Review
evaluation.tex,MLE-Bench offers well-structured tasks but diverges from authentic research scenarios where problem formulation is itself part of the challenge \citep{chan2024mle}.,chan2024mle,2507.21046,"A Survey of Self-Evolving Agents: What, When, How, and Where to Evolve on the Path to Artificial Super Intelligence"
sn-article.tex,"On the other hand, \cite{aejas2022review} reviewed the extraction of entities from legal texts, which is different from the classification task.",aejas2022review,2507.21108,A Survey of Classification Tasks and Approaches for Legal Contracts
sec_2_Fundamental-Techniques.tex,"On the other hand, ERVQ~\cite{2017_Multimedia-Systems_ERVQ_Optimized-residual-vector-quantization-for-efficient-approximate-nearest-neighbor-search} proposes a joint optimization to iteratively optimize all stage codebooks by the others, instead of training them sequentially.",2017_Multimedia-Systems_ERVQ_Optimized-residual-vector-quantization-for-efficient-approximate-nearest-neighbor-search,2507.22920,Discrete Tokenization for Multimodal LLMs: A Comprehensive Survey
sec_2_Fundamental-Techniques.tex,"On the other hand, Variance-Aware Quantization (VAQ)~\cite{2022_ICDE_VAQ_Fast-adaptive-similarity-search-through-variance-aware-quantization} adapts codebook sizes to subspaces based on subspace importance via linear dimensionality reduction, and Product Tree Quantization (PTQ)~\cite{2015_ICIP_PTQ_Product-tree-quantization-for-approximate-nearest-neighbor-search} introduces the tree-structured codebooks and relaxes the subspace independence assumption of PQ, thereby reducing distortion.",2022_ICDE_VAQ_Fast-adaptive-similarity-search-through-variance-aware-quantization;2015_ICIP_PTQ_Product-tree-quantization-for-approximate-nearest-neighbor-search,2507.22920,Discrete Tokenization for Multimodal LLMs: A Comprehensive Survey
sec_2_Fundamental-Techniques.tex,"On the other hand, LSQ++~\cite{2018_ECCV_LSQ++_LSQ++-Lower-running-time-and-higher-recall-in-multi-codebook-quantization} improves LSQ by introducing a fast codebook update for a lower running time and stochastic relaxation techniques for greater recall.",2018_ECCV_LSQ++_LSQ++-Lower-running-time-and-higher-recall-in-multi-codebook-quantization,2507.22920,Discrete Tokenization for Multimodal LLMs: A Comprehensive Survey
sec_2_Fundamental-Techniques.tex,"On the other hand, Reg-VQ~\cite{2023_CVPR_Reg-VQ_Regularized-vector-quantization-for-tokenized-image-synthesis} introduces a prior distribution regularization where all codevectors are used, preventing collapse of the predicted token distribution.",2023_CVPR_Reg-VQ_Regularized-vector-quantization-for-tokenized-image-synthesis,2507.22920,Discrete Tokenization for Multimodal LLMs: A Comprehensive Survey
sec_3_Earlier-Tokenization.tex,"On the other hand, RQ-Transformer~\cite{2022_CVPR_RQ-VAE_RQ-Transformer_Autoregressive-image-generation-using-residual-quantization} and DnD-Transformer~\cite{2025_ICLR_DnD-Transformer_A-spark-of-vision-language-intelligence=2-dimensional-autoregressive-transformer-for-efficient-finegrained-image-generation} quantize feature maps of images by RQ-VAE based on RVQ for 2D autoregressive generation.",2022_CVPR_RQ-VAE_RQ-Transformer_Autoregressive-image-generation-using-residual-quantization;2025_ICLR_DnD-Transformer_A-spark-of-vision-language-intelligence=2-dimensional-autoregressive-transformer-for-efficient-finegrained-image-generation,2507.22920,Discrete Tokenization for Multimodal LLMs: A Comprehensive Survey
template.tex,"Conversely, broader and more accessible taxonomies necessarily sacrifice nuance and precision \cite{jordan2015feature}.",jordan2015feature,2508.00534,Towards a unified framework for programming paradigms: A systematic review of classification formalisms and methodological foundations
intro.tex,"Conversely, adversarial techniques have shown promise in beneficial applications, such as protecting individual privacy from unauthorized facial recognition systems~\cite{shan2020fawkes} and safeguarding intellectual property of trained models from unauthorized extraction~\cite{adi2018turning}.",shan2020fawkes;adi2018turning,2508.01845,Beyond Vulnerabilities: A Survey of Adversarial Attacks as Both Threats and Defenses in Computer Vision Systems
cas-dc-template.tex,"On the other hand, extrinsic hallucination occurs when LLM outputs cannot be verified by the information in the input \cite{xu2024hallucination}.",xu2024hallucination,2508.02312,A Survey on Data Security in Large Language Models
cas-dc-template.tex,"Conversely, due to the potential quality problems of this technology and the high cost of data collection, Tokpo \& Calders \cite{tokpo2024fairflow} proposed FairFlow, a method for automatically generating parallel data for training counterfactual text generator models that limit the need for human intervention.",tokpo2024fairflow,2508.02312,A Survey on Data Security in Large Language Models
conclusion.tex,"On the other hand, there are also some works utilizing a collection of agents to simulate human social activities such as simulating believable human daily-life behavior \citep{park_2023_generative} and the entire process of hospital \citep{li_2025_agenthospital} involving patients, nurses, and doctors driven by LLMs.",park_2023_generative;li_2025_agenthospital,2508.03194,"Scaling DRL for Decision Making: A Survey on Data, Network, and Training Budget Strategies"
Survey0731.tex,"On the other hand, VTGAN \cite{ger19} designs a Markovian discriminator based on the Visual Transformer, leveraging its self-attention mechanism to capture long-range dependencies while preserving fine local features.",ger19,2508.03734,A Survey of Multimodal Ophthalmic Diagnostics: From Task-Specific Approaches to Foundational Models
Survey0731.tex,"\cite{ger20} introduced a gradient variance loss on top of the pix2pixHD model introduces a gradient variance loss to better capture detailed information such as blood vessels and textures by focusing on the high-frequency components of the image; CycleEBGAN \cite{ger21}, on the other hand, avoids generating image clustering problems as well as pattern collapse by introducing an energy function and redefining the adversarial loss as the distance between the simulated image and the real image in ",ger20;ger21,2508.03734,A Survey of Multimodal Ophthalmic Diagnostics: From Task-Specific Approaches to Foundational Models
Survey0731.tex,"EyecareGPT \cite{eyecaregpt}, on the other hand, targets general-purpose ophthalmic understanding across a wide range of imaging modalities.",eyecaregpt,2508.03734,A Survey of Multimodal Ophthalmic Diagnostics: From Task-Specific Approaches to Foundational Models
main.tex,"On the other hand, frameworks such as PACAR \cite{zhao2024pacar}, which employed explicit claim decomposition and a dynamic planning mechanism, achieved strong performance in zero-shot settings and outperformed other LLM-based approaches, including few-shot and fine-tuned methods.",zhao2024pacar,2508.03860,Hallucination to Truth: A Review of Fact-Checking and Factuality Evaluation in Large Language Models
main.tex,"PyTorch, on the other hand, was built from the ground up with an imperative, define-by-run ethos~\cite{paszke2019pytorch}.",paszke2019pytorch,2508.04035,"A Comparative Survey of PyTorch vs TensorFlow for Deep Learning: Usability, Performance, and Deployment Trade-offs"
methods.tex,"Conversely, visual cues can also anchor text components; CPE-CLIP~\cite{d2023multimodal} and CLAP4CLIP~\cite{jha2024clap4clip} deploy visual prompts and visually-guided attention to prevent text feature collapse.",d2023multimodal;jha2024clap4clip,2508.04227,Continual Learning for VLMs: A Survey and Taxonomy Beyond Forgetting
main.tex,"Conversely, Li and Ouyang~\citep{li2024related} highlighted that abstractive systems face challenges in maintaining factual accuracy and in effectively ordering and grouping citations.",li2024related,2508.04337,Modelling and Classifying the Components of a Literature Review
main.tex,"% On the other hand, for the discourse approach, Khoo et al.~\citep{khoo2011analysis} focus on the foundational step of understanding human-written literature reviews through manual analysis.",khoo2011analysis,2508.04337,Modelling and Classifying the Components of a Literature Review
3b3_Memory.tex,"On the other hand, WebVoyager \citep{he2024webvoyager} employs a Context Clipping method, retaining the most recent three observations while keeping a complete record of thoughts and actions from the history.",he2024webvoyager,2508.04482,OS Agents: A Survey on MLLM-based Agents for General Computing Devices Use
SEC7-ONLINE.tex,"On the other hand, DN~\cite{zhou2024test} approximates negative sample information using the mean representation of test samples, enhancing alignment with the model's optimization objective without requiring retraining or fine-tuning.",zhou2024test,2508.05547,Adapting Vision-Language Models Without Labels: A Comprehensive Survey
main.tex,"On the other hand, users and industries increasingly demand models that adapt to dynamic knowledge \citep{zhang-etal-2023-large, si2023prompting, beukman2023dynamics}, excel in specialized tasks \citep{li-etal-2024-empowering, chen-etal-2024-improving-large}, and deliver personalized services \citep{Richardson2023IntegratingSA, zhuang2024hydra}.","zhang-etal-2023-large, si2023prompting, beukman2023dynamics;li-etal-2024-empowering, chen-etal-2024-improving-large;Richardson2023IntegratingSA, zhuang2024hydra",2508.09016,A Survey on Training-free Alignment of Large Language Models
main.tex,"\cite{mousavi-etal-2021-like}, on the other hand, use real-world patient portraits to simulate human-human diagnostic conversations.",mousavi-etal-2021-like,2508.09809,A Comprehensive Review of Datasets for Clinical Mental Health AI Systems
main.tex,"On the other hand, HealMe \cite{healme} leverages PATTERNREFRAME \cite{pattern_reframe}, a public dataset of client thoughts related to cognitive reframing, to simulate clients using ChatGPT.",healme;pattern_reframe,2508.09809,A Comprehensive Review of Datasets for Clinical Mental Health AI Systems
main.tex,"On the other hand, PRIORI \cite{a_1} collects Smart phone conversations to predict depression and bipolar disorder through extracted rhythm features.",a_1,2508.09809,A Comprehensive Review of Datasets for Clinical Mental Health AI Systems
main.tex,"On the other hand, PRIORI \cite{a_1} collects Socialsart phone conversations to predict depression and bipolar disorder through extracted rhythm features.",a_1,2508.09809,A Comprehensive Review of Datasets for Clinical Mental Health AI Systems
main.tex,"On the other hand, synthetic data generation offers the opportunity to create datasets that reflect a broader range of patient and therapist characteristics, though the use of client and therapist profiles \cite{MDD_5k,psycon,thousand_voices_of_trauma,D4,cactus} with different linguistic, cultural and demographic background.","MDD_5k,psycon,thousand_voices_of_trauma,D4,cactus",2508.09809,A Comprehensive Review of Datasets for Clinical Mental Health AI Systems
neurips_2025.tex,"Mamba \cite{gu2023mamba}, on the other hand, abandons HiPPO-based initialization and instead directly derives data-dependent SSM parameter matrices through a linear projection layer.",gu2023mamba,2508.09834,Speed Always Wins: A Survey on Efficient Architectures for Large Language Models
ijcai25.tex,"WIQOR \cite{parashar2025wiqor}, on the other hand, employs what-if analyses to assess performance, providing insights into whether LLMs possess a deeper understanding of the modeling process.",parashar2025wiqor,2508.10047,A Survey of Optimization Modeling Meets LLMs: Progress and Future Directions
4_understanding.tex,"\cite{mesaros2019joint} augmented localization metrics with detection-related conditions and, conversely, incorporated location information into true-positive counts for detection.",mesaros2019joint,2508.10924,
acl2023.tex,"Mindmaps~\cite{DBLP:conf/acl/JainMP24}, on the other hand, take a hierarchical approach: rooted iterative prompting guarantees structural clearness but at the expense of the dense interlinking that is characteristic of KGs.",DBLP:conf/acl/JainMP24,2508.12257,Structuring the Unstructured: A Systematic Review of Text-to-Structure Generation for Agentic AI with a Universal Evaluation Framework
acl2023.tex,"On the other hand, direct prompting of LLMs partially addresses this gap by evaluating content-structure similarity via Chain-of-Thought prompting~\cite{DBLP:conf/acl/ChiangL23,DBLP:conf/emnlp/LiuIXWXZ23,DBLP:conf/naacl/TangZPZZCG24} although its reliability depends on prompt design and model biases.","DBLP:conf/acl/ChiangL23,DBLP:conf/emnlp/LiuIXWXZ23,DBLP:conf/naacl/TangZPZZCG24",2508.12257,Structuring the Unstructured: A Systematic Review of Text-to-Structure Generation for Agentic AI with a Universal Evaluation Framework
intro.tex,"On the other hand, overthinking can also be detrimental~\cite{schuster2022confident}.",schuster2022confident,2508.12265,"Fast, Slow, and Tool-augmented Thinking for LLMs: A Review"
def.tex,"Conversely, other methods realize this switching criterion implicitly through training, such as through post-training alignment or learned gating networks~\cite{lou2025adacot, wang2024adaptive}.","lou2025adacot, wang2024adaptive",2508.12265,"Fast, Slow, and Tool-augmented Thinking for LLMs: A Review"
def.tex,"Conversely, other methods realize this switching criterion implicitly through training, such as through post-training alignment or learned gating networks~\cite{lou2025adacot, wang2024adaptive}.","lou2025adacot, wang2024adaptive",2508.12265,"Fast, Slow, and Tool-augmented Thinking for LLMs: A Review"
dataset_paper.tex,"On the other hand, the SemEval datasets do not cover implicit opinions, and were criticised for being overly simplified for model robustness \cite{mams2019, fei2026robustness}.","mams2019, fei2026robustness",2508.17008,EduRABSA: An Education Review Dataset for Aspect-based Sentiment Analysis Tasks
Instruction-Tuned_LLMs_survey.tex,"Conversely, \citep{2310.00492} investigated the internal transformations resulting from instruction tuning and discovered enhancements in instruction recognition, semantic alignment, and reorienting pretrained knowledge toward task-specific goals.",2310.00492,2508.17184,Towards Alignment-Centric Paradigm: A Survey of Instruction Tuning in Large Language Models
main.tex,"On the other hand, the Mixtral-8×7B \cite{zhang-etal-2024-timearena, liu2025exploring} model, also known as open-mixtral-8×7B, utilizes a sparse expert architecture to achieve performance similar to GPT-3.5 in coding and planning tasks, while still benefiting from light inference.","zhang-etal-2024-timearena, liu2025exploring",2508.17281,From Language to Action: A Review of Large Language Models as Autonomous Agents and Tool Users
main.tex,"Conversely, episodic memory systems like Reflexion \cite{shinn2023reflexion} accumulate task-specific experience in the form of episodic verbal reflections, which are used in subsequent prompts to improve both immediate reasoning and performance.",shinn2023reflexion,2508.17281,From Language to Action: A Review of Large Language Models as Autonomous Agents and Tool Users
acl_latex.tex,"On the other hand, the position paper by \citet{talat2022reap} reviews the field with a theoretically and conceptually dense perspective.",talat2022reap,2508.20201,Social Bias in Multilingual Language Models: A Survey
3_pretraining_data_v2.tex,"% On the other hand, for chemical reaction, the USPTO dataset~\cite{marco2015uspto} contains patent information compiled by the United States Patent and Trademark Office, including details such as patent texts, metadata, citations, and claims, which are crucial for innovation tracking and intellectual property research.",marco2015uspto,2508.21148,A Survey of Scientific Large Language Models: From Data Foundations to Agent Frontiers
3_pretraining_data_v2.tex,"Datasets like MIMIC-CXR~\cite{johnson2019mimic}, CheXpertPlus~\cite{chambon2024chexpertplus}, and PMC-CaseReport~\cite{wu2023medmd}, on the other hand, provide detailed diagnostic reports with finer-grained information derived from the corresponding medical images.",johnson2019mimic;chambon2024chexpertplus;wu2023medmd,2508.21148,A Survey of Scientific Large Language Models: From Data Foundations to Agent Frontiers
3_pretraining_data_v2.tex,"K2~\cite{deng2024k2}, on the other hand, gathers substantial textual data from internet sources, such as Wikipedia, relevant to Earth sciences.",deng2024k2,2508.21148,A Survey of Scientific Large Language Models: From Data Foundations to Agent Frontiers
Appendix.tex,"Abstractive methods, on the other hand, synthesize content by paraphrasing and restructuring input text \citep{ganesan-etal-2010-opinosis, nayeem2017methods, chali-etal-2017-towards, 10.1145/3132847.3133106, nayeem-etal-2018-abstractive, 10.1007/978-3-030-15719-7_14, pmlr-v97-chu19b, FUAD2019216, brazinskas-etal-2020-unsupervised, amplayo-lapata-2020-unsupervised, hosking2024hierarchical}, offering greater fluency and readability.","ganesan-etal-2010-opinosis, nayeem2017methods, chali-etal-2017-towards, 10.1145/3132847.3133106, nayeem-etal-2018-abstractive, 10.1007/978-3-030-15719-7_14, pmlr-v97-chu19b, FUAD2019216, brazinskas-etal-2020-unsupervised, amplayo-lapata-2020-unsupervised, hosking2024hierarchical",2509.00285,OpinioRAG: Towards Generating User-Centric Opinion Highlights from Large-scale Online Reviews
plan.tex,"Conversely, MAPF-DT~\citep{atasever2025multiagentpathfindingoffline} explores the reverse direction, employing Decision Transformer–based offline RL for decentralized multi-agent path planning, with LLM guidance enhancing adaptability and long-horizon efficiency in dynamic environments.",atasever2025multiagentpathfindingoffline,2509.02547,The Landscape of Agentic Reinforcement Learning for LLMs: A Survey
safety.tex,"However, when red-teaming with jailbreak templates, experiments on WildGuard Jailbreak~\cite{zhou2025hidden} and CNSafe\_RT~\cite{ying2025towards} conversely showed that DeepSeek-R1 could identify the risk in jailbreak prompts and provide a safe thinking chain.",zhou2025hidden;ying2025towards,2509.03871,A Comprehensive Survey on Trustworthiness in Reasoning with Large Language Models
truthfulness.tex,"On the other hand, the CoT reasoning generated by models can also contain hallucinations~\cite{li2025hallucination}.",li2025hallucination,2509.03871,A Comprehensive Survey on Trustworthiness in Reasoning with Large Language Models
truthfulness.tex,"Conversely, Bao \etal~\cite{bao2024likely} and Xiong \etal~\cite{xiong2025measuring} argued that larger models are generally more faithful, suggesting the possibility of a nuanced relationship between size and faithfulness.",bao2024likely;xiong2025measuring,2509.03871,A Comprehensive Survey on Trustworthiness in Reasoning with Large Language Models
text.tex,"Conversely, a few studies \cite{Rakov,Burkhardt} opt for an unguided approach, avoiding any guidance to prevent potential biases and encourage subjective interpretations of sarcasm.","Rakov,Burkhardt",2509.04605,"Spoken in Jest, Detected in Earnest: A Systematic Review of Sarcasm Recognition -- Multimodal Fusion, Challenges, and Future Prospects"
text.tex,"On the other hand, Hasen and Patil \cite{Hasan} implemented OpenFace 2 \cite{openface} to derive Facial Action Unit (FAU) features, which are crucial for analyzing human emotions and affect.",Hasan;openface,2509.04605,"Spoken in Jest, Detected in Earnest: A Systematic Review of Sarcasm Recognition -- Multimodal Fusion, Challenges, and Future Prospects"
3-Related_Work.tex,"On the other hand, \cite{chen2024security} explores unique threats and mitigations of LLMs specialized in coding tasks.",chen2024security,2509.10682,LLM in the Middle: A Systematic Review of Threats and Mitigations to Real-World LLM-based Systems
template.tex,"Conversely, legitimate and benign data is often sourced from extensive collections like Alexa \cite{kaggle_top1m} and Tranco lists \cite{tranco2025} for URLs, or email archives such as Enron \cite{benston2002enron, shetty2004enron} and the benign portions of SpamAssassin datasets.","kaggle_top1m;tranco2025;benston2002enron, shetty2004enron",2509.10858,Large Language Models for Security Operations Centers: A Comprehensive Survey
template.tex,"Conversely, prompt engineering alone is generally ineffective for models like GPT-4 in the context of vulnerability repair \cite{fu2023chatgpt}.",fu2023chatgpt,2509.10858,Large Language Models for Security Operations Centers: A Comprehensive Survey
survey.tex,"TinyLLaVA-Video-R1~\cite{zhang2025tinyllava}, on the other hand, explored how to use reinforcement learning to enhance the video reasoning capabilities of small-scale models.",zhang2025tinyllava,2509.16679,Reinforcement Learning Meets Large Language Models: A Survey of Advancements and Applications Across the LLM Lifecycle
bare_jrnl_new_sample4.tex,"\noindent\emph{1) Tool Documentation Limitation.} Execution hallucinations often arise when the agent's internal representation of tool behaviors diverges from the actual functionality of tools, frequently due to limitation in \textbf{Tool Documentation}~\cite{r32}.",r32,2509.18970,"LLM-based Agents Suffer from Hallucinations: A Survey of Taxonomy, Methods, and Directions"
discipline-2.tex,"Campaign design, on the other hand, is the strategic process of planning and organizing this content across various channels to achieve specific marketing objectives, such as brand awareness, lead generation, or customer loyalty~\cite{Dwivedi2015SocialMM, Johnson2005OnTS}.","Dwivedi2015SocialMM, Johnson2005OnTS",2509.19580,LLMs4All: A Review of Large Language Models Across Academic Disciplines
discipline-3.tex,"On the other hand, traditional mathematical inquiry itself presents substantial barriers to entry and significant challenges for collaboration %e.g., Polya's four-step process~\cite{polya1945solve}.Specifically, Polya's framework comprises: %(i) understanding the problem; %(ii) devising a solution; %(iii) executing the solution, %and (iv) review the result for reflection and learning.",polya1945solve,2509.19580,LLMs4All: A Review of Large Language Models Across Academic Disciplines
discipline-3.tex,"On the other hand, despite the aforementioned limitations, the potential of LLMs in the fields of chemistry and chemical engineering is undeniable, as \textbf{they hold promise in addressing many challenges:} \textbf{Decrease the Vast Chemical Exploration Space.} Inverse design enables the creation of synthesizable molecules that meet predefined criteria, accelerating the development of viable therapeutic agents and expanding opportunities beyond natural derivatives \cite{ramos2025review}.",ramos2025review,2509.19580,LLMs4All: A Review of Large Language Models Across Academic Disciplines
discipline-3.tex,"On the other hand, digital twin technologies have been widely applied to building maintenance and environmental monitoring~\cite{hosamo2022review,hamzah2024drone} , where LLMs can potentially make significant contributions to the construction of digital twin~\cite{10570372}.","hosamo2022review,hamzah2024drone;10570372",2509.19580,LLMs4All: A Review of Large Language Models Across Academic Disciplines
background.tex,"Reasoning quality, on the other hand, examines whether a model can follow logically consistent, step-by-step problem-solving processes~\cite{lightman2023let}.",lightman2023let,2509.19580,LLMs4All: A Review of Large Language Models Across Academic Disciplines
humour_explanation.tex,"On the other hand, only Tau2 \cite{barres2025tau2benchevaluatingconversationalagents} touched upon communicative competence, albeit through customer service scenarios.",barres2025tau2benchevaluatingconversationalagents,2509.21175,Who's Laughing Now? An Overview of Computational Humour Generation and Explanation
humour_explanation.tex,"On the other hand, \citet{chung-etal-2024-visual} present \textsc{UNPIE}, a benchmark to assess the understanding of Vision Language Models (VLMs) when reasoning about lexical incongruities.",chung-etal-2024-visual,2509.21175,Who's Laughing Now? An Overview of Computational Humour Generation and Explanation
sn-article.tex,"On the other hand, explainable artificial intelligence (XAI) methods developed for transparency and accountability in non-LM domains have been extensively studied~\cite{jung2021explaining, papanastasopoulos2020explainable, freeborough2022investigating, burkart2021survey}.","jung2021explaining, papanastasopoulos2020explainable, freeborough2022investigating, burkart2021survey",2509.21631,Towards Transparent AI: A Survey on Explainable Language Models
sn-article.tex,"On the other hand, Conmy et al.~\cite{conmy2023towards} automate a key step in mechanistic interpretability by identifying connections between abstract neural units that form a circuit.",conmy2023towards,2509.21631,Towards Transparent AI: A Survey on Explainable Language Models
sn-article.tex,"On the other hand, Li et al.~\cite{li-etal-2021-implicit} utilize classifier-based probing to investigate whether the effectiveness of encoder-decoder LMs such as T5~\cite{raffel2020exploring} and BART~\cite{lewis2019bartdenoisingsequencetosequencepretraining} arises solely from capturing surface-level word co-occurrence patterns or whether these models also represent and reason about the described world.",li-etal-2021-implicit;raffel2020exploring;lewis2019bartdenoisingsequencetosequencepretraining,2509.21631,Towards Transparent AI: A Survey on Explainable Language Models
structured-data.tex,"S2IP-LLM~\cite{pan2024sipllm}, on the other hand, decomposes time series by seasonal-trend to explicitly encode each component.",pan2024sipllm,2509.23988,LLM/Agent-as-Data-Analyst: A Survey
structured-data.tex,"% S2IP-LLM~\cite{pan2024sipllm}, on the other hand, decomposes time series by seasonal-trend to explicitly encode each component.",pan2024sipllm,2509.23988,LLM/Agent-as-Data-Analyst: A Survey
1_introduction.tex,"Conversely, vision foundation models like CLIP~\cite{radford2021learning} have successfully mapped visual and linguistic modalities into a unified embedding space~\cite{zhang2024vision,11050020}, enabling unprecedented perceptual generalization.","radford2021learning;zhang2024vision,11050020",2509.25373,From Perception to Cognition: A Survey of Vision-Language Interactive Reasoning in Multimodal Large Language Models
4_methods.tex,"\textbf{On the other hand}, to improve geometric-texture representation, several works like DINO series ~\cite{zhang2022dino},~\cite{oquab2023dinov2},~\cite{simeoni2025dinov3} proposed a self-supervised training approach to explore the intrinsic properties of visual data.",zhang2022dino;oquab2023dinov2;simeoni2025dinov3,2509.25373,From Perception to Cognition: A Survey of Vision-Language Interactive Reasoning in Multimodal Large Language Models
5_benchmark.tex,"On the other hand, the MVBench\cite{li2024mvbench} benchmark is specifically designed to evaluate temporal reasoning, comprising 20 dynamic tasks that cannot be solved with single-frame analysis, thus testing a model's temporal skills from perception to cognition, Fig.",li2024mvbench,2509.25373,From Perception to Cognition: A Survey of Vision-Language Interactive Reasoning in Multimodal Large Language Models
acl_latex.tex,"On the other hand, they heavily restrict the vocabulary in concept descriptions and certainly exclude the potential of detecting concepts that are not obvious to the human observer \cite{hewitt-2025-we-cant-understand-ai}.",hewitt-2025-we-cant-understand-ai,2510.01048,Interpreting Language Models Through Concept Descriptions: A Survey
4related_work.tex,"On the other hand, text embedding produced by language models are proposed to cover a range of tasks \cite{muennighoff2022mteb}, including retrieval, summarization, classification and more, which could be useful in detection.",muennighoff2022mteb,2510.01801,Detecting LLM-Generated Spam Reviews by Integrating Language Model Embeddings and Graph Neural Network
iclr2026_conference.tex,"On the other hand, LLM4Survey methods (e.g., \textsc{AutoSurvey}~\cite{wang2024autosurvey}, \textsc{LLM×MapReduce-V2}~\cite{wang2025llm}, \textsc{SurveyX}~\cite{liang2025surveyx}) explicitly target the unique challenges of survey writing, which incorporate tailored mechanisms such as literature mining, automated citation management, and structured chapter planning.",wang2024autosurvey;wang2025llm;liang2025surveyx,2510.03120,SurveyBench: Can LLM(-Agents) Write Academic Surveys that Align with Reader Needs?
08_discussion.tex,"% \paragraph{On the other hand, some works investigate the possibility of forgoing RAG entirely by strengthening the intrinsic capabilities of LLMs through long-context modeling.} For example, SelectSolve~\citep{selectsolve} demonstrates that in fully observable environments such as SWE-bench, simply providing the entire codebase to a long-context LLM with proper prompting can achieve, and sometimes surpass, the performance of carefully designed multi-tool agent systems.",selectsolve,2510.04905,Retrieval-Augmented Code Generation: A Survey with Focus on Repository-Level Approaches
sec_mitigation.tex,"On the other hand, partial regeneration methods relax the granularity from spans to larger segments such as sentences, paragraphs, or specific reasoning steps \cite{vladika2025correcting,kamoi2024can}.","vladika2025correcting,kamoi2024can",2510.06265,Large Language Models Hallucination: A Comprehensive Survey
sec_mitigation.tex,"On the other hand, the EAE \cite{fevry2020entities} framework uses a weighted-addition mechanism that assigns weights based on relevance, filtering out less relevant information.",fevry2020entities,2510.06265,Large Language Models Hallucination: A Comprehensive Survey
sec_Background.tex,"Conversely, it is more challenging to detect hallucinations in texts generated by modern LLMs, such as GPT \cite{brown2020language} and T5 \cite{raffel2020exploring}, since their capacity to produce fluent and contextually relevant text has markedly improved \cite{maynez2020faithfulness}.",brown2020language;raffel2020exploring;maynez2020faithfulness,2510.06265,Large Language Models Hallucination: A Comprehensive Survey
sec_sources.tex,"Consequently, they exhibit a bias towards over-represented training data, which results in a hallucinated output that diverges from the desired content \cite{lee2022deduplicating}.",lee2022deduplicating,2510.06265,Large Language Models Hallucination: A Comprehensive Survey
sec_detection.tex,"On the other hand, black-box approaches rely solely on the model’s outputs, making them suitable for use with closed-source or commercial APIs \cite{xue2025verify}.",xue2025verify,2510.06265,Large Language Models Hallucination: A Comprehensive Survey
main.tex,"Conversely, inference-time approaches that poison only a few in-context demonstrations must compete with the model's entrenched knowledge and safety alignment, resulting in \textbf{unstable} or diluted effects and lower ASR than attacks that use fine-tuning~\cite{BadChain}.",BadChain,2510.07697,Rethinking Reasoning: A Survey on Reasoning-based Backdoors in LLMs
acl_latex.tex,"\textbf{AlphaMissense} \citep{cheng2023accurate}, on the other hand, assesses the functional impact of missense variants across the proteome, indirectly informing interaction stability.",cheng2023accurate,2510.07706,Large Language Models Meet Virtual Cell: A Survey
acl_latex.tex,"On the other hand, state-of-the-art sequence-input structural prediction models have been extended to cover all types of biomolecules and their interactions, such as \textbf{RoseTTAFold-AA} \citep{krishna2024generalized}, \textbf{AlphaFold3}, \citep{abramson2024accurate} and \textbf{Chai-1} \citep{Chai-1-Technical-Report}.",krishna2024generalized;abramson2024accurate;Chai-1-Technical-Report,2510.07706,Large Language Models Meet Virtual Cell: A Survey
acl_latex.tex,"On the other hand, \textbf{ChatNT} \citep{richard2024chatnt} unifies DNA, RNA, protein sequences, and natural language in a single system.",richard2024chatnt,2510.07706,Large Language Models Meet Virtual Cell: A Survey
Discussion.tex,"Conversely, the granularity of rule-based rewards is entirely determined by handcrafted design, which can vary from coarse to fine depending on how the rules are specified~\citep{gunjal2025rubrics}.",gunjal2025rubrics,2510.08049,A Survey of Process Reward Models: From Outcome Signals to Process Supervisions for Large Language Models
template.tex,"Conversely, designs such as LLaMA-Adapter V2 tend to deliver stronger multimodal reasoning at the cost of more trainable parameters and higher GPU memory demand \cite{11}.",11,2510.12178,Evolution of meta's llama models and parameter-efficient fine-tuning of large language models: a survey
results.tex,"On the other hand, recommender systems are mostly aimed at providing recommendations, such as movie recommendations for users \cite{kimImprovedExplanatoryEfficacy2020} (Consumer \& Lifestyle).",kimImprovedExplanatoryEfficacy2020,2510.12201,On the Design and Evaluation of Human-centered Explainable AI Systems: A Systematic Review and Taxonomy
introduction.tex,"From a user perspective, on the other hand, metrics such as explanation satisfaction and accurate user mental models could be useful indicators of explanation quality \cite{hoffmanMetricsExplainableAI2019a}.",hoffmanMetricsExplainableAI2019a,2510.12201,On the Design and Evaluation of Human-centered Explainable AI Systems: A Systematic Review and Taxonomy
1-intro.tex,"On the other hand, some reviewers, despite explicit prohibitions, delegate their responsibilities to LLMs~\citep{yu2025paperreviewedllmbenchmarking}, creating the prospect that an LLM-refined or even LLM-written paper may be reviewed by an LLM reviewer.",yu2025paperreviewedllmbenchmarking,2510.12367,LLM-REVal: Can We Trust LLM Reviewers Yet?
sup.tex,\paragraph{Alignment Failures} Alignment failures emerge when an autonomous coding agent’s behavior diverges from the developer’s intent or the organization’s governance norms \cite{shao2025your}.,shao2025your,2510.12399,A Survey of Vibe Coding with Large Language Models
bare_jrnl_new_sample4.tex,"On the other hand, the empirical success of ORM-based methods such as DeepSeek-R1 \cite{guo2025deepseekr1} demonstrates that PRM is more susceptible to reward hacking \cite{amodei2016concreteproblemsaisafety} compared to ORM.",guo2025deepseekr1;amodei2016concreteproblemsaisafety,2510.13170,Putting on the Thinking Hats: A Survey on Chain of Thought Fine-tuning from the Perspective of Human Reasoning Mechanism
4_multilingual.tex,"On the other hand, training on large-scale multilingual documents may introduce language interference, \ie, the curse of multilinguality~\cite{DBLP:conf/emnlp/ChangAT024}.",DBLP:conf/emnlp/ChangAT024,2510.13366,Document Intelligence in the Era of Large Language Models: A Survey
acl_latex.tex,"On the other hand, AraHalluEval \cite{alansari2025arahallueval} benchmark targets the evaluation of hallucination in the Arabic language in particular.",alansari2025arahallueval,2510.13430,"Evaluating Arabic Large Language Models: A Survey of Benchmarks, Methods, and Gaps"
acl_latex.tex,"For instance, the SALT~\cite{rawat2024little} shows that a compact model can supply soft labels and identify informative hard examples, accelerating large-model pre-training while improving quality, reducing steps, FLOPs, and energy; Conversely, \citet{ankner2024perplexed} adopts perplexity-based filtering with an SLM as the reference scorer to remove low-yield documents/tokens, cutting the optimization steps needed to reach a target loss.",rawat2024little;ankner2024perplexed,2510.13890,"A Survey on Collaborating Small and Large Language Models for Performance, Cost-effectiveness, Cloud-edge Privacy, and Trustworthiness"
acl_latex.tex,"Conversely, \citet{ankner2024perplexed} employ perplexity-based filtering with SLM scorers to remove low-yield data, reducing optimization steps and enhancing generalization.",ankner2024perplexed,2510.13890,"A Survey on Collaborating Small and Large Language Models for Performance, Cost-effectiveness, Cloud-edge Privacy, and Trustworthiness"
acl_latex.tex,"On the other hand, CORE~\cite{fan2025core} utilizes the SLM to rank potentially relevant data and limit the context passed to the cloud.",fan2025core,2510.13890,"A Survey on Collaborating Small and Large Language Models for Performance, Cost-effectiveness, Cloud-edge Privacy, and Trustworthiness"
acl_latex.tex,"On the other hand, GradOT approximates the gradient updates using offsite-tuning~\cite{xiao2023offsitetuningtransferlearningmodel} to enable efficient alignment without co-training.",xiao2023offsitetuningtransferlearningmodel,2510.13890,"A Survey on Collaborating Small and Large Language Models for Performance, Cost-effectiveness, Cloud-edge Privacy, and Trustworthiness"
acl_latex.tex,"Conversely, Weak-to-Strong Jailbreak~\cite{zhao2025weaktostrong} shows that an unsafe SLM can steer a safe LLM toward harmful outputs via logit offsets, suggesting that the same mechanism can be defensively reused with a safe SLM to constrain decoding and prevent jailbreak attacks.",zhao2025weaktostrong,2510.13890,"A Survey on Collaborating Small and Large Language Models for Performance, Cost-effectiveness, Cloud-edge Privacy, and Trustworthiness"
acl_latex.tex,"Conversely, Weak-to-Strong Jailbreak~\cite{zhao2025weaktostrong} reveals that unsafe SLMs can steer safe LLMs toward harmful outputs, implying that the same mechanism can defensively employ safe SLMs to counter jailbreak attacks through safety-guided logit fusion.",zhao2025weaktostrong,2510.13890,"A Survey on Collaborating Small and Large Language Models for Performance, Cost-effectiveness, Cloud-edge Privacy, and Trustworthiness"
Introduction.tex,"Conversely, while document understanding has been extensively reviewed~\citep{subramani2020survey,ding2024deep,nandi2024visual,van2023document,ding2025survey}, existing surveys rarely address multimodal RAG.","subramani2020survey,ding2024deep,nandi2024visual,van2023document,ding2025survey",2510.15253,Scaling Beyond Context: A Survey of Multimodal Retrieval-Augmented Generation for Document Understanding
sample-acmsmall.tex,"V-Droid\cite{dai2025advancing}, on the other hand, reflects by using a verifier to evaluate a set of candidate actions based on learned task progress preferences.",dai2025advancing,2510.16720,Beyond Pipelines: A Survey of the Paradigm Shift toward Model-Native Agentic AI
4_How_to_use_v3.tex,"Conversely, several works~\cite{sun2025zerosearch,xi2025agentgym} question the necessity of SFT.","sun2025zerosearch,xi2025agentgym",2510.16724,"A Comprehensive Survey on Reinforcement Learning-based Agentic Search: Foundations, Roles, Optimizations, Evaluations, and Applications"
s4-llm4tag.tex,"On the other hand, G-Prompt \cite{huang2023prompt} combines a learnable graph adapter with task-specific prompts to seamlessly integrate textual and structural information, delivering enhanced interpretability and performance for few-shot learning.",huang2023prompt,2510.21131,Large Language Models Meet Text-Attributed Graphs: A Survey of Integration Frameworks and Applications
data.tex,"Conversely, synthetic or structurally specialized data benefits from more targeted filtering strategies~\citep{zhou2024jiuzhang}, which enable the efficient extraction of domain-aligned, premium content.",zhou2024jiuzhang,2510.23081,A Survey on LLM Mid-Training
4_evaluation.tex,"On the other hand, this can also be used as a potential attack method~\citep{Lynch2024Eight}, as the model is required to choose an answer from the options provided and cannot deceive by fabricating irrelevant content.",Lynch2024Eight,2510.25117,A Survey on Unlearning in Large Language Models
3_methods.tex,"On the other hand, RKLD~\cite{Wang2025Balancing} taking the difference between the logits of a model finetuned on the unlearning set and that of original model as reference.",Wang2025Balancing,2510.25117,A Survey on Unlearning in Large Language Models
acl_latex.tex,"On the other hand, many studies do not mention any explicit downstream usage of LLMs, but conduct a general investigation of its capabilities and biases, e.g.,~\cite{zhao2023gptbias,jiang2022communitylm}.","zhao2023gptbias,jiang2022communitylm",2511.01864,
acl_latex.tex,"On the other hand,~\citeauthor{wang2024largelanguagemodelsreplace,cheng2023compost} study whether LLMs can simulate a similar US population using free-text responses, finding that LLMs are prone to stereotyping and caricatures.","wang2024largelanguagemodelsreplace,cheng2023compost",2511.01864,
main.tex,"On the other hand, their presence can lead users to overestimate the trustworthiness of the information \cite{bink2022featured}, and may contribute to health anxiety in health-related searches, particularly when the displayed results are distressing \cite{bink2022featured}.",bink2022featured;bink2022featured,2511.12920,Auditing Google's AI Overviews and Featured Snippets: A Case Study on Baby Care and Pregnancy
main.tex,"On the other hand, for featured snippets, Wikipedia has been reported to be the most common source based on an exploratory study using a large set of keywords \cite{strzelecki2019featured,strzelecki2020direct}.","strzelecki2019featured,strzelecki2020direct",2511.12920,Auditing Google's AI Overviews and Featured Snippets: A Case Study on Baby Care and Pregnancy
safety.tex,"\item \textbf{CBS\_I@K:} Conversely, the Consistent Biased Score across K runs assesses the stability of biased outputs, which is crucial for understanding the robustness of a model's stereotypical associations~\citep{jiang2024effectiveness}.",jiang2024effectiveness,2511.18538,From Code Foundation Models to Agents and Applications: A Comprehensive Survey and Practical Guide to Code Intelligence
intro.tex,"Conversely, specialized code LLMs such as StarCoder~\cite{li2023starcoder}, Code LLaMA~\citep{roziere2024codellama}, DeepSeek-Coder~\cite{deepseek2024coder}, CodeGemma~\cite{codegemma2024}, and QwenCoder~\cite{qwen25coder,qwen3coder} achieve superior performance on code-specific benchmarks through focused pre-training on programming-centric data and task-specific architectural optimizations.","li2023starcoder;roziere2024codellama;deepseek2024coder;codegemma2024;qwen25coder,qwen3coder",2511.18538,From Code Foundation Models to Agents and Applications: A Comprehensive Survey and Practical Guide to Code Intelligence
evaluation.tex,"On the other hand, CS1QA~\cite{lee2022cs1qa} collects question-answer pairs from chat logs of an introductory Python programming course.",lee2022cs1qa,2511.18538,From Code Foundation Models to Agents and Applications: A Comprehensive Survey and Practical Guide to Code Intelligence
07_RQ4.tex,"Conversely, VeriContaminated~\cite{129} detects benchmark contamination in training sets to ensure evaluation integrity.",129,2512.00020,Large Language Model for Verilog Code Generation: Literature Review and the Road Ahead
1_intro.tex,"Moreover, recent agentic systems built on the latest frontier model Claude Fable 5~\cite{anthropic2026claudefable5} can already resolve 80.3\% of issues on the challenging SWE-Bench Pro benchmark~\cite{SWEbenchPro}.} On the other hand, because of the complexity and broad applicability, issue resolution has become a key task for evaluating LLMs and software engineering (SE) agentic systems~\cite{anthropic2026claudefable5}.",anthropic2026claudefable5;SWEbenchPro;anthropic2026claudefable5,2512.22256,Agentic Software Issue Resolution with Large Language Models: A Survey
sn-article.tex,"Conversely, while traditional suites like SPEC~\citep{spec_2006} possess the required scale and complexity, they are not designed for LLM-based workflows and their end-to-end difficulty can be prohibitive for current models.",spec_2006,2601.02045,The New Compiler Stack: A Survey on the Synergy of LLMs and Compilers
survey.tex,"On the other hand, bandit methods offer LLM-based systems a principled mechanism for adaptive online decision-making~\cite{chen2024efficient}, enabling tasks such as model selection~\cite{dai2024cost}, tool invocation~\cite{chen2025learning}, generation control~\cite{puthiya2024sequential}, and inference strategy selection~\cite{atalar2025neural}.",chen2024efficient;dai2024cost;chen2025learning;puthiya2024sequential;atalar2025neural,2601.12945,A Component-Based Survey of Interactions between Large Language Models and Multi-Armed Bandits
6_evaluation.tex,"Conversely, \emph{tuple-pair} benchmarks, including \textit{abt-buy}~\cite{abt-buy}, \textit{Amazon--Google}~\cite{abt-buy}, \textit{Walmart--Amazon}~\cite{magellandata}, \textit{DBLP--Scholar}~\cite{abt-buy}, \textit{DBLP--ACM}~\cite{abt-buy}, and \textit{WDC Products}~\cite{WDC_products}, focus on pairwise comparisons across heterogeneous sources for record-level alignment.",abt-buy;abt-buy;magellandata;abt-buy;abt-buy;WDC_products,2601.17058,Can LLMs Clean Up Your Mess? A Survey of Application-Ready Data Preparation with LLMs
6_evaluation.tex,"% Conversely, \emph{tuple-pair} benchmarks, including \textit{abt-buy}~\cite{abt-buy}, \textit{Magellan}~\cite{magellandata}, and \textit{WDC Products}~\cite{WDC_products}, focus on pairwise comparisons across different sources, addressing record-level alignment and entity resolution.",abt-buy;magellandata;WDC_products,2601.17058,Can LLMs Clean Up Your Mess? A Survey of Application-Ready Data Preparation with LLMs
tabular_data.tex,"Conversely, to assess whether the generator covers the support of the real distribution instead of collapsing to a few modes, we compute the real to synthetic proximity on hold out data: \begin{equation} \mathrm{DCR}_{\mathrm{real}\to\mathrm{syn}}(x) = \min_{s \in \hat{D}} d\bigl(x,\,s\bigr), \end{equation} \!\!where a distribution comparable to real baselines suggests realistic coverage rather than a degenerate generator \citep{borisov2023languagemodelsrealistictabular}.",borisov2023languagemodelsrealistictabular,2601.17717,A Survey on Evaluating Quality and Trustworthiness in LLM-Generated Data
tacl2021v1-template.tex,"Conversely, others, like \cite{li2023survey, gupta2024comprehensive, zhang2023siren, gao2023retrieval}, examine attribution techniques or the evolution of RAG but fail to provide a taxonomy that links specific types of hallucination to appropriate mitigation strategies.","li2023survey, gupta2024comprehensive, zhang2023siren, gao2023retrieval",2601.19927,Attribution Techniques for Mitigating Hallucinated Information in RAG Systems: A Survey
main.tex,"Conversely, in more direct scenarios, models frequently perform reward hacking without verbalizing the intent in their CoTs~\citep{dont_say_what_they_think-anthropic, turpin2025teaching}.","dont_say_what_they_think-anthropic, turpin2025teaching",2601.19928,"Towards a Mechanistic Understanding of Large Reasoning Models: A Survey of Training, Inference, and Failures"
long_version_unintended_behaviors.tex,"% \textcolor{blue}{[1]}: On the other hand, \citet{dont_say_what_they_think-anthropic} offers a more skeptical view, noting that CoT monitoring does not reliably detect reward hacking, as models frequently omit such intentions from their reasoning chains.",dont_say_what_they_think-anthropic,2601.19928,"Towards a Mechanistic Understanding of Large Reasoning Models: A Survey of Training, Inference, and Failures"
moe_variants.tex,"To address these limitations, \textsc{\textbf{MoA}}~\cite{feng2024mixture} diverges from the standard paradigm by adopting a sequence-level routing strategy guided by explicit domain metadata.",feng2024mixture,2601.22708,"A Unified Study of LoRA Variants: Taxonomy, Review, Codebase, and Empirical Evaluation"
moe_variants.tex,"Conversely, \textsc{\textbf{MoSLoRA}}~\cite{wu2024mixture} modifies the internal structure of the LoRA module itself to introduce mixture capabilities without an external router.",wu2024mixture,2601.22708,"A Unified Study of LoRA Variants: Taxonomy, Review, Codebase, and Empirical Evaluation"
ijcai19.tex,"A feature may show large absolute fluctuations yet remain informative if individual structure is preserved; conversely, analytic flexibility can substantially alter outcomes (notably for connectivity), emphasizing the need to interpret variability estimates in light of pipeline choices~\cite{allouch_effect_2023}.",allouch_effect_2023,2602.01019,Inter- and Intra-Subject Variability in EEG: A Systematic Survey
ijcai19.tex,"Conversely, a feature may show low apparent variability at the group level but still be unreliable if repeated measurements fluctuate unpredictably within individuals or are strongly affected by uncontrolled state or technical factors~\cite{liu_resting_2024}.",liu_resting_2024,2602.01019,Inter- and Intra-Subject Variability in EEG: A Systematic Survey
Manuscript.tex,"On the other hand, state variables such as temperature and strain rate can also be incorporated into the SR process, as demonstrated in \cite{kabliman2021application}.",kabliman2021application,2602.01215,AI Meets Plasticity: A Comprehensive Survey
Methodology.tex,"On the other hand, some regions are better suited for stable processing and control under routine situations, including the default mode network \cite{raichle2015brain}, the frontoparietal network \cite{marek2018frontoparietal}, basal ganglia-based habitual responses \cite{yin2006role}, and automatic information processing in the human brain \cite{schneider1977controlled}.",raichle2015brain;marek2018frontoparietal;yin2006role;schneider1977controlled,2602.05467,MerNav: A Highly Generalizable Memory-Execute-Review Framework for Zero-Shot Object Goal Navigation
Sec7-1_metrics.tex,"MAP and NDCG@K, on the other hand, also take into account the quality of the ranking and give systems that put relevant memories first a higher score \citep{kohar2025benchmark}.",kohar2025benchmark,2602.06052,A Survey of Agent Memory in the Second Half: Towards Self-Evolving and Long-Horizon Agents
Sec7-2_benchmark.tex,"On the other hand, agent-centric benchmarks, including OSWorld \citep{xie2024osworld} and WebArena \citep{zhouwebarena}, focus on the functional application of memory for complex problem-solving, measuring success rates in tasks that require multi-hop reasoning and tool usage.",xie2024osworld;zhouwebarena,2602.06052,A Survey of Agent Memory in the Second Half: Towards Self-Evolving and Long-Horizon Agents
explainability.tex,"On the other hand, \citet{turpin2023language} demonstrate that chain-of-thought explanations can be systematically unfaithful.",turpin2023language,2602.08145,Reliable and Responsible Foundation Models: A Comprehensive Survey
explainability.tex,"On the other hand, how to trigger relevant knowledge with the input demonstrations needs further understanding~\citep{liu2021makes,chen2023understanding}.","liu2021makes,chen2023understanding",2602.08145,Reliable and Responsible Foundation Models: A Comprehensive Survey
conclusion.tex,"On the other hand, security risks such as data poisoning, where malicious attackers corrupt training data, can introduce new biases into foundation models or exacerbate existing biases~\citep{mehrabi2021exacerbating,guo2022auto}.","mehrabi2021exacerbating,guo2022auto",2602.08145,Reliable and Responsible Foundation Models: A Comprehensive Survey
security.tex,"On the other hand, to remove backdoors already learned, \citet{feng2023detecting} propose to search for minimal trigger patterns to ensure inputs stamped with the trigger share similar embeddings.",feng2023detecting,2602.08145,Reliable and Responsible Foundation Models: A Comprehensive Survey
alignment.tex,"This method has been further improved by Graph-of-Thought (GoT)~\citep{besta2023graph}, which diverges from linear or hierarchical structures to a more flexible graph-based representation.",besta2023graph,2602.08145,Reliable and Responsible Foundation Models: A Comprehensive Survey
alignment.tex,"Conversely, Optimization by PROmpting (OPRO) \citep{yang2023large} adopts a more direct approach, generating new instructions at each optimization step, with LLM optimization focused on enhancing task accuracies without necessarily replicating prior instructions.",yang2023large,2602.08145,Reliable and Responsible Foundation Models: A Comprehensive Survey
model_editing.tex,"\subsection{Out-of-Distribution Generalization} OOD generalization, on the other hand, aims to enhance the robustness of foundation models under new, unseen environments~\citep{hendrycks2021many,liu2021towardsa,yang2023multi,xia2024generalizing,nan2024beyond}.","hendrycks2021many,liu2021towardsa,yang2023multi,xia2024generalizing,nan2024beyond",2602.08145,Reliable and Responsible Foundation Models: A Comprehensive Survey
bias.tex,"On the other hand,~\citet{li2024culturellmincorporatingculturaldifferences} synthesize cultural-specific instruction data to incorporate cultural differences into LLMs.~\citet{raza2024mbiasmitigatingbiaslarge} further propose MBIAS, a LLM framework instruction fine-tuned on a custom dataset designed explicitly for safety interventions.",li2024culturellmincorporatingculturaldifferences;raza2024mbiasmitigatingbiaslarge,2602.08145,Reliable and Responsible Foundation Models: A Comprehensive Survey
main.tex,"\citealt{mghabbar2020building} apply \citealt{tan2019multilingual}), and, conversely, domain adaptation methods are sometimes transferred to multilingual settings (e.g.",mghabbar2020building;tan2019multilingual,2602.15845,KD4MT: A Survey of Knowledge Distillation for Machine Translation
sn-article-david.tex,"\redtext{Following existing efforts of using narrative theories as organisational frameworks for ongoing research \citep{piper2021narrative,piper-2023-computational,gervas2024storytelling,hamilton-etal-2026-narrabench},} our survey highlights how theoretical narrative frameworks inform computational pipelines and, conversely, how the research of new LLM methods can offer insights to potentially refine, synthesise, and validate those very theories.","piper2021narrative,piper-2023-computational,gervas2024storytelling,hamilton-etal-2026-narrabench",2602.15851,Narrative Theory-Driven LLM Methods for Automatic Story Generation and Understanding: A Survey
sn-article-david.tex,"Fully open models such as OLMo \citep{groeneveld-etal-2024-olmo}, on the other hand, allow researchers to audit pre-training corpora directly.",groeneveld-etal-2024-olmo,2602.15851,Narrative Theory-Driven LLM Methods for Automatic Story Generation and Understanding: A Survey
main.tex,"On the other hand, UAVs may operate as cellular users, requiring reliable, low-latency connectivity for safe navigation, control, and sensing \cite{azari_gcw20}.",azari_gcw20,2602.19534,Large Language Model-Assisted UAV Operations and Communications: A Multifaceted Survey and Tutorial
difficulty.tex,"On the other hand, probing the LLM during the reasoning process can help identify whether to continue with further reasoning steps or to stop early \citep{Wu2025-ThoughtCalibration,Jiang2025-AdaptiveThinking}.","Wu2025-ThoughtCalibration,Jiang2025-AdaptiveThinking",2603.04445,Dynamic Model Routing and Cascading for Efficient LLM Inference: A Survey
sn-article.tex,"\\ % A fundamental interpretability challenge in \glspl{fm} centres around their dualistic nature: on the one hand, they may function as single, general models whose mechanisms are widely applicable; on the other hand, their ability to adapt to profoundly different tasks may stem from an inherent collection of specialised expert models, each tailored to a specific context~\cite{bommasaniOpportunitiesRisksFoundation2022}.",bommasaniOpportunitiesRisksFoundation2022,2603.06749,Robotic Foundation Models for Industrial Control: A Comprehensive Survey and Readiness Assessment Framework
sn-article.tex,"On the other hand, Hu~et~al.~\cite{huGeneralPurposeRobotsFoundation2024} discuss the overarching \gls{rfm} paradigm, but primarily give an overview over current methodologies.",huGeneralPurposeRobotsFoundation2024,2603.06749,Robotic Foundation Models for Industrial Control: A Comprehensive Survey and Readiness Assessment Framework
sn-article.tex,"Conversely, other works demonstrate that \gls{nl} can serve as an intuitive channel for fine-grained trajectory modification and incremental corrections, suggesting practical routes towards mid-execution trajectory adjustability and operator-in-the-loop refinement as demanded by several criteria~\cite{buckerLATTELAnguageTrajectory2023,shiYellYourRobot2024}.","buckerLATTELAnguageTrajectory2023,shiYellYourRobot2024",2603.06749,Robotic Foundation Models for Industrial Control: A Comprehensive Survey and Readiness Assessment Framework
5-defense.tex,"Model-based detection, on the other hand, trains small models~\cite{sharma2025constitutional,llama-firewall,liu2025datasentinel, jacob2025promptshield} or prompts LLMs~\cite{shi2025prompt} to detect or filter out malicious prompts.","sharma2025constitutional,llama-firewall,liu2025datasentinel, jacob2025promptshield;shi2025prompt",2603.11088,The Attack and Defense Landscape of Agentic AI: A Comprehensive Survey
main.tex,"Conversely, research into edge AI and wireless networks~\cite{zhang2026edge, bhardwaj2024survey} often treats AI inference merely as a black-box workload, failing to account for unique agentic demands, such as iterative reasoning and semantic communication.","zhang2026edge, bhardwaj2024survey",2604.07857,Networking-Aware Energy Efficiency in Agentic AI Inference: A Survey
main.tex,"Similarly, the influence of Mill \citep{Mill1858} led many to characterize all methods of generating causal hypotheses under the umbrella term of ``induction.'' Conversely, others argue that induction is merely a specific instance of abduction—particularly when abduction is understood comprehensively as Inference to the Best Explanation, where enumerative induction becomes a special case \citep{Harman1965}.",Mill1858;Harman1965,2604.08016,Wiring the 'Why': A Unified Taxonomy and Survey of Abductive Reasoning in LLMs
wileyNJDv5_AMA.tex,"Conversely, benchmarks rooted in clinical data face different challenges; for instance, the risk prediction tasks in EHR-Bench \cite{liao2025ehr} rely on token probability-based evaluation, which may inherently disadvantage models that have not undergone specific training for such outputs \cite{zhao2021calibrate}.",liao2025ehr;zhao2021calibrate,2604.08559,Medical Reasoning with Large Language Models: A Survey and MR-Bench
intro.tex,"Through targeted analysis of representative benchmarks (e.g., MedQA \cite{jin2021disease} and HealthBench \cite{arora2025healthbench}), we show that exam-style QA benchmarks often lack clinically essential context, while open-ended, judge-based evaluations can introduce evaluator-dependent variability that diverges from real-world clinical decision constraints.",jin2021disease;arora2025healthbench,2604.08559,Medical Reasoning with Large Language Models: A Survey and MR-Bench
iclr2026_conference.tex,"Conversely, deeper interventions like fine-tuning \citep{shen2023finetuning,gandikota2024concept} or embedding manipulation \citep{chuang2023debiasing,li2025fair,Zhang_2023_ICCV} address root causes but incur prohibitive computational costs and often lack holistic pipeline coverage.","shen2023finetuning,gandikota2024concept;chuang2023debiasing,li2025fair,Zhang_2023_ICCV",2604.16516,"Operationalizing Fairness in Text-to-Image Models: A Survey of Bias, Fairness Audits and Mitigation Strategies"
main_arxiv.tex,"% \citet{wang2026sbu}~(\emph{Synchronized Backflow Unlearning}, Tier-2) % go further, naming a pathology we regard as central: a % \emph{parameter--memory backflow} in which retrieval from the external % store reactivates parametric residues that weight-level unlearning % was supposed to have removed, and conversely weight-level updates can % reseed content already deleted from the store.",wang2026sbu,2604.16548,"A Survey on Long-Term Memory Security in LLM Agents: Attacks, Defenses, and Governance Across the Memory Lifecycle"
1-introduction_simplified.tex,"} On the other hand, existing prompt-injection and RAG-corruption mitigations are fundamentally limited for Long-Term Memory (LTM) security: they largely operate within a single session or retrieval episode~\cite{debenedetti2025camel,xiang2024robustrag} and do not fully address the cross-session, stateful nature of persistent memory~\cite{packer2023memgpt,zhong2024memorybank,chhikara2025mem0,zou2026etamp}.","debenedetti2025camel,xiang2024robustrag;packer2023memgpt,zhong2024memorybank,chhikara2025mem0,zou2026etamp",2604.16548,"A Survey on Long-Term Memory Security in LLM Agents: Attacks, Defenses, and Governance Across the Memory Lifecycle"
main.tex,"Conversely, single-embodiment datasets (e.g., RT-1, DROID, BridgeData V2) offer cleaner and more consistent control formats that facilitate controlled evaluation, while covering a narrower range of embodiments and operating conditions~\citep{rt1,droid,bridgedata}.","rt1,droid,bridgedata",2604.23001,"Vision-Language-Action in Robotics: A Survey of Datasets, Benchmarks, and Data Engines"
3-benchmark.tex,"On the other hand, reliability-oriented benchmarks emphasize human/expert oversight, including \bright~\cite{su2025bright} and its cleaned extension \bright-Plus~\cite{chen2025brightplus} sources data from human experts across various domains to ensure trustworthiness.",su2025bright;chen2025brightplus,2605.00063,A Survey of Reasoning-Intensive Retrieval: Progress and Challenges
acl_latex_new.tex,"First, existing literature generally follows two distinct paradigms: one approach draws upon design principles regarding storage hierarchies and access mechanisms found in operating systems, treating memory as an engineered system for data management and retrieval~\citep{Packer2023MemGPTTL, Hu2024HiAgentHW, Kang2025MemoryOO}; conversely, the other approach draws inspiration from cognitive science and psychology, attempting to simulate cognitive mechanisms governing the formation, consolidation, ","Packer2023MemGPTTL, Hu2024HiAgentHW, Kang2025MemoryOO;Zhong2023MemoryBankEL, Hou2024MyAU, Xu2025AMEMAM",2605.06716,From Storage to Experience: A Survey on the Evolution of LLM Agent Memory Mechanisms
acl_latex_new.tex,"While benchmarks for this stage are relatively scarce, they possess a strong empirical character:~\citet{Wu2024StreamBenchTB} and~\citet{Ai2025MemoryBenchAB} simulate environments for authentic deployment to evaluate the capacity of LLM agents for the extraction and internalization of experience within cycles of input and feedback; conversely,~\citet{Wei2025EvoMemoryBL} and~\citet{Zheng2025LifelongAgentBenchEL} emphasize the capacity for the transfer of experience, measuring levels of abstractio",Wu2024StreamBenchTB;Ai2025MemoryBenchAB;Wei2025EvoMemoryBL;Zheng2025LifelongAgentBenchEL,2605.06716,From Storage to Experience: A Survey on the Evolution of LLM Agent Memory Mechanisms
survey_main.tex,"Conversely, RL adoption remains scarce at the meta level~\cite{zhang2025multi}.",zhang2025multi,2605.14892,"Beyond Individual Intelligence: Surveying Collaboration, Failure Attribution, and Self-Evolution in LLM-based Multi-Agent Systems"
survey_main.tex,"Conversely, offline-persistent systems search for a globally optimal architecture within a laboratory setting, locking the design in place before deployment~\cite{zhang2024g, zhang2025aflow}.","zhang2024g, zhang2025aflow",2605.14892,"Beyond Individual Intelligence: Surveying Collaboration, Failure Attribution, and Self-Evolution in LLM-based Multi-Agent Systems"
main.tex,"In a proactive defense framework, interventions such as pre-bunking are mathematically modeled as an external force increasing the transition rate $b$ and $l$, effectively accelerating the flow from Susceptible ($S$) to Skeptics ($Z$) before infection occurs.\label{fig3}} \end{figure} More nuanced variants like the SEIZ (Susceptible, Exposed, Infected, Skeptics) model, on the other hand, offer a more robust framework for this domain \cite{springer2025b}.",springer2025b,2606.00136,Generative AI and Digital Ecosystem Resilience: A Proactive Lifecycle-Based Survey
5_env_synthesis.tex,"Conversely, DockSmith \cite{DockSmith} trains specialized models to automate the generation and repair of Dockerfiles to improve construction efficiency.",DockSmith,2606.12191,"Agentic Environment Engineering for Large Language Models: A Survey of Environment Modeling, Synthesis, Evaluation, and Application"
5_env_synthesis.tex,"Matrix-Game \cite{Matrix-Game}, on the other hand, utilizes a pretrained inverse dynamics model to infer actions from generated videos and compares them with ground-truth keyboard inputs using average accuracy to evaluate interaction correctness.",Matrix-Game,2606.12191,"Agentic Environment Engineering for Large Language Models: A Survey of Environment Modeling, Synthesis, Evaluation, and Application"
main.tex,"On the other hand, the BEA 2024 shared tasks addressed automated prediction of item difficulty and response time \citep{yaneva-etal-2024-findings}, and multilingual lexical simplification \citep{shardlow-etal-2024-bea}; the 2025 shared task addressed pedagogical ability assessment of AI-powered tutors \citep{kochmar-etal-2025-findings}.",yaneva-etal-2024-findings;shardlow-etal-2024-bea;kochmar-etal-2025-findings,2606.13691,Incentives Of EdTech: A Systematic Review Of EduNLP Research
2_method.tex,"MedQA(USMLE)~\cite{jin2021disease}, on the other hand, is derived from the United States Medical Licensing Examination and is widely regarded as one of the most challenging benchmarks in biomedical NLP.",jin2021disease,2606.15419,Let LLMs Judge Each Other: Multi-Agent Peer-Reviewed Reasoning for Medical Question Answering
document.tex,"Conversely, FinTabNet~\citep{zheng2021global} extends the target domain to financial reports, addressing unique challenges in layout and visual style using a 10.7k-table test set with cell-level annotations.",zheng2021global,2606.15932,Beyond NL2Code: A Structured Survey of Multimodal Code Intelligence
document.tex,"Conversely, DocTron-Formula~\citep{zhong2025doctron} directly leverages general vision-language models without task-specific designs, effectively handling diverse granularities.",zhong2025doctron,2606.15932,Beyond NL2Code: A Structured Survey of Multimodal Code Intelligence
tacl2021.tex,"% On the other hand, \citet{chen2025coda} shows the utility of a progressive masking schedule that gradually increases the difficulty of the training objective across epochs.",chen2025coda,2606.23690,"Beyond the Autoregressive Horizon: A Comprehensive Survey of Diffusion Models, World Modelling, and State Space Models for Code"
elsarticle-template-num-names.tex,"On the other hand, these datasets frequently \emph{remain decoupled from practical downstream applications} ~\cite{qiang2025ver, jiang2025mac}.","qiang2025ver, jiang2025mac",2606.26196,From Structure to Synergy: A Survey of Vision-Language Perception Paradigm Evolution in Multimodal Large Language Models
sn-article.tex,"When progress is guided by imperfect proxies, such as self-critique scores, error accumulation can manifest as specification drift, where optimizing the metric diverges from the intended objective \citep{NEURIPS2022_3d719fee}.",NEURIPS2022_3d719fee,2606.28450,LLM agents security duality: a comprehensive survey of self-security and empowered cybersecurity
03-definition.tex,"Conversely, a minimal text-based artifact may be AI-native if its primary loop depends on generative interpretation and consequential response \cite{sun2023languageReality}.",sun2023languageReality,2607.00527,AI Native Games: A Survey and Roadmap
03-definition.tex,"Conversely, \emph{Tenure-Track Chili}\cite{tenureTrackChili2026} is treated as AI-augmented: its generative layer may enrich dialogue or event variation, but the underlying play loop remains recoverable through authored content or deterministic systems.",tenureTrackChili2026,2607.00527,AI Native Games: A Survey and Roadmap
main.tex,"On the other hand, compared to the number of social media datasets \cite{garg2023mental, bucur2025survey}, clinical datasets are scarce due to their sensitive nature.","garg2023mental, bucur2025survey",2607.03540,Mental Health Disorder Detection Beyond Social Media: A Systematic Review of Available Datasets
006-challenge.tex,"Conversely, when generators suppress artifacts and preserve visual coherence, visual-only cues can be insufficient and fact-level reasoning becomes necessary; this is exactly the trajectory emphasized by common-sense and reasoning-heavy detection methods~\citep{zhang2024common,Yu2025LVLMDFD,Shen2025AuthGuard,gao2025david}.","zhang2024common,Yu2025LVLMDFD,Shen2025AuthGuard,gao2025david",2607.10787,Detecting AI-Generated Video: A Vision-Language Dual-View Survey
cas-dc-template.tex,"On the other hand, artificial intelligence (AI) has been the technical methodology that has been revolutionizing cybersecurity systems \cite{AI_Cyberseucurity_Review_2023, AI_Cybersecurity_Techniques_Review, AI_Cybe_Review_CS, AI_Cybersecurity_Overview}, mainly through machine learning (ML) \cite{Review_ML_For_cybersecurity}, deep learning (DL) \cite{Review_DL_For_Cybersecurity, Review_ML_DL_Techniques_For_Cybersecurity}, natural language processing (NLP) \cite{Review_NLP_For_Cybersecurity} and ","AI_Cyberseucurity_Review_2023, AI_Cybersecurity_Techniques_Review, AI_Cybe_Review_CS, AI_Cybersecurity_Overview;Review_ML_For_cybersecurity;Review_DL_For_Cybersecurity, Review_ML_DL_Techniques_For_Cybersecurity;Review_NLP_For_Cybersecurity;Review_RL_For_Cybersecurity, Survey_RL_For_Cybersecurity",2607.13123,"AI in Cyberpsychology: A systematic literature review of Cybersecurity enhancement by using AI for analyzing psychology of Victims, Attackers, and Defenders"
main.tex,"Conversely, totals may exceed 100\% when a single approach combines or compares several strategies and is therefore counted under more than one value.}) assigns one persona to all participants $v \in V$, so they argue from a common perspective and differ only in the arguments they generate~\cite{1,2,18,52,55,60,74,78,99,105,128}.","1,2,18,52,55,60,74,78,99,105,128",2607.26212,"Multi-Agent Debate Strategies: Survey, Taxonomy, and Challenges"
main.tex,"On the one hand, the requirement of accuracy obliges the controller to provide substantively precise information; on the other hand, the requirement of intelligibility demands that the information be presented in such a way that the data subject can actually comprehend it without excessive cognitive or temporal effort \cite{Backer2024}.",Backer2024,2608.02699,Explainable AI for the EU Right to Explanation: A Systematic Review of the Law-XAI Translation Gap
2_Taxonomy.tex,"Conversely, the innovative tasks correspond to creative knowledge generation, which demands divergent thinking, complex logical synthesis, and open-ended exploration without a single predefined solution~\cite{sun2022students} (e.g., writing a novel or solving research problems).",sun2022students,2608.07494,How to Ask the AI: A User Perspective Survey for Large Language Model Prompting
app_revised2.tex,"% Conversely, relying solely on LLM prompting via textual commentary yields significantly lower performance ~\citep{app4coa_ana_chakraborty2025we}, highlighting that general LLMs struggle to pinpoint precise event timestamps without fine-grained visual alignment.",app4coa_ana_chakraborty2025we,2608.14377,A Survey of Large Models in Sports
app_revised2.tex,"Conversely, the near-failure of zero-shot Video-LLaMA (3.44)~\citep{zhang2023videollama} confirms that practical utility requires domain-specific fine-tuning or RAG~\citep{app4fans_com_li2025multi} to bridge the linguistic gap between raw visual signals and professional terminology.",zhang2023videollama;app4fans_com_li2025multi,2608.14377,A Survey of Large Models in Sports
main.tex,"On the other hand, more deterministic designs, such as~\citep{hu2023chatdb}, maintain an external database that can be queried by the LLM via SQL queries.",hu2023chatdb,2608.20379,A Survey on Foundations and Frontiers of Multimodal Agentic Frameworks: Techniques and Applications
wsc26paper.tex,"Gartlehner et al.~\citeyear{gartlehner2025artificial}, on the other hand, utilized Claude's web-based interface (versions 2.1, 3.0 Opus, and 3.5 Sonnet) to extract data from 63 studies.",gartlehner2025artificial,2608.26150,Leveraging Large Language Models for Systematic Literature Review of Disease Spread Models
1_introduction.tex,"Conversely, domain-general LLM-agent surveys~\cite{wang2024survey,guo2024large,li2024survey,ferrag2025llm} seldom address time-series-specific challenges such as streaming inputs, temporal dependence, distribution shift, and action--data coupling.","wang2024survey,guo2024large,li2024survey,ferrag2025llm",2608.26226,LLM Agents for Time-Series: A Survey
access_modified.tex,"On the other hand, multilingual recognition improves translation for low-resource languages \cite{ghafoor2021impact}.",ghafoor2021impact,2608.26500,Systematic Literature Review of Machine Learning Models and Applications for Text Recognition
main.tex,"Conversely, instance-specific frameworks (e.g., RaR~\cite{rar2025}, Rubric-ARM~\cite{rubricarm2026}) require online synthesis of conditional rubrics, injecting an uncacheable $\mathcal{O}(K \cdot R)$ dynamic token overhead per instance.",rar2025;rubricarm2026,2608.27505,A Survey on Rubric-Guided Reinforcement Learning for Language Models
acl_latex.tex,"CNN-based models~\cite{10.1007/s11042-020-08716-w, XUE2022140, 10021965}, on the other hand, focus more on local text fragments and are effective at capturing stego-induced changes in short n-grams, such as unusual phrase constructions or statistically rare word combinations.","10.1007/s11042-020-08716-w, XUE2022140, 10021965",2608.29077,"A Comprehensive Survey on Linguistic Steganography: Methods, Countermeasures, Evaluation, and Challenges"
acl_latex.tex,"On the other hand, hardware-aware methods restrict these ranges to symmetric or fixed-point thresholds to guarantee integer-only compatibility \citep{zhao2020linear,jain2020trained,Sakr2022OptimalCA}.","zhao2020linear,jain2020trained,Sakr2022OptimalCA",2608.29667,A Target-Centric Survey of Quantization-Aware Training
acl_latex.tex,"Conversely, Q-PEFT methods may inflate MMLU or commonsense scores via adaptation gains unrelated to quantization quality \citep{xu2023qa,ke2024dl,lee-etal-2024-qeft,jeon2025l4q}.","xu2023qa,ke2024dl,lee-etal-2024-qeft,jeon2025l4q",2608.29667,A Target-Centric Survey of Quantization-Aware Training
edit_intention_categorization.tex,"Conversely, a follow-up study simplifies the earlier EIT by collapsing all subcategories under \textit{Surface Changes}, reflecting a shift in focus toward augmentative revisions \citep{zhang-litman-2016-using}.",zhang-litman-2016-using,2609.01610,
acl_latex_wpc_final.tex,"A textual explanation that does not influence the planner may be interpretable but not action-grounded; conversely, a latent rollout that is not human-readable may still be valuable if it improves collision avoidance, comfort, and route completion~\citep{yang2025worldrft,zheng2025world4drive}.","yang2025worldrft,zheng2025world4drive",2609.01659,Beyond Textual Chain-of-Thought: A Survey on Action-Grounded Reasoning in Autonomous Driving
arxiv_v2.tex,"\item \textit{Objective modification approaches} modify the local empirical objective \eqref{eq:sample_local_objective} by penalizing divergence from the global model \(\theta(t-1)\) \citep{li2020federated, yao2020continual, li2021model} or, conversely, encouraging deviation from the previous local model \(\theta_k(t-1)\) \citep{li2021model}.","li2020federated, yao2020continual, li2021model;li2021model",2609.02984,From Euclidean to Graph-Structured Data: A Survey of Collaborative Learning
arxiv_v2.tex,"The requirement to preserve node privacy, on the other hand, may lead to \textit{ego-graph} partition, where one agent knows about the ego graph of a single customer \citep{agrawal2024no}.",agrawal2024no,2609.02984,From Euclidean to Graph-Structured Data: A Survey of Collaborative Learning
arxiv_v2.tex,"Conversely,~\citep{wang2025towards} assumes a fully connected communication graph (i.e., agents are free to communicate with anyone in a peer-to-peer network) but samples a communication topology at each round.",wang2025towards,2609.02984,From Euclidean to Graph-Structured Data: A Survey of Collaborative Learning
